#{"t_start": 1787497499.0773025, "env_id": "Ant-v5"}
r,l,t
-31.140354,14,1.126333
-36.584726,18,1.164659
-21.746398,16,1.203842
-34.29494,53,1.333922
-40.702628,33,1.413791
-19.134278,58,1.545113
-60.167258,91,1.762027
-71.907372,61,1.889585
-21.567866,24,1.943986
-8.185235,12,1.97432
-45.754143,58,2.10188
-58.624232,38,2.19276
-15.639602,24,2.246009
-9.784077,20,2.289851
-0.042576,38,2.371197
-74.332712,49,2.48701
-15.374738,24,2.539683
-1021.175884,1000,5.581186
-9.847833,25,5.635998
-16.347235,24,5.688295
-21.860326,38,5.768781
-120.976055,104,5.992223
-56.01966,90,6.191642
-131.03208,137,7.001532
-119.302676,74,7.158421
-63.796807,70,7.310718
6.959193,55,7.426502
-5.480665,10,7.44779
-100.06338,68,7.592506
-101.809493,81,7.770959
-33.572462,35,7.847723
-82.459578,81,17.578424
-90.9717,58,17.693633
-42.96118,21,17.736069
-4.795281,12,17.760197
-39.5188,54,17.865614
-15.386626,13,17.890872
-27.741198,32,17.955067
-117.71191,95,18.205283
-72.130605,71,18.382033
-30.688925,45,18.490254
-16.46839,39,18.583026
-2.468786,12,18.610012
-110.126424,70,18.745681
-13.197744,35,19.31534
-72.02929,49,19.421593
-54.247548,29,19.48406
-10.105814,12,19.509792
-33.934879,21,19.555314
-216.071879,159,19.89721
-22.003153,25,19.950382
-51.094339,25,20.004553
-45.555957,35,20.079329
-1079.035273,1000,22.765454
-68.019099,52,22.878571
-20.722268,50,22.986362
-7.89372,7,23.00125
-9.798207,25,23.054352
-988.766832,1000,35.310776
-413.816968,449,36.296216
-96.059155,131,37.118182
-49.120661,49,37.22423
3.359763,30,37.290328
-51.337069,92,37.490379
-16.742255,11,37.514318
-35.86454,29,37.577516
-70.724892,48,37.68236
-63.301885,73,37.839692
-21.256019,33,37.911035
-18.709101,16,37.945665
-35.138326,13,37.973881
-47.251127,37,38.05473
0.197119,17,38.092083
-156.701295,88,38.283827
-1017.816081,1000,50.666391
-21.654939,17,50.704477
-1016.708093,1000,53.259662
-24.230804,23,53.304758
-15.259551,12,53.328069
-186.828097,174,53.685498
-2.347038,12,53.71254
-73.808567,95,53.946198
-48.774001,32,54.025805
-30.088545,37,54.118158
-111.706197,119,54.404882
-19.881044,18,54.900714
-141.906306,174,55.247695
-94.829521,83,55.412284
-71.901991,54,55.519727
-98.127783,76,55.667579
-12.210605,13,55.694035
-71.895915,59,55.811493
-149.703704,149,56.104875
-69.322264,67,56.23856
-77.249282,57,56.350719
-20.536212,38,56.428736
-68.449952,67,66.269372
-93.385084,71,66.421699
-33.82769,41,66.507289
-55.130991,46,66.598699
-104.318836,88,67.229094
-0.866428,43,67.319602
-1040.998069,1000,69.967536
-16.615806,18,70.007143
-926.046921,1000,72.746289
-993.695999,1000,84.922663
-119.326031,195,85.343075
-39.90572,70,85.517083
-46.161463,30,85.590879
-21.903694,17,85.633817
-101.160996,124,85.940781
-5.08892,28,85.99436
-8.178125,13,86.019319
-47.105018,75,86.17311
-24.190035,28,86.229518
-12.187436,36,86.310338
-27.164024,15,86.343075
-31.561803,43,86.430536
-95.138732,70,86.568906
-147.124105,98,86.790784
-55.639311,43,86.880836
-1024.759283,1000,99.003453
-27.669768,27,99.059616
-45.680182,24,99.10688
-34.292026,40,99.184973
-19.28644,12,99.208269
-23.691687,12,99.694309
-38.457385,53,99.818688
-25.908018,30,99.896284
-9.005324,16,99.938216
-178.358226,155,100.301589
-60.599724,37,100.372486
-29.098634,38,100.447258
-91.819795,60,100.563298
-116.457999,89,100.735661
-27.145957,19,100.773049
-12.152137,9,100.792452
-61.96838,55,100.912033
-65.082584,40,100.998805
-25.961385,43,101.093656
-5.584088,44,101.188957
-25.594973,49,101.294612
-14.585922,25,101.348633
-18.398779,21,101.394162
-45.58171,41,101.482539
-58.815312,38,101.564867
-116.117353,74,101.725545
-141.286401,116,102.452859
-41.074812,80,102.610715
-101.08991,71,102.762732
-18.154926,15,102.791884
-16.96772,14,102.818889
-64.896601,68,102.962618
-35.916514,47,103.068344
-7.935713,11,103.091141
-117.268601,95,103.287969
-37.152832,63,103.423372
-1031.938529,1000,115.48544
-1057.46899,1000,117.998889
-5.960488,44,118.106964
-26.243529,30,118.17957
-17.074088,25,118.240501
-82.454774,64,118.396049
-112.554952,100,118.622384
-172.638945,129,118.871377
19.35713,24,118.918336
-96.065266,59,119.044862
-91.849932,40,119.132123
-30.586028,32,119.201369
-11.0404,64,119.835225
-12.601013,34,119.908648
-32.800508,22,119.956033
-34.835247,53,120.070365
-62.571158,63,120.205811
-1003.283145,1000,131.867786
-0.504406,31,131.927274
-15.027794,27,131.987356
-27.476883,31,132.065217
-43.047356,89,132.289382
-34.763739,32,132.369388
-25.106285,36,132.456583
-196.102258,140,132.727199
-58.049076,71,132.863254
-53.177458,59,132.976965
-109.717355,197,133.370552
-34.686894,100,133.588869
-1018.640277,1000,136.188115
-70.811918,69,146.176571
-21.941731,12,146.198979
-21.47831,25,146.2466
-14.147223,25,146.294652
-25.131204,22,146.337289
-35.190728,24,146.385447
-41.797708,27,146.437927
-11.139651,27,146.48978
-466.891747,555,147.589337
-18.934931,21,147.63343
-43.539935,26,147.687651
-42.972126,45,147.777582
-48.64223,76,147.928643
-42.38848,61,148.057528
-16.942602,42,148.149148
-17.642356,34,148.854528
-45.872488,21,148.904242
-254.293452,148,149.22357
-72.23439,128,149.484644
-4.525733,15,149.51401
-95.524544,102,149.723335
-1010.614667,1000,152.409154
-30.724717,63,159.551663
-94.581732,90,159.741926
-48.349343,38,159.823091
-105.083188,95,160.025613
-11.22102,12,160.050729
-21.634048,33,160.126899
-29.087911,40,160.207304
-130.714101,120,160.45039
-19.747527,20,160.488418
-76.30712,44,160.572627
-42.001806,112,161.255968
1.954216,38,161.328888
5.652881,12,161.351692
-57.818526,39,161.426444
-10.381996,28,161.47958
-42.680246,42,161.581078
-48.764073,52,161.708022
-16.799827,34,161.791509
-68.43584,49,161.911706
-61.081454,58,162.053916
-46.851036,60,162.187127
-915.796406,1000,164.72187
-22.848848,32,164.799611
-52.159057,50,164.899459
-31.944951,30,164.957423
-26.091035,16,164.988933
-19.377472,25,165.037361
-41.418052,65,165.174981
-16.127005,13,165.199473
-8.446683,8,165.214796
-1.093631,8,165.229811
-29.412445,25,165.278727
-1015.896117,1000,174.054481
-19.124204,64,174.209627
-28.230246,39,174.302298
-23.997333,47,174.41489
-11.174856,11,174.441586
-23.682319,43,174.540652
-68.69629,75,174.696978
-144.577289,86,175.500331
-37.958478,43,175.586294
-11.859714,24,175.635615
-28.043215,13,175.660234
-7.668803,13,175.684915
-80.455383,82,175.853543
-35.333821,30,175.917174
-57.395057,61,176.039694
-48.873722,102,176.250071
-31.964017,30,176.30742
-11.188168,14,176.33784
-15.367191,13,176.363756
-7.375302,22,176.408005
-16.666501,37,176.489416
-15.367587,15,176.518597
-31.579739,32,176.581198
-1027.832414,1000,187.848407
-44.562809,21,187.889457
-56.380118,59,188.004756
-10.737322,14,188.031308
-121.408189,68,188.168592
-3.245376,13,188.193608
-13.444267,29,188.248729
-3.149904,40,188.326107
-55.631421,50,188.422152
-7.781544,10,188.441437
-9.583606,11,188.463234
-86.759323,77,188.622186
-25.142871,56,188.731852
-6.066472,15,188.760347
-59.457188,84,189.539974
-78.680919,61,189.688899
-25.912798,29,189.759463
-133.726016,111,190.026522
-21.300758,18,190.069626
-12.894846,20,190.118645
-19.666623,29,190.179506
-9.049978,15,190.207517
-10.133242,134,190.49106
-23.242959,25,190.544669
-18.937519,34,190.617617
-18.486202,12,190.643406
-16.662387,41,190.73018
-27.595588,58,190.854325
-18.718355,23,190.903439
0.061108,16,190.937307
-58.249757,98,191.145687
-42.309293,47,191.240546
-65.600758,50,191.351867
-5.272188,13,191.380672
-103.406705,170,192.347754
-9.327859,30,192.408957
-15.416461,8,192.424356
-19.282832,14,192.451962
-2.358032,68,192.587647
-28.566857,16,192.622003
-19.770815,17,192.654829
-102.175232,110,192.882038
-34.974902,40,192.963088
-21.114657,26,193.026362
-65.343267,43,193.131385
-19.410072,95,193.361501
-32.640414,32,193.439386
8.415561,33,193.519152
-31.728946,22,193.568864
-20.031627,15,193.601565
-6.05581,7,193.615948
-13.677198,46,193.714352
-60.683561,94,193.896138
-9.222965,13,199.071564
-17.126934,21,199.134521
-4.264399,17,199.175224
-27.177404,18,199.219065
-25.748238,34,199.301299
-22.296453,17,199.342484
-18.184829,13,199.374601
-53.565065,74,199.555413
-23.119624,11,199.582431
-14.260595,16,199.621342
-14.881096,19,199.663091
-15.188681,45,200.198541
-69.315903,87,200.366875
-90.178489,41,200.444474
-5.045514,15,200.473473
-21.833267,32,200.534042
-5.775017,21,200.574062
-45.926691,49,200.668981
-119.168653,82,200.824212
-9.79572,37,200.895446
-22.04399,25,200.942969
-14.694004,24,200.98847
-15.777053,21,201.027867
-22.97772,17,201.061403
-72.368268,45,201.154183
-27.279606,33,201.219868
-19.496862,12,201.243726
-40.139186,30,201.305604
-112.471802,73,201.45439
-50.604216,59,201.568403
-32.046712,34,201.63398
-27.416272,28,201.688184
-3.417171,13,201.713758
-21.574501,38,201.800799
-17.850763,28,201.868085
-16.385727,24,201.925565
-7.60967,52,202.050405
-0.835536,13,202.081473
-57.891193,56,202.216462
-19.717473,76,202.873166
-38.231605,39,202.9537
-29.231376,43,203.03747
-152.339721,152,203.343162
-40.393476,30,203.409141
-28.095598,61,203.538204
-18.340782,12,203.560775
10.760541,45,203.647969
-45.927463,75,203.812813
-30.72545,26,203.87059
-25.234905,16,203.906203
-653.743482,678,209.575187
-51.120542,46,209.674851
-12.787189,14,209.706796
-25.562866,15,209.736596
-68.125645,91,209.910989
-15.765084,27,209.963283
-58.291311,41,210.041053
-26.56231,34,210.10575
-25.669577,18,210.140612
2.647631,30,210.198804
-0.953779,52,210.300584
-23.631491,61,210.418731
-52.234527,28,210.487808
-13.001266,14,210.527553
-29.982786,22,210.589618
-34.984375,42,210.702065
-43.544043,94,210.930813
-15.673147,13,210.955393
-52.687595,50,211.054159
-10.45851,40,211.133083
-29.172917,84,211.73531
-6.206664,15,211.764437
-15.593699,23,211.810593
-72.135853,74,211.969506
-79.058616,59,212.09568
-9.270496,23,212.144804
-11.843701,14,212.17471
-25.750555,16,212.208571
-24.240514,33,212.278854
-15.730573,22,212.325609
-11.536209,11,212.34848
-19.408213,14,212.378136
-8.12153,13,212.405863
-2.807397,22,212.452855
-32.117594,39,212.536224
-11.843854,29,212.597537
-19.47817,25,212.650509
-38.69632,43,212.741885
-20.068526,63,212.874851
-56.422942,58,212.997826
-6.77318,35,213.073112
-117.886316,83,213.241569
-19.522556,42,213.33111
-49.539451,78,213.498402
-29.5465,79,213.670499
-143.016382,153,214.480174
-55.007905,24,214.541225
-5.680668,20,214.592165
-9.628971,21,214.645717
-4.442399,16,214.686225
-81.090315,72,214.85068
-86.782558,77,215.000615
-22.317955,35,215.068015
-3.476747,13,215.094612
-95.674991,37,215.171308
-61.233096,69,215.304033
-60.11056,50,215.400327
-54.964144,40,215.478991
-28.756326,37,215.552794
-37.896401,24,215.600198
-12.473027,14,215.628534
-20.620639,24,215.676158
-186.555606,159,217.63556
-20.727363,22,217.682799
-10.800289,12,217.706304
-31.384678,19,217.743869
-48.308945,47,217.841727
-25.913902,12,217.865538
-12.757245,13,217.891075
-58.598236,62,218.022819
-19.760246,17,218.060836
-6.119665,26,218.110908
-11.916581,41,218.800524
-38.652199,37,218.88168
-18.568563,12,218.90437
-19.412836,84,219.069985
-83.215518,122,219.315654
-27.760935,20,219.35823
-86.768555,97,219.567329
-39.003804,57,219.689227
-28.25732,36,219.766117
-121.980745,67,219.908656
-19.262703,15,219.941016
-6.564977,13,219.9686
5.984177,15,220.000769
-6.603331,35,220.074708
-49.921286,118,220.326948
-29.917064,26,220.382864
-1.029179,13,220.410417
-4.028509,14,220.439909
-1.812253,13,220.46784
-36.611919,40,220.55318
-15.062567,15,220.583164
-46.116168,136,220.900863
-5.667918,14,221.605175
-25.758458,15,221.633435
-22.684186,14,221.660069
-1.125682,62,221.782282
-18.994904,16,221.812836
-59.915791,38,221.886092
-29.174658,39,221.960308
-57.965571,35,222.028766
-7.256984,16,222.059373
-46.525048,24,222.104903
-27.173853,24,222.150961
-4.043646,14,222.178483
-12.577438,13,222.203233
-25.451025,46,222.293332
-47.396387,81,222.456899
-12.673594,17,222.490653
-6.625689,23,222.539084
-66.491458,61,222.666525
8.31913,30,222.723806
-16.814318,21,222.764402
-7.689619,23,222.810177
-38.852939,27,222.864261
-27.739963,18,222.899195
-17.271627,15,222.92802
-13.394893,17,222.961103
-13.114947,12,222.98614
-27.445378,28,223.0412
-18.785285,26,223.094638
-18.040369,33,223.161947
-18.574577,38,223.234883
-24.233329,25,223.282691
-18.028795,61,223.422695
-954.767909,1000,227.742131
-7.659834,16,227.776412
-19.573085,15,227.808158
-34.251894,38,227.889008
-52.981494,71,228.651788
-7.001667,15,228.681148
-9.767457,36,228.754222
-57.151035,62,228.888145
-12.181891,8,228.903723
14.965915,42,228.990024
-11.476117,32,229.056479
-13.363196,22,229.105639
-118.935004,94,229.299573
-5.337443,10,229.319093
-50.000429,41,229.40229
-23.357353,24,229.451051
-68.607804,80,229.621327
-82.244938,51,229.726758
-17.119938,20,229.765805
-9.170761,17,229.798811
-17.282105,11,229.823204
-8.287361,25,229.886869
-7.774756,11,229.914689
-17.295522,18,229.960043
-5.427826,18,230.005983
-18.459464,23,230.064864
-27.036315,23,230.123505
-46.34334,43,230.233085
-9.163658,30,230.300202
-35.809936,52,230.399406
-105.862312,136,230.665803
-22.088292,61,230.786723
-60.013698,45,231.502552
-38.456557,27,231.5603
-95.509702,60,231.680594
-22.901488,26,231.731086
-18.051443,14,231.757364
-30.329663,23,231.800936
-32.798226,25,231.849551
-39.64572,26,231.900493
-16.257374,18,231.934819
-242.325464,171,232.263387
-41.365412,45,232.357736
-10.209781,17,232.394685
-16.502953,34,233.768214
-34.106301,30,233.830897
-31.472936,33,233.89601
-18.705917,24,233.941597
-2.282855,37,234.012575
-40.056671,36,234.0838
-45.491857,55,234.193983
-78.256241,97,234.394929
-12.558854,17,234.428823
-33.33556,19,234.466379
-24.817732,20,234.509759
-12.418773,14,234.541619
-23.702415,34,234.610319
-12.939671,31,234.677235
-39.316501,53,235.409543
-54.522007,41,235.51065
-31.199248,37,235.603318
-26.307782,18,235.648586
-32.71732,31,235.726132
-81.537047,121,235.999111
-16.500886,29,236.058332
-58.301617,60,236.184815
-56.006903,47,236.290163
-42.357646,73,236.449645
-83.634024,118,236.693025
-12.677371,18,236.7318
-64.421367,46,236.821637
-117.058044,133,237.088981
-12.35489,17,237.121515
-13.849067,11,237.142935
-11.145492,15,237.171874
-14.001441,15,237.202147
-2.425842,14,237.231075
-79.197995,94,237.413853
-2.560889,22,237.455225
-8.972645,14,237.482188
-9.245573,12,237.504806
-9.532761,11,237.526192
-13.230253,10,237.547423
-78.231632,69,238.377054
-12.915064,36,238.467165
-16.728148,18,238.512735
-12.820156,23,238.567369
-18.083273,13,238.592784
-10.663894,17,238.624826
-22.358512,15,238.653602
-30.622848,34,238.721032
-14.454516,26,238.772055
-15.667092,33,238.835783
-147.987645,133,239.096164
-84.044667,49,239.195086
20.049541,52,239.296746
-12.692743,19,239.334178
-9.541735,9,239.351859
-13.394632,44,239.439634
-53.926784,32,239.511724
-30.871193,50,239.619014
-17.456015,38,239.692967
-13.017751,30,239.751193
-20.034949,42,239.832089
-921.236697,1000,244.255215
-921.960018,956,246.788643
-15.389567,73,246.939738
-48.071505,104,247.155331
-0.219441,16,247.191159
-34.03346,31,247.257754
-183.362258,220,248.340328
-2.789679,13,248.366766
0.614452,76,248.514559
-15.027034,18,248.549747
-6.841655,12,248.573673
-3.059488,16,248.608413
-69.289379,42,248.69121
-30.170919,26,248.745017
-33.355228,62,248.871086
-77.790215,94,250.682627
-7.38912,14,250.717949
-26.749529,56,250.85773
-19.448766,32,250.93929
-13.644706,61,251.073603
-997.358499,1000,253.586835
-8.102702,14,253.61489
-5.59912,46,253.709102
-8.598877,21,253.750565
-52.46371,75,253.898082
-26.746937,22,253.941154
-8.396418,12,253.964599
-81.831046,54,254.082492
-1.361289,12,254.105395
-11.005044,18,254.145071
23.065076,47,254.245222
0.952436,23,254.294195
-47.6805,48,254.396723
-904.114054,1000,257.850544
-10.606272,17,257.886152
-156.196695,151,258.646674
-27.655735,52,258.746285
-6.032919,59,258.860217
-43.567805,49,258.957287
-14.28121,18,259.00254
-17.075286,28,259.072788
-26.002841,36,259.168192
-21.030994,53,259.300748
-4.799614,10,259.326738
-36.264495,33,259.411188
-15.994508,19,259.459523
-59.831112,60,259.587457
-16.212665,18,259.622381
-15.041987,17,259.658009
-15.699721,10,259.67759
-8.194633,11,259.699306
-43.419219,33,259.764974
-33.292477,38,259.85317
-8.606339,32,259.915907
-3.749606,35,259.983558
-34.856618,21,260.028614
3.296727,26,260.083309
-8.54364,10,260.102903
-22.336043,45,260.189975
-108.433194,157,260.49187
1.701343,74,261.110276
-47.262385,58,261.224055
-12.105628,20,261.263512
11.837098,18,261.300421
-2.891051,15,261.33113
-7.771749,17,261.364726
-32.795429,24,261.413289
-31.849758,31,261.479822
-10.618919,38,261.556549
-29.925153,19,261.59439
-125.871326,102,261.845329
-14.985746,21,261.899018
-5.572622,49,262.023722
-3.637665,23,262.081805
-2.114531,14,262.111481
-23.734017,18,262.150637
-21.302637,52,262.249667
-12.67158,12,262.273386
-20.647377,16,262.304304
-77.573123,120,262.545993
-81.315421,49,262.640661
-9.914564,33,262.709622
-115.700895,77,262.862522
-10.239171,11,262.886123
-1.633449,8,262.901973
-26.027977,34,262.968136
-12.411406,23,263.011847
-45.993563,71,263.149643
-11.857762,19,263.185689
-27.543297,28,263.749565
4.510077,22,263.796826
-14.687365,15,263.828733
17.505605,27,263.887072
-38.359801,33,263.958645
-47.393358,47,264.059727
-78.064293,46,264.158086
-34.518706,21,264.202948
-12.721499,12,264.228616
-9.587647,18,264.266768
-9.039786,38,265.969273
-33.059475,32,266.03039
18.719051,49,266.124058
-18.600729,15,266.15247
3.614553,50,266.248463
-31.272719,58,266.362436
-39.069688,40,266.441392
-22.626228,38,266.515858
-48.550126,49,266.611394
-4.94919,28,266.66714
22.955944,43,266.754788
-28.762761,32,266.823629
-2.344586,16,266.854734
-5.987252,15,266.886892
-47.505969,74,267.042782
-33.728097,34,267.109096
-110.439275,151,268.020558
-5.400846,14,268.047112
-2.608364,40,268.145691
-42.979678,45,268.25968
-41.409513,23,268.318172
-6.957128,9,268.34129
-899.642111,1000,270.877516
-35.625572,42,270.9793
-7.4205,27,271.044564
-49.120622,70,271.21353
5.316022,14,271.246608
-18.636708,14,271.280836
-28.573261,44,271.374914
-3.398868,12,271.40047
8.98825,31,271.466245
-28.164578,32,271.534398
-57.762727,47,271.63304
-38.860426,24,271.683981
-21.075014,22,271.730831
-6.910207,10,271.752238
-882.2691,1000,275.712741
-15.3588,15,275.74943
-41.365933,25,275.808868
2.825733,37,275.898282
-43.408756,38,275.992582
8.203294,16,276.032601
-33.493426,24,276.092653
-2.818015,16,276.132054
-16.806019,16,276.171968
-9.189783,32,276.248223
-47.799438,40,276.331468
-5.655599,22,276.37564
-2.167517,21,276.417776
-27.114088,11,276.441469
-39.81715,54,276.552198
-40.045445,34,276.620815
-48.002816,30,276.679452
-28.419645,25,276.728204
-42.993969,24,276.774699
-5.541644,56,276.883173
-32.926851,27,277.558448
-18.503367,16,277.591457
-17.316289,20,277.632154
-73.564279,49,277.72873
-261.829066,312,278.365256
2.049102,19,278.401692
8.63159,16,278.436149
-10.410114,14,278.471337
-13.110798,15,278.508075
2.141779,14,278.541933
-49.277291,47,278.655979
-47.187303,46,278.769038
-10.493659,11,278.795721
-5.750968,8,278.815383
-1.775267,7,278.83314
-55.208068,52,278.960086
-18.390546,23,279.015787
-7.809095,36,279.087104
12.57829,21,279.129085
-14.177203,12,279.151747
-12.355101,23,279.195235
-0.028026,18,279.229594
-9.228476,18,279.264381
-28.44083,24,279.311035
-7.276364,15,279.339827
-6.405554,15,279.37036
-14.150636,19,279.407633
-20.628654,19,279.445004
-8.521156,13,279.470655
-43.161866,26,279.521811
30.145565,32,279.585073
-36.517723,16,279.617315
-12.517245,33,279.691113
-30.054551,35,280.367484
-30.218291,53,280.479118
-25.116056,17,280.515047
-49.005994,53,280.628673
4.829407,26,281.862859
-9.491603,21,281.902773
-43.253841,23,281.948816
-1.676553,16,281.983731
-44.350251,55,282.097481
-22.648925,29,282.15251
-20.830458,15,282.181725
-18.077283,24,282.228792
-34.534323,26,282.281197
9.371588,69,282.448501
0.116489,31,282.523364
-4.884986,13,282.554368
-42.49684,53,282.68326
-15.613176,13,282.715225
-19.722232,29,282.786039
1.09673,30,282.859314
-53.709452,38,282.94086
-41.21708,49,283.037783
-15.812727,14,283.065503
-41.428815,47,283.160448
-46.285878,103,283.368089
-15.398985,12,283.39431
-8.405829,13,283.420978
-47.114771,49,283.515886
-9.99231,11,283.540521
-28.595354,44,283.627143
-11.96142,43,284.316445
-61.133114,55,284.422941
-0.508454,47,284.512083
-14.362978,18,284.547334
-5.341247,7,284.560727
-20.493025,26,284.61001
-22.072595,20,284.64819
0.409198,29,284.704593
-36.563151,24,284.750767
-6.664672,10,284.770028
-47.661773,63,284.890592
-43.373353,22,284.936812
-4.006087,15,284.966567
-4.095903,15,284.996587
-80.193215,54,285.123997
-23.120558,61,285.269981
-18.028689,15,285.306017
-3.885817,10,285.330182
-54.71615,68,285.49436
-19.218988,19,285.539881
-10.929618,32,285.616601
-4.310884,24,285.6692
-10.725631,10,285.688198
-8.929898,43,285.774773
-18.145246,16,285.809645
-16.694381,12,285.835103
-14.88973,12,285.861455
-24.854687,18,285.900033
-15.390822,17,285.937331
-52.659772,98,286.145044
-25.516463,27,286.203803
-7.080626,12,286.226792
-909.433952,1000,289.140324
-66.504112,49,289.258847
-1.963475,6,289.273634
-85.023772,60,289.419804
-30.509618,24,290.12629
-14.35805,26,290.180861
-10.740708,17,290.215725
-7.07354,20,290.255332
-6.830213,9,290.272981
-8.136334,35,290.344203
-5.275902,11,290.367781
-17.394846,19,290.404149
-10.812565,48,290.50975
-21.988362,26,290.566251
-0.312459,52,290.672222
0.516669,10,290.691261
-24.184563,17,290.723341
-42.567896,64,290.846643
-14.744275,25,290.895106
-13.130388,13,290.922407
-72.341765,42,291.003723
-12.158296,30,291.061424
-8.945174,11,291.082388
-33.73347,39,291.162695
-24.276672,36,291.235809
-19.818624,13,291.261061
-10.079072,25,291.311117
-23.551405,23,291.357176
-30.153992,35,291.425332
-12.646444,18,291.460582
-17.032542,12,291.483487
-68.499804,116,291.718485
-23.252858,39,291.799132
-32.732,48,291.92009
-14.177308,32,292.000663
-20.161723,15,292.03896
-5.887767,13,292.072061
-10.70514,33,292.154797
-3.250023,11,292.182499
-121.859726,98,292.995952
-60.817669,56,293.108425
-79.0569,35,293.177886
-13.433342,25,293.233623
1.18539,24,293.279721
-12.952662,20,293.320057
-2.308765,24,293.3746
-11.274404,19,293.411752
-25.944087,12,293.435685
-4.270431,14,293.463353
5.43262,15,293.49372
-968.099906,1000,297.522695
-35.700616,24,297.584982
-13.413675,39,297.683405
-6.8499,9,297.706851
-19.843656,14,297.742245
45.02017,57,297.884308
-2.966777,14,297.919836
-23.105876,36,298.0025
-8.407576,12,298.025847
-74.812914,64,298.150069
-16.587722,16,298.180775
-1.388218,25,298.229659
-22.46779,51,298.329306
-25.770974,18,298.36399
-13.561132,15,298.393857
-16.090731,21,298.434586
-17.339066,14,298.465661
-78.256129,88,298.642599
-10.425063,20,298.680727
-37.746893,30,298.738623
-62.452117,45,298.824492
-56.210413,57,298.933845
15.754002,42,299.015434
-34.555775,29,299.701359
-30.022325,21,299.740948
-81.570874,78,299.90904
-5.082806,7,299.923117
-1.154373,79,300.08149
3.762325,17,300.117054
-5.488549,10,300.138799
-12.345294,21,300.19302
-15.860873,42,300.295748
-66.757314,45,300.405109
-13.261355,27,300.470688
-18.349221,38,300.563406
-31.599781,16,300.602672
-6.226007,9,300.624686
-16.311888,21,300.67567
-15.584371,13,300.707478
-15.184864,27,300.760215
-123.138264,87,300.931557
-6.740914,21,300.974798
-25.287953,37,301.047784
-51.202074,49,301.154426
-9.301767,23,301.204285
-9.871896,19,301.241656
-0.87023,25,301.290772
-40.362518,46,301.384288
-29.951259,26,301.437087
-40.179802,35,301.515096
-2.772171,31,301.584477
-9.200114,15,301.614687
5.168998,12,301.638646
-13.531821,70,301.788787
2.040987,10,301.808304
-11.155657,36,301.883794
-94.586219,72,302.640376
-58.196731,46,302.738073
-17.073559,28,302.798356
-16.008536,39,302.881663
-34.194307,23,302.928837
-48.685584,42,303.017234
-6.765158,23,303.062742
1.544673,44,303.146616
-93.638488,117,303.379689
-17.93456,37,303.470067
-12.140909,29,303.78003
-852.726686,1000,306.470618
-34.282143,23,306.527046
2.558947,15,306.562736
-29.366198,47,306.677413
-28.580094,29,306.734792
-4.08901,32,306.796177
-2.736206,27,306.847625
-7.759731,16,306.878189
-12.732578,25,306.925411
-11.197577,13,306.950567
-20.232588,21,306.99174
-1.882205,35,307.060928
-81.327134,53,307.162804
-30.728655,24,307.209046
-9.608035,11,307.230184
-5.337812,29,307.285561
-17.0563,37,307.356531
10.597431,29,307.411824
-42.543745,60,307.52724
-19.673435,14,307.55778
2.674744,33,308.232865
-1.388775,18,308.267332
11.006923,17,308.300709
-1.516505,13,308.325768
11.366383,26,308.375784
-3.833163,49,308.473253
-45.641376,32,308.535464
-15.265014,21,308.581141
-911.919278,1000,311.933227
-16.587261,24,311.979436
6.50616,39,312.055051
-10.947755,15,312.084203
-6.539932,12,312.107713
-24.770478,11,312.129953
-33.124049,47,312.232702
14.424164,51,312.332542
16.718906,41,312.413621
-11.005784,40,312.491455
-11.068511,12,312.514708
1.161439,22,312.557819
-24.056913,38,312.632926
-6.101664,15,312.663213
-9.93556,14,312.690572
-7.920667,24,312.738259
-1.844115,60,312.870246
-9.359639,18,312.913492
-13.977329,23,312.968278
-21.361629,39,313.061633
-869.585799,1000,315.821877
-19.256865,17,315.863472
1.259423,13,315.894904
-5.935547,19,315.941357
-37.121385,23,315.996707
-38.171634,29,316.066282
-6.382121,12,316.09424
-12.964197,22,316.148547
-36.30106,26,316.211849
-124.346525,122,316.449047
-13.449568,10,316.468758
-28.158343,25,316.518388
-31.207479,121,317.381035
-22.474562,23,317.42567
-4.514486,10,317.445159
0.498045,9,317.462608
0.967598,19,317.499306
-9.846639,13,317.525014
5.435287,22,317.568541
-11.08269,11,317.589417
28.041608,47,317.682771
-1.719775,32,317.751896
5.226176,19,317.792641
-31.274187,28,317.852498
-13.093758,55,318.174372
-46.051007,76,318.323592
-907.178044,1000,321.012751
-55.168771,67,321.14315
-18.93919,17,321.176771
-919.926127,1000,323.88607
-118.040306,63,324.009405
-14.195994,14,324.036773
-12.381651,11,324.057964
-6.951184,60,324.208316
-45.337559,38,324.304386
3.633777,14,324.339938
-20.81643,18,324.386057
-6.99663,13,324.418631
-2.243791,39,324.517447
-10.622007,24,324.569726
-30.401882,31,325.01393
-19.438009,16,325.048384
-25.714899,17,325.085251
-9.687541,10,325.106722
-2.353816,21,325.152217
-23.126892,23,325.201776
-10.719398,37,325.281599
-2.072652,17,325.317635
-58.085748,65,326.079775
-10.357163,12,326.105605
-10.736197,15,326.137841
-17.326981,20,326.180531
-26.791634,19,326.221115
8.774716,21,326.265735
-10.580355,30,326.329817
-50.44788,48,326.432527
-13.262312,12,326.459676
0.863772,12,326.485401
-3.268873,16,326.519827
-22.174551,14,326.549716
-19.080635,15,326.58164
-35.494664,46,326.680219
-6.318465,25,326.733643
-7.20529,11,326.756912
-48.880005,32,326.824751
-7.817793,9,326.843702
-7.966406,11,326.869381
-17.605634,15,326.898771
-11.3618,31,326.958409
1.325065,8,326.973748
-31.746943,78,327.130132
-20.301769,28,327.183315
-4.224022,29,327.238676
-12.098515,11,327.260066
-24.622116,25,327.30795
9.098967,34,327.373483
-13.446933,34,327.439098
-20.386323,49,327.542461
-73.316293,59,327.658494
-32.432572,37,327.730791
-23.679423,24,327.776757
4.741988,41,327.855906
-17.91451,11,327.877651
-152.35011,112,328.098096
-14.368719,16,328.756782
-40.00054,73,328.925082
-17.975945,18,328.96837
-18.823337,11,328.995279
-13.99408,23,329.050515
-10.661942,43,329.154112
-15.463575,18,329.197254
8.571174,36,329.283546
-14.948074,47,329.397429
-18.283277,11,329.422273
0.965085,16,329.452821
-11.968201,12,329.475698
2.62484,18,329.510689
-1.416979,20,329.549942
-28.874868,14,329.57682
-7.241787,13,329.602259
-10.829719,11,329.624455
-16.217621,17,329.656814
-4.986217,49,329.753101
-35.130331,21,329.793146
-29.066562,18,329.827765
-65.925762,105,330.035356
-12.299479,29,330.091195
-3.152525,10,330.110447
-68.348243,42,330.199858
-11.110951,9,330.219702
-6.48158,22,330.265098
12.454314,31,330.324323
-8.909,14,330.350477
-59.167948,23,330.394265
-59.655996,50,330.490939
-0.773815,19,330.529331
-9.650695,15,330.559625
-16.111031,19,330.59633
-15.817853,21,330.637039
-15.669953,10,330.656163
0.824913,26,330.712068
-15.555104,15,330.742715
-48.30425,45,330.837474
-9.432077,17,330.870572
-26.16875,37,331.569961
10.912679,30,331.642632
3.081967,12,331.671786
-15.786234,43,331.776174
-21.057674,19,331.822128
10.104443,87,332.032962
1.675516,36,332.307007
-8.9059,30,332.367598
11.594462,18,332.40363
1.324788,11,332.427824
10.042502,48,332.526442
-15.852663,13,332.552425
-27.455166,24,332.600355
-4.87727,19,332.638229
-16.414452,49,332.738394
-3.920971,9,332.757138
-9.071677,14,332.785636
-5.503157,11,332.806535
-14.255842,14,332.833464
-15.739269,10,332.852624
-23.581138,14,332.880244
-79.593082,84,333.051304
-13.939626,17,333.083782
0.755727,12,333.106802
-21.31481,31,333.166934
-19.714171,44,333.251004
-78.843795,76,333.40979
-3.003521,26,333.465929
-23.073379,19,333.5066
-33.497568,45,333.604298
-12.003391,13,333.632333
5.410885,18,333.670984
-12.247887,10,333.692276
-16.170925,18,333.730975
-22.041491,21,333.776374
-40.488966,59,334.513582
-51.42052,51,334.622406
-31.08783,40,334.707991
-19.791366,29,334.766033
-25.719823,24,334.812652
-0.256605,33,334.875805
-1.120915,17,334.907727
-40.822235,85,335.07489
-4.972634,26,335.132904
-14.610841,24,335.183928
-1.368638,10,335.203017
-0.404811,8,335.218301
-12.593942,20,335.256254
6.738214,11,335.277751
7.562519,21,335.318624
-13.102886,11,335.339575
-19.822463,28,335.400932
-23.348863,19,335.441094
-20.127992,38,335.514315
-2.295742,21,335.555273
2.897563,12,335.579142
1.546427,10,335.598683
-26.134244,27,335.660427
-910.17389,1000,338.420718
-46.822583,79,338.62144
-8.309678,22,338.676519
-23.868146,14,338.710283
-2.696251,14,338.73816
-13.507214,11,338.760007
-32.732443,18,338.966606
-75.993718,85,339.137077
-5.342855,28,339.19172
-31.156236,25,339.239772
-14.328082,23,339.284618
-20.103012,17,339.317798
-7.396313,12,339.340538
-128.541338,75,339.494898
-1.323879,9,339.513205
-14.504196,15,339.542821
-24.62476,39,340.243906
-13.199118,30,340.307204
20.696057,24,340.355502
-7.220408,65,340.484062
-17.381345,32,340.553763
-31.707904,73,340.703779
-24.168735,28,340.760732
-13.772543,11,340.78228
-4.543211,10,340.802108
-10.202238,15,340.83489
-29.353618,18,340.87365
-4.99816,37,340.952289
0.407507,16,340.986133
3.525737,68,341.130908
-49.554149,60,341.259149
6.329454,12,341.285167
-28.374511,16,341.319196
-3.681943,25,341.372592
-22.004762,67,341.512529
-25.371611,38,341.594746
24.085584,41,341.693502
-874.10584,1000,344.410222
-8.017026,17,344.451959
-32.270757,49,344.571005
-12.140023,12,344.599787
-5.498489,15,344.637042
-24.920688,22,344.690378
-11.241094,14,344.724473
-19.230343,33,344.804226
-26.911716,26,344.863039
-8.519087,13,344.889145
-4.943537,16,344.919775
1.32864,16,344.949971
-3.938888,21,344.991186
-59.650107,36,345.063064
-3.018178,23,345.107441
-5.970966,12,345.130722
-9.917292,8,345.145753
-5.063158,17,345.178397
-13.512005,18,345.825446
-17.059719,14,345.852395
-37.95679,23,345.896049
-2.101245,29,345.952448
21.159249,20,345.991267
-24.140593,38,346.29945
-0.669869,31,346.359656
-17.67487,22,346.403464
1.060437,18,346.443694
-7.276103,28,346.499098
14.117421,72,346.648989
-14.939855,13,346.674636
-78.273103,113,346.910707
13.87359,43,346.995712
-1.042779,13,347.02267
-12.285256,11,347.049087
-153.059652,170,347.459386
-14.94045,11,347.485709
-3.2439,8,347.505045
-3.884545,10,347.529021
6.882124,17,347.569797
-4.176615,25,347.62927
13.433374,20,347.671233
13.121387,27,347.72387
1.245873,17,347.757795
6.298904,23,347.802713
-88.763995,66,347.932857
6.283965,41,348.012425
-21.392259,28,348.067242
-52.708742,51,348.169336
-11.100132,14,348.80855
-40.026478,92,349.005276
-11.791793,12,349.030323
-22.299911,26,349.085508
-868.837462,1000,351.859118
-10.907618,45,351.952422
-22.639328,58,352.064573
-11.842731,11,352.085592
-30.56714,36,352.156577
-0.798454,19,352.193674
2.686861,8,352.20889
2.785532,24,352.255395
-58.433324,32,352.317374
7.661949,35,352.390532
0.378264,32,352.456603
-22.676993,41,352.53739
-0.181256,27,352.596786
6.353236,13,352.624466
-19.309811,42,352.713861
-15.390445,9,352.732043
-18.093085,22,352.780314
-22.873507,36,353.181942
-9.042548,9,353.199824
-110.505917,86,353.369778
14.517463,20,353.408466
-4.448896,15,353.438267
4.853206,9,353.455702
-7.47082,35,353.523765
-10.138718,13,353.548501
-35.000986,36,353.617932
-24.590618,17,353.651199
16.856974,18,353.686212
-32.656715,32,353.747202
-1.371159,19,353.784317
-61.081141,26,353.83617
-10.842059,21,353.878333
-9.833385,26,353.929864
-6.602451,38,354.759787
-12.364765,12,354.784917
-26.935856,33,354.850098
-2.444194,14,354.877209
22.065089,22,354.92113
-17.723077,21,354.963147
-49.594003,109,355.171572
4.30615,17,355.204569
-11.951561,19,355.242659
-9.287623,10,355.263966
1.980981,9,355.282305
-15.207246,24,355.328956
-882.453955,1000,357.990196
-3.389244,30,358.065899
29.678524,24,358.125079
-22.369547,58,358.249357
-5.898213,18,358.283486
-32.880117,27,358.334213
1.490975,13,358.358634
-10.659577,10,358.377778
23.332713,32,358.446463
-8.026269,9,358.463622
-9.628081,22,358.505203
-4.188467,27,358.557245
-42.191986,86,358.736862
-7.335231,11,358.759511
-839.271311,1000,361.661099
-18.786244,22,361.703461
0.643154,8,361.718425
-33.631573,26,361.768402
-18.027615,11,361.790316
-26.643893,40,361.86828
-3.891617,17,361.901526
-30.45798,17,361.934478
-3.685405,45,362.023482
-24.179534,19,362.060611
-17.721997,11,362.081729
15.30265,49,362.178379
-43.143858,106,362.383576
-30.03983,31,362.44365
-1.563629,10,362.462605
-31.661293,32,363.223574
-3.129426,16,363.263975
-13.399046,91,363.478731
-2.774333,14,363.505707
-0.475884,42,363.588139
2.708254,12,363.611753
17.95685,15,363.640502
-10.559465,12,363.663402
-5.35444,23,363.707658
-24.129443,56,363.820405
-74.543182,84,363.991209
-3.802819,9,364.008754
-14.625535,16,364.042466
-14.510862,11,364.066037
-14.889136,29,364.128408
-0.34306,7,364.143112
-19.717989,33,364.21309
-10.417007,48,364.315274
-24.812198,18,364.353228
3.014281,10,364.374334
-6.098469,10,364.395598
-1.487359,26,364.451267
-12.437341,23,364.501238
-29.209181,24,364.552485
-30.746713,55,364.668773
-4.415251,36,364.745092
0.274994,19,364.785773
-2.447419,16,364.819442
21.521351,52,364.930342
-10.27905,20,364.972639
-145.353594,117,365.225088
4.159632,36,365.303404
-9.060807,18,365.967146
7.311399,9,365.986073
11.080989,17,366.021742
-2.063047,24,366.073292
-18.105491,19,366.113958
29.991131,37,366.193507
-12.771441,23,366.243102
0.462681,15,366.275372
17.265839,31,366.341852
-39.587053,38,366.423516
-18.0555,66,366.553608
5.156098,41,366.63405
24.146374,35,366.702191
-18.067054,20,366.741626
9.260124,14,366.769349
-0.413137,7,366.782689
-6.682801,63,367.231073
9.735554,16,367.263909
-25.689856,57,367.376577
-23.812623,42,367.469017
-15.810448,28,367.530927
-16.19367,22,367.573654
-24.957077,24,367.621441
-2.54419,31,367.683153
10.548286,26,367.736346
4.834053,25,367.786514
-5.76443,16,367.819188
16.277309,64,367.972606
-47.940467,26,368.042547
-3.086327,29,368.1193
-12.106728,23,368.176857
-8.217809,17,368.216597
-11.950115,15,368.252896
-11.003812,10,368.276651
1.349224,12,368.305761
-1.367564,17,368.346756
40.261809,43,368.450764
-11.327962,10,368.475383
-5.935486,33,369.148845
24.181593,36,369.221788
4.089522,20,369.266219
-29.178112,20,369.305684
7.138377,10,369.324961
-19.39675,28,369.381078
-1.773467,23,369.426985
23.805257,37,369.499934
-1.13188,10,369.519306
-10.675664,11,369.540884
-13.477466,36,369.61277
-28.39231,140,369.912433
8.92609,28,369.968455
-15.630742,13,369.997028
19.007919,33,370.069763
-34.547013,48,370.177366
-77.795488,45,370.271182
-16.104448,23,370.317023
1.500356,22,370.360143
-1.962699,11,370.38153
-696.875583,824,372.729176
-3.829898,16,372.760741
-6.508455,11,372.782327
-1.187465,32,372.852137
-16.130314,18,372.888249
-69.487992,75,373.04247
0.1246,15,373.074538
-6.930784,16,373.109019
-40.784122,34,373.181979
-13.884021,21,373.227503
-46.385994,75,373.389276
-15.064219,21,373.434082
-32.509665,23,373.483898
0.984824,18,373.522177
-5.030891,41,373.609243
-18.850789,27,373.667011
-3.877877,13,373.694669
-24.473742,20,373.737902
33.720387,25,375.057631
-756.876742,1000,377.771806
-46.550674,103,377.969678
1.054915,14,377.996394
-16.575676,21,378.64062
-7.219772,12,378.671517
-5.7692,36,378.762422
-33.86572,70,378.940721
-7.483882,34,379.027275
-31.567864,38,379.121913
-41.538735,36,379.193594
-29.284439,23,379.243561
-14.665691,17,379.277965
-22.827567,27,379.331975
-39.001078,37,379.406686
-831.36054,1000,382.178826
-8.26791,80,383.598501
-42.508114,51,383.707546
-0.650197,17,383.744229
-22.199629,25,383.797755
-10.5103,16,383.832149
-4.031707,7,383.846256
-39.055653,47,383.940364
-66.297168,69,384.076416
-49.448052,51,384.181844
-11.383823,10,384.200958
-45.903782,27,384.252372
-18.576234,23,384.29615
-21.197899,23,384.341551
30.927554,21,384.383293
-108.38671,90,384.562632
-21.369507,23,384.607796
-31.054615,50,384.706245
-0.827985,11,384.729138
-3.67658,11,384.750426
30.157688,34,384.817023
31.485533,45,385.51675
-0.852265,7,385.530472
-36.720075,20,385.568519
0.597382,18,385.603182
-6.957139,19,385.651628
-14.30849,36,385.745227
-97.129113,123,386.055107
-7.8067,39,386.129372
5.459141,19,386.167308
-33.841779,38,386.242729
9.261061,31,386.308685
-11.783055,18,386.345253
-9.046483,10,386.363871
-8.201865,15,386.393893
-6.493805,23,386.439774
-4.021699,18,386.474562
-12.132057,12,386.498152
-78.473345,131,386.750184
-23.481428,25,386.797781
26.495699,50,386.892375
-2.846759,18,386.926209
4.844319,14,386.952596
14.032887,43,387.035018
-2.832432,36,387.102886
6.570804,26,387.151977
5.51591,19,387.188014
-69.067513,62,387.308757
-9.79517,25,387.357602
-13.170851,11,387.381782
10.608347,18,387.421606
13.813398,30,387.48754
-1.909978,12,387.513078
-6.579883,15,387.541802
-9.503204,10,387.561013
12.325475,17,388.220484
-9.57647,30,388.296316
30.19834,43,388.404811
-11.323614,44,388.515552
-17.154609,13,388.548564
-111.602259,84,388.734562
-33.74869,16,388.765167
-7.093763,40,388.842572
-2.149222,12,388.866257
-7.061214,10,388.885897
-5.33163,10,388.904773
10.504845,12,388.92785
-9.959294,22,388.96969
-26.998696,50,389.06762
-70.883583,54,389.175308
-5.351614,14,389.205866
-3.034235,14,389.237985
-14.327999,23,389.288553
-774.839278,1000,392.325435
2.30574,18,392.36466
-7.903093,20,392.407678
6.745571,19,392.448574
-1.992127,8,392.466122
-33.743756,29,392.528453
2.013763,31,392.594766
-10.344995,10,392.615883
-30.128557,20,392.658751
-6.302857,35,392.734828
-10.915665,11,392.758501
-14.881451,51,392.867761
-19.138715,30,392.932803
-4.053195,18,392.97174
-30.217776,71,393.124713
-3.532767,26,393.182527
-0.362682,15,393.21542
0.190632,16,393.250354
-19.34993,11,393.27455
-35.145188,38,393.359318
-12.583577,25,393.414606
-1.917367,28,393.47617
-13.118328,44,394.19629
-25.585679,15,394.228287
1.350603,17,394.264789
8.303527,21,394.309719
-4.964834,31,394.374902
-19.966369,35,394.44932
7.371519,22,394.496436
-6.271355,11,394.519865
6.6043,17,394.556065
-12.689322,10,394.577215
-24.998757,42,394.665837
-14.596052,46,394.763761
-11.849305,13,394.791532
5.45526,90,394.981794
-34.912436,31,395.051626
-4.114564,13,395.079725
-12.537042,11,395.101469
-35.445147,60,395.221285
-1.379888,9,395.239344
-6.20332,27,395.296976
-12.241872,14,395.323964
-25.725024,19,395.364809
-9.578501,30,395.425439
-8.469553,11,395.448114
-20.217298,13,395.473021
-47.822048,48,395.573724
-54.482489,52,395.69633
27.133909,29,395.769388
-7.780102,42,395.87469
8.288412,8,395.894759
5.07181,34,395.981651
-19.192258,17,396.024692
4.289875,18,396.070569
-85.352181,66,396.198627
-18.182431,29,396.253849
0.989505,17,396.286147
-10.810923,17,396.318824
-21.982215,18,396.965078
-27.952683,36,397.032455
3.815823,8,397.047603
-15.571415,30,397.105212
4.033848,22,397.149288
-39.174931,29,397.204044
-10.466361,15,397.232447
0.889416,20,397.270524
-17.479809,14,397.297035
-14.386732,13,397.321486
-31.120379,40,397.684423
10.479717,34,397.751125
-3.700233,12,397.774242
-20.268657,18,397.808289
-47.285378,40,397.885135
-9.896825,10,397.904089
38.358997,64,398.028272
-1.845174,14,398.055225
-8.423405,22,398.098428
-9.883422,13,398.123256
31.208681,64,398.26231
-14.133362,15,398.30011
-12.129005,11,398.327513
4.266108,13,398.360675
-8.427866,28,398.431198
2.335073,39,398.529213
4.048331,13,398.562174
-0.289187,17,398.60485
-6.554161,11,398.632806
-805.679981,1000,401.306182
4.00158,34,401.372082
-14.486378,26,401.427814
-2.533065,10,401.44938
0.347841,14,401.47994
9.302081,17,401.51591
-10.023762,10,401.536885
-9.120853,14,401.567118
1.15537,29,401.629212
-6.242851,33,401.699466
-2.010194,16,401.733464
-15.516002,12,401.759589
14.381177,27,401.81746
-16.46106,33,401.887945
-17.699248,36,401.96444
-13.334699,11,401.98813
-19.547686,22,402.03537
-6.40257,9,402.054719
8.711798,28,402.714771
-7.787505,37,402.793226
-4.052827,17,402.830256
-14.05115,10,402.852022
-16.104376,18,402.890588
-20.797545,48,402.994177
-8.100428,12,403.020759
-2.948117,10,403.042423
-0.318246,17,403.078869
7.116286,63,403.213493
10.528294,14,403.244125
0.334498,12,403.270191
-1.207556,33,403.340838
-3.780065,16,403.375088
-3.972112,10,403.396553
-6.316702,24,403.448339
-8.318125,21,403.493815
-5.582675,11,403.517392
5.011388,13,403.545487
-21.276225,41,403.633563
-2.574557,32,403.701846
-28.076055,62,403.835187
6.831028,47,403.935237
2.141393,16,403.969325
-0.1146,15,404.000956
-19.936991,27,404.059104
10.367709,16,404.093118
-19.237405,14,404.122713
-33.267216,27,404.554278
-1.905612,31,404.620163
-98.990521,81,404.791261
2.962811,13,404.819182
-1.133396,23,404.868585
-23.373081,36,404.944717
5.293068,20,404.987082
7.446166,20,405.029808
-27.411874,22,405.077219
24.978361,32,405.145064
6.393007,10,405.165882
-12.821401,14,405.195484
12.366585,16,405.228149
0.705101,7,405.243436
10.783534,48,405.959784
-66.770053,78,406.107452
-18.070506,23,406.150733
-8.677175,24,406.19614
2.017299,15,406.224567
-10.13257,21,406.264085
-17.938469,45,406.35005
0.863267,35,406.417465
-45.418823,71,406.554236
14.075672,18,406.588122
-13.996817,48,406.681657
-733.651925,1000,409.391303
-3.192141,17,409.423666
-21.43821,18,409.457624
10.655392,14,409.484178
-776.893171,1000,412.441775
8.712242,16,412.476318
7.975993,36,412.554104
19.946071,41,412.642318
5.203693,28,412.702066
-3.633961,14,412.732243
-0.894684,32,412.800839
-37.542933,45,412.897224
23.622084,22,412.944817
1.483123,12,412.970721
-10.276713,24,413.022073
10.567752,13,413.049667
0.095814,12,413.075279
-6.072281,49,413.180879
-118.577959,98,413.377569
-665.588065,1000,416.035667
21.808513,24,416.081068
-5.891716,72,416.22259
-5.190117,8,416.239178
-10.815227,10,416.25951
-2.843918,8,416.275377
-2.315537,27,416.328057
0.711951,13,416.354021
-2.44226,11,416.375758
9.383843,26,416.882025
33.33861,43,416.983796
-19.262185,17,417.026257
-4.359942,9,417.048808
-7.020444,11,417.076385
19.364752,30,417.151359
22.510722,34,417.23799
-49.685808,35,417.327211
4.550449,53,417.438956
-40.84136,80,417.596696
-16.084262,67,417.730341
-28.594671,34,417.796138
-5.999784,17,417.828867
25.101742,21,417.869419
18.946091,22,417.91724
35.428085,43,418.009166
-16.062128,18,418.045235
-3.882825,11,418.066069
12.274611,39,418.503829
7.932516,14,418.531291
-0.891098,76,418.677207
-7.322765,13,418.702276
-0.703527,9,418.71953
-3.438591,13,418.74879
-7.611882,10,418.770763
-16.688906,10,418.792629
16.217535,21,418.834183
16.274185,21,418.874064
-18.47528,30,418.931533
-8.400206,14,418.958762
-81.404225,69,419.093775
5.351532,25,419.144851
-18.454847,14,419.17366
-37.591389,32,419.236442
2.692893,39,419.319722
35.889736,49,419.942905
-23.474571,17,419.979594
-7.309329,10,420.000748
-10.542022,24,420.052508
4.578366,41,420.139597
-13.259873,40,420.226495
-8.042822,16,420.260947
-2.421351,10,420.282013
-18.227191,16,420.316143
-15.221602,16,420.350155
-4.817712,8,420.36737
-3.889404,20,420.409843
25.798323,73,420.565954
-2.944695,11,420.58958
6.390087,17,420.626261
1.752474,8,420.643797
-10.205812,24,420.695272
-17.487554,14,420.724869
1.249583,8,420.741746
-1.225114,26,420.797397
-0.661901,42,420.886967
-25.415396,16,420.92147
-13.11358,19,420.962636
-12.315818,23,421.011927
-12.46648,21,421.05716
6.482934,31,421.124026
-2.192352,16,421.1583
29.805515,39,421.242038
-11.660344,10,421.263248
-26.904156,29,421.324863
-112.615006,93,421.523348
-5.812174,8,421.540779
-12.658615,15,421.572903
-5.480526,31,421.638454
-2.427286,25,421.691776
-87.058895,73,421.850823
2.723251,11,421.874963
1.810654,46,421.974324
-85.400129,88,422.677515
6.711386,22,422.724593
6.23067,28,422.784095
1.903729,17,422.817658
-12.180512,10,422.836784
-3.178449,18,422.879714
-14.619893,37,422.971807
25.651921,53,423.102329
-18.322729,15,423.138705
4.651944,11,423.165124
-3.062279,20,423.213389
3.449695,20,423.262252
3.228364,71,423.418709
-14.932413,23,423.463076
-2.618071,36,423.534339
-5.521735,63,423.662346
-25.440143,60,423.782665
-6.018887,12,423.809173
6.648888,46,423.902623
-15.252883,110,424.121585
-42.93955,27,424.175284
47.534884,65,424.303856
-18.96531,23,424.349486
-8.672773,23,424.39445
-35.930785,46,424.484375
15.557181,23,424.528625
-4.247285,9,424.545874
-22.337989,25,424.597294
-15.848697,15,424.626295
-9.896308,37,424.696931
-5.969825,10,424.978803
-15.867159,19,425.474088
42.669052,80,425.656896
-20.831029,65,425.812412
-15.470017,68,425.976979
-717.373668,1000,428.445711
-12.586668,25,428.507747
3.357909,8,428.527452
28.49092,66,428.689286
-28.795679,24,428.74839
-26.453703,25,428.808718
18.402706,15,428.845753
3.728395,29,428.901947
-7.256721,16,428.93277
-16.710692,13,428.957783
-11.125945,12,428.980597
0.856236,20,429.019533
14.280146,29,429.082131
6.654183,13,429.107635
0.214972,8,429.123376
-781.752107,1000,431.922897
-28.731543,38,432.003671
-44.20922,37,432.083518
-30.535096,44,432.178234
1.148714,17,432.214758
12.756636,16,432.249079
-21.833379,22,432.29554
8.137226,23,432.343994
-16.956881,18,432.381991
-34.558266,49,432.487175
-0.153291,9,432.505698
-8.454632,11,432.528894
2.50512,8,432.546407
-35.000648,26,432.596011
-2.300925,76,432.744418
14.221187,32,432.809206
2.222945,16,432.840845
3.261994,51,432.94118
11.598621,30,433.00436
-27.558272,21,433.044746
-24.067415,17,433.527323
-19.439525,15,433.555261
-34.10119,39,433.636101
-8.889731,11,433.660563
-67.202055,214,434.149095
-13.774936,18,434.195194
6.912,35,434.284091
0.298611,18,434.328035
11.833674,41,434.406953
1.479326,12,434.429698
-4.807782,25,434.477226
-24.543875,42,434.558069
6.372713,20,434.59642
-19.470954,17,434.629638
-97.579909,245,435.119589
-20.607587,30,435.179612
-15.734643,21,435.22091
-1.770565,18,435.256637
-65.407863,68,435.400489
2.621425,23,435.446943
-10.515239,24,435.498447
-57.80249,54,435.611743
8.390146,15,435.642962
0.447503,6,435.65444
-3.959443,32,436.162969
-29.914936,35,436.230289
17.03958,38,436.308536
-3.545123,14,436.337991
-20.253727,24,436.384997
5.082885,14,436.413452
5.244769,21,436.453709
1.110644,12,436.477379
-37.499907,48,436.597372
4.362647,11,436.624947
-11.962768,14,436.660227
0.606111,7,436.678088
-21.972075,16,436.718
0.347865,24,436.778122
-18.275128,28,436.848331
1.951394,12,436.87819
-5.290728,44,436.978918
3.282161,8,436.994026
23.633127,50,437.088467
12.86573,30,437.146661
-10.031923,15,437.175379
-48.823142,79,437.327184
7.254401,19,437.365288
-5.264733,11,437.386804
-14.206984,17,437.419274
43.998624,113,437.638834
-6.262555,25,437.690339
36.548829,44,437.775652
13.390299,25,437.824467
10.078095,18,437.860123
-1.740547,26,437.909873
-174.717777,180,438.977098
-27.029098,53,439.094148
-11.592597,43,439.190114
3.728741,17,439.22659
-845.485149,996,441.844465
-6.969601,12,441.867364
-25.655364,24,441.913649
-4.749436,23,441.962081
11.381737,28,442.017971
-9.917906,13,442.043819
52.12176,100,442.236525
1.305501,16,442.26711
-4.890639,9,442.284283
-2.858277,16,442.315216
-14.08515,56,442.42317
11.967266,24,442.468668
-8.58592,15,442.497165
-5.781217,14,442.524193
-1.678255,31,442.583585
-529.513389,706,444.621366
16.734144,19,444.658847
-42.852479,51,444.757844
21.447445,22,444.80102
37.593736,67,445.202106
19.518173,17,445.235448
-0.49867,14,445.263644
64.090395,42,445.346944
-63.469911,71,445.486442
-16.764983,16,445.518155
-0.945959,13,445.546121
-46.833365,56,445.658453
-14.75442,13,445.683805
7.696072,58,445.804636
9.215371,50,445.918475
19.558719,16,445.958701
-756.58837,1000,448.6018
0.754026,11,448.62473
-7.012215,41,448.704197
5.006107,15,448.735017
3.241025,36,448.807142
-18.130978,16,448.838858
-11.771158,40,448.928291
-27.328589,29,448.990489
29.438706,60,449.109964
34.647185,35,449.187357
4.413945,32,449.265527
1.92946,17,449.305502
-9.895928,13,449.330545
3.992959,9,449.80277
17.274754,16,449.833221
2.716066,16,449.864691
-5.607907,30,449.928225
1.808078,15,449.960101
-4.875097,18,449.996173
-17.468671,32,450.077217
-17.765438,39,450.174636
-696.186652,1000,453.857368
9.419161,29,453.913414
11.37246,24,453.959499
-11.625719,29,454.014879
6.090924,33,454.078342
17.846622,19,454.114321
44.298342,49,454.209047
10.063615,22,454.252671
14.612492,21,454.293606
-16.557345,31,454.353157
-4.164001,23,454.397557
2.70861,8,454.412734
-8.645432,21,454.454129
-16.765419,14,454.485403
-17.207109,83,454.653765
-22.447933,22,454.697866
-4.478039,12,454.720804
-4.147104,19,454.760379
7.550958,14,454.790174
-10.607154,16,454.824085
-15.248079,11,454.847677
-63.519212,65,454.986789
-7.729431,43,455.078084
-16.282782,38,455.159564
-5.531809,15,455.191632
-26.402678,30,455.255129
-14.637222,17,455.291651
11.267081,18,455.331126
-6.693211,34,455.405687
0.651038,17,455.443312
-16.244782,34,455.518763
-18.014552,15,455.552248
-10.991649,16,455.587441
-38.801143,48,456.197373
-0.635499,20,456.239851
-15.090432,52,456.350328
-9.963824,15,456.382025
33.145544,30,456.445805
-2.78512,12,456.471225
-2.115361,11,456.495073
-10.882598,76,456.656119
8.286398,16,456.690775
10.980798,14,456.720819
19.869001,20,456.763476
6.072781,15,456.795461
-6.480356,8,456.812417
12.561038,15,456.844446
-791.169745,1000,459.582144
-23.586981,17,459.615456
-6.530204,24,459.660425
-1.125819,10,459.679588
-7.377506,24,459.725856
27.454344,29,459.784456
6.599809,25,459.833185
7.739458,44,459.923128
-5.96882,28,459.978625
-6.539986,27,460.032667
-56.195572,52,460.142256
-15.632798,13,460.170334
-8.076217,17,460.207623
2.585064,13,460.235892
-31.801731,44,460.32091
-2.126735,10,460.340455
-9.124095,11,460.361482
-0.080784,17,460.394809
-7.715208,13,460.419393
33.460648,26,460.471639
-12.067438,40,460.547723
-4.83307,11,460.568442
-1.437171,12,460.596911
-80.04716,58,460.738344
-1.167278,11,460.765271
-55.846811,105,461.020489
-3.060996,29,461.090228
-15.475281,29,461.611984
19.567623,23,461.655728
-3.948647,54,461.757972
1.884576,24,461.803303
-2.488339,13,461.827874
9.10784,31,461.889277
-16.086239,32,461.952681
-698.051825,1000,464.545972
6.692721,17,464.583149
-0.125076,8,464.600758
-14.781562,67,464.744222
-619.927764,1000,468.493534
5.304903,27,468.545118
-19.967721,22,468.591616
-18.389753,14,468.618993
0.623212,11,468.64044
-12.479851,11,468.66141
-78.501862,69,468.793009
34.51081,27,468.852902
-4.946095,11,468.87736
-5.626004,16,468.911835
1.906404,9,468.929706
19.228124,19,468.967044
-51.510357,37,469.049162
1.560561,18,469.084272
11.703213,25,469.136273
4.394074,14,469.166464
0.453766,8,469.186406
-18.423875,21,469.237096
3.984477,32,469.313644
-12.762801,21,469.364128
-44.84247,61,469.510721
14.990307,38,469.600671
-17.989678,27,469.665274
27.301027,17,469.705494
-9.03867,60,469.831115
24.604787,43,469.913408
-15.76637,13,469.938712
-2.652446,30,470.000287
2.891528,11,470.021642
18.417892,94,470.650861
5.183206,11,470.671984
-0.413986,6,470.683211
16.737541,48,470.779974
0.99631,21,470.821324
12.989291,19,470.85841
4.899991,6,470.87018
-20.338383,28,470.925567
1.706686,23,470.971032
-61.986806,67,471.103155
14.034515,18,471.138366
-1.349189,17,471.170651
-648.869471,1000,473.926108
15.550577,33,473.995789
-13.842704,55,474.112755
0.664498,7,474.127956
-13.18556,12,474.153299
11.192906,18,474.191733
2.196669,18,474.22971
-2.24472,22,474.276461
7.398595,15,474.308283
-9.926773,20,474.351354
-8.548101,19,474.391426
-18.591039,13,474.419292
-7.001338,29,474.480495
-6.208115,27,474.538092
-23.989866,51,474.64553
7.580359,9,474.664182
9.090382,25,474.718239
-16.542292,20,474.761096
5.629396,22,474.808048
-5.587152,61,474.938487
-6.372294,14,474.968646
-32.885323,44,475.062348
-27.26876,75,475.227249
-1.908913,14,475.257985
-0.015026,9,475.277356
-614.609832,1000,477.900393
-6.24408,18,477.935766
0.144522,35,478.005013
18.631879,35,478.079283
-9.524771,23,478.131649
-492.427361,794,480.688508
16.771811,20,480.729451
-2.507716,12,480.752574
-24.447643,43,480.836969
-5.951311,36,480.937604
-11.413889,71,481.13181
6.006459,9,481.154691
26.428004,18,481.199612
-575.393507,1000,483.723322
10.624718,24,483.783082
-644.781622,1000,486.466208
-9.984817,11,486.491363
12.046094,15,486.525033
22.919108,34,486.859595
-31.786165,70,487.506119
4.023223,24,487.557369
6.186073,25,487.610881
41.575259,41,487.698239
1.759232,37,487.778066
-1.351243,21,487.823217
5.947543,10,487.844625
24.163045,23,487.893214
-13.494413,14,487.921325
-2.156032,7,487.934879
-48.105904,40,488.011761
-0.169844,36,488.082322
-32.050242,62,488.200701
34.344893,29,488.256938
-24.675205,44,488.342337
-46.527294,61,488.460821
-6.112216,54,488.566067
-12.354517,19,488.602369
23.458531,16,488.633811
3.24888,29,488.694771
2.986805,26,488.752368
-8.292403,23,488.801249
-28.938504,96,488.996175
-15.846704,48,489.088096
-2.588153,10,489.107625
22.685496,50,489.203348
2.387714,25,489.251491
-1.226212,20,489.294102
-36.895067,42,489.389908
12.411285,21,489.438344
-1.630467,13,489.468455
-496.995515,1000,492.162392
0.967048,10,492.181679
-13.42798,17,492.214167
-36.962337,38,492.962054
13.334223,17,493.002656
-24.114773,34,493.084223
-3.344114,14,493.117974
-12.452617,31,493.192449
-644.43054,1000,496.201888
-20.28998,49,496.30725
-6.185769,34,496.38028
-2.234292,31,496.446065
-3.758786,23,496.495364
-0.411875,6,496.507839
-5.759916,14,496.537928
-13.981096,49,496.642169
-42.049599,66,496.781808
-39.491771,21,496.826686
-12.578063,47,496.925662
26.920341,27,496.982673
9.159246,23,497.031586
-37.775009,51,497.139148
-0.915604,22,497.186475
-17.595729,28,497.24515
9.472656,48,497.347317
-555.658112,1000,500.105229
-13.900957,19,500.142799
-9.994152,10,500.162574
-10.354332,20,500.200466
36.59106,23,500.245593
20.925603,51,500.344149
-8.142474,13,500.368938
1.39529,12,500.392439
16.632019,57,500.502597
-3.885719,20,500.540178
13.420973,18,500.574026
4.123603,17,501.081284
-19.616359,40,501.177076
-0.817653,11,501.203207
10.013574,49,501.320548
-3.852061,25,501.380873
20.77924,31,501.456015
-19.847698,58,502.181113
-4.23387,14,502.207318
4.033168,19,502.243905
-4.701835,13,502.268432
1.58327,14,502.29468
-6.259029,20,502.332648
14.291664,21,502.372777
-11.93215,26,502.422497
-5.209168,16,502.453188
-17.2972,26,502.502408
-9.457951,15,502.530615
-53.109491,58,502.640865
12.009526,28,502.694412
2.465401,13,502.718956
6.945058,14,502.745698
4.242724,10,502.764786
-4.731694,11,502.786109
17.836197,25,502.833416
12.02454,15,502.862567
5.502401,25,502.910122
-5.335874,11,502.93239
-9.68734,36,503.000473
19.744591,79,503.153153
-504.162739,894,505.635014
-22.345118,42,505.720862
-13.202858,39,505.798466
-27.664566,21,505.839154
-2.161579,29,505.895562
3.092288,13,505.922563
-7.908853,36,505.995235
-12.735363,38,506.074055
12.979715,59,506.195338
28.881129,21,506.240667
-613.659288,1000,509.157227
-9.167664,9,509.174361
-5.966342,19,509.211081
-19.037194,16,509.242088
12.188481,26,509.298507
15.279822,32,509.361724
6.257373,14,509.388934
-7.896516,30,509.451685
-12.469599,26,509.501885
-2.309697,11,509.523124
23.011884,36,509.597257
58.289345,77,509.744771
8.258486,52,510.319956
10.675733,91,510.495819
5.695228,15,510.524606
-1.535941,9,510.54171
10.864183,16,510.57262
49.785248,62,510.692118
21.29019,41,510.770253
2.658015,8,510.786072
3.565307,14,510.81278
-0.997714,8,510.828134
-20.702315,75,510.973594
19.603094,22,511.02682
2.063074,30,511.102122
-39.769754,34,511.187736
7.450992,20,511.237724
-105.084285,148,511.56663
4.295315,16,511.597006
14.315395,52,511.69874
16.653222,31,511.759459
-5.828776,10,511.77922
-2.693765,10,511.798992
12.105048,26,511.849624
0.252841,21,511.89026
-2.074722,22,511.934182
-0.879413,50,512.031731
-7.307878,24,512.079335
-42.169111,62,512.206149
2.27583,16,512.240234
25.829701,26,512.292427
57.643895,35,512.368436
9.026953,26,513.005481
0.07199,9,513.022656
25.586727,20,513.061582
-4.085138,9,513.079303
-31.952589,36,513.151021
13.391942,34,513.219086
2.3366,14,513.247832
-573.342597,1000,516.391778
-1.223882,17,516.42818
-8.32176,40,516.513117
-25.282258,41,516.600138
-14.643559,26,516.655835
-2.262418,20,516.698164
0.346671,8,516.714806
2.00121,18,516.752734
57.573075,107,516.981158
5.344016,30,517.044996
-2.501606,14,517.075275
-93.639877,116,517.324188
12.622502,21,517.369838
-3.116582,22,517.417411
13.32573,29,517.478784
22.993749,40,517.556099
-8.777171,21,517.595848
14.365758,29,517.651166
22.631132,27,517.707914
9.237546,32,517.77881
-21.170836,61,517.911696
79.779961,52,518.018164
-24.090688,41,518.107695
20.758835,31,518.167765
8.096386,38,518.242293
21.175822,26,518.759791
1.379795,7,518.775253
28.259931,58,518.888663
27.510883,32,518.965535
-1.152267,17,519.008461
-47.100962,38,519.104147
-19.443898,54,519.24105
-3.780152,8,519.262531
12.598658,11,519.290304
4.980358,17,519.333558
4.376373,30,519.398389
-8.015389,11,519.419292
-7.281269,12,519.442363
-19.428825,24,519.488964
7.016734,14,519.515882
2.304144,27,519.569166
43.092246,55,519.678593
-12.248267,34,519.743544
-0.631889,51,519.840783
11.854644,21,519.88135
-0.614481,28,519.934864
-31.451794,44,520.019565
-2.102438,20,520.058793
4.133555,23,520.103482
23.255275,29,520.158764
-12.946747,23,520.202975
5.973705,28,520.25587
-18.591164,13,520.281439
-9.129199,23,520.325255
0.87828,9,520.34225
-21.952751,41,520.420066
20.297042,24,520.46596
-1.970914,15,520.49513
-16.589963,36,520.564309
1.906028,12,520.587423
0.526405,13,520.612792
3.393529,10,520.632657
-4.950689,19,520.670633
-1.79509,29,520.728442
-6.335488,17,520.762436
3.809642,8,520.779954
0.355699,24,520.830041
-8.479023,38,521.367524
3.744289,20,521.410766
-505.388066,1000,524.264085
11.88875,31,524.329859
-5.892135,10,524.351604
-2.1167,21,524.395963
18.82723,34,524.468339
-0.609669,7,524.48332
-1.22213,6,524.495719
8.749089,30,524.559388
-82.764337,103,524.778507
-21.693244,22,524.824757
0.976825,18,524.863385
-1.582491,14,524.893196
7.130329,25,524.946835
-15.841546,33,525.016546
-15.915432,32,525.084583
-8.074382,69,525.231005
24.087792,25,525.283859
6.514476,80,525.453271
10.254412,47,525.553603
0.169385,9,525.572812
43.568354,25,525.625927
22.576512,24,525.676795
-26.451353,56,525.795477
27.487828,31,525.861119
-5.864289,25,525.913921
-23.546473,61,526.042805
-3.697775,15,526.07477
2.534289,15,526.107857
-39.760174,31,526.175399
-1.832004,20,526.219179
14.145771,52,526.332112
-8.629143,18,526.37153
-1.637251,24,526.920797
-16.13879,38,527.001621
19.217358,39,527.084538
-10.755335,24,527.136043
72.516184,50,527.242816
15.030452,25,527.296518
-24.243564,57,527.41708
8.191241,20,527.459885
5.81049,16,527.493586
2.749872,36,527.570254
16.277408,24,527.621479
-1.209801,17,527.657444
0.211448,6,527.670195
25.226041,22,527.717131
2.766452,30,527.781385
21.067195,30,527.839638
12.925623,13,527.864343
8.899718,22,527.906858
7.616007,8,527.922243
-5.071932,13,527.947721
-0.133399,21,527.988292
-2.434871,15,528.017788
-65.474415,71,528.156251
14.702957,18,529.294413
-30.823395,42,529.375101
28.747428,36,529.44919
-6.309219,15,529.480889
2.720876,11,529.501726
-6.807616,14,529.528351
0.5029,13,529.552973
-20.283384,36,529.621949
-14.039997,24,529.6699
-3.317233,16,529.704751
3.363977,10,529.725097
30.400741,19,529.761721
-2.314436,46,529.852832
21.728194,39,529.93106
2.111405,21,529.97218
10.474566,20,530.011422
3.973595,11,530.033046
-9.033818,15,530.063026
10.471452,23,530.555198
59.504385,35,530.622989
-3.613847,11,530.644805
-44.206804,34,530.712174
27.196799,23,530.76323
20.584735,20,530.807345
31.026621,22,530.855093
-5.74904,11,530.879862
-7.990284,19,530.927522
-54.218995,88,531.144636
-585.388422,1000,533.671466
-7.03296,13,533.703788
2.843668,31,533.780791
-19.356646,31,533.858495
1.603701,15,533.895415
-3.193479,15,533.930445
-1.738211,21,533.972064
-3.746604,40,534.053086
-4.273262,32,534.120919
19.340235,104,534.340909
1.780563,12,534.367932
2.508384,16,534.403526
1.458516,18,534.439961
2.891906,15,534.470408
-1.440752,76,534.632517
25.765282,35,534.707046
-6.588144,9,534.726122
8.953641,15,534.757653
1.808897,29,534.819346
26.015591,24,534.869509
25.091383,21,534.914422
-3.70531,8,534.931348
8.511528,52,535.041818
-5.984923,14,535.071774
-9.922373,18,535.110359
19.871424,44,535.203638
-6.403613,12,535.229634
22.48776,46,535.328161
19.750446,18,535.857119
-6.762784,19,535.898612
15.132265,19,537.250126
-30.416963,42,537.338941
-320.452269,760,538.966666
-5.814291,20,539.008948
16.96491,28,539.069169
8.220028,21,539.11616
0.962597,9,539.135742
5.83058,59,539.268212
21.079895,20,539.312625
1.552337,17,539.968144
16.407229,14,539.996219
-8.111085,61,540.113083
-18.904947,28,540.166387
-72.087186,66,540.294128
8.030442,24,540.342437
5.971533,30,540.407754
1.296782,9,540.42697
-8.984475,16,540.462559
-21.446351,34,540.535772
6.777274,9,540.554117
-24.264599,58,540.671844
5.564878,20,540.70913
-1.1151,28,540.762775
-6.859491,56,540.873708
-2.639701,9,540.891276
-2.450094,13,540.916432
9.690899,65,541.04232
16.057994,44,541.127262
7.168784,24,541.174247
-11.456785,15,541.205283
-17.658049,39,541.283165
-7.255779,25,541.336725
-6.989066,9,541.354745
8.933283,38,541.429278
1.755432,7,541.442825
-84.367111,98,541.669815
10.700318,39,541.769007
-47.646612,64,541.929743
7.647196,46,542.031219
0.64742,28,542.083574
3.071555,18,542.706362
19.455767,64,542.82975
0.551189,16,542.862629
-9.714275,22,542.904836
-11.334364,20,542.94317
14.60931,21,542.982962
2.220863,14,543.010094
-1.089644,17,543.043485
6.664092,115,543.277497
21.088306,18,543.313084
-10.430985,32,543.381275
-4.234877,11,543.403275
2.726282,17,543.437027
8.908609,42,543.517387
-27.913852,56,543.62465
-2.185299,9,543.641705
-9.090864,25,544.796513
-5.061708,9,544.813499
13.43556,20,544.850894
36.597516,34,544.91682
16.446409,38,544.99036
-88.804403,100,545.187665
-10.848744,33,545.261854
14.188351,42,545.352635
5.199599,22,545.400419
11.86997,34,545.472475
-0.520191,11,545.493687
4.63812,48,545.589911
10.760213,17,545.624326
-2.762393,6,545.635794
2.972939,37,545.712144
5.608307,15,545.740789
21.945797,18,545.775446
5.313139,16,545.806638
42.866301,41,546.4927
-34.543374,47,546.592657
16.371288,22,546.639154
3.593432,63,546.771744
-17.192725,40,546.856655
-0.711009,18,546.895241
-34.184069,89,547.085258
6.766541,40,547.169793
3.417541,76,547.332856
4.027951,9,547.351718
9.187345,41,547.440158
9.007869,19,547.480615
2.557248,41,547.567697
-14.105773,16,547.601842
-47.263765,103,547.822443
11.449586,15,547.854954
27.298915,66,547.996275
-57.438844,81,548.170387
24.892927,32,548.23914
-5.04792,10,548.260776
-5.158703,14,548.292136
-33.632199,32,548.36208
1.837137,9,548.381573
-9.281783,54,548.502446
3.998566,33,548.57554
10.351587,51,549.205531
5.399893,22,549.252286
30.834667,33,549.319577
-79.68981,115,549.543665
59.173752,60,549.661272
-15.053079,16,549.693133
-18.750844,21,549.73367
-1.93821,18,549.768679
3.658585,8,549.783939
-219.373955,609,551.082574
-6.13888,17,551.116147
11.876917,36,553.253788
18.912646,20,553.291857
-7.191742,32,553.797648
-7.091724,37,553.869475
-0.613826,15,553.899293
-7.459915,10,553.919399
7.058702,17,553.952606
-0.098375,41,554.041144
25.195633,23,554.090591
26.495378,18,554.126815
9.133471,67,554.258137
7.375234,23,554.306611
-25.106073,46,554.400205
16.333666,25,554.448639
0.509177,54,554.554737
16.834278,41,554.63427
-10.963604,13,554.658836
22.827411,24,554.707063
-6.323213,16,554.741287
-15.892077,31,554.809422
-36.486618,34,554.881964
-19.470851,35,554.950596
3.872796,19,554.989568
-10.843805,15,555.019493
14.224954,30,555.079497
10.659173,11,555.101199
-435.629496,1000,557.773243
45.379324,46,557.870396
29.584304,38,557.950974
-0.338131,8,557.968272
-417.454913,1000,562.123446
-4.209903,11,562.147271
5.777711,42,562.227216
-3.040091,10,562.246906
-36.36857,63,562.369302
1.539727,48,562.462816
5.465026,22,562.518349
7.158444,40,562.632264
18.128145,41,562.737788
17.005497,26,562.803061
-14.134754,15,562.841032
-11.605199,13,563.346068
18.105756,46,563.434219
16.309011,47,563.5296
60.37376,88,563.708768
12.957301,15,563.739083
-56.049533,56,563.85889
9.224787,19,563.898738
33.807456,44,563.995225
56.17393,29,564.060098
0.914676,34,564.136497
-21.375426,45,564.232331
18.173471,51,564.332742
9.160826,17,564.366264
39.26203,43,564.459187
8.307695,16,564.494482
40.982173,31,564.562211
7.489558,9,564.579539
7.147409,15,564.607496
-7.038799,10,564.626608
0.503768,35,564.69656
8.908249,9,564.713901
-37.714373,66,564.852221
-16.881807,28,564.914456
3.466102,29,564.978288
-5.07373,36,565.057647
77.735575,125,565.348195
0.185429,23,565.407902
-23.457046,45,565.522079
13.290298,16,566.184169
4.869093,53,566.294904
33.914762,28,566.34912
17.643414,26,566.400529
-3.009203,16,566.432747
35.336365,50,566.531543
3.734411,18,566.566434
2.384463,57,566.690287
-45.794501,81,566.854265
-0.47935,9,566.874393
-12.404596,34,566.943594
-417.637419,1000,570.102289
-18.088734,68,570.247685
29.660155,36,570.324296
-19.313767,63,570.457461
-2.51688,25,570.510685
-469.510234,1000,573.138061
-450.298669,1000,577.819598
10.524751,34,577.884732
21.680178,23,577.929229
5.85606,54,578.03586
3.441396,20,578.074114
-0.017008,30,578.131885
6.550407,17,578.164578
10.698463,61,578.28124
-12.560482,71,578.417456
9.193023,10,578.436527
-31.242255,25,578.485783
-12.339515,17,578.51793
-17.743238,17,578.550084
22.426174,54,578.653662
4.732233,15,578.681754
33.889743,38,578.75503
3.168812,153,579.668638
11.511073,31,579.734579
1.44327,23,579.783483
-6.270242,25,579.837674
3.800187,26,579.893411
7.970702,22,579.940461
16.483011,23,579.988974
3.455526,35,580.063389
-24.234838,30,580.127044
-9.350755,28,580.186254
-35.948714,51,580.294699
-391.458007,1000,582.949584
-0.355971,14,582.979802
2.708033,18,583.019175
0.776601,6,583.032074
-1.507392,8,583.049381
-11.355344,14,583.079381
-26.49238,70,583.22762
2.818583,26,583.283028
7.220227,22,583.329176
33.526068,30,583.393032
0.945043,6,583.405711
-370.231341,1000,588.34634
-8.896362,37,588.418029
-6.702761,15,588.446848
-13.817581,35,588.517142
10.962584,20,588.555362
0.425375,10,588.57434
31.825638,34,588.638965
-8.972879,22,588.68339
-44.249506,87,588.850033
-11.115531,15,588.878055
26.265484,28,588.931472
0.558288,10,588.952613
-1.172262,29,589.008651
-372.421861,1000,591.824111
3.761932,15,591.856914
38.610142,48,591.962398
3.467119,8,591.980281
-406.927543,1000,596.249826
-26.46743,67,596.37746
16.746919,16,596.857319
5.500688,27,596.910032
-16.108723,12,596.933294
55.727769,39,597.008964
26.393956,42,597.093731
5.676037,16,597.125938
-2.490029,13,597.151519
2.86146,15,597.180626
15.780313,34,597.246695
-16.923628,278,597.848756
8.086127,14,597.883713
11.654675,20,597.933621
9.082601,14,597.968423
8.295394,35,598.055874
5.93954,18,598.092694
16.781475,25,598.145788
30.163655,70,598.289861
4.201447,8,598.305256
48.923506,54,598.419305
12.965307,16,598.450713
4.356129,15,598.480134
-5.681127,17,598.513623
-22.444432,32,598.581268
2.674249,17,598.618772
2.004071,17,598.652466
-1.944388,11,598.674479
-7.016372,10,598.693754
5.280532,50,598.793422
25.702341,64,598.918786
1.370427,17,598.952364
-3.599399,47,599.517652
4.396187,13,599.542092
30.781886,53,599.648418
28.595494,43,599.73825
7.44249,16,599.771513
4.869849,70,599.912638
-3.740793,13,599.93894
32.137352,25,599.987453
36.263414,21,600.028997
-5.805557,10,600.050617
-19.47522,31,600.117163
12.472783,18,600.155497
-43.666503,105,600.377117
11.047856,14,600.407144
-13.355169,17,600.443311
-18.553262,31,600.510463
-3.516713,35,600.585054
7.587075,74,603.400048
4.928902,13,603.428025
-2.181639,11,603.450965
-335.648308,1000,606.177757
27.953356,50,606.274207
4.844708,47,606.363465
13.494569,16,606.394251
42.309977,77,606.545171
-294.492375,1000,609.25191
-1.81429,70,609.393164
12.547479,99,609.595165
-341.922706,1000,612.834288
11.484268,53,612.952193
-11.098167,24,613.005415
-10.170194,21,613.051351
-6.286738,16,613.695068
28.145137,26,613.750196
-244.164811,1000,616.513423
3.59885,37,616.592037
22.547143,29,616.653767
38.125796,44,616.747586
53.241186,46,616.844581
-6.188038,43,616.937507
-2.82421,8,616.954285
-36.16634,62,617.082759
-281.305214,1000,620.379483
-55.479294,84,620.544748
-39.757846,115,620.770899
42.798269,54,620.878712
8.720722,51,620.984298
17.946073,34,621.049888
23.173001,16,621.080514
-7.057627,13,621.105136
38.946522,42,621.188074
6.653412,22,621.24129
3.16693,20,621.289156
6.843833,16,621.327403
49.255771,72,621.499218
-10.322888,35,621.582542
1.195642,22,621.634778
-7.994736,62,621.782835
19.991792,29,621.839865
41.268787,38,621.912289
65.293923,120,622.749849
4.039286,23,622.793784
21.78319,23,622.83784
14.021707,17,622.870927
3.607354,13,622.895263
41.791617,88,623.067048
7.860109,42,623.147896
3.467758,24,623.194781
-16.165619,52,623.294464
82.40552,48,623.391627
11.449496,17,623.42472
43.677717,81,623.593359
19.937612,58,623.716871
-0.880962,24,623.767295
3.109496,8,623.784301
5.882851,11,623.807777
-21.68395,27,623.865381
12.784957,56,623.98417
37.037948,58,624.107955
8.973047,14,624.137649
36.074187,89,624.326713
-10.373772,18,624.365672
9.846595,92,625.376664
6.252007,106,626.202168
-1.391837,8,626.21934
4.87801,28,626.278609
-0.362119,17,626.315704
15.907229,32,626.383488
15.338161,65,626.52171
31.534906,73,626.677374
15.041331,25,626.73126
3.344736,26,626.786559
36.802194,24,626.837549
19.518851,53,626.950232
1.070605,35,627.025752
12.667024,23,627.076036
-2.762309,13,627.103536
-22.286666,54,627.218998
-10.360701,14,627.249305
-14.972279,57,627.37043
17.689765,36,627.447557
-17.277713,114,627.690346
-6.094492,16,627.724581
-3.386276,9,627.744085
10.450723,35,627.818648
-2.363558,35,627.893574
3.579094,9,627.912667
46.443562,54,628.028649
6.363524,13,628.057865
-7.748057,28,628.119492
8.255714,39,628.205682
-3.429709,18,628.245163
-4.804278,19,628.287963
45.237742,50,628.99544
33.350305,116,629.241975
7.017467,12,629.267334
-262.359641,1000,632.046607
5.770636,52,632.162224
-1.100428,18,632.201849
17.25494,47,632.304745
31.067062,37,632.386241
17.053758,48,633.994603
4.525347,20,634.038431
34.657036,45,634.123001
-3.238461,96,634.313538
67.384727,94,634.505207
14.847913,16,634.53584
2.71819,19,634.57327
11.123769,46,634.664948
36.401964,26,634.716236
16.968329,31,634.782854
13.751652,32,634.847174
55.463904,113,635.067756
-29.505594,119,635.312947
21.506235,45,635.845133
4.433673,7,635.858495
35.51598,28,635.911159
15.433429,70,636.045048
42.419622,49,636.153845
33.76656,69,636.319204
-22.477548,31,636.392596
-2.966865,17,636.43305
3.521347,16,636.471026
45.368179,38,636.561943
65.848847,59,636.699715
13.380664,17,636.731581
8.909808,18,636.765684
-27.688079,46,636.852731
11.844107,23,636.896335
12.8678,15,636.924369
6.275375,16,636.954628
-15.522199,209,637.38005
16.318104,48,637.48185
32.170174,33,637.551544
16.136863,40,637.636464
4.295269,18,637.674892
27.773116,44,637.767599
10.158165,69,637.912007
-8.416923,74,638.666592
20.814806,23,638.715601
32.589623,106,638.941402
36.851356,63,639.075277
-3.085317,13,639.10347
-4.408918,29,639.165895
-7.998349,23,639.214826
1.214715,38,639.295687
4.671418,9,639.314899
3.415596,38,639.395396
-13.240368,34,639.468172
-18.301129,39,639.551868
26.410272,44,639.646651
12.791968,25,639.699764
7.129926,52,639.810082
-9.551624,39,639.893228
28.244778,59,640.019388
14.730092,23,640.068705
55.282215,59,640.195074
39.213525,32,641.121158
27.195578,47,641.220081
20.452173,64,641.355969
-5.481529,29,641.417674
0.468816,17,641.45455
0.908042,26,641.510796
-37.719828,145,642.415604
11.358057,31,642.481365
3.436111,18,642.519908
9.218025,13,642.548007
2.034062,34,642.621053
-0.826571,12,642.647053
-4.226952,23,642.691296
12.051296,39,642.765038
-6.165063,81,642.928911
26.070825,86,643.101681
40.757212,34,643.166703
13.586004,16,643.197783
21.185919,48,643.292441
-190.851719,1000,645.973452
20.119484,21,646.013202
2.271422,7,646.026215
-10.417036,24,646.073347
3.330989,59,646.204567
-151.376035,1000,653.196306
27.831048,28,653.255599
13.684924,18,653.294063
4.48472,21,653.338002
0.938557,11,653.36169
-4.373392,35,653.435995
16.769748,63,653.569743
12.204105,43,653.662116
-229.370968,1000,656.367533
11.564574,33,656.446921
-13.814655,29,656.51616
-12.92389,73,656.672556
10.824426,18,656.707522
16.876903,94,657.370122
82.408322,97,657.577688
15.535226,14,657.605118
27.054273,64,657.733556
12.506127,14,657.763444
2.010873,8,657.779294
29.338484,29,657.834497
0.356341,20,657.874121
3.000923,39,657.950361
17.71625,24,658.001326
-6.815308,34,658.070852
-205.0393,1000,662.848022
18.018223,27,662.90516
-18.31379,63,663.038708
-21.940443,16,663.072947
0.345084,18,663.111013
37.574928,56,663.228853
19.657887,31,663.293968
2.692481,36,663.370383
2.489099,35,663.444007
24.298165,55,663.560573
17.095276,31,663.626117
-1.449402,42,663.714827
3.567508,15,663.746184
20.292135,19,663.786043
13.022436,23,663.834326
10.27531,15,663.865805
34.083118,45,663.961765
2.146706,16,663.995848
2.887807,7,664.010943
-145.787133,1000,666.646632
36.199249,44,666.743169
-3.212624,27,666.802945
4.90767,14,666.833193
-6.253063,17,666.869963
7.415565,55,667.492146
21.143436,23,667.540147
6.605487,19,667.580867
-158.359697,1000,671.962787
-18.945184,21,672.002409
-8.571616,81,672.172438
-10.439972,32,672.23918
-172.354227,1000,674.875565
1.409799,8,674.893037
-16.864251,38,674.973997
16.227094,16,675.007776
-3.820061,13,675.03523
-17.254567,48,675.13849
2.958453,23,675.187492
-1.025806,24,675.23841
31.932648,20,675.281115
7.530106,26,675.336394
-0.171423,39,675.42034
20.833859,41,675.509347
6.838781,75,675.668831
20.600223,19,675.709394
14.625805,17,675.745536
36.67525,64,679.376782
-22.639993,56,679.495658
10.278727,15,679.527905
33.935084,69,679.675318
-8.153804,14,679.704914
-2.153642,58,679.828215
-98.118662,1000,682.564551
1.72269,11,682.591395
15.427066,25,682.649197
-5.455654,68,682.779204
17.572813,23,682.823421
11.915015,32,682.885666
-10.379499,117,683.727911
-10.837732,74,683.873111
4.156839,13,683.898215
-12.048621,14,683.925612
25.99369,37,683.997483
6.099008,23,684.047734
5.615427,23,684.094399
24.523748,56,684.202454
27.827919,20,684.240362
0.451702,6,684.2518
-160.496188,1000,688.078369
26.325242,27,688.135918
46.134857,45,688.231712
-47.358299,1000,691.010988
-1.651069,21,691.056456
-27.880551,57,691.17848
-161.959295,1000,693.898278
-2.414599,23,693.943732
-4.848417,10,693.962421
-2.664633,14,693.989314
12.163096,34,697.617258
54.700951,44,697.72296
-2.965105,75,697.891026
38.166798,61,698.009348
21.28108,18,698.044581
6.394563,18,698.079347
24.958294,26,698.128558
19.942261,52,698.22815
-9.341145,22,698.269774
67.412199,201,698.656152
72.16707,61,699.390491
23.082978,46,699.487786
33.676297,24,699.538937
27.663518,38,699.620859
-12.644158,70,699.770141
15.511054,40,699.858266
24.78307,21,699.903912
1.010489,22,699.951096
6.687528,17,699.987619
17.189769,35,700.062365
46.133426,29,700.124905
17.78049,24,700.177286
-1.239492,77,700.342544
34.087853,80,700.512562
35.541623,41,700.599139
-5.455743,12,700.624876
5.880659,17,700.660701
6.411689,9,700.679942
60.775632,34,700.752551
77.147997,116,700.999607
15.13021,34,701.071557
4.456392,23,701.120615
58.827906,63,701.256176
18.370222,36,701.336009
7.035619,16,701.371436
49.923862,55,701.494574
27.061962,22,702.051037
57.85005,200,702.47872
-78.033112,860,706.65936
60.021305,61,706.780661
69.200738,67,706.922692
32.241475,47,707.02368
-0.299557,17,707.055462
-0.861364,15,707.085695
1.756524,29,707.144578
13.060189,28,707.206344
7.600708,7,707.220143
32.883141,40,707.299683
11.270101,31,707.359283
-86.106492,1000,709.984555
1.365618,8,709.999892
31.493993,34,710.06597
55.74472,193,710.44264
38.775367,83,710.606808
9.623113,39,710.681013
38.809464,81,710.83472
7.596494,9,710.852193
49.642664,83,711.019997
14.444263,139,711.315412
88.553672,73,711.972956
9.993186,13,712.00058
54.931447,60,712.128444
2.840891,16,712.163291
9.954375,13,712.191006
2.830536,43,712.282627
23.083006,24,712.333654
35.395255,38,712.414261
9.218569,13,712.441887
14.244599,36,715.138772
41.432203,72,715.290476
7.451889,28,715.3491
18.077265,15,715.381083
31.128345,122,715.640385
-79.728008,1000,718.426698
12.591982,29,718.492342
-3.7708,40,718.577684
-3.352105,24,718.626061
-19.985823,82,718.78065
-0.804445,48,718.872318
22.130242,26,718.921392
38.768226,78,719.073195
13.402523,24,719.121249
35.847384,49,719.215805
-9.633087,28,719.272212
26.274937,36,719.351393
39.005923,71,720.102681
6.104834,186,720.502539
0.271238,15,720.535706
11.001392,25,720.585235
42.546097,70,720.739006
3.941908,24,720.796704
3.163056,16,720.834668
-3.989841,32,720.910764
20.009802,23,720.965536
87.053388,64,721.116605
20.918993,31,721.190214
36.546731,81,721.355321
-9.922157,46,721.447367
21.524922,71,721.597605
14.599524,25,721.64523
20.604686,44,726.650568
-22.144146,152,726.974607
104.746221,91,727.671345
14.76949,69,727.819386
5.392867,14,727.849177
-10.117575,19,727.889697
31.938166,30,727.953757
40.148606,79,728.122167
17.844083,101,728.337518
8.649116,9,728.357058
-76.20725,1000,731.037714
34.496141,140,731.308638
2.772282,96,731.496368
-1.250374,10,731.515238
-3.83842,15,731.543315
43.090126,113,731.769836
15.076611,50,731.889498
-0.448335,7,731.905721
14.565309,22,731.95851
54.607817,40,732.053563
48.746904,57,732.189172
20.421177,14,732.223063
-14.536886,38,732.313815
29.750988,40,732.393577
-2.855531,11,732.414804
-8.274848,73,733.17704
-51.365631,116,733.415233
-53.967845,389,737.651071
38.739305,22,737.699508
-2.336963,65,737.839621
-12.582751,189,738.246159
38.064681,31,738.312503
-13.419472,18,738.351233
9.592224,1000,741.228597
59.454408,63,741.371788
51.0898,103,741.604223
16.763445,44,742.262808
34.244122,58,742.3889
74.556515,92,742.592795
16.43077,25,742.650603
68.020574,77,742.817186
31.775415,53,742.929782
-0.984451,9,742.948826
34.375807,61,743.081749
11.600501,64,743.219759
14.62656,13,743.247386
28.025949,35,743.322839
9.147244,33,743.394234
16.672877,15,743.42704
0.800446,63,743.565542
40.462779,83,746.170967
13.317275,24,746.218766
18.457599,16,746.255099
19.849971,74,746.406593
44.831338,61,746.534674
16.740049,16,746.566729
59.35836,51,746.67073
9.530593,22,746.715163
59.344579,53,746.823691
46.3596,79,747.670297
9.637184,12,747.701283
31.213122,61,747.854999
6.525793,16,747.89566
-0.821531,18,747.931645
47.390336,121,748.188914
9.632644,64,748.321403
31.90306,39,748.407
-8.629212,32,748.474226
4.937128,39,748.555569
14.621413,92,748.754755
18.683803,1000,751.58357
-9.900387,103,751.804067
19.930231,75,751.964165
18.740753,28,752.024186
-7.885239,26,752.080237
27.749845,30,752.143999
25.318859,34,752.216179
3.053825,32,752.285158
3.807949,33,752.355813
28.375449,38,752.436613
44.20799,97,753.212972
77.800887,163,755.099799
22.698494,1000,757.843715
6.677917,10,757.866455
13.462797,22,757.9153
2.861132,35,757.992036
-29.982036,45,758.090649
19.272995,34,758.159498
12.37656,17,758.194225
24.41315,28,758.252975
11.886495,13,758.279353
-5.060657,58,758.404949
43.79775,82,758.578696
-50.401327,1000,761.433307
94.63664,1000,767.590672
42.552373,22,767.642376
14.697476,35,767.72556
32.470839,1000,770.570678
101.323024,201,771.016382
51.07471,145,771.338623
-18.340774,40,771.431729
26.255938,37,771.515474
71.749295,90,775.74629
4.471763,32,775.835066
-11.063356,18,776.587353
2.686747,24,776.639687
48.736406,52,776.744102
3.066254,8,776.760077
33.659013,48,776.851641
17.469647,58,776.962491
-27.275798,1000,779.756979
17.552432,1000,782.532664
175.782296,1000,788.490889
35.097166,27,788.543292
32.464783,55,788.650818
18.726167,30,788.709014
9.765325,19,788.745255
0.830449,23,788.788522
25.421149,35,788.855497
33.239033,22,788.897299
3.260949,1000,791.596546
80.273124,188,792.038626
23.820981,43,792.145523
37.357322,35,792.216975
46.615443,114,792.461307
15.692124,33,792.524696
37.597896,30,792.586792
38.422515,45,792.685034
8.972162,25,792.742226
2.892606,18,792.779074
76.927951,1000,802.315104
22.218326,35,802.382614
35.58812,60,802.499235
22.590276,29,802.554374
25.853549,53,802.657757
5.129015,16,802.688451
169.499562,245,803.777012
2.11571,19,803.823817
25.976534,18,803.869104
-16.064816,23,803.926454
3.053244,10,803.951408
52.316147,1000,806.530082
44.30275,215,813.584511
166.047618,1000,816.130644
22.826296,62,816.290315
55.176847,138,816.593285
35.083414,95,816.791301
13.816643,55,816.899253
-4.44812,33,816.965658
49.452343,97,817.166953
2.670185,21,817.212687
40.781339,65,817.824126
39.784187,56,817.933677
-18.68318,442,818.920353
20.411034,24,818.986523
20.460779,62,819.140838
73.11418,245,824.920403
74.823666,65,825.060477
63.703829,36,825.137852
0.376954,14,825.167993
87.589169,123,825.926526
9.693386,12,825.952099
12.302421,38,826.034632
53.280156,1000,828.884944
74.976327,208,829.327656
-5.522349,29,829.393097
4.719595,33,829.460162
86.493289,1000,835.287355
101.97829,154,835.61503
100.456806,125,835.887765
14.808999,164,836.24461
31.233883,39,836.328823
144.022884,1000,839.048938
21.554636,207,839.522046
27.745209,30,840.12209
112.293707,69,840.276207
31.734612,38,840.364315
91.782801,210,840.844466
-18.82702,123,841.157069
14.174932,37,841.25029
16.644069,17,841.293627
10.315583,20,841.336714
16.064566,19,841.374532
53.427426,114,845.108638
26.336904,18,845.145719
56.065443,37,845.226852
203.243244,290,845.873875
28.704933,37,846.432099
22.487384,27,846.496584
28.027273,63,846.652187
0.324182,13,846.685486
31.829187,41,846.787527
99.843421,110,847.044259
154.769087,156,847.368311
23.397765,42,847.450845
13.446108,89,847.64089
61.116811,66,847.786174
145.989763,1000,850.505989
-5.098136,8,850.523914
18.661284,32,850.593777
211.316266,1000,856.199105
11.577534,32,856.283826
56.339792,97,856.508652
73.379319,66,856.644152
71.060791,115,856.895854
19.152137,41,856.98464
53.970759,43,857.082185
148.745148,1000,859.784818
7.253561,46,860.408321
55.55513,70,860.54266
60.883818,48,860.635679
10.156658,26,860.685753
28.627565,33,860.751477
47.928871,59,860.876877
44.196426,57,860.999179
86.37829,98,861.209324
99.830156,120,868.334167
20.575575,58,868.465556
98.324888,115,868.687082
313.001619,364,869.851313
95.781547,342,870.535308
5.255764,7,870.550338
10.370059,68,870.720976
110.088414,84,870.931694
38.948485,25,870.994602
13.996338,35,871.066302
93.06881,151,871.385074
102.483416,147,871.695123
40.973883,47,871.789032
18.196345,25,871.840445
-5.693576,11,871.863008
21.8256,47,871.966283
132.519852,1000,879.398206
10.585154,32,879.980514
25.870133,83,880.16308
38.854392,56,880.283473
64.404927,119,880.539319
-11.719378,75,880.702054
183.975974,1000,883.337397
145.13237,220,883.798472
27.237259,66,883.938951
176.774758,233,884.460948
6.937691,25,884.531942
133.435838,100,884.820151
27.822281,34,884.908123
3.347932,9,884.931526
89.187848,238,886.02387
22.368269,42,886.112176
5.113618,9,886.130774
177.258104,185,891.320657
29.285837,64,891.458467
155.403951,249,892.03108
10.650613,23,892.085349
36.152971,50,892.200337
5.234811,19,892.242419
26.85117,31,892.311011
6.729685,15,892.344672
113.127977,238,893.369742
34.559776,68,893.516695
157.043046,135,893.811666
65.89288,123,894.078912
2.26579,31,894.146411
18.359942,50,894.25554
39.903799,60,894.38661
68.492833,101,894.605709
105.60484,105,894.831514
119.997031,198,895.266834
49.487464,43,895.866013
41.976364,32,895.931389
75.293781,90,896.11371
149.057054,301,896.749687
42.564573,35,896.837001
35.449894,41,896.939519
37.570959,40,897.039399
251.694944,228,897.534462
132.061558,92,902.78991
43.984247,54,902.904504
154.766427,1000,905.665711
-9.824108,25,905.721373
277.680262,1000,908.499126
18.491894,87,908.691983
23.264137,53,909.417929
92.71072,127,909.686536
51.174927,94,909.891838
14.925413,77,915.260772
21.824793,43,915.351326
193.523293,1000,918.124897
97.536999,217,918.585764
18.839462,33,918.654681
20.864099,400,919.517689
1.076331,22,919.566243
-5.357565,15,919.599425
49.422979,35,920.292132
100.360028,331,920.964634
56.61252,41,921.067274
34.85622,54,921.201296
173.381026,1000,930.054914
23.089452,15,930.087289
-0.7677,65,930.227456
68.881514,76,930.391068
70.27321,75,930.551062
46.591844,108,930.781138
38.382398,85,930.96449
5.853974,18,931.003537
212.810436,1000,933.708248
17.585347,28,933.7628
9.044048,50,933.859678
95.164242,172,934.919081
26.714015,127,940.375535
45.54301,211,940.820728
67.775894,80,940.990519
62.332453,82,941.165802
47.586117,103,941.385409
27.813063,55,941.502934
10.837213,62,941.634623
307.308988,1000,944.394329
320.789616,1000,954.740733
66.537744,106,954.966786
4.91669,22,955.013293
11.929121,16,955.047247
16.645032,16,955.081815
3.981991,7,955.096728
-4.170814,32,955.16512
10.074903,84,955.952852
78.517398,121,956.210017
53.473143,52,956.321375
44.339569,238,956.827963
123.838919,485,957.860338
69.026977,172,958.836665
87.283553,175,959.182584
79.57656,102,959.411168
40.018922,77,959.601087
65.402058,179,959.982744
106.706715,177,960.320683
234.014243,270,961.457705
72.08811,88,969.799956
51.921799,143,970.103292
34.642584,32,970.171299
49.771507,43,970.262846
22.373604,78,970.427588
158.789875,173,970.792052
-53.048689,503,972.476228
34.409144,29,972.53845
15.539182,31,972.604931
13.35409,112,972.846981
46.5956,57,972.961888
262.965087,263,973.503223
243.826265,221,973.965214
361.361478,1000,983.409261
29.183789,59,983.535344
261.479952,1000,986.173494
25.838199,39,986.249353
67.52888,88,986.432732
107.600904,201,987.591974
4.099749,12,987.614588
-0.055177,19,987.650841
117.029433,150,987.940413
54.787696,165,988.259818
63.259668,47,988.349393
38.041569,49,988.441883
132.470536,211,988.845305
23.770042,138,989.115207
86.517292,85,993.876741
78.015445,60,994.005255
252.299327,1000,996.641095
284.422529,1000,999.280952
-4.331707,20,999.320087
207.506815,215,1000.203312
29.476559,63,1000.32298
64.966083,64,1000.444188
409.889461,527,1008.115524
136.478488,123,1008.377642
20.437131,48,1008.479878
5.631288,7,1008.494607
30.714478,26,1008.55027
104.201134,235,1009.553972
195.908698,266,1010.118331
50.06377,37,1010.197624
231.675346,197,1010.61544
41.519171,151,1010.938948
156.037407,108,1011.175063
12.6283,186,1012.077431
142.792435,249,1012.607612
3.05477,27,1012.665421
306.94489,295,1013.290651
43.793069,122,1020.011368
2.013499,33,1020.102699
238.340045,233,1021.283263
65.390333,53,1021.396384
-4.317213,17,1021.432532
95.65815,112,1021.669546
273.355208,215,1022.127012
52.19279,38,1022.208321
51.71157,90,1022.399586
114.818887,166,1022.753861
33.944299,53,1022.867588
108.566414,122,1023.134191
73.459989,109,1023.979917
201.54383,252,1024.516972
73.653331,79,1024.684273
48.049217,27,1024.741929
1.74315,7,1024.756811
-5.732087,26,1024.812371
15.578629,17,1024.848775
190.974481,149,1025.166815
396.383838,1000,1036.224616
77.825649,105,1036.452011
143.608739,242,1036.97013
55.457692,60,1037.098043
61.793242,154,1037.930109
15.560298,18,1037.968821
81.028473,432,1038.871524
334.438655,656,1040.820815
133.089536,160,1041.126761
22.835938,29,1041.181879
71.021223,149,1041.46422
167.487017,212,1049.759673
71.2713,65,1049.898042
94.052285,84,1050.07602
10.443716,22,1050.123231
122.441717,173,1051.105031
334.820041,667,1052.516781
100.002807,230,1053.031969
21.938446,21,1053.081976
93.058537,73,1053.876435
71.970868,152,1054.175262
451.569332,1000,1063.893007
39.248712,39,1063.976504
318.273562,380,1064.787043
61.66028,96,1064.991087
425.631264,1000,1067.67899
116.286137,122,1067.913751
13.448787,19,1067.949605
297.580214,1000,1079.138671
175.207595,218,1079.602131
480.804928,544,1081.372301
12.382083,12,1081.397633
143.644393,184,1081.776051
193.189112,327,1083.139718
56.179299,35,1083.205146
101.692738,122,1083.436608
381.085966,1000,1094.413418
242.559587,232,1094.873305
248.493205,444,1095.854227
214.512463,581,1097.573214
552.451361,1000,1100.317575
120.595408,112,1109.725138
116.996865,162,1110.089466
113.339034,157,1110.395574
30.12143,27,1110.446943
30.179895,43,1110.529917
205.656966,273,1111.676136
8.37703,12,1111.699032
110.850297,127,1111.942417
17.704794,25,1111.990031
90.111961,106,1112.225067
197.156607,527,1113.373783
191.919082,266,1114.543543
41.933178,18,1114.582054
118.04565,110,1114.817556
422.20508,1000,1124.781852
195.938234,178,1125.122163
235.532084,243,1125.589227
21.841424,28,1125.644071
204.774898,226,1126.12293
24.429991,30,1126.186364
174.515122,218,1127.273678
33.748317,35,1127.349967
229.465281,279,1127.943729
122.456353,177,1128.320221
103.275124,122,1128.58095
58.114788,63,1128.714344
154.867341,737,1136.581984
493.905744,658,1138.613715
295.731243,302,1139.208095
114.518881,122,1139.44467
84.729789,86,1139.620611
291.854746,291,1140.198066
74.648189,171,1141.180592
122.999882,129,1141.45381
430.810608,1000,1153.452614
140.265566,154,1153.768692
136.635958,81,1153.94143
123.17522,115,1154.185502
19.345543,23,1154.235032
416.118625,1000,1156.86612
182.100361,184,1157.257299
120.005416,125,1157.524445
20.451515,29,1157.587498
68.50438,122,1157.852154
180.081843,181,1158.739204
53.45489,63,1166.765234
32.93287,19,1166.807038
190.090488,324,1167.516126
25.310136,33,1167.589463
24.930593,31,1167.658781
-0.241424,16,1167.694674
427.660151,1000,1170.36646
279.220097,264,1170.927032
158.286905,122,1171.68926
166.44152,298,1172.363664
138.697209,262,1172.880551
175.028306,179,1179.259578
53.783625,52,1179.368965
571.943914,1000,1182.017253
59.678531,44,1182.109989
81.326691,110,1182.344567
424.140502,1000,1185.038435
515.270908,460,1194.96818
288.639154,254,1195.505098
545.681647,1000,1198.097662
281.194101,349,1198.870689
25.619247,27,1198.922736
561.492725,1000,1207.341676
50.410258,36,1207.418267
192.595415,243,1208.434758
32.817977,39,1208.517391
140.826376,155,1208.848243
44.24051,54,1208.961837
11.57631,16,1208.995776
402.913882,1000,1211.625265
113.612574,520,1212.69673
432.941379,569,1221.24167
658.545879,997,1223.954626
461.524385,1000,1233.609239
80.283438,62,1233.741764
621.979461,644,1235.622168
367.790298,620,1236.934959
577.619833,748,1239.027774
446.670299,386,1239.798221
536.697645,1000,1249.380861
491.063641,1000,1251.941256
439.049786,1000,1262.906531
82.790545,69,1263.078978
445.794912,1000,1265.582785
127.454462,108,1265.829181
248.236239,333,1266.937248
494.24038,507,1267.979731
394.511187,328,1276.312138
257.74875,283,1276.906804
150.839666,139,1277.173457
769.48521,828,1279.402842
179.484569,210,1279.806423
384.350994,1000,1287.865089
208.53835,224,1288.338914
34.825655,27,1288.395962
343.539594,1000,1290.953681
400.725032,1000,1300.492875
115.023201,325,1301.158998
654.503127,1000,1303.645298
104.181883,117,1304.323113
579.807511,694,1305.770164
475.309754,1000,1316.610339
496.592665,1000,1319.106843
426.55967,1000,1329.389527
320.691188,341,1330.08889
171.252089,231,1331.117097
83.91058,78,1331.267438
95.631745,126,1331.506977
86.389919,80,1331.657582
50.996069,63,1331.778023
461.893017,1000,1334.408576
167.119163,143,1334.712489
123.826647,95,1334.914622
331.834696,1000,1343.805812
121.695581,110,1344.040927
65.673341,43,1344.133151
428.191223,519,1345.739667
66.051877,59,1345.864744
139.337835,206,1346.30271
192.300089,137,1346.592602
612.836113,843,1354.421712
60.126146,67,1354.578654
130.721553,183,1354.925739
364.885165,314,1356.029296
68.778711,153,1356.354744
639.673311,1000,1358.973202
522.39247,1000,1368.093594
68.627309,108,1368.30233
103.835213,77,1368.450282
234.398832,202,1368.858167
19.597584,26,1368.913337
134.644193,105,1369.136825
1022.130133,1000,1371.749388
211.462178,210,1372.20089
107.988974,87,1372.887128
293.893303,296,1379.966859
494.518682,804,1382.150939
599.506371,820,1383.846794
88.482982,88,1384.037487
14.127802,13,1384.558844
672.747291,658,1385.944
721.504064,1000,1397.136506
214.459761,156,1397.467633
479.738773,1000,1400.111098
933.384136,808,1409.470511
786.854585,661,1411.378505
246.405911,199,1411.798959
601.773333,1000,1414.446678
916.604931,767,1425.008492
657.764969,1000,1427.639547
224.411907,352,1428.383641
195.057893,202,1428.811878
114.030637,148,1429.125908
210.080617,283,1438.010431
81.884822,63,1438.17486
43.233584,33,1438.256775
912.864755,1000,1440.841806
60.469578,44,1440.934928
107.933269,70,1441.082573
1004.406944,787,1442.756377
86.595774,54,1443.369847
220.756275,213,1443.820719
233.803247,192,1444.227905
935.45931,900,1453.306826
37.215767,22,1453.353675
551.269115,578,1454.574514
810.520836,1000,1457.199215
1222.739425,1000,1468.346426
37.049345,49,1468.453198
593.905458,1000,1471.072354
296.663646,250,1472.104241
1010.183187,966,1483.345104
199.125568,176,1483.715014
84.665866,89,1483.902777
21.266901,21,1483.94691
338.763757,480,1484.954776
293.215593,297,1486.049395
733.290213,1000,1497.341326
114.502951,107,1497.567533
742.955136,597,1498.830932
693.74736,566,1500.548766
99.322887,88,1500.725782
203.555532,156,1501.029633
293.609692,218,1501.453775
201.107807,163,1501.78807
268.26323,256,1502.884151
1165.264424,1000,1514.898253
933.195196,1000,1517.406125
170.851944,119,1517.632883
121.542064,120,1517.913848
1252.742813,1000,1530.365029
294.489557,201,1530.791647
1195.933183,1000,1533.267828
1079.013188,843,1543.139879
792.088283,718,1545.09639
291.509257,279,1545.631585
941.495854,1000,1548.123335
1035.379606,839,1560.231815
577.780988,451,1561.129943
79.711781,50,1561.225124
617.223953,482,1562.846608
1080.420543,820,1564.461406
537.60772,361,1575.052495
607.074204,444,1576.058356
1251.454665,1000,1578.708274
1297.107563,978,1589.61237
74.993165,69,1589.790857
12.094787,15,1589.828486
1221.670579,1000,1592.565334
718.498724,1000,1595.241237
638.352108,1000,1605.827833
489.02086,1000,1608.409771
633.315294,536,1609.920482
99.563191,80,1610.07125
1337.476245,1000,1621.721375
1235.145181,1000,1624.378757
988.376986,732,1634.76327
31.80397,20,1634.801106
914.485257,646,1636.747866
92.126054,71,1636.881387
221.037795,180,1637.215317
27.124215,54,1637.315918
59.079151,62,1637.431377
1106.817178,1000,1640.139114
1121.854637,886,1651.320546
624.062847,1000,1653.94109
1019.817444,811,1656.156975
81.106184,72,1656.308932
1330.37138,1000,1667.061195
205.167561,146,1667.366312
202.550656,140,1667.659903
955.283022,1000,1670.266842
878.115415,1000,1680.342546
853.774046,811,1682.537409
1096.930745,745,1684.595886
185.647022,144,1684.896804
764.889759,1000,1693.358189
446.374593,297,1693.981885
1220.703826,1000,1696.570136
586.242078,474,1704.479295
420.10518,334,1705.108368
57.252646,42,1705.19067
194.017595,130,1705.443214
547.859482,394,1706.765885
32.593548,21,1706.810003
1008.107428,1000,1708.91467
608.928499,498,1717.450294
1305.465924,1000,1720.033541
787.948053,546,1721.188299
1427.359995,1000,1732.155495
1175.659812,1000,1734.756157
256.485717,189,1735.628083
1445.758247,1000,1738.142193
418.485481,283,1747.193689
740.096993,595,1748.353207
743.580101,590,1750.057877
600.334679,457,1750.919743
576.786673,499,1752.449059
224.982769,179,1752.790991
596.341098,437,1763.531447
238.223269,166,1763.842999
78.407947,48,1763.931818
647.264701,1000,1766.510947
1241.849864,795,1768.67099
334.49365,228,1777.246595
623.938052,1000,1779.835269
1443.714821,1000,1782.340481
917.652178,623,1791.299481
877.208477,600,1793.043181
711.603956,1000,1795.636117
741.627026,554,1796.725348
1113.138644,1000,1808.538833
1514.687483,1000,1811.064154
1493.35192,1000,1821.17146
1629.290438,1000,1823.713953
1316.580644,1000,1826.142965
19.832897,35,1826.208561
483.62486,382,1837.010253
34.245598,42,1837.112965
184.735568,130,1837.394686
461.78726,239,1837.842845
1624.211319,1000,1840.27458
542.102804,350,1840.927114
658.774285,394,1842.179538
1436.542564,1000,1853.547755
289.745997,216,1853.955453
1399.907475,1000,1856.518225
1384.493086,923,1868.256493
931.064417,573,1869.394342
622.144859,1000,1871.915115
704.737919,470,1882.541998
1620.989325,1000,1885.150734
1589.34427,963,1887.666094
651.466744,442,1897.00879
944.862564,609,1898.773555
1162.276307,721,1900.782037
1454.794073,1000,1903.293484
563.451155,363,1911.967337
573.17232,354,1912.706367
1406.668317,813,1914.84173
974.433674,565,1916.352398
270.311169,161,1916.700096
384.968287,296,1917.334795
697.6856,1000,1929.284585
425.177948,327,1929.896712
1480.73283,1000,1932.325951
728.855032,424,1942.117968
1138.679878,662,1943.360229
815.112758,1000,1946.024498
1016.522601,579,1947.725998
225.984146,155,1956.783981
320.530617,171,1957.102723
1488.503264,974,1959.661378
148.131471,103,1959.875703
1613.484536,1000,1962.570804
455.254659,363,1972.155761
1624.895949,1000,1974.850377
1671.8423,1000,1977.471716
20.535654,17,1977.512945
402.168026,280,1978.123779
607.567202,363,1986.627532
322.138844,191,1987.027719
627.829053,415,1988.488169
1199.178225,1000,1991.273237
563.906587,1000,2003.125379
1035.993707,675,2004.473997
411.28192,274,2005.452488
1531.832831,1000,2007.97472
1606.496071,976,2019.047843
103.27712,85,2019.219351
1363.811039,1000,2021.87257
455.760192,257,2022.41336
1443.594302,830,2032.349775
817.806573,477,2033.35069
559.362489,1000,2036.017228
1010.103961,1000,2048.053389
81.420679,48,2048.157566
240.20567,122,2048.414071
849.40021,1000,2051.075911
1655.862041,1000,2063.036438
1053.273282,1000,2065.59376
222.68241,117,2065.823476
1541.105255,956,2068.317432
1154.435006,642,2079.106092
579.501778,1000,2081.586798
1941.021433,1000,2084.199214
458.750388,254,2093.914021
1602.583496,1000,2096.595882
1165.680299,721,2098.72889
1645.061409,1000,2110.125035
1816.706153,1000,2112.735793
1061.044789,558,2113.912175
459.546627,258,2114.876342
659.028961,1000,2126.415446
676.685916,400,2127.707527
1170.753473,651,2129.503307
1391.075793,825,2140.677819
1779.783534,1000,2143.170145
656.572744,1000,2145.752696
495.446533,336,2146.966329
1681.820437,1000,2158.566345
1026.512725,575,2159.775798
1096.114328,633,2161.618418
119.88312,78,2161.782182
1072.113425,618,2171.507908
687.050298,1000,2174.10948
1727.127737,1000,2176.623362
71.433941,35,2176.690945
1320.850975,1000,2188.649652
1857.52862,1000,2191.319273
1047.928697,1000,2203.604145
1720.126313,1000,2206.14279
1898.79639,1000,2208.693296
764.646448,437,2219.755121
1300.43745,1000,2222.42228
1192.621374,631,2223.75689
1688.109675,1000,2234.799918
1695.432198,1000,2237.404679
1797.492401,1000,2240.002289
940.93676,1000,2251.012297
1715.204756,1000,2253.610054
1883.386382,1000,2265.900203
53.35862,34,2265.968606
636.185777,1000,2268.580054
1800.241332,1000,2271.199516
1047.947186,1000,2282.973863
1739.780537,1000,2285.581107
468.853692,239,2286.029465
1079.809618,1000,2297.322619
118.777836,64,2297.458684
1915.403311,1000,2300.097219
1910.30452,1000,2310.869947
435.706347,252,2311.848146
1953.060959,1000,2314.343289
1079.537114,595,2315.50529
1831.939744,1000,2326.443774
1642.919619,1000,2328.906329
1056.011963,1000,2340.849332
1999.679914,1000,2343.446606
1822.111287,1000,2346.075805
103.971088,75,2346.234051
951.907405,1000,2357.053274
487.18809,241,2357.561373
1486.980894,770,2359.698769
1355.247703,1000,2371.641745
1270.089219,677,2373.515447
2000.531293,1000,2376.029831
1981.250641,1000,2387.656602
1275.39678,1000,2390.279871
669.804128,1000,2392.909403
1774.895311,1000,2403.945289
1718.336042,1000,2406.637782
1873.81941,1000,2418.405838
1896.376145,1000,2420.938524
346.126002,181,2421.293957
1926.055661,1000,2432.477959
1777.162947,1000,2435.041464
942.368214,476,2436.04896
1352.744525,728,2437.96857
541.008231,273,2438.551089
1261.249627,1000,2448.189886
587.573865,280,2448.752765
1350.697171,1000,2451.340499
829.558418,1000,2463.160036
1553.088431,788,2465.372506
1943.321169,1000,2475.840551
1742.549733,877,2478.164451
2113.204606,1000,2480.799442
107.482103,106,2481.024152
2179.629902,1000,2491.832524
2058.305461,1000,2494.453635
1472.374523,709,2496.574133
48.176064,43,2496.659703
1618.557466,774,2505.537843
1645.24088,1000,2508.127488
1163.718693,614,2509.889383
849.24645,433,2519.747181
2095.499017,1000,2522.328211
1909.750344,1000,2524.893443
880.591713,429,2535.3393
296.957787,149,2535.652236
1056.6522,518,2536.743487
1815.346385,1000,2539.233828
494.133514,312,2540.33497
1285.876346,674,2550.412395
553.893001,249,2551.355187
2051.77401,1000,2553.850289
2022.283578,1000,2556.371682
1847.755417,931,2566.570212
1281.154809,654,2568.401347
897.13092,1000,2579.012601
1012.993026,1000,2581.508286
942.995147,465,2582.989703
992.819684,552,2584.148499
1276.569848,571,2594.043841
208.378771,114,2594.283022
1000.522376,1000,2596.762049
2094.152553,1000,2599.298213
649.637001,1000,2610.354034
2183.646064,1000,2612.864958
1364.026581,657,2614.228285
2106.759576,1000,2625.224267
47.813795,27,2625.282123
2142.289519,1000,2627.885782
1168.243023,1000,2637.895745
154.692398,80,2638.063939
617.623328,311,2639.210745
1989.916914,1000,2641.828799
774.679895,1000,2651.955143
17.157219,17,2651.990918
448.052333,214,2652.442544
1409.945583,1000,2655.053336
674.72719,315,2655.719324
2016.606932,1000,2666.809038
1992.246203,1000,2669.395224
2161.642525,1000,2672.001107
1988.978254,1000,2681.496047
2067.802742,1000,2684.093311
2128.168254,1000,2693.780447
798.624569,1000,2696.386132
2113.02448,1000,2699.033545
2057.399188,1000,2710.036103
1891.28508,919,2712.386719
2084.640019,1000,2723.249181
183.524823,81,2723.401429
1231.824933,748,2725.408467
894.18829,829,2727.105688
1938.759754,874,2736.245436
1207.635513,570,2737.900964
25.210407,16,2737.930239
1533.795486,715,2739.803558
600.069806,337,2740.560103
2154.994172,1000,2751.69321
2095.825035,1000,2754.180442
855.773035,486,2755.111883
73.589266,47,2755.204762
1944.4212,1000,2766.684712
2181.397003,1000,2769.22754
2127.252542,1000,2771.879071
2136.728868,1000,2783.595432
405.962881,198,2784.012396
1803.349444,1000,2786.601272
2229.540763,1000,2797.438177
29.122025,33,2797.507805
665.732752,320,2798.656776
1312.219124,627,2799.903847
894.491975,1000,2809.988171
2152.617774,1000,2812.595012
1241.697503,1000,2815.195054
915.962712,424,2825.073842
853.159893,360,2825.746277
1983.493042,969,2828.189395
749.733583,402,2829.029917
1777.161674,1000,2839.677833
784.739284,1000,2842.118189
2179.643716,1000,2844.688046
1475.46462,685,2854.914522
2066.733214,1000,2857.362376
2315.308156,1000,2859.937134
1557.007068,1000,2871.468115
1263.070387,505,2872.525764
687.714223,1000,2882.40642
898.820544,1000,2885.259324
1992.710475,1000,2888.021047
371.544999,177,2888.417749
1526.374465,1000,2900.160791
1649.301339,1000,2902.76901
2059.075189,1000,2914.136192
1229.259119,536,2915.755082
2287.032715,1000,2918.278086
1228.568233,541,2919.409358
2204.142116,1000,2930.637068
1451.665479,1000,2933.173308
16.754246,11,2933.195627
1422.258594,644,2934.979854
2240.557202,1000,2946.247573
1754.058953,1000,2948.857132
2198.447566,1000,2960.20283
1139.658657,472,2961.135126
870.356132,380,2962.391525
285.296786,139,2962.699224
589.717464,244,2963.197785
704.070126,328,2963.890027
1501.211843,1000,2974.502518
789.516241,1000,2977.007113
1164.859104,522,2978.606931
173.080051,86,2978.787839
776.706251,362,2979.553015
2189.430566,1000,2991.24901
464.235199,223,2992.21799
1324.130128,574,2993.434417
611.759728,279,2993.973896
1108.127115,1000,3005.975644
920.854953,1000,3008.482049
807.546194,1000,3020.704715
2044.281801,905,3023.023678
2346.789374,1000,3025.564496
1189.872465,558,3027.23732
2432.387911,1000,3038.573076
1111.171474,1000,3041.131054
72.587463,34,3041.204216
1159.994847,1000,3052.45998
2219.847894,1000,3055.06441
1168.847818,521,3056.160702
1966.355947,1000,3067.082813
2238.293372,1000,3069.695957
1660.78081,1000,3081.635845
2316.005711,971,3084.241749
2275.067458,1000,3086.750134
1794.07071,1000,3097.731464
2294.067174,1000,3100.191485
2071.768386,1000,3111.406145
2250.451334,1000,3113.848678
2023.767339,1000,3116.376464
860.74225,1000,3128.397379
930.280074,1000,3130.973483
2233.380533,1000,3142.70212
2193.932932,1000,3145.315142
2312.747864,1000,3147.932033
509.185843,210,3148.376926
760.281652,350,3158.256191
1834.416481,882,3160.57648
2245.41137,1000,3163.055497
1952.282821,1000,3174.824625
2326.695727,1000,3177.278975
2372.491121,1000,3179.779303
2317.809977,1000,3190.905885
1698.875374,1000,3193.534918
2373.292369,1000,3205.343425
40.624317,28,3205.403082
2025.973544,1000,3207.942368
2368.489873,1000,3210.438714
1171.926871,498,3220.858794
2278.972228,1000,3223.353467
692.88848,1000,3225.42546
2409.917284,1000,3236.869319
435.018346,194,3237.729083
1622.540539,1000,3240.353023
2331.89115,1000,3252.165094
1588.41984,1000,3254.798269
1176.33996,1000,3266.706844
679.451866,1000,3269.411675
2382.443631,1000,3271.96663
2379.983603,1000,3282.313554
2466.5828,1000,3284.865716
1902.721993,1000,3296.034981
2420.713549,1000,3298.513534
1484.771272,611,3300.205967
2333.598314,944,3310.457132
720.263139,312,3311.154499
2501.738523,1000,3313.680247
1028.567652,1000,3325.427122
912.832589,1000,3328.048319
1451.392906,588,3329.805309
1648.191484,706,3331.302693
1651.274892,1000,3342.551828
1295.415635,1000,3345.24567
620.070764,257,3346.364226
2469.060944,1000,3358.661396
849.737432,1000,3361.489684
2518.735871,1000,3372.776036
2145.062835,1000,3375.448429
2073.049993,818,3377.24941
1219.186936,480,3378.901824
800.533838,331,3387.613177
2264.420878,1000,3390.430951
405.953017,188,3390.874809
669.516433,1000,3393.627898
2578.076213,1000,3405.708223
2503.249605,1000,3408.399564
867.879444,355,3409.70008
1292.108635,519,3418.012534
2560.836462,1000,3420.626826
2479.594605,1000,3423.30407
1029.4865,1000,3434.753017
2431.286983,1000,3437.274241
428.119337,178,3437.651152
1381.891654,554,3448.203281
2514.724276,1000,3451.079259
1177.896038,460,3452.10111
2500.296496,1000,3454.897767
700.209547,278,3464.431846
812.009798,320,3465.774335
2591.938333,1000,3468.8851
1641.363318,643,3470.266328
2641.576289,1000,3483.200482
2500.999522,1000,3486.143698
2540.317897,1000,3497.447229
2535.41097,1000,3500.126573
1158.207643,1000,3502.955436
2413.366764,1000,3515.04404
744.205271,1000,3517.80676
21.050579,15,3517.836435
577.645495,219,3518.269276
2436.613386,1000,3531.017509
682.729369,1000,3533.880092
2653.991247,1000,3536.664947
1204.924622,1000,3547.640293
1259.277655,477,3548.91186
1152.120461,444,3549.670636
440.703505,188,3549.987759
2649.4527,1000,3559.360515
2572.562249,1000,3561.558246
1307.536454,1000,3570.150593
2555.464534,1000,3572.295354
2554.654483,1000,3574.504333
1648.26504,637,3582.780267
780.684982,1000,3585.072102
389.901819,165,3585.365147
2596.454157,1000,3587.678225
278.536686,143,3594.043915
1837.318596,1000,3596.402068
2490.346545,1000,3598.592489
590.697847,241,3599.010508
2767.908582,1000,3607.316473
231.912419,97,3607.482365
2327.900685,1000,3609.843908
151.509789,77,3609.983501
2616.738742,1000,3617.690438
2007.882372,1000,3620.124715
1508.553408,613,3621.826129
1015.9879,1000,3629.627619
2609.007306,1000,3631.892912
2674.973062,1000,3640.771844
2805.634335,1000,3643.034705
462.549418,170,3643.325815
2751.279942,1000,3645.540794
165.231736,65,3645.673517
1379.938908,1000,3653.741261
1271.758769,1000,3655.880622
1090.64262,394,3656.52751
2552.515075,1000,3664.757849
1906.44633,1000,3666.86023
1011.186157,1000,3675.100962
2549.065105,1000,3677.197475
2713.242768,1000,3679.316487
2678.405824,1000,3687.426282
1924.936901,1000,3689.560843
1964.845808,1000,3697.55989
208.19638,86,3697.699679
2592.840384,1000,3699.712091
1306.89431,472,3700.871774
2801.739286,1000,3709.357203
2707.692121,1000,3711.457843
2572.48943,1000,3713.579364
2323.059843,858,3720.784554
1524.666826,1000,3722.425656
205.880977,74,3723.023014
2677.504318,1000,3730.530854
83.558506,31,3730.581997
1435.557222,546,3731.474275
2578.029849,921,3733.468476
69.901025,51,3733.551762
2864.592675,1000,3742.080934
2725.510152,1000,3744.204334
2891.780377,997,3746.312005
2691.573199,1000,3755.069347
2714.322272,1000,3757.202545
1301.447963,501,3758.017335
2384.070423,1000,3766.339605
2755.043306,1000,3768.453366
2763.593178,1000,3777.223405
2863.841021,1000,3779.34599
1787.829291,1000,3781.445207
2789.189107,1000,3789.09113
2788.709051,1000,3791.211671
2875.723703,1000,3799.577222
3018.021132,1000,3801.695133
1007.082594,354,3802.733861
1335.670514,482,3803.519423
1218.35432,428,3804.216743
1251.653148,1000,3812.323646
2718.940694,978,3814.400569
2816.957728,1000,3823.142227
