#{"t_start": 1787497499.0808256, "env_id": "Ant-v5"}
r,l,t
-26.338258,25,1.145659
-27.89817,27,1.210093
-101.494103,113,1.477993
-4.76305,37,1.565257
-14.475678,10,1.590072
-38.069422,58,1.726533
-97.011353,72,1.881654
-19.850766,21,1.927904
-62.008453,66,2.075986
-26.162483,41,2.173915
-121.683774,82,2.355032
-4.707144,23,2.40491
-67.908804,45,2.511108
-7.098688,22,2.561187
-89.182556,52,2.676953
-38.906574,54,2.799218
-20.567964,21,2.846213
-16.723136,20,2.890907
-16.447157,25,2.946789
-44.208948,44,3.047953
-1140.813392,1000,6.065716
-8.543136,21,6.114174
-54.152304,28,6.176964
-21.994813,37,6.258148
-40.841931,46,6.358673
-73.770493,51,6.474112
-13.126805,27,7.039474
-64.46617,67,7.180893
-30.254349,43,7.275104
-6.116724,31,7.340894
-78.859417,59,7.465305
-19.410072,14,7.495267
-34.807671,29,7.556369
-1088.678885,1000,19.810551
-11.863779,10,19.832566
-19.428336,14,19.862025
-33.006483,28,19.92138
-74.582397,69,20.069637
-152.187788,137,20.362812
-18.986574,13,20.39059
-22.368814,47,20.492537
-68.653589,64,20.630774
-1081.115543,1000,23.315493
-31.757878,35,23.388917
-91.258671,81,23.56238
-123.253688,130,23.838936
-94.846239,99,33.669606
-18.611879,15,33.699269
-19.985978,13,33.725131
-25.509582,19,33.762287
-84.082733,97,34.464492
-40.466743,31,34.531549
-15.955403,11,34.555761
-7.30547,13,34.583874
-93.428409,182,34.980527
-146.192215,114,35.229869
-36.68937,32,35.298788
-17.06846,18,35.338035
-1032.263419,1000,38.058283
-3.954069,45,38.154947
-119.591989,69,38.306212
-12.818465,13,38.334968
-20.810151,19,38.376048
-977.983583,1000,50.760007
-48.021062,42,50.851763
-12.919063,30,50.917815
-95.939173,76,51.084816
-30.627577,24,51.137258
-19.66302,23,51.188043
-18.220991,24,51.241519
-32.14917,35,51.318234
-38.95623,42,51.410045
-1033.405808,1000,53.95974
-46.535939,43,54.068529
-61.399706,51,54.194759
-15.065918,27,54.26268
-18.278691,34,54.34784
1.668643,37,54.883288
-45.662051,73,55.026885
-29.316513,23,55.077763
-31.301658,30,55.136871
-5.840535,15,55.166647
-43.285776,54,55.272416
-30.609557,17,55.306057
-17.179978,19,55.343516
-52.819742,33,55.409115
-48.105608,28,55.464748
-122.358532,83,55.627508
0.720478,19,55.664449
-60.478055,74,55.812212
-138.132031,156,56.1198
-21.235979,16,56.152011
-20.267627,19,56.189678
-92.463259,122,56.433073
-58.749254,95,66.333226
-114.364906,105,66.554715
-81.693314,114,67.236932
-31.212833,96,67.431325
-10.912581,38,67.504652
-8.666635,40,67.58213
-14.427097,18,67.617587
-39.599534,20,67.657096
-40.452496,24,67.70392
-96.037478,88,67.874771
-12.707956,8,67.89082
-1.656909,26,67.942358
-8.898328,13,67.968147
-247.963111,186,68.365964
-67.402409,82,68.54488
-22.119613,42,68.636425
-1089.242969,1000,71.38088
-59.223258,20,71.425679
-36.190821,46,71.525669
-9.580319,16,71.560605
-91.130533,51,71.672668
-162.693589,204,72.659786
-33.244511,24,72.71189
-21.87445,25,72.767476
-977.393949,1000,84.941125
-8.308173,13,84.966866
-24.446812,11,84.989169
-35.876686,36,85.064311
-18.074229,15,85.093646
-28.64991,28,85.155301
-42.990886,49,85.266188
-987.198131,1000,87.90314
-1000.846805,1000,100.10075
-144.395487,112,100.338582
-45.938992,20,100.377031
-8.589989,15,100.405982
-15.527579,35,100.475196
-89.588802,87,100.643222
-55.250715,41,100.722349
-20.684494,15,100.752051
-69.548251,67,100.895742
-1103.185731,1000,103.50689
-32.027578,26,103.560218
-36.537942,62,103.682796
-34.427691,42,103.772097
-56.224015,54,103.904734
-54.24863,53,104.034933
-13.66729,29,104.106498
-49.004644,60,104.252096
-19.501824,15,104.288415
-150.482441,99,104.49918
19.901353,62,105.087884
-1081.807538,1000,116.620079
-52.330571,51,117.173932
-18.780394,10,117.193217
-7.711942,13,117.218076
-12.492813,20,117.257982
-98.152476,98,117.451514
-111.546378,125,117.700531
-2.420014,65,117.833379
-17.07921,46,117.924275
-222.646798,205,118.420224
-9.883819,14,118.453568
-41.201465,41,118.553827
-21.108129,41,118.632404
-12.40095,27,118.685381
-83.002278,92,118.86214
-12.440137,18,118.897419
-77.608122,62,119.028677
-43.023744,22,119.076774
-19.765423,28,119.137457
-83.458755,98,119.845051
-36.520932,34,119.918175
-44.226298,32,119.986899
-59.189773,57,120.110346
-75.762264,62,120.243185
-32.098278,24,120.294796
-43.272299,36,120.372012
-39.907379,20,120.4151
-123.084079,112,120.641452
-47.677319,57,120.750422
-18.280007,14,120.777137
-993.479536,1000,132.523309
-91.03695,102,132.719914
-24.562249,44,132.804765
-79.847217,52,132.90394
-21.940518,10,132.922822
-21.350667,57,133.03323
-104.079866,82,133.193937
-16.465701,23,133.238877
-17.856505,25,133.291366
-66.941781,53,133.404947
-16.37415,14,133.436104
-18.498529,17,133.474887
-29.041196,20,133.519515
-6.467879,21,133.564029
-16.048892,16,133.595081
-144.024277,111,134.265723
-403.235784,360,135.099305
-26.56995,36,135.169012
-6.908573,11,135.190708
-76.727497,68,135.334496
-135.354041,98,135.544829
-7.689626,9,135.564515
-2.664243,27,135.621737
-22.784642,15,135.653864
-937.304568,1000,147.492216
-28.783325,21,147.537846
-52.894913,47,147.632386
-15.388643,22,147.678756
-49.390809,52,147.782666
-13.730179,26,147.835978
-32.722459,66,147.963968
-12.626316,29,148.029145
-141.875882,167,149.032403
-10.622041,10,149.054771
-1039.60738,1000,151.668534
-39.994662,44,151.762827
-125.539658,144,152.066481
-24.709293,18,152.106359
-8.464912,14,152.141638
-19.870249,54,152.277046
-59.383738,40,152.377987
-40.631479,39,159.475722
-70.693834,48,159.575909
-988.132373,1000,162.17625
-11.398544,18,162.215471
-11.943479,14,162.243036
-1.325322,18,162.27875
-81.935139,47,162.369862
-41.877164,61,162.489703
-11.98687,58,162.607327
-66.186255,86,162.776854
-1008.946035,1000,165.32701
-79.232664,60,165.443707
-13.557977,14,165.471288
-33.505588,46,165.560328
-38.272965,50,171.955816
-42.661064,23,171.999617
-40.411241,47,172.089375
-51.423492,24,172.135128
-111.026044,141,172.864911
-53.967274,41,172.94299
-24.86372,46,173.034357
-35.381145,58,173.14753
-139.157521,161,173.492501
-15.059204,14,173.523447
-60.993129,38,173.598155
-9.560499,14,173.625507
-40.909793,16,173.658939
-3.657416,13,173.686984
-33.460507,29,173.748967
-4.984714,15,173.778097
-9.033568,11,173.799572
-20.36182,28,173.860381
-19.749018,52,173.97476
-13.639389,59,174.118851
-33.673423,47,174.229904
-28.271317,23,174.284169
-56.163766,73,174.46061
-23.535802,20,174.508613
-11.411255,36,174.579553
-978.54613,1000,177.266257
-16.95261,11,177.293605
-14.341251,21,177.344165
-943.682732,1000,188.553885
-78.813303,57,188.672902
-22.285922,25,188.720584
-86.511064,53,189.437933
-22.320176,18,189.473042
-7.684476,28,189.528499
-18.439357,15,189.563942
-5.643505,58,189.705212
-50.426171,55,189.83762
-16.644252,19,189.882817
-954.614848,1000,192.624923
-52.786807,61,192.748249
-23.066851,37,192.828237
-12.860236,11,192.84969
-956.396751,1000,200.643285
-38.493929,30,200.701669
-16.437629,11,200.722597
-12.085015,13,200.746935
-15.716405,18,200.781172
-33.702433,36,200.849406
-54.515185,48,200.941673
-31.657593,18,200.975566
-14.672904,19,201.011481
-28.085651,41,201.090472
-37.981214,45,201.185837
-17.859355,14,201.21274
-36.101548,39,201.292571
-108.878581,76,201.447361
-23.164785,31,201.507242
-7.385831,15,201.535785
-56.764671,31,201.595502
-40.638325,20,201.634578
-19.758877,46,201.725779
-109.089265,81,201.917297
-50.310786,53,202.044577
-0.843981,17,202.085242
-26.979881,36,202.172218
-20.202443,66,202.818177
-12.800731,23,202.861926
-10.457477,22,202.905323
-54.625894,44,202.994915
-29.774839,12,203.018564
-98.98687,53,203.124386
2.110349,24,203.1707
-36.488782,30,203.231326
-2.479015,16,203.262978
-31.178015,29,203.322006
1.345659,32,203.39355
-21.199619,14,203.422083
-67.506059,63,203.553659
-9.441086,33,203.616625
-35.073936,23,203.662446
5.481452,47,203.76709
-75.014778,113,204.011123
-42.218311,58,204.129799
-18.710635,42,204.218608
-36.289985,75,204.372353
-56.797884,27,204.429222
-38.517359,25,204.481188
-18.65945,16,204.516529
-30.090379,25,204.570047
8.451319,17,204.613079
-23.371507,24,204.676345
-997.645609,1000,211.031052
-47.577574,69,211.173124
-103.600998,72,211.74739
-33.087023,31,211.809302
8.599465,30,211.870517
-49.208395,46,211.972749
-19.440476,16,212.007095
-11.234668,14,212.037127
-3.958926,25,212.090147
-38.615297,40,212.175916
-10.740098,13,212.203062
-10.584415,15,212.235037
-6.610818,28,212.294842
-52.671455,53,212.406959
-43.375314,39,212.490179
-38.946724,46,212.587911
0.282582,58,212.710918
-37.982116,46,212.808035
-19.424693,15,212.83969
-24.386387,33,212.909964
-48.428873,38,212.990193
-28.917272,68,213.132697
-6.085424,13,213.158982
-43.860616,58,213.277018
-84.491358,106,213.504915
-26.652903,28,213.561044
-28.406618,28,213.624632
-15.886451,10,213.648373
-9.47173,10,213.671821
-1004.435224,1000,217.87254
-35.576592,40,217.952179
-39.344272,24,218.00626
-28.264359,36,218.082186
-7.251037,13,218.10775
-38.43885,68,218.858874
-29.132325,24,218.904877
-21.879032,13,218.929857
-74.75421,47,219.023636
-29.924272,50,219.126572
-22.334427,21,219.167625
-57.690323,35,219.2362
-22.058635,54,219.346292
-20.221401,24,219.399299
-48.248965,40,219.484929
-4.828477,12,219.510427
-885.24591,1000,222.273573
-866.678628,1000,226.570616
-54.150445,54,226.675807
4.143733,31,226.742952
-45.401023,39,226.828092
-6.669636,14,226.856659
-75.952292,159,227.1803
-192.85489,237,227.674459
-29.602328,35,227.749733
-16.432086,13,227.777421
-36.710701,47,227.877068
-3.765991,8,227.894456
-26.547396,17,227.930496
-39.423478,27,227.987419
-15.671052,16,228.634515
-11.04587,17,228.668255
-79.154785,70,228.816279
-25.223402,25,228.869081
-4.962189,24,228.916672
-25.043614,19,228.954087
-1011.366712,1000,231.699032
-11.64149,22,231.740984
-9.917469,12,231.763585
-12.448131,42,231.844257
15.292084,53,231.946897
-8.013902,17,231.979636
-10.774324,14,232.006043
-43.565159,37,232.076658
-23.882753,33,232.140174
-11.610454,16,232.170954
-73.923011,43,232.253999
-50.142768,30,232.319093
-12.68535,13,232.344698
-22.635227,32,232.413363
-14.312115,29,233.775533
-18.403087,10,233.797571
-15.048067,14,233.825672
-12.428183,8,233.840919
-27.549067,21,233.882553
-36.968503,54,233.986119
-31.725029,41,234.06682
-47.987842,32,234.129914
13.279106,32,234.195167
-22.275553,28,234.257945
-929.487451,1000,237.032181
11.941647,25,237.08148
-22.217273,27,237.133723
-21.698731,21,237.174535
-19.563747,33,237.241593
-6.364153,14,237.268296
-58.579016,74,237.412492
-50.535114,138,238.37636
-33.196375,27,238.443979
-15.354555,14,238.479314
-49.543457,40,238.573973
-5.07838,10,238.593199
-11.985291,15,238.621671
-86.015424,103,238.822709
-14.590217,15,238.851782
-4.952972,14,238.878908
-7.169705,56,238.988727
-5.368299,16,239.020757
-29.400689,28,239.074723
-7.600455,17,239.108586
-109.49445,94,239.295521
-31.154893,31,239.356257
-13.669321,15,239.3853
-20.568861,25,239.436458
-33.827123,47,239.540711
-33.145237,21,239.585832
-16.21582,30,239.64707
-19.395179,19,239.683873
-9.914273,18,239.719085
-25.402707,19,239.755671
-6.122176,52,239.857341
-24.021031,15,239.887723
-28.779818,35,239.956694
-42.236438,31,240.019792
-3.969422,13,240.047259
-34.440733,24,240.093581
-99.003887,129,242.778609
-14.446292,22,242.826099
-16.405683,16,242.8607
-11.425053,11,242.884691
-69.523447,47,242.985393
-102.637739,110,243.216001
-11.321191,13,243.242153
-1.877783,28,243.296043
-894.900722,1000,245.908822
-6.12585,21,245.956244
-39.121841,27,246.009269
-15.636361,16,246.039931
-13.080566,40,246.117003
-54.207677,50,246.212813
-15.891868,13,246.237468
-60.160437,67,246.366468
-6.159887,9,246.383704
-12.116473,9,246.40089
-61.357114,62,246.519976
-110.902634,120,246.757577
-10.050843,66,246.889693
-10.512393,20,246.934242
-23.833664,18,246.970138
-121.595469,134,247.254592
-29.107722,38,247.340954
-870.671894,1000,251.643529
-11.842273,31,251.703778
-34.93341,67,251.834267
-22.76863,20,252.336158
-24.978697,23,252.381152
-14.524074,56,252.490148
-4.137661,18,252.529577
-81.457845,92,252.712383
-44.998496,49,252.805827
0.911259,22,252.847333
-34.363234,34,252.911386
-21.039944,19,252.947351
-29.199855,24,252.99379
-19.315237,16,253.024309
-55.551019,76,253.192105
-21.85005,73,253.373852
-11.855612,37,253.466224
-15.971394,15,253.503526
-12.918227,14,253.538708
-52.421881,69,253.685506
-27.498328,31,253.749295
-18.266085,12,253.772767
-44.528073,29,253.83042
-25.48024,19,253.867737
-3.719712,21,253.908511
11.05422,49,254.009098
-42.542116,55,254.125504
-18.195575,26,254.184
-18.700266,17,254.221266
-38.304268,32,254.286402
-3.382387,31,254.350622
-43.238591,18,254.391308
-32.991356,58,254.978219
-149.684192,209,255.405593
-60.223074,69,255.54448
-925.267287,1000,258.971912
-57.487933,73,259.159874
-55.007288,80,259.361531
-63.934271,55,259.499891
-39.710793,27,259.555357
-11.405896,38,259.62899
-22.668554,17,259.664659
-927.246781,1000,262.234859
-5.069452,20,262.273994
-151.683603,150,262.573553
-24.547966,23,262.618226
-27.76195,39,262.698091
-24.146152,15,262.72749
-23.426465,26,262.777003
-32.842008,79,262.93807
-23.875299,17,262.97067
-3.836763,36,263.038981
-53.298343,82,263.703101
-33.047815,39,263.787118
1.561355,23,263.836565
-19.197525,26,263.892651
-27.384436,27,263.950907
-19.349919,18,263.989289
-52.706041,74,264.148284
-46.477319,87,265.955761
-26.640195,14,265.983598
-1.417792,32,266.044113
-32.76248,40,266.12092
-866.949897,1000,268.842779
-15.582823,22,268.885784
-44.462188,51,268.986419
-21.234025,19,269.026232
58.581813,44,269.112654
-16.069907,10,269.134115
-128.366384,86,269.311353
-8.655075,51,269.409194
2.310851,20,269.448169
-10.05022,17,269.481494
-10.874091,15,269.514598
-10.046163,13,269.544041
-9.948512,12,269.569557
-3.533569,17,269.601666
8.922504,70,269.742194
-43.509803,22,269.784385
-16.928422,14,269.811045
6.321718,12,269.834225
-25.460418,14,269.861566
-31.049755,42,269.9443
-16.108158,14,269.971075
-12.69324,12,269.993758
-18.021439,16,270.025719
-19.811258,17,270.062151
-22.29786,24,270.109928
-8.536626,12,270.134891
-3.498494,21,270.627654
-35.094381,34,270.696866
10.810355,16,270.735899
-32.302833,46,270.846706
-37.940173,45,270.957025
8.81897,32,271.033879
-23.963266,26,271.096966
-13.04624,10,271.12098
-7.824405,16,271.15991
-17.419606,17,271.200726
-16.274508,27,271.265428
-37.035131,24,271.318938
-33.736986,29,271.380315
9.078475,53,271.492384
-19.116622,11,271.516058
-28.564109,93,271.712662
30.799404,37,271.791896
-16.664641,19,271.831369
-40.246861,31,271.898043
-55.23521,40,271.983221
-25.615746,34,272.055907
-3.624588,27,272.113645
-28.197694,42,272.203983
-77.671772,47,273.800226
-11.844583,15,273.828663
-7.652177,17,273.861441
-98.142396,66,273.988113
-31.39462,60,274.104727
0.606775,24,274.150191
-8.937965,17,274.182536
-12.56374,12,274.206258
-7.160676,20,274.246175
-23.680264,20,274.284333
-66.69734,70,274.859027
-2.144745,16,274.890335
-19.597022,23,274.934842
6.952456,36,275.005658
-20.673437,14,275.033712
-11.60299,11,275.054878
-65.464113,62,275.17694
-27.701589,21,275.218304
-52.398949,96,275.407481
-6.709811,28,275.466726
-18.603516,36,275.538405
-15.852413,16,275.57059
-9.287316,26,275.625958
-19.274907,33,275.706833
-13.8021,19,275.753632
-64.903326,35,275.83683
-38.699456,44,275.944186
-30.497211,56,276.08432
-918.368957,1000,278.819614
-16.354528,17,278.861576
-156.528777,112,279.112183
-6.524198,19,279.148591
-73.544378,96,279.332656
14.705111,38,279.40861
-8.871826,17,279.441867
-13.186788,22,279.485162
-18.342026,25,279.534347
-55.459901,50,279.636549
-3.885578,10,279.659009
-1.409261,47,280.362015
-29.76157,24,280.412448
-41.917203,46,280.509623
-23.185702,28,280.5698
-9.742376,35,281.826521
-31.92632,15,281.855812
-37.783785,24,281.901534
-8.9376,27,281.956164
6.909016,63,282.088482
2.289919,13,282.113387
-946.114017,1000,284.803196
-27.929758,30,284.860378
-7.180454,12,284.88347
-36.440813,24,284.933689
-30.419149,29,284.991312
-25.429808,35,285.072614
-2.327993,27,285.137604
-4.719547,15,285.17397
-0.320758,8,285.192832
-37.593225,31,285.266849
-4.042522,12,285.295406
-2.785075,18,285.338958
-24.545525,40,285.435741
-6.903399,41,285.534037
-27.402962,28,285.601228
-6.039977,15,285.635909
-52.69131,27,285.69067
-18.02921,18,285.724768
-22.540316,62,285.858256
0.503165,8,285.87471
-32.01445,31,285.942847
-13.364321,8,285.961302
-10.400129,21,286.008535
-12.572985,19,286.046185
-23.182025,19,286.083525
12.016639,24,286.135499
-57.807114,82,286.307034
-9.043959,45,286.394871
-30.626435,33,287.057337
-1041.16399,1000,289.423892
-10.082323,30,290.14022
-48.835901,113,290.372117
-50.678532,79,290.540954
-4.453083,21,290.585207
-21.504266,15,290.617404
-4.805276,17,290.65189
1.518834,15,290.680543
-24.473981,21,290.720168
-16.401199,30,290.776412
-6.763641,41,290.856991
-10.957928,24,290.903885
-8.567961,11,290.927059
-85.465423,42,291.008321
-50.435003,47,291.099187
-55.924213,43,291.190173
-118.065444,74,291.336645
-47.462049,26,291.386966
-5.504445,17,291.42003
-5.488876,13,291.445552
-14.564754,15,291.474443
-7.53168,13,291.499226
-20.707301,23,291.543395
-16.469696,16,291.574108
1.656554,12,291.598094
-64.261533,60,291.725874
-4.020181,11,291.747026
-12.864352,28,291.808506
9.107468,28,291.87885
-11.561043,38,291.974794
-19.36326,12,292.005189
-36.596846,31,292.083991
30.788363,32,292.164118
23.717335,50,292.890465
-1.747293,12,292.91294
3.199341,40,292.988865
-31.239543,35,293.058189
-21.520734,31,293.121097
-11.047372,12,293.144748
-4.367958,50,293.249886
-41.636712,26,293.300623
-12.353634,45,293.396899
-916.35275,1000,297.422496
-9.00862,14,297.451619
-24.195968,30,297.511431
-22.746769,15,297.550982
-52.569293,34,297.637443
-31.271191,28,297.708877
7.503709,46,297.823791
-46.421364,34,297.908968
-11.314087,19,297.956332
-69.275456,59,298.075278
-16.489699,17,298.108705
-8.114251,20,298.14689
0.197108,7,298.160009
-116.199671,126,298.405895
-81.389019,48,298.508759
-3.759218,12,298.534466
-12.526235,20,298.57289
-19.292206,31,298.63177
-40.883914,35,298.698547
-11.46906,16,298.729468
-12.83188,22,298.771379
-24.570544,61,298.888135
-55.015961,31,298.947887
-56.141524,25,298.99623
-11.28778,8,299.012272
3.940431,20,299.67872
-2.643158,15,299.709388
-7.697784,10,299.728197
-94.978204,57,299.848074
-19.383894,38,299.929629
-2.005867,36,300.002575
-39.058053,41,300.084031
4.894938,30,300.151473
-5.443683,22,300.207277
3.917023,17,300.248643
-18.41371,45,300.357891
13.988626,21,300.409237
-14.779618,45,300.51845
2.372151,11,300.545863
1.201076,10,300.569856
-19.037427,9,300.592001
-41.152728,34,300.674868
-0.399062,35,300.749219
-7.09979,13,300.773823
-16.666697,25,300.82181
-22.764732,66,300.956355
-35.591229,47,301.048396
-7.410051,43,301.143246
-25.13694,40,301.226857
-26.92756,34,301.293816
-10.665153,11,301.315808
-18.899304,20,301.357015
-19.062777,19,301.394575
-16.739598,14,301.422692
-94.784458,74,301.586955
-11.262233,16,301.61948
-33.855364,30,301.683445
0.389101,10,301.704111
-68.768111,98,302.513758
-6.394965,17,302.550557
-27.922475,18,302.588703
-26.816173,29,302.649519
-4.803885,16,302.685257
-9.305177,39,302.766973
-55.958489,98,302.972083
-8.924803,11,302.996197
-346.646189,385,304.0613
-156.631445,141,304.350555
-7.796578,32,304.41319
-20.169402,12,304.436043
0.406433,11,304.460205
-95.227906,76,304.609916
-43.80724,31,304.668668
-18.510621,16,304.699173
18.283716,37,304.770045
-25.664803,59,305.500324
-53.53216,40,305.579379
-28.062906,49,305.674025
-11.353512,19,305.710219
0.41145,24,305.756691
-802.608055,1000,308.42436
-11.226208,14,308.454801
-26.186081,24,308.502128
-59.84197,25,308.552026
-15.067249,19,308.591491
-24.692349,50,308.686725
-12.972905,17,308.719601
-10.260079,17,308.751831
2.568823,31,308.813485
-25.767058,23,308.8703
-44.33602,53,309.005784
-5.403469,13,309.039849
-8.409083,74,309.225119
-1.738917,13,309.256876
-101.010542,70,309.407813
-38.568867,53,309.509326
-2.209962,11,309.530135
-25.166817,26,309.579818
-5.748119,20,309.61789
-1.187179,15,309.647223
1.704744,8,309.662429
-24.043417,31,309.721487
-10.330034,18,309.756563
-25.9515,71,309.908892
2.934108,13,309.936857
-17.001808,39,310.020488
-23.88463,46,310.119039
-9.228426,11,310.142449
-76.938166,40,310.848507
-47.88317,39,310.931735
-0.596694,10,310.952943
-6.066801,30,311.636991
5.922112,21,311.677224
-184.004987,241,312.14846
-55.489741,21,312.194179
-4.694744,14,312.224927
-9.208319,22,312.269916
-25.207607,23,312.313822
3.154483,13,312.339222
1.391369,19,312.376676
-41.558976,20,312.416131
-31.37089,32,312.478509
-13.730138,17,312.511554
-32.609341,37,312.583763
-8.885183,13,312.609577
8.096994,20,312.649905
-67.093029,94,312.84547
-9.157671,12,312.874138
-47.640259,25,312.93415
-48.057398,48,313.048845
-6.219359,17,313.09068
-12.411799,22,313.142711
-63.502281,113,313.414278
35.761751,76,313.560239
-44.24153,36,313.630515
-75.474091,84,314.414829
-57.789072,29,314.469544
-24.460357,43,314.552907
-56.918214,43,314.635762
-8.826267,22,314.683867
-59.934606,61,314.816736
-27.9338,41,314.905917
-12.965371,15,314.935189
-7.602284,38,315.011637
-37.974755,33,315.078625
-17.194716,15,315.113067
-8.020096,26,315.171755
-3.392936,15,315.204686
9.701281,18,315.244038
-6.739072,19,315.286679
-16.212706,15,315.31755
-16.892991,14,315.345197
-39.565985,23,315.394642
-36.211643,43,315.487277
-0.615618,17,315.524215
1.799594,15,315.556429
-32.785937,29,315.61799
-62.342512,72,315.794108
-63.151246,47,315.908812
-3.988136,17,315.950037
-921.263892,1000,318.826415
9.499076,11,318.848485
-26.580682,40,318.950969
-18.225385,49,319.07622
-50.899448,38,319.177344
16.321134,26,319.243449
-29.643542,36,319.32932
1.94465,18,319.364526
-14.895402,31,319.423418
2.44768,8,319.439141
-25.658344,12,319.462382
-735.956548,785,321.657099
-11.165777,29,321.729949
-59.040413,137,322.051251
-4.401349,14,322.081938
-26.383479,19,322.118128
-20.375505,12,322.141348
-48.826992,41,322.222382
-6.205537,31,322.899092
-55.615665,39,322.974869
13.449275,18,323.012648
-902.512679,1000,326.140822
-7.038885,10,326.162549
11.03198,22,326.209435
-65.532542,50,326.315896
-13.700991,28,326.375468
2.936306,24,326.426862
-11.124274,19,326.469519
-37.62998,30,326.533704
-24.519739,24,326.584934
-14.874979,31,326.651237
-0.190136,33,326.721977
2.597546,29,326.783264
-11.586413,23,326.832326
-20.424811,12,326.858379
-0.314271,7,326.874356
-14.19586,9,326.891512
1.532301,26,326.941589
-925.014823,1000,329.645653
-15.727607,40,329.722741
-26.505014,25,329.772933
-38.845206,59,329.890898
-26.403809,41,329.971085
-32.419605,18,330.005453
-85.185514,118,330.24635
-33.691523,62,330.364357
-18.227626,25,330.412277
5.21446,49,330.50739
-2.895161,54,330.614518
0.406707,10,330.633852
-24.495356,16,330.66472
-2.820488,12,330.691083
-16.397646,8,330.708913
-10.946305,26,330.761076
0.129982,17,330.79705
-14.056143,15,330.82971
-10.52379,27,330.882987
-55.032423,51,331.620857
-0.530707,12,331.649114
-1.83043,15,331.685052
-22.925532,43,331.790299
-13.639295,53,331.917845
-9.651778,15,331.953953
-59.589291,79,332.32672
-4.105401,14,332.356751
9.762535,33,332.424653
-871.979474,1000,335.077513
12.512152,15,335.112059
-10.751096,17,335.150474
-893.559071,1000,337.874357
-16.912155,16,337.906816
-5.662092,8,337.922578
-9.035282,14,337.952554
7.112619,14,337.983718
-23.931354,40,338.062429
-4.794854,12,338.085395
-13.19442,12,338.109061
-22.787495,30,338.167612
-8.362819,8,338.183542
0.272706,31,338.249637
-16.902546,17,338.29281
-6.613573,11,338.320951
-27.230064,29,338.394617
0.508204,17,338.43805
-11.545788,26,338.503961
-14.754905,17,338.546801
23.996958,17,338.5899
-3.305528,12,338.620853
-19.697818,12,338.650696
3.603888,13,338.683374
-19.908582,36,338.758689
-14.350391,42,339.013273
-18.764876,37,339.090052
-17.764522,12,339.113097
-19.2157,27,339.164429
-7.391927,12,339.188597
-5.554325,12,339.211446
3.78194,18,339.246224
5.477157,16,339.277431
-4.603992,13,339.302588
-13.333546,26,339.35253
-32.041332,48,339.455692
-49.10653,45,339.543443
-952.490608,1000,342.321104
-12.527898,26,342.372007
-8.709224,14,342.399911
-2.382309,50,343.114082
0.918373,19,343.154552
-54.445137,36,343.225842
-44.947335,36,343.301175
54.948506,58,343.418073
0.65325,10,343.439435
-24.903493,22,343.488653
-9.929103,45,343.582367
-14.760565,27,343.638659
-6.225878,8,343.654309
24.64072,24,343.700629
0.657547,35,343.768714
-14.525969,39,343.843219
-10.933607,18,343.878961
-16.762259,14,343.905638
-7.456613,37,343.977136
-15.77719,22,344.019238
2.409429,38,344.093137
-8.61988,24,344.140006
-12.770959,21,344.180151
-7.501198,15,344.20933
-10.667659,13,344.233594
0.251218,8,344.251603
-0.729629,8,344.271995
11.071382,29,344.342322
-5.510528,27,344.407069
-43.227686,21,344.458412
-875.988673,1000,347.443415
-0.760963,19,347.489464
-2.023511,21,347.539831
-250.864887,242,348.032347
-36.022468,56,348.143998
-30.317056,25,348.805429
9.125957,28,348.865211
-17.218941,44,348.959633
24.579152,30,349.02286
-2.716306,13,349.050542
-26.258251,33,349.120792
20.659413,19,349.161631
-58.237233,61,349.292039
-23.363452,13,349.31985
-32.885376,33,349.391811
-9.000202,10,349.413488
-28.783335,19,349.453823
19.893476,21,349.499074
-33.770572,21,349.544995
-2.774643,31,349.611198
-880.085956,1000,352.340409
-4.72636,22,352.38737
8.940193,43,352.474562
-12.801702,18,352.510238
-3.594514,8,352.526304
-0.503127,23,352.575751
7.460292,17,352.612458
-1.894012,9,352.631946
-42.073975,55,352.747443
-2.960909,10,352.77014
-16.394566,19,353.136693
-845.93401,1000,355.847306
-4.847097,14,355.877977
-16.712796,26,355.928951
-8.443303,20,355.967055
-7.48204,24,356.013339
-0.050781,20,356.051261
-22.81143,22,356.093055
-6.470609,14,356.119622
-10.268477,10,356.138952
-8.561538,14,356.16558
12.403779,37,356.236076
-5.911665,9,356.253199
-0.399955,8,356.268622
-10.508418,11,356.289233
-4.489025,18,356.32407
-87.006044,225,357.422543
-4.273358,11,357.444753
-8.930375,24,357.491921
4.034924,26,357.540867
-6.301668,37,357.610869
0.992703,21,357.650892
2.394648,14,357.677479
-10.994413,11,357.700918
-18.790348,38,357.797018
-16.296397,15,357.834788
-12.766811,12,357.864598
-31.895614,31,357.942021
-2.073832,16,357.98174
-22.884545,12,358.012472
-3.356201,9,358.034758
-2.094614,42,358.138956
-60.48955,32,358.208251
-5.742497,20,358.24815
10.021953,30,358.304845
9.817532,18,358.338538
2.177568,48,358.436627
-12.987751,15,358.46605
-6.318167,37,358.536214
-6.957916,26,358.588864
4.040513,24,358.636535
-12.387499,14,358.666292
1.067524,16,358.699687
-20.529086,20,358.743924
-49.016927,60,358.86969
-1.089244,9,358.886734
-8.896711,16,358.916895
-12.526771,31,358.97715
-17.845306,10,358.996968
-63.270591,63,359.120033
-26.748476,32,359.182518
-5.009601,10,359.201442
14.79919,29,359.258555
13.071058,21,359.299191
-14.284497,24,359.348791
-0.741894,12,359.371511
-4.927643,23,359.415859
4.737333,62,360.143177
-26.263494,21,360.446578
-2.889348,16,360.486613
-19.758838,31,360.567006
-6.178522,9,360.590332
-13.599053,11,360.619015
-15.715646,17,360.663313
-43.458055,78,360.84245
27.704029,31,360.903987
-20.909874,27,360.960052
-5.766413,21,361.000412
-5.341838,12,361.023063
0.189726,12,361.04591
-26.324071,88,361.216527
-18.884818,23,361.260376
-0.567855,43,361.343374
1.957395,15,361.37226
9.398979,9,361.389527
-54.396506,43,361.47111
-7.029299,16,361.502753
-42.84132,50,361.598694
26.520932,34,361.663954
-33.383632,43,361.745297
6.52224,29,361.802458
-5.612258,14,361.829923
-6.73747,10,361.849569
18.580959,46,361.938836
-9.046649,12,361.96155
-191.129969,309,363.276381
-3.440518,9,363.29898
-19.563983,12,363.329536
-2.406816,25,363.391243
6.250932,14,363.421954
-8.654724,21,363.467443
-16.012946,9,363.484882
7.599493,54,363.591148
-2.224524,16,363.622056
-4.072518,37,363.692602
-8.261893,15,363.722158
-0.29078,17,363.754862
1.647093,31,363.819372
1.286625,12,363.843655
-15.646228,15,363.874527
-72.139443,113,364.107662
-0.632054,31,364.173983
-1.677317,35,364.247792
-1.953575,11,364.271143
14.823884,20,364.314197
0.672407,40,364.398643
0.882999,23,364.448101
2.91029,48,364.55157
-2.93234,20,364.593498
-11.205899,46,364.690832
-1.729929,25,364.744114
-12.535747,30,364.807651
-16.066394,32,364.875587
-14.381009,28,364.935421
-34.963774,21,364.980056
-6.064102,11,365.003137
-23.171216,53,365.115929
14.630805,21,365.162195
-12.689309,36,365.240988
49.131868,38,365.324216
-0.086195,9,365.968091
-21.075367,39,366.050389
-10.969247,23,366.099807
-38.283686,25,366.153833
-11.182269,28,366.214105
-5.881614,39,366.29774
-39.039308,40,366.383695
-1.623597,10,366.405175
-0.087525,15,366.436328
1.076639,13,366.462315
18.614253,43,366.546456
12.480664,39,366.622975
-21.479104,58,366.736047
-5.508605,13,366.762173
-0.207798,22,366.804563
-31.572174,14,366.831993
-7.763234,9,366.849763
-11.772583,32,367.23885
-11.375107,20,367.278156
-10.99326,12,367.300932
-2.144419,71,367.450421
-19.350183,15,367.483745
-12.396886,64,367.614199
1.403907,19,367.651138
-69.710219,44,367.74112
-29.895671,23,367.787471
-3.315559,21,367.830805
3.35057,29,367.894796
-16.11682,15,367.93432
-18.956206,54,368.079082
2.953073,24,368.141903
-40.327435,39,368.235132
0.157335,6,368.249749
-14.343148,14,368.28292
0.970206,42,368.385177
20.340071,29,368.454683
-15.625488,18,369.102682
-36.000513,36,369.173967
-24.909275,17,369.20763
9.19648,30,369.273228
-11.175653,9,369.290739
-8.140208,11,369.31201
-24.46774,30,369.371354
-28.98494,31,369.433528
0.429696,7,369.447301
-6.684021,17,369.481283
-6.062809,9,369.498601
-0.712933,9,369.516129
25.415329,49,369.61333
-3.391634,10,369.632105
-10.641826,15,369.662035
5.010335,34,369.734404
-7.437077,22,369.781291
-2.467453,10,369.803832
-47.085173,42,369.897948
-39.164069,20,369.940202
0.003342,22,369.984547
0.502867,30,370.050926
-0.683861,24,370.104221
-431.766221,536,371.272115
3.453959,21,371.941816
15.116553,49,372.042725
-7.040478,12,372.065959
-60.235053,47,372.15572
-1.702006,18,372.190204
-0.449089,16,372.22108
-10.046789,16,372.25162
-1.88276,18,372.289325
-11.458756,10,372.31234
0.90516,17,372.346558
-1.325511,14,372.373481
-34.915625,45,372.462633
-725.619829,1000,376.528318
-3.137711,11,376.554946
-29.832326,15,376.588128
-5.574378,26,376.638339
2.352084,25,376.686417
2.639056,21,376.726274
-16.316073,21,376.766009
-2.606238,11,376.787229
-6.017106,12,376.810621
-12.413994,28,376.864375
-8.183328,30,376.921806
-107.602316,122,377.156923
-21.123571,69,377.288963
-10.213478,10,377.307819
-16.472748,14,377.334321
-6.776741,37,377.404476
1.809668,52,377.504056
-21.909888,16,377.534196
6.277448,19,377.571378
-6.6024,18,377.605816
-3.411925,9,377.62297
-8.481918,8,377.638507
8.900098,17,377.671248
-7.057842,17,377.709073
-61.541006,71,377.84807
-88.01325,92,378.624055
2.246826,9,378.648116
-3.008194,27,378.716352
-20.467765,25,378.779844
-4.789374,15,378.818102
-11.649256,39,378.917351
-15.554646,35,379.006146
19.619526,36,379.090343
-31.660317,61,379.224372
-11.052369,30,379.286481
4.945061,16,379.319159
-28.626006,67,379.459347
11.148189,55,379.569133
11.777899,29,379.628176
14.955729,27,379.682663
-19.126838,17,379.716081
-12.399613,24,379.763771
-6.925108,12,379.787014
-15.04532,46,379.883672
-4.571525,11,379.904938
-14.029152,11,379.926853
-47.887499,24,379.975198
14.32907,21,380.016796
-34.459293,20,380.057148
-10.092161,16,380.088767
-16.289718,52,380.203875
-808.08305,1000,384.22987
-10.610644,14,384.256742
-3.778364,10,384.275958
-21.756925,30,384.334367
-34.169332,34,384.401187
-18.279473,22,384.443848
-20.128141,12,384.469214
-13.523476,15,384.499691
-8.300903,32,384.563203
-82.209278,97,384.754928
0.390664,7,384.768729
-8.284384,38,384.843284
-3.671693,8,385.46897
13.967342,19,385.507491
-45.887677,49,385.601813
-1.469723,15,385.640743
5.905288,10,385.666676
14.385595,72,385.852478
-35.301007,28,385.924331
-90.19015,45,386.038417
-805.950766,1000,388.719277
-22.671944,23,388.763898
-7.93616,31,388.823727
24.396131,28,388.878791
-32.403476,41,388.956816
6.566391,28,389.010562
30.206425,54,389.118103
14.753554,18,389.153571
46.941873,55,389.274281
-3.727957,15,389.306564
-75.597176,103,389.526071
-11.440822,12,389.5499
-7.846184,25,389.601609
-3.960564,15,389.630712
-12.33049,13,389.656046
-31.399474,45,389.74393
-0.193266,26,389.79382
-7.823819,15,389.822668
-6.214469,23,389.867886
12.117208,15,390.223879
24.785209,34,390.295119
-8.363248,24,390.346414
9.716464,13,390.374014
-2.19801,41,390.461816
25.299206,18,390.499843
0.253494,8,390.516957
2.934745,16,390.550329
6.130457,16,390.584274
-22.007821,17,390.620316
-901.879697,1000,393.382756
-15.54466,36,393.461352
10.050913,14,393.492872
-2.883192,56,394.237892
-21.775777,36,394.314754
13.066697,18,394.352858
4.668222,73,394.508062
0.267555,8,394.525346
6.034615,8,394.542053
14.481642,23,394.590643
-32.683703,32,394.658165
-41.977191,36,394.734981
-3.879897,29,394.796937
-14.649861,34,394.867763
-46.721355,48,394.969638
-13.763626,14,395.001201
-8.698007,28,395.06409
13.477533,22,395.108295
-2.630252,7,395.122
-40.106472,29,395.179109
-6.579635,60,395.303528
-65.450967,69,395.444934
-0.734634,16,395.475622
-0.563694,20,395.518128
-20.188507,23,395.565858
-11.110645,15,395.599138
-3.890268,10,395.620147
-15.639729,16,395.66039
-41.426954,40,395.760904
-17.196746,17,395.803668
-19.258649,15,395.841443
11.87935,25,395.904386
-28.426479,47,396.024024
-20.914544,16,396.064631
-1.355422,73,396.206902
-8.565964,28,396.260163
4.399958,15,396.28865
13.53223,20,396.327213
-25.240719,23,396.982188
3.097969,13,397.006745
-5.95787,17,397.038722
-1.746044,17,397.07174
3.592554,22,397.113468
-7.473984,23,397.159277
-0.901434,13,397.18383
-18.321504,41,397.261413
-30.090257,31,397.320166
-826.328292,977,400.228428
-14.186912,18,400.26389
11.888057,32,400.326174
-4.371919,18,400.36122
-14.15008,11,400.382932
13.80884,23,400.429526
-13.679497,13,400.454126
-8.703486,91,400.629822
-25.549711,25,400.677389
-0.890103,10,400.696498
-0.037849,7,400.710023
-27.029062,48,400.802692
-40.523843,32,400.884563
-22.508948,44,400.997694
0.373815,13,401.031615
-0.080378,29,401.105661
-43.080764,52,401.238385
-29.283622,16,401.269004
-779.22664,1000,404.002133
18.024598,18,404.040954
16.528227,20,404.08345
-22.28498,18,404.12176
5.300424,17,404.531366
-23.875584,64,404.667199
-18.056213,28,404.726768
-1.065163,21,404.770811
-6.905509,17,404.807421
-0.37966,6,404.820023
5.19702,20,404.863033
-34.162666,31,404.928861
-14.118489,21,404.973412
2.317344,14,405.002747
-7.528008,10,405.024124
2.535924,16,405.058773
-4.396365,13,405.086807
-12.52891,10,405.107844
-18.174866,16,405.141875
-4.9845,17,405.177302
20.296189,29,405.237908
-12.351141,15,405.267428
-12.123619,13,405.917205
16.067163,19,405.9527
4.541553,11,405.973476
-0.046267,17,406.005112
-3.89039,35,406.071456
-3.085754,23,406.115457
0.404727,12,406.138273
-7.084322,26,406.187146
19.825735,47,406.276113
-7.923443,17,406.308452
14.973299,37,406.379523
-18.299854,22,406.422093
0.914015,16,406.454571
-4.355774,21,406.494565
-18.453887,21,406.533885
-2.656317,8,406.549046
-39.764339,35,406.614912
-16.901984,28,406.669498
-10.758173,8,406.686539
24.227736,48,406.777448
-13.215038,11,406.798279
-5.165313,16,406.833485
4.743201,23,406.882017
-3.832697,14,406.911336
-8.07129,15,406.941365
-14.597771,57,407.050979
-15.615962,51,407.150116
-18.046816,47,407.255097
-7.242983,63,407.416847
-86.299458,67,407.592006
-9.361838,10,407.618217
-1.905642,12,407.643404
7.046914,9,407.660772
0.257633,29,407.724988
-2.709852,8,407.743162
-0.36935,34,407.817539
4.416443,32,407.882883
-0.358815,11,407.904221
-40.359466,34,407.969351
-2.469087,10,407.988755
2.498386,30,408.673895
-7.971484,19,408.710843
-1.404673,12,408.733945
16.397285,32,408.795745
-4.233235,15,408.824585
-13.043389,13,408.850672
-5.423575,20,408.891156
-20.444934,19,408.930307
-31.270808,56,409.037296
-1.668066,17,409.07065
-17.18431,40,409.151544
-6.384176,20,409.191357
1.517695,44,409.275793
-28.677414,35,409.343547
4.068674,25,409.392058
39.992215,87,409.558436
-1.582772,17,409.591665
-20.916933,34,409.658114
0.380396,15,409.688407
-18.212385,65,409.836848
-29.930878,26,409.903273
-8.043492,12,409.933793
-111.059504,94,410.172724
-22.556087,34,410.256738
-1.806456,14,410.284363
-27.634914,28,410.339924
-2.511499,20,410.378607
-1.637296,56,410.485188
-14.294355,35,410.552707
-3.077246,39,410.627681
-41.772436,26,410.677374
19.437993,30,410.735804
-3.869842,19,411.385359
-1.265774,16,411.418907
-18.061386,69,411.771016
-2.41546,19,411.81228
-6.736376,27,411.870808
-13.452429,14,411.900955
-4.554782,15,411.933147
-26.27314,16,411.967371
20.419276,23,412.016524
-82.435105,69,412.164366
28.597455,97,412.371916
-792.919601,1000,415.118214
-11.82852,31,415.180562
10.944013,45,415.26687
13.259401,46,415.355464
-5.519094,9,415.3728
15.43392,31,415.432227
11.650426,14,415.460259
-3.972512,11,415.482096
-12.845408,24,415.528236
-0.500896,20,415.567788
-9.759961,26,415.617046
5.024002,38,415.689577
9.141615,21,415.729873
-12.733549,21,415.770548
13.038768,17,415.802835
-17.163915,11,415.824075
-8.616074,14,415.850881
-38.005642,55,415.957655
-0.291364,41,416.036403
-2.620121,7,416.049521
-8.648189,15,416.07789
13.544963,30,416.135543
-42.079447,50,416.236005
-28.530204,26,416.28789
-11.080032,13,416.312938
8.15542,40,416.392502
21.229315,55,416.970419
6.318099,84,417.181042
-2.449753,13,417.214227
-1.965466,42,417.321234
-0.878836,15,417.359542
-5.399924,16,417.391926
-11.616444,10,417.411101
-4.543672,30,417.469216
18.158929,28,417.524673
13.565467,48,417.619026
-105.370103,59,417.736725
-100.444248,67,417.866296
-0.498543,30,417.931449
-54.550608,29,417.992492
-40.489035,87,418.525915
0.134113,13,418.550844
-2.290585,12,418.57387
1.076069,29,418.629444
1.625175,23,418.674083
0.182785,30,418.734041
-11.889197,14,418.765203
19.427329,35,418.836535
-9.548558,22,418.878356
8.495275,15,418.906961
-19.18496,22,418.949448
5.356067,17,418.983228
-31.896218,49,419.078375
-0.044875,18,419.11545
-17.439059,25,419.166068
-12.165748,36,419.237166
-36.511898,44,419.333712
4.681403,20,419.892641
-10.161066,12,419.918251
-6.401325,24,419.969815
-39.000682,31,420.036423
-31.789241,37,420.115051
-21.421058,43,420.20748
-379.30088,554,421.393543
-16.131466,29,421.456185
-6.547366,10,421.477419
-4.629787,17,421.513602
3.380514,13,421.542006
4.355896,22,421.588766
2.984104,16,421.622417
-0.163916,11,421.646168
21.373332,45,421.742656
-2.945948,7,421.757973
-14.919055,14,421.788486
0.706784,23,421.838533
-3.490836,10,421.860544
-71.54998,107,422.605819
7.66197,24,422.657113
-4.049788,16,422.691492
13.526277,38,422.773042
-2.997816,14,422.800975
6.836609,12,422.824077
-41.867404,67,422.985961
-42.472027,85,423.193542
-23.849496,24,423.251452
23.352475,33,423.330577
-9.868835,58,423.448153
2.252109,14,423.476923
3.579925,21,423.517842
0.173491,27,423.570083
-7.574927,20,423.608841
-1.28266,24,423.661444
-17.337079,35,423.730577
-4.336176,34,423.801722
27.902631,45,423.893435
2.920331,23,423.93993
4.544698,50,424.042075
0.205701,13,424.066837
-0.751719,13,424.091803
9.057546,40,424.169967
-46.976451,63,424.294136
-159.420087,239,425.48353
-11.099575,20,425.52417
-8.746762,37,425.612886
-6.070248,22,425.665816
-4.514044,14,425.699514
-48.569896,26,425.761744
-4.261199,14,425.794488
-8.511117,24,425.853046
6.502416,17,425.893376
-26.545638,42,425.995549
1.595808,28,426.063824
-28.930372,41,426.158248
15.179634,15,426.187541
-3.915277,11,426.208498
-11.949141,22,426.250633
19.636159,26,426.300161
-656.743482,1000,428.815012
-48.313577,24,428.867975
-18.19285,42,428.94883
-22.496323,27,429.00038
-18.675783,11,429.022916
-6.538586,7,429.038613
-87.941987,89,429.215904
-2.697653,49,429.315415
-18.514677,15,429.34537
-42.728687,37,429.416517
-741.048895,1000,432.241148
-143.988829,78,432.40664
-25.169399,20,432.449489
22.110208,57,432.568071
-20.940724,38,432.641887
-12.772458,10,432.661387
-11.171652,29,432.718135
-5.836219,6,432.72963
-5.402317,57,432.843375
-9.753704,11,432.865158
-22.3233,32,432.928467
-12.823302,36,433.003097
-36.071741,47,433.542507
-26.500753,16,433.574645
-3.766313,38,433.655064
11.179174,37,433.731532
2.482664,32,433.794494
4.139022,16,433.825129
-6.954766,18,433.862944
-1.119598,17,433.904322
-5.608276,30,433.978342
-0.799661,17,434.021237
-16.238628,20,434.073194
-9.180543,15,434.11238
5.179368,15,434.151088
-1.536063,18,434.197209
-3.009311,26,434.262544
0.789043,22,434.318957
-27.316601,33,434.382206
-9.55831,30,434.439568
-5.63862,10,434.458596
-1.552561,7,434.471907
-2.876393,25,434.520572
-6.677571,21,434.560587
-10.968506,30,434.618814
7.171991,16,434.64971
2.741168,16,434.681042
4.542278,15,434.71071
-18.493186,12,434.735136
8.072134,17,434.7681
6.266339,12,434.791192
-16.706521,15,434.820083
1.862546,21,434.861215
-30.818522,27,434.915703
-12.281673,19,434.954766
7.517754,13,434.983217
-13.654534,13,435.012104
-76.726797,110,435.229365
-32.208539,17,435.263373
8.238671,13,435.288627
18.932199,32,435.356631
-3.600031,14,435.388289
-16.011797,14,435.418849
0.16252,11,435.439806
-2.053737,14,435.468357
-10.492173,17,435.505901
-15.957364,18,435.542553
-10.175663,17,435.57766
0.623112,7,435.59305
3.521896,13,435.622079
-810.387141,1000,438.364185
-13.574606,12,438.389065
7.986093,22,438.43451
13.339021,13,438.926767
-0.481377,14,438.956669
-16.185427,16,438.990937
-9.711062,10,439.012698
5.991847,20,439.055237
-13.269071,13,439.084339
0.686307,9,439.108697
-4.818727,28,439.169053
-2.826177,23,439.219087
1.861702,22,439.26703
-13.640259,14,439.297125
-7.266164,14,439.326813
9.226936,19,439.367929
-0.549178,40,439.453952
-14.505719,47,439.555409
-2.9865,51,439.665431
-20.067789,12,439.692214
2.587493,10,439.713842
-4.687008,52,439.825791
-18.322156,23,439.875475
-18.47998,24,439.926826
13.849218,17,439.964644
-43.899104,46,440.062931
-2.047709,10,440.08489
-9.729505,28,440.144491
3.134947,23,440.193958
17.584257,17,440.230196
5.795804,13,440.258213
-6.023191,11,440.282124
7.449833,17,440.31728
-9.456723,12,440.341328
5.154635,10,440.361069
-0.205276,9,440.378299
-2.003181,26,440.430279
-22.309562,49,440.526609
-18.837576,50,440.626257
0.907497,16,440.661508
-34.128721,25,440.728554
-18.121138,26,440.801916
-9.439801,19,440.855076
-30.814794,38,440.955408
-2.083247,16,440.996051
-20.331215,43,441.103949
-58.376592,71,441.690307
-6.450999,10,441.710067
-29.261646,33,441.773861
9.071681,24,441.819994
-19.67252,32,441.881337
-8.042726,26,441.932225
-2.279825,15,441.965304
-72.010873,56,442.074834
-9.279161,41,442.154824
-7.807189,13,442.179642
-3.94323,29,442.235313
-4.276069,36,442.304065
-7.661785,11,442.325414
12.611651,31,442.385089
-739.724441,1000,445.264437
28.417655,27,445.318266
2.355002,12,445.341671
-75.312365,47,445.433841
0.024041,10,445.45371
-2.65965,49,445.554142
-3.84384,15,445.583317
-23.43373,58,445.697944
-16.005064,12,445.721375
-16.997957,25,445.774323
-10.430495,15,445.807744
-132.564655,113,446.080617
-17.387847,49,446.205902
-3.389608,19,446.254518
-28.695126,29,446.326497
-23.855577,31,446.386344
-4.58312,9,446.403584
-0.702353,16,446.434462
-673.310277,1000,449.017371
-71.400859,63,449.144268
-8.546986,54,449.274153
-73.859104,80,449.889253
-0.295205,31,449.956906
-7.428963,24,450.008512
14.793139,36,450.098632
-57.736254,62,450.253186
-29.244304,21,450.305269
3.481063,13,450.338016
1.097516,19,450.385239
-7.385374,45,450.486494
-11.544359,18,450.521114
-28.477603,46,450.615807
-0.597658,38,450.696046
15.766247,47,450.792844
-4.345097,16,450.824912
-4.852232,16,450.85582
37.239064,69,450.992782
-22.245468,29,451.050267
-66.962306,97,451.235718
-3.701749,17,451.268226
-40.531236,79,452.474676
0.137703,32,452.537472
-4.375409,14,452.568915
-14.309695,21,452.62587
-5.028915,22,452.683002
-19.259654,56,452.82443
-0.891318,10,452.849872
-4.125509,17,452.891897
-51.892823,56,453.026673
-4.276382,35,453.591886
-18.257094,19,453.630353
1.129686,30,453.690994
12.103881,31,453.750093
16.821423,26,453.799339
43.346941,31,453.860216
-16.27407,12,453.883598
7.233331,36,453.95226
-11.559674,33,454.015448
-36.270389,61,454.132135
4.24082,18,454.166573
-44.839484,20,454.2059
-9.627212,12,454.229632
-32.204939,125,454.475535
10.213877,12,454.502002
-16.381589,20,454.541945
0.004388,20,454.58044
-5.772943,80,454.742356
1.821691,6,454.754982
34.145357,33,454.825166
2.947781,22,454.87229
-32.170491,32,454.94087
-93.251154,67,455.083456
13.571766,16,455.118016
-3.806706,13,455.14575
-7.688287,14,455.175634
-29.559922,44,455.269232
-24.43569,39,455.354106
-10.155395,22,455.402529
-16.033318,14,455.43323
7.152046,11,455.457474
12.501343,24,455.510795
-6.736807,13,455.539947
-1.461734,22,455.588308
-757.642402,1000,458.220736
2.277768,14,458.254681
12.306263,34,458.337388
-5.804019,29,458.854488
25.465889,63,458.986478
-7.854336,25,459.042447
-17.553234,43,459.129109
19.23893,33,459.193755
-10.504741,20,459.408422
8.263572,20,459.447486
-6.245752,38,459.519466
-13.308881,20,459.557525
-69.002943,90,459.731079
-34.289008,22,459.775391
-8.209658,27,459.827908
26.745096,27,459.880436
-10.603804,11,459.90411
-28.338973,49,460.002056
-53.354009,81,460.173709
-23.204814,22,460.221554
0.75232,37,460.294427
3.641454,13,460.319622
-6.144651,12,460.342935
-0.361287,14,460.369626
-48.973038,61,460.489153
-6.802372,17,460.521108
-25.774446,28,460.576236
8.934498,79,460.769156
48.355897,46,460.882354
3.384893,30,460.954762
-26.979221,102,461.642983
-29.912557,43,461.724269
-4.56664,18,461.758597
-13.114644,24,461.803825
-2.203294,7,461.81703
2.473059,13,461.841531
-7.501885,13,461.867147
-21.378716,19,461.905983
2.131232,16,461.936956
23.99789,36,462.011938
-0.565705,28,462.066714
-11.848538,21,462.108537
15.788538,27,462.160821
-67.943484,73,462.29848
11.352699,30,462.356363
4.025755,8,462.372365
3.55849,14,462.400154
-8.421043,17,462.433055
-37.083115,53,462.537265
-28.699431,13,462.563294
-11.873676,9,462.580564
-5.479328,9,462.59802
0.624119,20,462.636343
-4.044357,13,462.663884
7.087834,34,462.735095
-1.665186,9,462.752405
-59.240941,45,462.839703
-14.531727,34,462.905877
-18.729889,89,463.07815
-9.99339,25,463.125745
-70.883622,53,463.227099
7.011893,25,463.275304
-5.672622,19,463.327078
14.077225,41,463.439622
-9.706595,37,463.534734
-17.078847,14,463.568871
-8.908483,18,463.611959
6.302702,25,463.672172
-9.106098,11,464.219216
8.434457,56,464.328012
-17.116222,23,464.37799
-18.03597,16,464.411837
-5.736811,10,464.433223
21.465047,26,464.489151
-18.678926,19,464.529955
-5.816062,16,464.564564
-10.916218,11,464.588621
8.480023,10,464.610599
-3.674441,28,464.67026
-8.665452,33,464.741033
-16.084,24,464.792346
-20.700698,33,464.863099
-4.476365,10,464.884467
-26.240634,31,464.951176
-1.732063,40,465.036814
-7.517762,13,465.064497
-2.945418,12,465.090302
-22.041197,60,465.218605
-641.606087,1000,468.938081
-43.004243,72,469.089051
7.744104,15,469.11934
-1.903633,45,469.22409
-34.121961,28,469.291064
-18.696145,29,469.361003
-12.815767,24,469.417913
4.899599,17,469.458904
5.044415,11,469.48555
-11.668365,18,469.52874
-40.280287,41,469.62622
51.641191,22,469.678425
-7.535323,8,469.697262
-15.876444,17,469.737764
18.130197,15,469.771007
0.430148,13,469.79582
13.917411,12,469.81834
24.836932,37,469.889091
13.811359,33,469.953173
-5.671983,17,469.988783
-28.326286,39,470.064751
5.375342,15,470.094967
1.299959,10,470.114633
-26.576491,55,470.666712
3.741432,52,470.770424
4.258511,21,470.812418
7.459223,27,470.864888
12.997138,25,470.914201
0.089363,26,470.96577
9.115641,31,471.026504
-4.614336,24,471.073594
-5.467377,14,471.101974
13.314419,11,471.123747
-7.722363,37,471.194869
14.684938,23,471.240042
-7.558283,17,471.277038
7.162981,21,471.317697
14.739887,18,471.352036
-20.203264,17,471.384845
2.691319,9,471.401841
-6.73244,11,471.423034
21.522417,21,471.463688
-8.687457,17,471.496808
17.707998,17,471.530071
-8.640037,19,471.567007
8.020914,14,471.594224
-11.408913,17,471.628389
2.90506,13,471.65714
-2.059428,52,471.759092
32.680463,51,471.860248
-12.09612,27,471.920499
-9.614678,84,472.130993
25.144114,17,472.173589
-14.998537,26,472.238619
-22.857779,31,472.316872
-11.067499,44,472.415682
-14.583475,9,472.433077
-11.185327,19,472.46951
12.095796,23,472.51352
-48.928133,34,472.578645
-25.878833,72,472.717449
-54.644097,38,473.23807
1.371434,22,473.284582
-17.071989,18,473.323085
-10.925826,11,473.565567
25.338425,34,473.630189
15.628866,24,473.676846
13.433433,25,473.72794
-33.685557,65,473.867093
-6.846572,14,473.896927
-12.128219,47,473.996783
-11.373525,14,474.026207
5.70124,17,474.062502
10.465634,14,474.092476
-14.104356,29,474.154249
15.895144,25,474.207191
-12.086771,21,474.251945
-26.459755,26,474.307147
-9.43805,11,474.33071
2.570622,23,474.379741
-19.926956,20,474.422168
-8.113357,22,474.468815
3.73923,34,474.541261
-79.885586,48,474.642366
23.642256,21,474.687014
-6.621911,44,474.781158
-25.453594,48,474.883133
6.881346,23,474.933061
21.342371,23,474.9825
-0.208273,14,475.012542
-9.6126,12,475.037852
-2.932187,21,475.082361
3.507824,19,475.124906
-11.836143,16,475.160118
-1.531814,6,475.173538
-9.425751,15,475.206658
-9.71196,17,475.243533
-665.421812,1000,477.869251
-42.304949,34,477.936469
-1.665016,35,478.00578
-2.391008,23,478.052136
2.823767,15,478.088125
26.815119,33,478.167442
-17.168021,24,478.236706
-29.247225,37,478.915992
0.940716,7,478.930514
-42.671374,39,479.005946
-660.996941,1000,481.905972
-0.721655,17,481.942137
-25.787386,65,482.073698
1.043442,14,482.103859
-24.611497,51,482.201106
14.292286,31,482.261212
23.046987,41,482.341395
3.921186,9,482.359041
-8.52238,14,482.385681
-57.464233,66,482.52694
6.585777,11,482.550001
-11.369228,12,482.573147
15.285889,33,482.64495
-57.092626,95,482.844498
1.662046,33,482.907913
29.928132,31,482.970218
0.16126,16,483.000961
21.394956,32,483.064044
8.222741,17,483.096784
7.429904,14,483.123004
15.988207,34,483.186933
-67.568073,86,483.353184
-20.111661,17,483.385555
-18.637991,25,483.432902
6.531769,65,483.591046
-0.986126,7,483.608342
-22.835354,14,483.64291
0.797856,9,483.665465
1.056598,66,483.829737
32.402565,61,484.477146
-10.432771,15,484.509637
4.297075,19,484.550459
-0.091201,15,484.582542
-11.457637,38,484.663937
-18.242894,18,484.702218
-4.336186,16,484.736562
-7.152883,14,484.766232
17.95973,39,484.84973
10.245458,30,484.913986
5.598811,10,484.935568
-639.50181,1000,487.856622
-21.071772,39,487.935453
3.547226,24,487.981146
59.029727,102,488.1785
-3.470632,15,488.206913
-10.251432,50,488.304436
-44.118771,37,488.375594
-83.472135,83,488.536918
8.498375,19,488.574102
-9.007337,21,488.614647
32.61994,38,488.693725
-12.303527,29,488.75732
-602.436122,1000,491.476364
-3.746415,13,491.501294
-105.683957,85,491.668036
-7.144814,22,491.711407
-2.466146,15,491.740408
7.103141,14,491.767318
-7.642431,16,491.798946
1.849798,24,491.844892
-20.361076,46,491.936388
36.447042,22,491.985584
4.11993,38,492.065368
-41.152587,43,492.147541
-2.854193,46,492.236524
19.798869,19,492.944289
-16.315514,16,492.983049
9.727131,22,493.035465
-573.818067,1000,496.061919
16.667648,36,496.138403
-52.496596,51,496.249721
18.369038,53,496.361998
-9.961061,15,496.394181
18.880232,65,496.532535
17.625505,103,496.750186
29.83843,22,496.797816
-55.235867,70,496.945444
-20.938131,21,496.990088
55.104325,46,497.087505
10.420725,16,497.12115
-0.111291,35,497.195834
-620.697147,1000,499.963648
-12.697882,14,499.990304
23.981336,31,500.050289
0.671576,47,500.145482
26.031557,41,500.224448
-4.621495,8,500.24031
-10.79014,33,500.303721
14.695756,26,500.35411
-10.66162,26,500.404269
-3.697772,25,500.453536
-7.911519,13,500.478493
12.866725,19,500.514424
2.788765,7,500.527557
-3.457252,35,501.064548
-57.106874,71,501.236151
-1.319524,10,501.260195
1.280294,27,501.324851
19.175797,20,501.37251
-6.393978,9,501.394544
-3.99842,13,501.425794
6.819971,16,501.464947
2.685379,17,502.109067
-13.189452,16,502.139321
-45.981509,58,502.25015
1.168454,18,502.283876
-32.762291,27,502.33507
-550.331074,1000,504.991563
-99.153196,67,505.127145
-6.120745,14,505.154155
-4.066468,8,505.169786
-2.168705,11,505.190917
-4.415101,19,505.22734
2.249601,20,505.270131
0.966416,38,505.344661
-8.221282,17,505.378158
17.218259,36,505.448491
-24.723737,27,505.504665
35.908822,51,505.606738
-4.279871,30,505.667751
26.072075,25,505.719592
8.425489,14,505.74662
-14.88156,29,505.804497
15.653122,18,505.839759
-523.12479,1000,508.730787
11.721051,28,508.801041
8.520404,15,508.838291
-11.89757,19,508.881584
-16.015518,50,508.992413
-10.591215,19,509.030526
6.426755,22,509.07333
3.637525,51,509.173029
-4.861428,21,509.213378
-8.569535,17,509.247663
-6.680732,35,509.320728
-31.110418,66,509.454522
52.65928,47,509.547809
-20.882882,40,509.626781
-1.058438,7,509.639973
-19.197653,15,509.66832
1.345412,9,509.685432
-7.351049,39,509.761528
3.802463,30,510.293842
7.10158,75,510.439469
42.627591,35,510.505976
12.388977,17,510.538618
-6.889752,8,510.554162
19.272322,23,510.598777
-44.037437,93,510.776947
9.928333,27,510.828857
37.199613,35,510.89627
-7.493473,54,511.008352
-80.678753,105,511.271767
-3.692117,27,511.339303
-6.171093,17,511.382603
-9.76315,23,511.437746
-6.756533,17,511.470368
1.412602,14,511.496753
5.950671,16,511.526909
3.22733,14,511.553301
-29.434083,48,511.647585
-20.378596,38,511.7211
-1.342655,8,511.736767
-5.873104,22,511.779933
2.851862,19,511.816514
-29.018826,41,511.897184
14.795409,17,511.931012
-5.829728,10,511.950568
3.39669,11,511.972508
-16.218769,50,512.070009
26.257306,60,512.191655
3.987323,101,512.988477
-11.228045,13,513.01375
24.236517,22,513.056271
-2.259841,8,513.072098
-6.14942,22,513.115916
-0.205305,15,513.145807
-5.670349,13,513.171613
12.47573,24,513.219681
11.084464,52,513.327002
-19.676446,27,513.378728
-0.568157,14,513.40681
17.831723,86,513.58042
-60.166357,81,513.783165
11.911288,15,513.820749
-0.633119,10,513.845914
3.692801,25,513.908966
20.602772,18,513.953952
8.507357,46,514.065266
-45.594844,103,514.270167
-4.364487,10,514.289054
-12.744377,14,514.31656
15.264067,29,514.378985
-1.663732,40,514.459046
4.582073,17,514.492667
30.763248,29,515.041715
-21.571714,28,515.101155
7.978118,13,515.128993
27.343254,90,515.320766
3.252779,22,515.367525
-42.166573,78,515.532463
-3.765555,12,515.55796
13.149443,14,515.587656
4.546519,20,516.133765
-23.946816,16,516.168096
-4.137425,12,516.193657
2.928575,6,516.206479
-6.601852,23,516.256017
10.986903,42,516.3455
-43.834536,42,516.435682
10.130578,21,516.480313
-11.311215,21,516.524557
-11.916589,73,516.680184
-568.537515,1000,519.299726
-91.3852,229,519.759341
6.489849,18,519.793636
-6.247809,38,519.866449
-11.84582,24,519.912368
-49.062306,65,520.037655
-0.013876,20,520.076737
40.243413,106,520.280238
-7.597409,17,520.312538
-8.372463,33,520.375001
-6.160983,9,520.39218
2.157223,32,520.453013
16.212578,33,520.516929
9.314887,26,520.56672
44.528714,59,520.683725
27.280496,31,520.744735
-16.932353,29,520.804844
-4.871292,31,521.330947
-208.7396,466,522.598357
-28.401012,40,522.68289
-0.835276,14,522.711408
-9.158972,37,522.78482
-16.955948,36,522.860403
-11.47902,15,522.890719
-4.337291,8,522.906162
2.372901,10,522.925914
33.350853,30,522.984463
27.928739,37,523.058546
-10.299548,18,523.093386
-563.043557,1000,525.693074
-111.68293,158,526.026995
3.157013,55,526.14558
-10.544397,22,526.194013
34.460296,27,526.252715
-19.866194,19,526.294544
11.280595,21,526.339705
4.310703,17,526.377024
-12.644931,35,526.949484
-3.653123,14,526.979172
9.986364,29,527.04119
-1.995205,10,527.062104
-6.112522,19,527.102948
8.585209,21,527.147677
-3.884156,18,527.186028
17.170449,16,527.220412
3.728399,17,527.256938
49.195948,47,527.356453
-1.132664,26,527.411477
-19.314928,28,527.471522
1.063558,12,527.496761
3.4387,47,527.597205
-3.717293,33,527.666978
41.350195,70,527.813622
-343.77844,523,529.945475
-14.832496,14,529.972617
-5.132379,18,530.00827
-15.452094,34,530.523205
1.617828,40,530.600125
-10.206857,17,530.633951
14.703317,21,530.675053
-117.336433,104,530.904235
-2.980566,33,530.985979
-6.144343,33,531.067574
-2.423946,65,531.228048
-12.628718,12,531.258213
-6.327441,8,531.278381
6.322819,23,531.33447
5.033174,35,531.405859
-22.459768,51,531.504804
4.918169,13,531.529585
27.24466,31,531.588625
0.661687,15,531.617567
24.659689,49,531.71647
13.972154,45,531.801255
-11.904404,24,531.847764
14.56546,61,531.96543
3.691527,46,532.056336
-0.325346,28,532.10904
-0.197523,13,532.134059
-7.391705,56,532.241389
22.229736,31,532.301878
13.175571,80,532.456067
-3.755869,25,532.508129
2.377144,14,532.534628
-29.809352,139,533.283469
-3.684332,96,533.49173
21.857001,17,533.534665
-25.909691,52,533.665518
17.289823,30,533.740194
5.546295,12,533.770028
3.472781,16,533.810262
11.227673,11,533.837371
7.93114,20,533.887073
-26.786147,43,533.978622
-16.761019,37,534.053688
4.564224,9,534.072715
11.97179,33,534.144573
-4.194873,15,534.177974
-2.790473,18,534.217912
-9.91261,19,534.25514
-8.011112,19,534.295346
2.530096,42,534.384782
-1.324629,15,534.417708
-446.328912,1000,538.349251
3.354779,8,538.366827
-492.772021,1000,541.054859
7.524084,32,541.116329
-8.831913,39,541.193744
6.495643,12,541.218357
-5.374752,16,541.250292
0.753708,6,541.262204
7.319924,14,541.29049
10.968856,13,541.319201
6.363777,18,541.355472
31.323157,33,541.420132
16.424613,19,541.457082
-2.281214,19,541.496653
15.611928,19,541.539616
-36.79626,80,541.740272
-12.412644,15,541.778273
-7.291788,9,541.800998
-4.10992,8,541.82082
2.453354,6,541.835886
13.681538,56,541.976561
8.850357,18,542.012548
11.363947,31,542.070985
-492.259921,1000,545.760505
-14.51272,35,546.43041
20.93564,38,546.510594
-1.236467,32,546.578683
9.756303,21,546.62316
8.936353,26,546.677752
-1.346983,14,546.707425
-72.422124,84,546.885415
3.182494,10,546.907014
-1.280371,14,546.936797
-14.208357,15,546.96875
3.461307,9,546.987924
-503.092385,1000,549.626506
1.944658,13,549.652117
-1.170683,28,549.707376
4.148814,17,549.740263
-0.11256,19,549.776765
11.420739,29,549.83266
52.975321,26,549.882576
-62.582461,44,549.990967
-0.107018,12,550.022001
7.862795,26,550.088045
42.941569,58,550.235598
0.78312,14,550.271038
7.79857,36,550.355144
-12.382893,14,550.382109
-3.209613,42,550.462643
10.386657,33,550.525763
10.365034,29,550.583133
-440.089497,851,554.799797
19.615129,20,554.843862
29.380378,46,554.935605
0.203618,13,554.961923
5.58662,22,555.006144
8.607309,15,555.035933
-14.073354,23,555.081985
-46.798968,40,555.163348
-11.259892,10,555.188625
5.301148,54,555.324475
-2.495721,13,555.35697
3.349365,11,555.384715
-10.884734,25,555.447049
4.079522,10,555.472092
16.76008,23,555.530618
14.134376,21,555.583669
28.587655,23,555.632706
7.272125,64,555.756116
-8.016564,17,555.788235
18.73254,25,555.835361
9.330535,29,555.894058
-5.137879,23,556.45245
-17.272795,50,556.558898
-15.702038,16,556.592973
37.617092,33,556.663203
-4.997602,10,556.684111
-7.720311,16,556.718614
-2.955304,13,556.746159
-9.689596,16,556.780228
4.209014,19,556.820241
19.187997,23,556.869406
24.806632,27,556.926611
-2.483367,21,556.972141
-4.419575,15,557.003808
-0.72613,17,557.039489
-3.587305,23,557.088686
24.685698,58,557.211928
-6.432828,92,557.406909
27.450579,24,557.45849
22.482568,13,557.485972
10.26615,14,557.516523
2.153771,36,557.592542
58.617777,62,557.723209
-15.776625,49,557.827041
-1.696288,38,557.907635
4.071427,65,558.044982
22.301215,17,558.081618
-16.045843,28,558.141367
9.910387,38,558.222585
-0.853729,15,558.254887
-18.827741,15,558.288473
0.420652,11,558.31224
28.204807,41,558.402215
-0.905819,18,558.441184
3.838325,71,558.59687
2.393526,15,559.142023
-453.412924,1000,562.810083
19.304944,25,563.344861
-30.676564,25,563.393127
-15.812933,34,563.457326
5.799761,29,563.518806
12.556354,19,563.554922
43.196738,27,563.607898
11.905712,12,563.632121
13.276829,36,563.709877
7.127123,29,563.7705
-5.888285,54,563.884359
1.450509,15,563.917612
20.615107,17,563.954846
18.286459,25,564.009835
3.374445,8,564.027742
7.096336,18,564.068379
-4.692771,15,564.101967
-63.175869,60,564.231153
-5.801001,14,564.258554
2.703044,24,564.305931
2.156776,42,564.389445
15.44999,31,564.45809
-1.295646,19,564.500181
15.558831,31,564.566647
22.805978,52,564.667255
-9.278435,14,564.695225
-12.745292,23,564.743128
0.565814,16,564.778929
4.057969,47,564.875893
-24.870425,23,564.926857
33.798205,39,565.012507
5.298053,40,565.098984
-9.694126,107,565.352679
-9.056919,61,565.508583
15.402673,23,566.186555
10.214502,28,566.242343
-21.155632,102,566.44972
8.272668,8,566.46564
-29.023584,45,566.553129
-2.577176,18,566.590519
11.504161,36,566.671693
0.07433,43,566.755257
26.711743,50,566.859757
14.050361,23,566.905569
13.059777,14,566.935829
-356.174893,1000,570.094307
-19.865863,97,570.301527
-0.374368,8,570.318706
-21.10495,19,570.359027
14.852774,55,570.475297
-10.775353,32,570.543927
-21.465416,70,570.691971
0.085966,6,570.704665
9.186561,12,570.730115
-22.877979,24,570.780748
-28.040369,93,570.976943
3.420086,32,571.045153
-8.218026,12,571.07052
-7.893671,30,571.134805
3.964259,12,571.161005
12.821508,25,571.213764
-406.715467,1000,573.815114
3.472626,9,573.838654
6.95632,22,573.899605
6.807034,32,573.988956
40.867021,39,574.093108
-17.366862,126,574.820229
-1.404101,22,574.862149
49.927579,27,574.913204
23.785577,41,574.991182
21.449281,45,575.078712
14.786151,16,575.112101
2.308291,11,575.133352
-2.221329,14,575.160426
-0.823153,17,577.332723
-418.626142,1000,579.911459
28.724368,106,580.136366
0.493989,9,580.155611
26.095773,65,580.293514
-13.380681,21,580.33778
8.737027,11,580.360927
0.564512,14,580.390574
-331.636486,1000,583.048407
10.482794,30,583.112265
50.032134,57,583.232914
-13.427665,35,583.306776
48.007168,82,583.480991
-6.257034,24,583.532025
4.940499,9,583.550956
14.224449,16,583.584798
23.148317,27,585.838568
-10.832724,41,585.919555
-33.537099,35,585.995793
25.68777,16,586.029284
-3.106006,22,586.072069
-2.222817,22,586.12058
15.728367,14,586.147366
-49.000547,53,586.249296
0.140487,9,586.267249
-23.266128,48,586.363118
6.038015,25,586.412715
-402.374785,1000,589.114913
-44.580928,44,589.208101
6.760296,33,590.021033
-12.816815,24,590.068458
6.425512,43,590.152929
24.9479,32,590.217057
10.528657,43,590.307866
-30.584167,57,590.426165
10.245928,36,590.495553
11.287149,21,590.535524
17.720607,54,590.645023
15.89969,29,590.70603
-4.809997,12,590.728949
16.345175,49,590.831284
5.255182,50,590.936184
36.731841,58,591.05895
2.429917,17,591.094782
21.862326,44,591.188326
-70.796251,96,591.391646
-2.555312,142,591.692479
-24.059504,70,591.8427
8.26382,30,591.908898
10.823195,74,592.071473
-11.286273,37,592.761082
-55.036754,68,592.905862
-16.016514,50,594.576084
8.895347,19,594.618636
-5.837014,11,594.639835
0.668254,38,594.712493
-38.579847,45,594.799562
6.666172,16,594.830309
2.957589,28,594.884017
68.662317,79,595.04055
40.997682,24,595.100343
-318.605483,1000,597.593647
8.863535,34,597.677326
-1.84897,39,597.775087
22.634449,27,597.842817
-2.758778,29,597.915261
-308.225821,1000,600.457142
3.247138,11,600.481091
3.695472,11,600.504923
-3.972959,13,600.533142
19.667614,93,603.388215
0.763558,14,603.41819
10.296585,30,603.481205
55.762998,77,603.644166
27.936866,43,603.736518
-25.691256,83,603.914636
12.309475,45,604.011322
15.052884,34,604.084223
6.099953,8,604.099681
8.16286,9,604.117996
-1.101027,7,604.131532
15.65001,59,604.24485
3.543476,9,604.996177
6.291778,26,605.045661
2.311667,24,605.091191
12.160698,14,605.118012
14.58792,23,605.162233
3.18187,69,605.295123
-1.105545,51,605.394081
18.261436,25,605.442076
1.76813,22,605.484932
11.30396,35,605.55151
2.138856,18,605.587717
40.824041,27,605.639125
-7.250683,12,605.661897
-23.253942,42,605.741223
6.121775,9,605.758516
12.65574,14,605.785429
14.292727,83,605.945228
1.095164,25,605.998202
22.169836,42,606.080873
-1.478913,83,606.239952
-10.34495,11,606.261299
-20.401042,14,606.287934
14.913794,44,606.371781
-5.847094,16,606.402447
1.218554,66,606.531917
22.91966,42,606.617243
3.312857,25,606.668019
12.678959,16,606.698248
11.315323,15,606.726561
51.39089,71,606.870517
-373.342318,1000,609.582301
1.169176,15,609.611701
17.275196,35,609.691919
8.843507,26,609.759446
3.483863,32,610.907763
34.300268,124,611.162868
-265.348659,1000,613.932434
50.682431,53,614.045009
39.509416,54,614.160979
55.520554,31,614.226766
28.277085,24,614.277501
-3.682057,15,614.309654
-13.145065,141,614.607726
5.453335,19,614.648022
9.912803,30,614.712461
3.439881,9,614.731604
-10.471228,19,614.772423
57.181338,90,614.963386
18.477844,20,615.006434
-8.158801,42,615.097486
7.303771,31,615.163455
6.457717,35,615.238522
17.39844,91,615.433033
9.973723,37,615.515092
70.526669,112,615.762667
20.114633,40,615.851585
-23.475601,24,616.519017
1.679642,9,616.538262
20.265613,50,616.644079
-0.152059,10,616.665498
34.460517,31,616.731552
51.056137,45,616.826471
22.530007,38,616.90812
-4.952078,20,616.9511
6.164193,9,616.970256
29.493723,46,617.066103
8.397076,43,617.147773
-9.450186,31,617.207721
-294.134699,1000,620.508681
-2.275928,51,620.60683
46.916912,70,620.746229
2.002436,37,620.818725
12.076672,50,620.923901
7.07712,19,620.961363
-18.549581,77,621.110031
-0.007901,49,621.211581
0.523116,19,621.256811
-11.880331,22,621.30982
-352.585548,1000,623.989772
14.863259,27,624.047488
-6.038722,9,624.066651
-7.565017,29,624.127686
16.670737,22,624.175044
15.616205,23,624.224209
-0.131924,10,624.245349
1.43474,57,624.366667
-36.600515,49,625.286391
-4.209938,55,625.402772
-23.425338,37,625.481594
-21.104565,19,626.122527
59.433928,50,626.228966
1.396395,17,626.26476
-15.993883,16,626.299385
-71.933044,123,626.561447
34.641756,50,626.667689
14.846749,11,626.691224
3.167306,15,626.723719
-2.534622,26,626.778807
38.878446,31,626.845412
13.538994,96,627.051322
1.411394,8,627.068324
-2.771364,33,627.138714
4.772401,32,627.207109
24.623,41,627.29514
4.265309,15,627.326877
41.752613,55,627.444537
10.937276,16,627.478551
-4.375509,28,627.537735
-0.64778,9,627.55682
3.526827,62,627.689242
15.365004,92,627.885839
30.902817,34,627.958746
-29.410717,43,628.052
-1.426227,35,628.12929
14.857538,30,628.19573
2.391632,9,628.21539
12.636773,14,628.24665
18.844389,38,628.930298
6.375697,19,628.970841
6.990546,12,628.996546
28.703285,32,629.064352
28.742432,38,629.145832
-10.403398,11,629.169435
23.277573,45,629.264181
26.234326,22,629.310807
11.037981,40,629.395342
39.800986,36,629.471893
7.358515,12,629.498135
5.639361,12,629.523402
31.129929,43,629.615023
47.820585,38,629.696479
14.235721,18,629.735171
8.080859,30,629.799046
4.801028,10,629.820367
15.29585,14,629.850354
8.86668,69,629.998085
-0.403153,35,630.07602
5.492986,72,630.221641
-0.230813,10,630.243466
28.516363,29,630.307348
22.081145,18,630.347135
38.49871,22,630.391871
46.349053,38,630.464068
6.938693,85,630.665557
39.744687,61,630.813361
5.262959,27,630.878716
17.99977,41,630.976672
54.712702,172,631.947198
17.429942,23,631.991876
17.966662,26,632.050662
5.922306,22,632.09898
14.246716,37,632.181069
4.655265,24,632.233862
11.48125,33,632.305738
13.154606,59,632.435209
22.276688,21,633.985278
-7.020299,34,634.056067
-14.744344,27,634.106635
14.002511,60,634.225876
17.445366,31,634.286971
11.701987,19,634.323755
15.111262,16,634.356942
13.429988,19,634.399063
4.541845,14,634.429386
4.927202,18,634.46394
-26.731104,92,634.643654
19.10236,25,634.693196
3.958809,7,634.707158
46.494587,70,634.851564
1.983851,11,634.872536
11.274664,23,634.917766
10.533185,12,634.941518
-11.705727,35,635.008772
15.748906,42,635.095318
9.651669,19,635.137276
9.895766,17,635.173394
-7.186592,28,635.230383
-216.195193,1000,637.770858
61.314164,77,637.932384
11.994564,59,638.654706
-1.248651,97,638.861574
36.584653,62,638.992926
20.630512,19,639.033388
-272.04268,1000,642.622017
-3.033397,40,642.701082
7.05081,52,642.800695
32.132077,74,642.954348
3.799444,20,642.995304
14.321878,57,643.106173
13.195092,16,643.136728
6.890595,47,643.228044
4.500373,11,643.249673
38.252876,79,643.413124
-7.012002,21,643.455022
14.050493,49,643.549709
-12.016184,94,643.72978
-6.300158,43,643.820419
14.535132,37,643.90472
19.386448,26,643.960553
43.206517,27,644.014076
-0.070304,52,644.127145
-2.457488,8,644.144001
2.74684,8,644.162228
-2.168852,34,644.247445
4.883534,15,644.286988
7.767005,28,644.965552
1.527292,7,644.979182
-3.029912,8,644.994829
-5.523169,23,645.038131
22.37794,57,645.154317
-50.983448,71,645.300238
14.929816,23,645.344854
28.832956,95,645.545638
21.975275,18,645.580381
26.590234,34,645.645483
22.427025,23,645.69209
7.675623,13,645.717233
39.011241,35,645.783508
2.671979,96,645.978115
1.331449,17,646.010016
-8.103047,14,646.036119
-3.937921,15,646.065807
9.114428,65,646.20998
-247.784982,1000,653.201764
31.139311,26,653.256721
-3.683701,34,653.328524
-3.673129,14,653.358499
25.090913,38,653.439005
1.984978,19,653.479391
28.61683,121,653.737569
1.49078,8,653.754693
4.98896,46,653.852432
-10.62933,18,653.890623
59.61107,79,654.059568
-2.004951,13,654.688406
-5.139188,18,654.726238
25.023897,28,654.785202
4.901458,23,654.83414
0.393618,8,654.851496
-21.200238,51,654.960306
7.794482,13,654.987901
14.490209,25,655.041703
35.759636,30,655.106023
19.350904,17,655.143286
3.716003,12,655.169237
14.218905,73,655.324435
11.272067,26,655.374653
-15.891398,108,655.584051
5.213487,40,655.659528
17.261401,17,655.691739
-4.032098,19,655.72759
4.79301,12,655.750278
27.288064,25,655.797961
24.946126,118,656.039334
38.438483,102,656.282388
34.152723,67,656.443722
45.181781,35,656.527207
40.28619,24,656.584767
10.720158,13,656.612082
-24.468283,101,656.806613
98.64421,158,657.61352
-2.807047,25,657.666083
64.064035,91,657.845142
-18.473603,13,657.870962
12.445355,24,657.91689
38.3854,39,657.998151
-41.310072,68,658.13323
6.518365,11,658.156966
-16.202767,20,658.195867
4.916908,8,658.21124
2.35413,17,658.244861
32.699565,36,658.315523
4.684711,26,658.365459
8.284845,17,658.398364
-15.065903,84,658.563082
67.103567,59,660.782216
39.595843,78,660.93426
-7.798919,42,661.015272
19.312871,69,661.148977
22.449509,17,661.181288
-6.572882,35,661.249546
13.79415,72,661.399933
27.414374,55,662.169625
12.245838,14,662.197079
34.619685,37,662.270838
7.75789,67,662.413112
25.861225,48,662.515631
-9.252662,45,662.611204
7.218039,42,662.701011
-0.029751,18,662.739613
8.004495,17,662.776395
11.091139,26,662.831846
10.940779,42,662.921118
-2.300161,11,662.944277
7.185945,18,662.982329
5.001585,70,663.131243
12.967841,58,663.253169
-3.841409,38,663.333551
15.195956,42,663.421856
-3.636441,32,663.489179
51.594975,38,663.569992
14.834443,24,663.620612
64.235976,41,663.707068
25.070536,45,663.801687
6.827427,8,663.818382
16.926854,23,663.867137
29.003491,56,663.986216
0.749422,15,664.018251
4.303239,17,664.055787
4.622713,15,664.088647
48.831749,78,664.259308
20.937972,36,664.84046
23.313894,29,664.902092
-23.981966,112,665.141196
-50.083391,133,665.423322
46.042286,49,665.526944
9.444903,32,665.595391
14.652563,76,665.756778
19.717164,33,665.827145
20.268557,36,665.903562
-8.045139,13,665.93073
-37.413394,81,666.102233
28.438109,29,666.163722
-11.026906,17,666.200131
-67.953484,202,666.627337
33.893164,32,666.698113
7.946334,23,666.748815
79.298781,38,666.831979
10.816787,18,666.87091
-8.983409,35,666.946724
19.79985,53,667.562571
-13.83969,15,667.594368
-31.768095,121,669.669847
27.522656,33,669.733509
11.867047,15,669.768127
51.104363,38,669.874587
61.195404,120,670.191968
2.781535,12,670.217612
5.777067,16,670.248067
24.969427,43,670.33183
18.662682,56,670.440535
46.200831,151,670.735494
1.418709,133,671.015124
19.409149,30,671.073182
-11.006906,15,671.102421
-4.439773,19,671.139789
12.413856,25,671.188759
4.58611,12,671.212526
10.318324,48,671.305178
13.633213,42,671.385378
22.659453,49,671.933266
6.912485,22,671.974996
-8.894717,110,672.20407
-57.719766,117,672.465368
24.535027,36,672.555408
33.702571,59,672.70284
17.009255,36,672.793411
148.410993,191,673.183619
95.317631,142,673.466328
23.296437,23,673.510623
107.862613,63,673.635975
7.404295,29,673.692564
-36.594161,93,673.881968
10.211619,10,673.901688
19.713698,52,674.012758
10.048618,28,674.072793
-7.199666,18,674.618049
-219.610705,1000,680.248249
10.739038,19,680.887645
88.104242,138,681.182299
48.17413,64,681.306171
17.604126,21,681.34815
14.370889,107,681.567927
9.846624,17,681.601576
10.533047,41,681.680429
91.187022,64,681.818749
4.587539,15,681.847831
16.07525,22,681.894248
20.604703,35,681.960941
10.410984,33,682.023312
34.61838,52,682.146898
20.055138,16,682.185652
-16.202273,27,682.249233
-211.037431,1000,684.907908
34.910659,36,684.995229
27.704306,39,685.090149
17.409948,99,685.327131
25.667283,30,685.395779
10.071319,36,685.466153
11.345671,151,687.483236
3.751997,18,687.518475
2.020249,18,687.552812
11.169362,43,687.641789
5.574162,22,687.688259
19.51736,50,687.794691
-115.057248,1000,690.57358
16.61506,69,690.721113
-14.801117,130,690.999017
16.905533,25,691.053243
61.780277,83,691.230415
10.911757,32,691.298795
25.99911,63,691.431679
39.46213,44,691.525742
3.669672,55,691.642837
8.191185,14,691.672295
43.952699,42,691.767497
28.722723,62,691.915966
-2.444027,21,691.966661
16.32706,14,692.000203
-1.230645,14,692.034778
22.513882,49,692.153005
68.455409,56,692.286332
4.06993,11,692.307519
15.546994,32,692.366795
-71.410294,152,693.264123
-4.046142,57,693.376895
18.256952,15,693.405652
24.983624,43,693.491139
16.143887,23,693.535361
48.556827,31,693.602341
35.403302,67,693.736105
51.744416,69,693.879152
9.523186,32,693.942358
-157.747184,1000,700.171476
32.625454,39,700.25548
-14.85249,36,700.332949
-1.649542,65,700.470964
45.588592,66,700.610805
47.464498,69,700.757776
49.300151,30,700.822124
15.024026,28,700.881529
80.569397,86,701.063902
-51.87472,1000,703.725088
15.56412,45,703.822165
5.366837,40,703.910383
24.655053,70,705.802454
4.367711,55,705.933323
20.86092,32,706.587832
1.232478,7,706.601929
9.824153,16,706.632829
2.666761,11,706.653942
-7.744685,11,706.676309
16.960876,14,706.703239
10.422695,19,706.741184
4.890954,9,706.759513
-11.032333,10,706.779381
-65.833624,1000,709.435812
-9.760993,73,709.574858
27.396078,63,709.696809
39.241505,37,709.771414
98.057865,100,709.967983
13.184025,24,710.013578
54.634462,78,710.169592
1.062088,12,710.192754
27.693973,74,710.335781
29.372734,1000,715.522017
44.112534,32,715.590184
16.239253,14,715.619855
6.985797,9,715.639245
7.415883,15,715.67145
4.419383,10,715.692619
9.069676,47,715.791929
-6.179351,110,716.027542
2.622092,19,716.06832
18.176995,15,716.100931
22.677431,35,716.175102
-3.096495,60,716.303698
-0.278586,11,716.327679
-22.476672,31,716.393207
16.390127,19,716.43402
5.963054,102,717.258735
59.171849,141,717.557037
18.497324,54,717.662025
-4.773502,20,717.700574
13.24301,23,717.748449
2.623382,51,717.856263
79.504169,76,718.039804
-1.133785,26,718.102501
27.024432,26,718.163956
26.691975,64,718.317851
51.841314,66,718.473824
40.101592,107,718.690444
2.054122,14,718.716879
8.029434,37,718.786893
6.922989,25,718.834432
86.321711,103,719.032861
30.501971,50,719.132231
45.877317,86,719.303895
24.609968,24,719.356377
10.858551,17,719.995468
23.527161,155,720.330519
23.323041,45,720.421724
40.111172,35,720.496865
-5.040023,12,720.523395
13.950041,20,720.564487
5.755871,25,720.612692
-33.604913,67,720.767097
14.201272,90,720.981326
7.216756,20,721.028324
-105.739913,1000,728.571634
-16.909997,17,728.608377
16.871843,32,728.676284
-134.691979,1000,731.32645
8.425766,130,731.577447
38.613487,83,731.741918
17.206744,22,731.795624
46.003664,101,732.036019
80.262546,65,732.19076
-22.439831,70,732.353017
34.734577,44,732.436993
18.270475,23,732.485111
34.088688,46,733.191654
16.904565,21,733.233334
67.735695,98,733.435876
-2.438126,44,733.524359
21.643785,16,736.966128
33.910481,52,737.07664
33.073179,44,737.169544
9.404495,22,737.217078
5.726937,12,737.243116
70.278375,180,737.632316
10.583285,40,737.720728
-16.203545,83,737.897411
13.249396,38,737.978854
0.167051,152,738.306924
37.618451,67,738.452564
35.318943,64,738.592762
72.459986,70,739.375096
5.945261,15,739.406754
2.786257,16,739.44174
-3.302195,66,739.591785
12.804518,123,739.863421
41.163109,77,740.029781
-15.391279,1000,742.849582
21.27447,30,742.912983
53.418222,1000,748.173163
16.371994,84,748.349136
2.849548,1000,751.188045
11.615087,19,751.224372
-51.420404,1000,755.467793
5.270911,19,755.509666
-16.450716,1000,758.24984
-76.303083,1000,761.060103
45.0941,39,761.154315
1.965863,16,761.19446
32.221829,41,761.303861
10.255098,49,761.413348
14.040183,12,761.438599
11.357288,21,761.486109
20.60717,25,761.537156
22.490892,104,765.014028
18.359637,35,765.090381
26.768996,81,765.272752
34.604889,22,765.322178
36.825214,39,765.408965
137.379948,133,765.712509
50.000024,87,765.91199
0.966469,20,766.606031
45.403605,83,766.783492
-8.278029,16,766.817814
16.504748,64,766.954273
40.681418,45,767.050793
1.872212,8,767.068744
-24.302411,79,767.261974
25.052286,74,767.44391
80.052817,101,767.683982
32.230772,1000,770.529667
1.180263,20,770.576882
-15.070726,1000,777.446413
34.734872,26,777.49634
60.125291,37,777.567063
4.598855,15,777.596129
30.24437,51,777.694978
19.282273,21,777.735833
24.985485,61,777.861984
-5.719792,53,777.96693
88.108214,237,778.466938
87.822882,118,779.474289
64.708324,1000,782.252275
30.902493,59,782.377312
61.021264,50,782.484696
23.430565,85,782.664735
6.800366,11,782.687748
34.333347,20,782.729707
51.663491,52,782.839369
29.509173,108,786.259961
77.555574,143,786.569205
-30.902612,88,786.758634
46.322066,31,786.825265
59.498742,112,787.072385
27.609449,49,787.185196
17.538036,17,787.224476
4.627169,63,787.357179
78.929662,102,787.570666
128.210302,259,788.719172
99.770963,1000,791.395596
8.552968,14,791.422842
78.205248,89,791.615087
67.918461,126,791.908736
9.041848,48,792.027676
11.647145,18,792.072379
3.703132,15,792.109799
3.113948,70,792.25664
30.681218,1000,801.826242
-29.051101,62,801.946236
80.390361,80,802.103733
70.578793,120,802.348283
32.553833,271,803.403479
7.379925,21,803.456586
0.073902,19,803.505001
18.619434,73,803.685663
-17.439154,70,803.860869
10.605742,29,803.933214
30.579761,29,804.004347
1.118508,32,804.069193
48.254353,30,804.129144
24.475159,59,804.242087
-0.675547,16,804.272786
16.44493,71,804.410949
103.200271,1000,813.621846
124.89542,157,813.930166
56.766415,215,814.357595
60.422308,54,814.469156
31.529965,52,814.581294
59.011857,30,815.089604
45.135523,49,815.184777
26.326452,112,815.407706
33.415445,30,815.472929
2.825402,14,815.503964
114.233492,105,815.731854
47.032311,53,815.841363
46.639476,32,815.921787
67.506542,130,816.254184
30.65616,50,816.370597
14.045026,28,816.43345
0.533422,7,816.4488
4.272786,12,816.47621
-2.589754,15,816.505983
27.207093,69,816.652911
-5.223884,84,816.824133
33.34879,20,816.864012
106.224574,138,817.146049
-15.415664,142,817.914873
7.387963,9,817.932383
35.143947,1000,825.901451
14.698281,67,826.047304
15.645859,71,826.214732
36.447868,31,826.286331
131.789178,1000,829.113226
3.305125,17,829.149714
34.030884,136,829.4412
58.671016,1000,835.266535
23.636684,14,835.297167
8.591338,11,835.320566
125.987588,307,835.982464
116.450279,141,836.288653
129.641724,283,837.447167
46.786091,188,837.861862
34.109994,81,838.036817
27.334214,73,838.193924
125.834723,96,838.401101
17.749143,21,838.446709
166.39553,1000,841.274638
23.282257,117,841.519392
-19.935308,84,845.194975
0.270164,14,845.225724
81.776979,811,847.514105
5.182608,29,847.578246
46.049712,133,847.871684
-10.97345,50,847.982288
35.297394,70,848.136645
-10.662599,62,848.274764
78.56707,114,848.526213
36.144378,158,849.387203
187.180893,320,850.088182
58.162059,66,850.231904
118.700778,98,850.453953
167.073954,324,851.189102
115.515901,69,851.344335
10.716794,16,851.380213
37.573901,236,855.248711
-11.797652,53,855.356236
-1.274831,19,855.400811
15.643545,39,855.482939
86.031018,126,855.746959
10.193588,28,855.810755
6.289169,16,855.845858
5.3708,15,855.877958
51.81503,103,856.148083
95.54242,114,856.437377
169.766366,1000,859.163459
84.197736,208,859.597879
-15.858761,149,860.430281
102.380568,66,860.556603
18.623473,21,860.597001
31.817988,41,860.67656
32.040132,22,860.720039
100.43705,100,860.932024
29.335077,35,861.006539
-13.934626,22,861.05454
26.628494,19,861.094624
38.452023,82,861.270762
63.410441,84,868.315781
118.962006,1000,870.817918
41.922558,139,871.133924
57.937295,42,871.220195
2.074199,16,871.257
91.487436,126,871.521761
0.516067,16,871.553982
118.177547,70,871.70563
55.319886,52,871.810345
51.659858,124,872.592857
174.565016,1000,880.023642
57.894546,304,880.680731
23.587345,39,880.766511
171.063852,1000,883.395069
9.933635,70,883.544813
15.044378,17,883.582595
131.487705,98,883.787089
15.100191,15,883.818048
75.480983,207,884.26354
6.780329,296,885.630554
52.146253,48,885.728948
89.885136,57,885.849014
81.894289,55,885.95915
38.826705,33,886.024963
107.553666,169,886.366649
154.32954,210,891.630975
96.663075,92,891.84542
5.735524,66,892.004211
128.638019,172,892.394534
73.688504,135,893.193234
233.338545,430,894.1302
90.200287,91,894.32963
108.999682,133,894.618137
220.217486,338,895.860446
-8.307069,253,896.388726
2.158509,14,896.415502
99.523625,97,896.6073
88.333517,243,897.185494
100.813986,96,897.385621
81.674348,84,897.568157
104.65133,117,902.880086
117.797264,126,903.753578
15.556801,18,903.79255
81.749559,138,904.089073
143.455341,1000,906.8752
182.733034,1000,909.642494
41.264743,85,909.825536
14.308678,23,909.876344
87.538629,146,915.390646
21.263997,25,915.443896
206.937362,239,915.954964
61.835189,230,916.458192
115.913808,99,916.678248
3.090851,19,916.721307
27.334503,57,917.454651
38.702689,40,917.539353
41.458275,87,917.726053
92.065093,71,917.879231
65.473467,55,917.997487
96.690088,78,918.164547
131.421104,430,919.07602
56.463719,33,919.153952
67.046107,130,919.433912
112.255476,105,920.281042
19.13126,46,920.374002
85.052837,47,920.465509
1.908005,28,920.520283
7.789537,66,920.648088
100.307399,173,921.024328
315.775268,1000,929.90082
96.12112,280,930.502928
116.400874,311,931.178315
165.806576,136,932.197433
40.473086,163,932.509417
124.232627,244,932.977763
43.338674,58,933.087345
133.135733,161,933.398655
81.566409,193,933.771584
86.498194,124,934.05759
27.353206,108,934.946029
62.898346,90,940.32747
35.422242,152,940.648103
138.650932,135,940.933847
29.814471,71,941.085532
41.399604,43,941.17738
0.943531,274,941.76218
17.528968,12,941.787607
196.243612,1000,944.547761
208.230179,278,945.749647
50.719203,78,945.910178
61.834092,127,946.16506
113.07693,107,946.38396
-1.046463,71,946.558108
142.37093,332,954.87801
24.465129,17,954.914327
62.787472,54,955.028875
22.952589,139,955.325112
3.104569,31,955.999582
97.51392,110,956.234423
106.895863,349,956.976655
7.975399,136,957.266504
50.290071,48,957.369257
47.853293,24,957.419494
138.024472,157,957.753251
28.551506,35,957.829154
7.987054,8,957.846086
27.173416,124,958.117502
-11.868617,110,958.95102
45.100874,42,959.031012
149.542144,234,959.545471
10.345685,105,959.79847
60.329316,108,960.003968
64.067139,89,960.173714
184.28131,747,970.462639
2.964996,32,970.530232
37.33574,64,970.665086
46.482783,78,970.828508
47.265386,37,970.906883
107.787817,123,971.166524
22.559264,30,971.230061
239.767502,385,972.667519
27.177975,53,972.78162
111.511499,227,973.25523
55.57563,51,973.356981
50.593022,68,973.496115
114.912254,106,973.711179
12.358306,22,973.759279
125.360999,200,974.174581
27.509674,29,974.230947
69.391794,73,974.377089
113.232433,88,975.269308
15.26989,39,975.355273
28.658272,140,975.639141
115.566712,135,975.909215
72.498233,62,976.035524
52.807916,74,976.186908
51.847433,72,983.017288
227.30539,508,984.614839
113.191464,160,984.955091
46.773019,45,985.052164
124.176827,146,985.362376
35.514663,46,985.463864
106.721072,92,985.662233
71.580259,88,985.850149
1.033692,17,985.887235
40.985926,50,985.993696
147.898101,183,986.360579
35.016629,108,986.582802
55.366737,70,987.479802
136.567924,144,987.755104
23.190256,34,987.821833
297.695823,1000,994.900854
26.657511,26,994.956112
209.963394,151,995.27615
54.307548,68,995.420579
87.065414,139,995.714401
287.177526,1000,998.356862
54.322793,116,998.604236
322.222764,1000,1007.677735
353.471162,1000,1010.309231
290.653666,295,1010.938042
247.718306,1000,1020.046181
29.707214,43,1020.166074
30.638926,32,1020.254321
141.335921,227,1021.386847
31.731824,22,1021.433552
282.582274,1000,1024.184688
5.878336,8,1024.201902
314.860823,1000,1026.91188
156.816256,264,1035.805391
13.737525,66,1035.948459
315.25343,1000,1038.604692
362.341307,1000,1041.220505
429.369487,669,1051.070881
34.691029,297,1051.703628
109.138921,149,1052.018656
73.124409,103,1052.23769
75.224015,102,1052.453446
35.287288,25,1052.504045
3.767489,30,1052.560152
33.128645,45,1052.648419
42.780863,34,1052.729773
225.092443,384,1054.19468
27.191922,29,1054.250076
47.075609,55,1054.354854
121.652366,167,1054.674925
128.257383,145,1054.9513
10.535508,8,1054.967229
24.225855,28,1055.02029
398.25902,1000,1064.836136
54.913921,56,1064.95555
78.313199,181,1065.343503
56.884728,237,1066.465226
13.669714,96,1066.668989
117.713633,379,1067.441109
17.81124,19,1067.476716
71.313919,54,1067.581288
76.323697,72,1067.720474
161.830596,295,1068.283156
84.538997,67,1069.158011
25.032089,21,1069.197748
405.669143,1000,1080.313706
134.072618,154,1080.641913
39.511587,60,1080.769114
444.865669,1000,1083.505969
37.344961,39,1083.579689
172.129993,263,1084.081132
45.710382,118,1084.309184
26.30534,60,1084.422454
308.994176,727,1094.892548
204.821297,209,1095.313156
142.989296,387,1096.164618
162.281134,331,1097.403529
156.487158,122,1097.64175
212.827355,279,1098.258376
79.771681,90,1098.456161
152.002777,231,1098.920703
6.16907,12,1098.943773
75.105566,56,1099.698327
170.686455,295,1100.312063
100.107275,422,1110.373222
332.363976,1000,1113.049459
99.647258,127,1113.320913
118.442614,234,1114.424826
240.64977,335,1115.138405
673.902346,636,1124.303339
29.765726,34,1124.387439
395.422005,1000,1127.05466
91.744851,69,1127.202389
38.694965,52,1127.314261
102.318702,332,1128.021179
163.200405,172,1128.387015
396.348199,484,1130.052519
109.013803,142,1130.355862
129.874241,230,1136.515193
281.327043,215,1136.938055
223.537118,428,1138.516616
19.232352,15,1138.547311
21.083479,15,1138.576421
234.225677,315,1139.195081
141.122567,162,1139.514024
293.970364,1000,1142.209068
201.781338,234,1152.05909
30.902024,23,1152.120123
54.636262,121,1152.41844
520.946201,726,1154.419733
666.572499,1000,1157.052748
26.178906,24,1157.104147
109.713703,259,1157.657881
95.689272,114,1158.407783
256.327283,416,1167.193632
368.785141,1000,1169.884748
73.61512,206,1170.323337
57.042795,46,1170.420213
559.734998,439,1171.843307
739.88934,827,1179.609864
127.739334,112,1179.845286
64.216608,88,1180.569695
338.970728,546,1181.723615
164.393983,146,1182.031181
21.370359,25,1182.083367
46.27424,72,1182.234892
507.829375,496,1183.903534
262.653083,514,1184.95665
140.930739,189,1185.990435
292.772162,299,1194.94142
134.393886,107,1195.168218
107.397,95,1195.370014
10.765466,25,1195.422445
18.829747,38,1195.501927
177.225355,164,1195.848878
505.827778,1000,1198.431353
337.255749,258,1199.0079
69.606854,63,1199.598055
39.100467,41,1199.676285
233.787785,196,1200.070209
202.858892,243,1200.542626
281.385802,1000,1209.089961
263.327743,288,1209.699957
290.218024,411,1211.082977
120.09211,137,1211.372149
441.394485,1000,1220.798725
361.014402,407,1221.661087
424.181223,464,1223.24854
411.920859,1000,1225.967644
128.126349,142,1226.234429
670.340269,746,1234.780021
382.694839,442,1236.23457
531.483983,587,1237.485454
3.797578,21,1237.531925
113.804541,160,1238.374273
260.71121,324,1239.05584
49.37935,254,1239.575598
176.834003,211,1246.959664
66.502028,88,1247.14398
455.423017,1000,1249.766449
24.719646,57,1250.34482
251.431884,255,1250.853632
182.398646,309,1251.551969
108.524722,227,1251.995158
471.136618,1000,1262.978499
110.46312,87,1263.182966
405.442223,341,1264.300021
44.748133,59,1264.417651
513.620833,440,1265.302576
73.464231,146,1265.663664
110.416226,94,1265.863958
399.023719,1000,1275.491926
41.57002,65,1275.630113
152.124478,202,1276.561183
397.997336,287,1277.138797
742.658762,1000,1279.69962
679.646056,1000,1287.746949
201.992094,268,1288.313949
117.715604,105,1288.536815
587.49295,1000,1291.079052
143.867202,115,1291.296623
495.531517,1000,1300.880124
102.103611,99,1301.070379
542.156197,1000,1303.559896
171.384884,146,1304.293409
83.529884,119,1304.516645
484.20893,413,1305.415054
119.43094,75,1305.568214
223.663226,240,1306.049187
86.058953,47,1306.140852
541.061045,497,1315.887563
642.14415,628,1317.697713
484.671255,622,1318.937552
523.23702,460,1320.448693
362.865289,311,1321.109577
510.486461,1000,1331.36711
377.196584,425,1332.221686
182.23702,231,1332.718286
527.723751,1000,1341.652746
4.768292,7,1341.666384
147.668105,124,1342.381181
325.454712,292,1342.971565
52.480118,49,1343.094216
361.536773,279,1343.703434
29.024181,58,1343.828256
304.319883,458,1345.306334
412.265723,357,1346.066295
70.837464,69,1346.213597
38.54071,43,1346.303707
656.22131,631,1348.148653
437.422683,1000,1356.215342
506.669055,489,1357.248579
138.162333,143,1357.549761
111.258994,99,1357.765377
192.424948,169,1358.623256
61.571827,65,1358.76012
14.841225,33,1358.829699
22.937392,17,1358.865549
393.365292,1000,1367.996248
39.055085,28,1368.050615
206.261949,192,1368.419759
63.870266,53,1368.523289
128.628416,90,1368.699107
87.663309,72,1368.852593
69.131246,63,1368.986344
58.107186,66,1369.127024
407.453779,327,1370.322291
209.479399,333,1371.02325
1036.08561,1000,1380.08538
615.011721,1000,1382.66031
394.901589,325,1383.345424
576.868053,629,1385.171468
511.897787,441,1394.824318
188.394243,303,1395.91776
406.302051,1000,1397.943679
575.556219,1000,1400.588198
74.778691,53,1401.199949
99.577695,67,1401.341108
403.428847,1000,1411.110043
656.538387,557,1412.286526
161.598572,121,1412.541084
40.218485,50,1412.647581
13.92254,18,1412.685358
206.551238,186,1413.088469
146.049518,152,1413.933779
255.382397,300,1414.568865
659.032702,621,1424.821477
324.244163,443,1425.756357
17.177935,17,1425.792549
545.008597,424,1426.696089
363.682279,350,1427.946534
619.149093,1000,1438.391499
228.587725,360,1439.13319
133.544334,122,1439.390273
553.698003,1000,1441.997496
820.313921,741,1444.072873
482.633002,1000,1453.365279
309.08406,614,1454.665249
1020.536869,913,1457.100374
652.204151,567,1467.336972
538.381299,1000,1469.956502
462.899961,363,1470.722356
477.534818,509,1472.283392
221.766196,193,1481.409491
174.479699,150,1481.727753
1008.135138,1000,1484.337634
141.214436,128,1484.607885
143.382441,144,1484.911088
152.646542,129,1485.166687
306.89522,247,1486.189547
595.793256,504,1487.180094
462.336346,417,1497.293349
615.930597,500,1498.351463
657.977275,537,1500.054905
245.207389,181,1500.405455
127.404643,110,1500.616936
515.155443,401,1501.405566
345.985123,259,1502.53018
492.042343,466,1513.021647
565.007492,560,1514.590121
1080.832668,965,1516.57587
14.013973,24,1516.622095
1089.491882,1000,1528.989529
90.823792,76,1529.637785
150.847859,209,1530.069448
656.991695,1000,1532.5351
27.242851,30,1532.591462
277.824005,257,1533.193661
1243.045155,1000,1543.390867
353.306673,282,1543.986548
878.206235,699,1545.829415
277.761939,194,1546.271885
505.994578,394,1547.527568
536.895938,426,1548.343892
537.49177,1000,1560.771299
561.471408,380,1561.528415
492.187399,364,1562.922438
56.560689,72,1563.061917
116.178505,86,1563.235
594.947636,470,1564.161731
231.208105,154,1564.461978
21.836559,40,1564.537814
889.774064,748,1576.026281
275.069075,336,1576.67968
1185.732682,1000,1579.414419
686.271818,707,1589.740592
400.871047,1000,1592.489212
178.172666,128,1592.762031
1124.60477,1000,1595.419835
1096.897112,798,1605.59692
412.453853,514,1607.140319
226.561306,211,1607.557372
1153.008166,1000,1610.069878
812.124899,1000,1621.720821
178.850079,137,1621.983577
502.121009,349,1622.67225
1036.547692,848,1625.092107
221.843301,262,1625.659373
1222.492845,872,1636.878252
451.221722,366,1637.565004
1061.769368,1000,1640.288052
654.36169,457,1650.572742
109.542439,102,1650.813181
958.015196,838,1653.057123
386.246204,289,1653.664186
178.261795,144,1653.967216
678.235691,514,1655.556247
1266.431986,926,1666.156651
239.496921,149,1666.470327
1090.138616,1000,1669.073221
1271.613913,912,1678.966828
809.850346,592,1680.209095
137.694817,90,1680.397797
156.486339,111,1680.630649
568.401826,597,1682.377196
1229.081353,830,1684.613589
130.452889,105,1684.833007
474.413249,357,1691.460304
241.014432,131,1691.726547
186.031907,141,1692.512283
130.107387,73,1692.665535
759.194829,556,1693.836209
424.025706,295,1694.451814
230.428374,198,1695.366229
746.476374,1000,1704.382213
604.706936,1000,1706.870018
350.428423,239,1707.372266
1516.837283,1000,1710.023567
1448.131234,1000,1719.550409
354.721067,252,1720.078505
1433.76886,945,1722.51092
1416.469096,1000,1733.523206
1437.123172,1000,1736.07029
151.695767,119,1736.298521
731.400878,581,1738.0125
664.526765,1000,1749.013823
1450.886767,1000,1750.931173
1417.403476,1000,1762.894364
270.567211,197,1763.696018
13.112069,16,1763.725999
1432.422391,1000,1766.280091
260.30765,196,1766.692263
468.955788,306,1767.332354
456.708314,299,1767.960238
1410.326507,1000,1778.650415
74.904422,48,1778.750967
12.815858,19,1778.790828
1512.362602,1000,1781.37109
64.811725,67,1781.936748
1465.799927,1000,1792.162903
1015.392195,689,1793.605846
341.527297,261,1794.159084
322.065612,277,1795.229017
940.445641,1000,1806.970277
1532.712288,1000,1809.522335
246.423454,191,1809.879973
696.832354,576,1811.102464
578.567157,384,1812.249685
929.644263,563,1821.100379
1538.480024,1000,1823.645245
692.72814,451,1825.022503
615.971755,376,1825.747179
62.713159,55,1825.849602
1596.237047,1000,1837.880224
201.096301,136,1838.132667
1490.439601,1000,1840.563306
1128.20123,708,1851.213121
522.620972,300,1851.795184
1238.652186,772,1853.909843
1180.229142,742,1855.956955
708.424259,1000,1867.814289
1280.913909,957,1870.177489
1375.853656,1000,1872.781814
1622.986613,1000,1884.544318
520.329522,315,1885.201489
1513.288935,1000,1887.793569
1451.336873,1000,1898.795143
1375.071442,1000,1901.383852
1626.238743,1000,1911.813822
1100.744723,1000,1914.385918
1110.90078,724,1915.751777
1486.474775,1000,1927.720118
603.085792,460,1929.132769
815.497741,1000,1931.572816
1536.969915,1000,1942.435571
1077.985285,675,1944.369905
816.898336,528,1945.418037
1551.912475,1000,1956.741887
595.110121,387,1957.465314
352.056893,250,1958.551316
224.184881,133,1958.829167
1252.538276,714,1960.325316
1579.453622,1000,1971.261772
1721.835622,1000,1973.931016
648.143805,414,1975.404531
1117.746184,1000,1978.055847
901.938693,1000,1988.485059
747.991438,1000,1991.270129
1554.237634,921,2002.933969
1111.564458,1000,2005.396485
70.584775,42,2005.474914
1482.691518,1000,2008.001628
646.67229,400,2017.5407
1169.715703,786,2019.537842
964.699376,595,2020.817478
1465.331606,1000,2031.098574
1112.283254,639,2032.945916
1701.069938,1000,2035.60054
1051.07929,628,2037.493567
1622.96523,1000,2049.524411
1105.106694,1000,2052.20599
432.280358,270,2052.718913
673.08759,1000,2064.579633
791.702277,1000,2067.133501
609.984452,1000,2078.721525
1640.578079,965,2081.182685
627.322627,421,2082.048845
1658.986773,1000,2093.786024
251.410543,187,2094.23683
708.987994,1000,2096.891653
534.192306,306,2097.546679
1744.37954,1000,2109.02653
1532.337661,1000,2111.657801
1698.722398,1000,2114.246896
259.838551,197,2115.095774
441.158251,229,2125.000299
823.688542,1000,2127.547257
310.882085,148,2127.914535
394.884214,252,2128.413388
1694.865659,1000,2130.931343
416.36937,215,2140.815827
-7.176858,30,2140.872417
1215.620924,726,2142.839792
1805.168338,1000,2145.39104
24.210156,28,2145.450231
1062.707044,597,2156.164523
823.671561,1000,2158.817338
1527.870316,1000,2161.4299
1485.169145,1000,2172.453825
764.168739,509,2173.528563
1781.009949,1000,2176.081098
563.040732,394,2177.429302
791.292338,1000,2188.828122
281.708387,150,2189.774161
644.308644,1000,2192.424106
301.300209,195,2192.818915
1101.033652,1000,2205.042467
189.179155,120,2205.268211
979.195757,518,2206.265078
1729.093203,1000,2208.831966
828.658669,494,2219.987507
727.131161,511,2220.970517
1801.613322,1000,2223.762206
907.583989,552,2225.445052
269.456931,200,2234.281084
1263.819784,661,2236.168482
1477.241675,1000,2238.771975
1539.884255,1000,2249.876428
176.980039,102,2250.071983
1254.193123,1000,2252.657651
735.818735,1000,2255.384414
695.548116,402,2265.744606
1755.201195,1000,2268.337863
133.463879,91,2268.530514
42.729931,33,2268.599969
1754.027359,1000,2271.219233
1874.685951,1000,2282.994241
760.41226,449,2284.448091
1354.173128,1000,2286.928685
211.230522,135,2295.958124
1778.259106,1000,2298.576581
455.575726,283,2299.17858
1092.716534,1000,2301.662211
353.680067,208,2310.406513
1711.188739,1000,2312.865972
1193.254624,682,2314.751863
1845.742551,1000,2325.71296
1856.639335,1000,2328.167153
1857.702942,1000,2330.66351
392.734439,226,2331.148622
580.150313,310,2341.202058
1834.415751,1000,2343.770607
720.459972,345,2345.012645
1536.204604,771,2346.640539
893.139217,511,2356.425849
1657.319394,1000,2359.106545
948.92691,443,2359.960877
1938.451948,1000,2371.902467
455.208813,247,2372.441181
684.037341,392,2373.699871
1640.941081,877,2375.983066
664.775507,1000,2387.608716
589.369926,323,2388.279577
950.075112,486,2389.315656
440.748294,276,2390.409319
1898.684814,1000,2393.03827
1043.437692,1000,2404.073975
857.085427,437,2404.997445
1956.230505,1000,2407.590969
1093.194978,1000,2419.47098
1838.891948,1000,2421.943131
726.839714,382,2422.735492
649.841828,1000,2433.959229
1879.056112,1000,2436.47654
1068.289994,573,2438.136279
782.39888,412,2446.030612
2078.064708,1000,2448.577348
394.249722,228,2449.600266
1556.477366,818,2451.281996
1789.042942,1000,2463.102915
1424.423671,1000,2465.776751
1010.001865,1000,2476.203822
1904.925723,1000,2478.812195
1361.703419,680,2480.773409
1210.629099,563,2481.965219
824.701333,1000,2492.779211
43.292193,30,2492.844856
970.217653,1000,2495.443084
1233.43684,632,2504.652441
1340.513969,635,2506.503891
1951.027062,1000,2509.024666
1397.186457,817,2519.716493
1158.568316,1000,2522.298451
1996.359908,1000,2524.865701
2009.128366,1000,2536.510391
59.539098,35,2536.584793
131.129606,60,2536.71088
23.517914,17,2536.746612
314.744054,166,2537.515083
1959.450438,1000,2540.051033
1876.99206,933,2551.090047
37.308533,23,2551.133331
1142.489663,1000,2553.625595
38.873403,16,2553.65615
1111.148455,1000,2555.671911
2070.558961,1000,2566.519825
243.58594,144,2567.251049
1138.592703,589,2568.502133
186.642861,96,2568.696006
806.908967,395,2570.02901
1799.770087,1000,2580.573055
502.2913,256,2581.083504
509.927113,301,2581.719844
517.802869,227,2582.20122
1960.920609,1000,2584.799861
798.807356,1000,2595.589031
1888.414263,1000,2598.090624
1843.244473,1000,2609.023169
1805.993387,1000,2611.548099
2185.477022,1000,2614.161498
961.54244,1000,2625.157737
2014.270642,1000,2627.762697
1153.019206,1000,2637.772275
67.283911,57,2637.892614
767.784298,1000,2640.488379
670.235564,1000,2643.123243
2053.166412,1000,2653.232195
1211.631593,1000,2655.848259
1806.010116,1000,2666.938513
1929.932442,895,2669.303575
1232.132553,1000,2671.918861
1569.234073,1000,2681.405097
2138.939178,1000,2684.002034
1955.850183,1000,2693.688749
967.551369,1000,2696.293815
666.784841,1000,2698.951579
2039.097598,1000,2709.944236
428.702005,216,2710.399027
590.064177,311,2710.994674
2222.079415,1000,2713.487064
316.842643,143,2713.758064
2109.810343,1000,2724.697568
2088.482211,1000,2727.197077
1439.051746,1000,2736.575969
1654.92555,808,2738.724469
594.078154,295,2739.307237
722.060588,1000,2750.434895
1424.994129,771,2752.46256
1948.416824,1000,2754.968201
2155.08975,1000,2766.39169
2189.434456,1000,2768.972067
2129.391909,1000,2771.621314
534.735692,244,2781.204602
1404.054094,706,2783.233791
2104.933737,1000,2785.839042
295.771762,153,2786.197568
2061.063675,1000,2796.983808
893.410978,412,2798.328873
2206.529755,1000,2801.002856
1084.659734,1000,2811.107559
529.510317,240,2811.552505
917.473236,1000,2814.123814
698.824033,1000,2825.131825
1719.888658,1000,2827.601909
2143.805427,1000,2830.148095
413.139297,178,2830.519646
820.47412,348,2839.281554
2085.987307,1000,2841.716179
2234.045172,1000,2844.325016
2242.64309,1000,2855.185698
2126.00285,1000,2857.657892
240.158355,125,2857.917292
402.174228,188,2858.309278
609.982395,275,2859.374276
2044.561183,1000,2870.903267
1681.045093,1000,2873.497014
1272.399752,538,2874.627812
1629.92267,1000,2884.738181
447.833821,234,2885.251197
2156.667485,1000,2888.012925
705.725051,1000,2899.777103
212.779589,116,2900.023772
783.313791,365,2901.28949
2146.068306,1000,2903.895808
2270.174212,1000,2915.259059
2102.092491,1000,2917.826005
415.497419,181,2918.169726
2165.722703,1000,2929.383962
1751.470113,1000,2932.027217
481.465774,218,2932.447823
863.324649,425,2933.263987
1152.101954,511,2934.799825
1110.587319,479,2944.44468
701.114565,1000,2946.995597
2221.397708,1000,2949.633542
1148.473359,1000,2960.960764
1953.340992,927,2963.354651
1058.64456,1000,2973.889221
1312.869147,1000,2976.463175
2272.424856,1000,2979.080119
797.204947,1000,2990.77822
2029.940979,916,2993.23719
1234.153609,1000,3005.16792
2045.046277,1000,3007.692948
797.023188,370,3008.456378
468.60313,227,3009.35041
2254.331712,1000,3021.6967
700.082406,1000,3024.215901
1043.405889,1000,3026.73841
962.17551,416,3036.384054
2399.611372,1000,3038.890913
747.292039,1000,3041.483657
2188.876332,1000,3052.740645
2161.572787,1000,3055.343985
1713.549845,1000,3066.262089
2037.498219,804,3068.460315
312.66652,147,3068.770503
2295.350498,1000,3071.327416
1014.915007,1000,3083.437564
2266.405223,1000,3085.942414
183.973264,86,3086.142717
2372.327646,1000,3097.092025
318.876004,140,3097.380553
1255.698303,526,3098.422638
2050.981441,1000,3100.8756
728.529109,349,3102.094578
2420.410014,1000,3113.194699
1937.358482,1000,3115.698941
885.920194,1000,3127.779206
1929.554942,1000,3130.320264
2357.253116,1000,3132.941656
1994.466085,1000,3144.661829
122.693128,65,3144.799508
2240.621377,1000,3147.419449
2085.965715,864,3158.385615
2119.721063,867,3160.674469
2339.67671,1000,3163.143005
2345.094992,1000,3174.910839
2278.623647,1000,3177.391386
2414.384669,1000,3188.488464
2490.79039,1000,3191.004655
2459.81493,1000,3193.633506
2348.252361,1000,3205.442194
1412.708065,591,3207.200852
2338.528459,1000,3209.681759
257.625741,128,3209.927957
2288.073645,1000,3221.308703
2350.981543,1000,3223.830692
305.811314,125,3224.076895
2381.298379,1000,3235.502985
2364.596511,1000,3238.087469
947.847172,1000,3240.715509
1693.397614,1000,3252.527685
584.129903,265,3253.08854
2536.35295,1000,3255.63001
79.829079,34,3255.70179
2420.903576,1000,3267.703391
2413.271523,1000,3270.30607
1139.573011,482,3271.228691
437.28485,195,3272.251351
786.137811,333,3281.313812
2406.264126,1000,3283.847118
2268.481406,1000,3286.460685
2429.412472,1000,3297.408939
1139.426198,446,3298.367039
2371.535129,1000,3300.920362
2432.361471,1000,3311.29132
2441.158207,1000,3313.80352
34.794971,20,3313.84601
2431.91363,1000,3325.593719
2219.174651,1000,3328.215637
2440.131108,1000,3330.863986
890.7704,367,3332.065554
2365.150832,1000,3343.475253
800.485982,339,3344.165299
2628.590268,1000,3346.876769
2135.038384,877,3358.895123
2211.132214,955,3361.620043
2543.66082,1000,3372.907087
2519.899368,1000,3375.588913
785.663787,1000,3378.43505
727.851719,307,3379.046547
718.965163,1000,3389.827845
1558.811515,1000,3392.684797
2517.493217,1000,3404.711499
2125.293149,1000,3407.399067
2384.004176,1000,3410.08179
1670.494207,667,3418.697195
2436.350418,1000,3421.362544
668.085826,284,3422.410793
1820.497909,1000,3433.927167
2474.6563,996,3436.485691
695.054274,257,3437.030332
768.365601,296,3437.658753
2408.421381,1000,3449.228728
1689.018412,1000,3452.075866
1711.572639,1000,3454.871134
2387.490773,1000,3466.739944
2560.103476,1000,3469.683241
2225.481271,937,3482.556889
2252.537645,1000,3485.456127
2639.617654,1000,3488.375306
1160.338311,1000,3499.443634
716.298144,1000,3502.235819
2321.340951,887,3514.16698
2545.449512,1000,3516.886348
2340.055743,1000,3519.524425
1816.99192,1000,3532.357747
2546.759144,1000,3535.145296
2557.491362,1000,3546.494605
1554.091419,1000,3548.677244
465.00388,186,3548.990929
2436.597778,1000,3551.174738
2586.527797,1000,3560.489435
1091.540216,1000,3562.906562
2506.064542,1000,3571.268501
1023.970779,1000,3573.483946
2442.738626,960,3575.643944
2534.832466,1000,3584.627644
2624.604669,1000,3586.940376
2402.519628,1000,3595.381208
2572.934643,1000,3597.134484
2611.952274,1000,3599.333273
833.470679,1000,3607.664428
2661.874519,1000,3610.01038
344.158923,147,3610.829277
890.561584,1000,3618.588602
1597.608794,1000,3620.987969
1741.551659,649,3622.206347
2544.546081,1000,3630.006631
1825.861956,1000,3632.228565
2498.412598,1000,3641.119755
2541.797255,1000,3643.37329
2626.808259,1000,3645.593633
2766.285935,1000,3653.679548
85.705764,37,3653.741573
2639.661914,1000,3655.880915
1945.34168,1000,3664.107949
2625.45126,1000,3666.209267
2640.503907,1000,3668.332305
897.626365,1000,3676.552608
2713.905421,1000,3678.664184
1344.65966,490,3679.473275
2599.77783,1000,3687.582136
2544.297937,1000,3689.717831
2651.757332,1000,3697.715929
2727.807794,1000,3699.728517
2572.572701,1000,3701.748331
2711.37069,1000,3710.252786
1325.54006,517,3711.547648
1606.764126,591,3712.512948
2701.55913,1000,3719.97038
2760.969898,1000,3722.075098
2803.285277,1000,3724.192078
2770.611953,1000,3731.697145
1570.912304,1000,3733.823554
414.822446,152,3734.072652
945.434463,1000,3742.602629
2286.250522,1000,3744.726536
446.243386,170,3745.004323
2778.68026,1000,3753.767268
592.802223,208,3754.575511
1900.759874,1000,3756.710035
2532.676593,988,3758.793435
2795.598532,1000,3767.118552
2188.049625,1000,3769.238081
1056.405432,1000,3778.009341
896.707475,353,3778.587311
2639.684193,1000,3780.687097
2716.306379,1000,3788.332332
859.81041,1000,3790.45849
2272.712618,810,3792.258434
1396.631431,1000,3800.629464
2672.820736,1000,3802.723756
2992.576141,1000,3810.811845
454.615432,157,3811.066887
1041.830171,1000,3813.195907
206.208566,87,3813.339637
649.698922,222,3813.703885
305.314502,112,3813.886487
2933.016765,1000,3822.628663
