#{"t_start": 1787497499.0843737, "env_id": "Ant-v5"}
r,l,t
-41.261057,35,1.165336
-77.483613,87,1.378326
-85.641536,93,1.594319
-62.864105,84,1.787705
-112.870215,55,1.904742
-1039.537912,1000,4.977092
-18.139124,8,4.994685
-54.438762,54,5.111794
-107.980035,103,5.330903
-41.388011,39,5.415137
-25.218485,24,5.467229
-26.891605,25,5.522134
-13.660963,12,5.548084
-103.103563,44,5.645002
-36.723641,50,5.75136
-17.72681,35,5.827465
-61.356044,59,5.953845
-28.093036,14,5.983305
-48.826153,30,6.047464
-27.177123,13,6.076543
-14.93591,12,6.104091
-105.705927,127,6.384657
-94.559007,117,7.145329
-73.428227,71,7.299816
-197.290722,186,7.698087
-52.118662,65,7.84135
-27.399436,33,7.91307
-17.615418,22,7.961788
-58.899628,24,17.567992
-11.68667,11,17.589142
-8.062585,42,17.672929
-53.133936,46,17.765285
-43.864762,62,17.886421
-1011.297382,1000,20.602814
-53.561291,77,20.768636
-33.767293,27,20.827526
-84.13992,69,20.976181
-11.387497,41,21.065634
-31.265622,46,21.168005
-29.61117,18,21.208343
-114.200295,93,21.415598
-34.731991,30,21.482713
-61.904858,44,22.096529
-25.447658,23,22.146399
-20.233867,12,22.172194
-20.251706,20,22.214571
-32.64979,31,22.281694
-46.878191,37,22.361344
-38.966438,25,22.415426
-25.896824,30,22.481054
-57.530838,30,22.544812
-135.379388,86,22.729035
-54.783756,36,22.806578
-71.601559,58,22.932792
-7.283013,20,22.975305
-77.015142,38,23.056526
-81.839796,50,23.163333
-46.169486,51,23.271388
-7.513677,11,23.294923
-1055.544469,1000,35.555547
-11.872336,14,35.586199
-1119.260319,1000,38.307498
-988.874912,1000,50.690747
-8.931334,13,50.719471
-108.926562,86,50.907844
-12.111272,39,50.993204
-11.635909,32,51.063917
-30.732598,20,51.107693
-20.437162,13,51.136308
-48.178677,40,51.224199
-37.43594,30,51.290514
-22.838633,46,51.391453
-124.573444,92,51.591463
-89.801813,94,52.255978
-132.600569,111,52.488551
-41.563177,49,52.584692
-198.717633,117,52.815191
-45.810806,31,52.87638
-50.482857,37,52.948841
-37.603259,41,53.031712
-20.098987,24,53.081404
-29.541684,22,53.124567
-10.397229,14,53.151939
-1019.57056,1000,55.738509
-29.166583,53,55.843466
-21.171898,21,55.884578
-22.993266,15,55.913977
-18.687813,29,55.970703
-186.87968,196,56.359909
-31.302966,29,56.420094
-11.000562,15,66.154407
-118.025257,91,66.341886
-139.15877,90,66.533005
-41.559405,63,67.110882
-26.568505,64,67.241909
-80.219677,69,67.381688
-56.30227,39,67.459014
-31.963531,26,67.509129
-12.308313,23,67.553339
-31.222102,43,67.638173
-51.841673,63,67.760707
-155.245479,173,68.106351
-85.555515,76,68.272307
-43.96966,31,68.340222
-55.117032,68,68.488786
-81.614677,48,68.593487
-14.625882,11,68.617881
-993.307192,1000,71.361895
-6.097058,16,71.397929
-1064.387856,1000,83.704762
-266.907922,174,84.072423
-30.411201,22,84.117314
-82.110931,52,84.227254
-23.383505,18,84.263415
-64.102073,42,84.347042
-15.701497,20,84.84144
-69.304866,73,84.985983
-1038.935512,1000,87.643156
-32.519526,16,87.674573
-30.72483,39,87.751331
-35.764717,21,87.795075
-17.03464,50,87.895833
-41.742923,25,87.945408
-24.755446,28,88.001418
-45.257361,30,88.0665
-21.950539,14,88.097671
-55.733043,40,88.188105
-91.303789,55,88.325043
-25.796233,40,88.425938
-71.818114,63,88.593358
-21.189887,14,88.630571
-174.794014,160,88.972724
-1065.782415,1000,101.056256
-15.990393,24,101.108647
-132.320275,117,101.361567
-20.544254,16,101.39607
-1020.160682,1000,104.01934
-48.011134,31,104.096056
-1.828516,12,104.125307
-58.01534,69,104.292386
-32.605099,59,104.423676
-36.912308,27,104.475827
-41.864007,35,104.54564
-88.922153,102,105.223152
-19.957136,10,105.242365
-17.384722,27,114.665954
-25.115628,11,114.687215
-11.753008,14,114.71476
-40.839269,52,114.824894
-58.816594,39,114.904006
-2.265152,9,114.9225
-84.985855,66,115.070181
-57.445232,37,115.14522
-12.27539,20,115.186215
-9.298469,11,115.216985
-62.56162,54,115.366188
-140.28566,103,115.623068
-77.503115,65,115.779641
-138.589029,115,116.011245
-59.166999,32,116.073821
-11.62721,10,116.092916
-23.069823,27,116.144604
-106.007997,100,116.350125
-43.845584,34,116.41788
-30.247963,36,116.491272
1.258758,20,116.529418
-61.532078,160,117.298514
-55.003854,35,117.369688
-58.688119,28,117.425138
-70.184251,53,117.532118
-268.636325,182,117.895107
-1019.765436,1000,120.564248
-42.990382,73,120.705227
-16.575958,9,120.722493
-98.109991,82,130.108113
-50.531639,39,130.185023
-7.9561,24,130.231516
-91.649209,82,130.390306
-8.632844,12,130.413493
-47.85239,52,130.519173
-46.776042,66,130.6491
-48.975038,32,130.71028
-47.601564,36,130.779134
-63.942158,57,130.888526
-20.987064,29,130.945107
-3.210967,27,130.997067
-9.527498,11,131.019135
-16.446903,14,131.506251
-1011.055462,1000,133.591911
-3.392036,12,133.614918
-33.884175,34,134.126156
-48.871594,80,134.292044
-101.034028,83,134.459404
-25.027506,17,134.495059
-49.106714,51,134.609818
-77.59326,54,134.745394
-24.455397,51,134.874314
-74.477206,47,134.992777
-49.292843,44,135.099749
-25.154211,24,135.146523
-48.237461,62,135.273488
-74.73527,82,135.449112
-26.540979,28,135.509049
-7.835255,22,135.556874
-8.37691,22,135.603556
-6.498213,14,135.63327
-4.445336,19,135.674322
-23.990372,43,135.762933
-982.143416,1000,147.599697
-62.241339,55,147.711286
-105.602048,98,147.908841
-66.746847,79,148.073089
-34.010791,30,148.140119
-11.281192,16,148.17254
-58.39832,88,149.006882
-42.654437,89,149.195592
-46.107295,27,149.248773
-57.509521,52,149.361831
-190.685854,132,149.627347
-16.923439,30,149.686471
-95.931584,100,149.907284
-14.076395,46,150.008499
0.050021,26,150.064009
-15.295232,31,150.130221
-125.241989,72,150.278697
-35.436794,35,150.348234
-25.531022,26,150.39989
-20.928595,16,150.43152
-7.769505,14,150.459786
-79.600273,112,150.686184
-5.403444,13,150.714689
-39.793276,32,150.784694
-19.702597,26,150.840266
-21.34599,31,150.911491
-204.158482,172,151.797888
-108.703261,105,152.023503
-8.997056,13,152.047886
-98.207108,86,152.253459
-24.703051,27,152.321627
-14.033612,19,152.369579
-69.481052,62,159.515698
9.718479,25,159.568352
-15.966797,16,159.60198
-21.708761,28,159.660752
-28.318494,37,159.739499
-89.459019,100,159.952616
-37.558523,48,160.055087
-30.718866,30,160.12475
-38.594672,33,160.191318
-88.115276,103,160.401951
-43.658729,32,160.462921
-7.292987,17,160.495698
-59.934256,74,160.639128
-51.62522,43,161.188547
-19.286553,33,161.251479
-11.243718,19,161.288264
-52.140079,61,161.404466
-971.105954,1000,163.957636
-76.229333,48,164.053809
-892.786354,1000,172.886514
-38.025906,20,172.92473
-25.481929,31,172.984881
-0.68857,25,173.034859
-48.093557,76,173.184815
-100.032289,71,173.336287
-3.364423,30,173.401525
-153.842129,168,173.753554
-31.6384,22,173.796378
-39.847899,61,173.925694
-164.428763,148,174.281017
-0.412308,108,174.536252
-19.147544,15,174.564955
4.415773,24,174.612139
-34.279115,22,174.661295
-6.703294,11,174.686116
-16.57962,17,174.72304
-47.959621,58,175.466362
-1.454868,12,175.49165
-944.913468,1000,178.236312
-20.611078,13,178.262186
-4.592599,19,178.29817
-17.252932,23,178.342658
-10.203034,20,178.382051
-74.665684,55,178.488917
-29.188696,40,178.566534
-26.91807,13,178.591378
-131.319567,128,187.407037
-17.638119,14,187.438452
-8.748616,14,187.466468
-30.586688,35,187.533673
-55.775874,51,187.632782
-109.857961,86,187.800255
-48.49098,55,187.908176
-30.018678,26,187.960438
-14.564463,10,187.979443
-34.73534,24,188.024844
-27.848763,32,188.094349
-34.523979,39,188.167828
-19.641059,16,188.198731
-13.528844,33,188.261639
-100.876412,85,188.425125
-28.520652,14,188.452822
-102.176725,56,188.566629
-124.400888,66,188.699499
-10.533932,17,188.732746
-118.71638,74,189.490891
-61.7674,56,189.61905
-17.986852,15,189.655508
-5.633825,14,189.689586
-37.332114,114,189.964087
-55.235997,88,190.168914
-57.410165,75,190.327172
-27.700238,45,190.421881
-122.916063,125,190.685193
-61.492324,71,190.837182
-33.703326,19,190.877793
-11.242302,13,190.905349
-20.8311,90,191.099229
-11.310877,11,191.121702
-11.312822,16,191.152498
-78.549499,64,191.288037
-21.145129,14,191.318136
-68.686864,44,191.417595
-92.093225,79,191.587083
-101.509717,101,192.400172
-82.563253,76,192.551542
-26.908392,18,192.586992
-14.328172,22,192.63315
-1.883536,13,192.657556
-64.425344,64,192.791583
-24.178155,28,192.850342
-133.257689,65,192.985657
-48.947186,44,193.09304
-3.810067,38,193.18509
-29.141319,52,193.310972
-1023.149372,1000,201.023474
-5.587855,12,201.046963
-43.954754,53,201.155882
-7.603835,44,201.243714
-14.604044,21,201.287258
-921.889291,1000,203.901984
2.529115,36,203.977841
-23.571547,42,204.061517
-61.671169,83,204.235927
-29.376136,17,204.269634
-20.71366,31,204.33625
-48.219051,40,204.417373
1.179958,15,204.44795
-6.884248,13,204.475667
-15.772165,33,204.548448
-38.966943,42,204.651866
-20.626903,27,204.722826
-68.247542,43,204.830328
-12.489241,11,204.856751
0.366658,8,204.876366
-44.493032,45,205.525599
-25.014794,22,205.573571
2.60623,25,205.627924
-34.311027,40,205.712283
-27.753679,17,205.748686
-0.004035,24,205.794789
-929.96677,1000,211.982052
-47.935966,36,212.05929
-84.357794,51,212.168226
-78.377541,138,212.461336
-24.142256,13,212.489108
-8.757106,11,212.512477
-45.391423,75,212.671503
-25.222478,15,212.703169
-68.106525,71,212.853568
-24.585236,25,212.906783
13.192769,27,212.963533
4.693324,31,213.029699
-916.936788,1000,215.619286
-56.40721,53,217.338475
-99.556889,78,217.514266
-12.267665,11,217.536864
-69.059945,76,217.700064
-48.540433,32,217.762946
-35.781475,29,217.824473
-30.846796,55,217.933774
1.632874,44,218.031745
-14.17467,25,218.082682
-876.690075,1000,220.791315
-87.465113,97,221.68702
-96.563573,74,221.831613
-14.896831,11,221.852719
-58.749582,50,221.94792
-13.227205,45,222.035698
-18.620444,18,222.069799
-1.330955,17,222.102284
-16.423624,23,222.14645
-6.278983,11,222.1678
-23.230127,22,222.20991
-16.836501,20,222.248387
-77.677838,73,222.395817
-103.694522,94,222.592793
-15.529536,19,222.630522
-16.184489,40,222.707748
-86.330705,91,222.886994
-26.522792,54,222.993639
-50.080284,47,223.088141
-59.910569,31,223.151528
8.653255,42,223.232097
-104.088494,86,223.422061
-28.509461,56,223.58068
-16.625179,34,223.666526
-31.66848,33,224.36401
-28.511429,44,225.925895
-55.94837,77,226.083265
-35.43413,42,226.187868
-14.777456,29,226.267926
-22.168907,29,226.347
-20.941271,13,226.382205
-7.842197,16,226.423068
-36.909313,30,226.497808
-11.662175,8,226.518166
-44.550837,70,226.65922
21.614166,56,226.778891
-549.441833,596,228.63509
-14.432119,18,228.670746
-4.341096,17,228.704615
-40.009396,26,228.758806
-103.85453,85,228.937338
-9.739821,19,228.976892
-44.25784,31,229.041544
-83.209718,53,229.154581
-15.458767,41,229.242332
-56.356721,80,229.40175
-941.925796,1000,232.112206
5.377598,16,232.142776
-1.200362,17,232.175157
-48.488788,76,232.329775
1.396082,80,233.800645
-968.668215,1000,236.569805
-16.142517,40,236.650715
-125.716499,115,236.880654
-3.092331,16,236.915096
-5.690224,32,236.97677
-29.74182,61,237.101949
-12.875469,37,237.173333
0.377627,15,237.203571
-82.184457,98,237.395924
5.518076,16,237.426065
-3.266218,23,237.469831
-11.501031,15,237.498346
-54.127185,45,238.258724
-28.879658,42,238.362878
-19.75851,8,238.382798
-10.054957,17,238.42577
-11.782887,15,238.463343
-6.790933,22,238.518937
-17.414159,30,238.584221
-19.240405,16,238.614395
-21.938986,16,238.645055
-6.896204,13,238.670434
-44.341431,16,238.701559
-30.0879,23,238.748183
-8.575141,17,238.781262
-21.788716,14,238.808095
-9.804095,13,238.833171
-38.843646,42,238.915563
-84.661452,52,239.017566
-30.669523,45,239.105386
-69.72266,65,239.237107
-27.533536,47,239.327713
-5.582218,9,239.34538
-945.794187,933,243.660766
3.131932,32,243.724141
-51.189827,80,243.879059
-51.689388,41,243.959297
-43.000651,35,244.026372
-1.081853,40,244.102975
-20.129668,24,244.149316
-2.353458,11,244.170584
-7.988927,13,244.195809
-15.942128,19,244.232829
-15.335102,14,244.262324
-16.616531,18,244.297409
-34.215224,34,244.361779
-892.572065,1000,246.990695
-14.876702,40,247.070898
-29.699602,27,247.130815
-28.948563,43,247.228126
-71.828909,42,247.317832
-39.450741,82,247.535283
-13.870427,13,248.137839
-921.575613,1000,251.808655
-12.118027,24,252.317826
-2.767346,20,252.358973
-30.643795,21,252.399518
1.344984,25,252.448366
-38.484613,85,252.623425
-29.831967,18,252.657525
-79.468997,60,252.772257
-7.85121,58,252.881664
-35.710372,37,252.952109
-15.807956,19,252.988405
0.082245,35,253.055534
-22.29452,34,253.128496
-87.102049,50,253.25379
-39.110018,31,253.330614
-16.455529,20,253.380514
-18.01978,48,253.500374
4.038557,33,253.583546
2.645594,21,253.62394
0.617852,39,253.704846
-0.603942,11,253.727101
-17.890416,36,253.798163
-20.611165,22,253.841115
-27.390832,36,253.911
-62.744182,107,254.136051
-7.278413,9,254.155984
-18.527615,14,254.187738
-21.345483,21,254.231105
-93.672457,70,254.379232
-31.770589,23,254.425314
-16.277997,26,254.946585
-20.511939,40,255.027922
-53.548578,40,255.110491
-28.467126,45,255.201615
-19.260916,50,255.299274
-2.160544,40,255.386805
-3.721757,26,255.440268
-7.934605,21,255.481382
-35.8555,22,255.527938
-25.628325,45,255.620875
-14.587154,13,255.648024
-27.528903,20,255.686003
-19.765292,13,255.71037
-80.585005,82,255.893435
-3.538493,34,255.978895
-1.939823,25,256.042708
-20.925011,23,256.101663
-14.686997,28,256.173702
-867.819012,1000,259.632186
-31.267326,22,259.676857
-16.150349,26,259.727814
-31.128732,48,259.836977
-23.141439,47,259.928651
-18.459565,19,259.96526
-13.996865,21,260.008709
-85.28113,64,260.139022
-30.938462,22,260.181376
-5.120093,15,260.209957
-21.178558,19,260.246728
-30.253763,15,260.275702
-31.059105,17,260.308753
-35.986382,140,260.577126
-18.87821,14,261.080395
-12.128903,10,261.099655
-142.248443,114,261.326532
-84.944236,64,261.459093
-6.481327,24,261.507097
-69.270008,41,261.589798
-8.359689,86,261.80026
-35.421389,21,261.853732
-11.620723,14,261.889712
25.518941,25,261.95354
-28.376196,28,262.024723
-23.625429,17,262.067945
-18.413011,27,262.126836
-14.591696,11,262.149988
-81.932069,91,262.325781
-22.443369,27,262.379396
-10.493982,9,262.397569
-955.221945,1000,266.540699
-38.727797,28,266.594694
-52.20104,43,266.680404
-36.986259,34,266.750499
-326.219843,317,267.410691
0.300493,26,268.057564
-7.997245,28,268.128813
-14.103518,13,268.161876
-18.145971,14,268.197435
0.298704,10,268.222735
-106.664534,61,268.378212
-13.489013,37,268.471594
-20.98834,83,268.646305
-35.437863,36,268.724491
-20.508169,29,268.789202
-19.581069,30,268.851041
3.649271,13,268.876477
-22.270751,41,268.958229
-51.152108,44,269.046782
-9.519962,19,269.084095
-25.44027,41,269.172144
-9.756705,15,269.205909
-48.495909,32,269.267247
-19.436831,15,269.296141
-38.435687,15,269.32503
-12.742471,14,269.352509
-32.041044,32,269.413553
-5.188215,11,269.434735
-45.733824,79,269.598439
-49.343139,23,269.646754
-83.586773,108,269.856296
-74.43104,57,269.967916
-110.920036,152,270.73273
-61.5106,53,270.860988
-54.586686,33,270.941768
-8.863576,14,270.975307
-2.013898,20,271.023266
-44.14644,26,271.086307
-20.688379,59,271.227973
-58.714699,63,271.368483
-2.587742,12,271.394066
-32.727721,12,271.419651
-836.00231,1000,275.377228
-9.267175,18,275.411864
-31.407449,24,275.463637
-48.377462,27,275.517158
-7.610611,11,275.538994
-76.369625,77,275.713781
-6.903182,13,275.745361
-10.577082,27,275.809669
-21.639698,43,275.913975
-15.515876,12,275.943472
-37.009425,19,275.9912
-2.327416,31,276.068481
-13.891852,37,276.160263
-23.146234,15,276.197331
-7.117749,81,276.36921
-33.388378,73,276.519296
7.376508,20,276.560001
-26.877964,17,276.594951
-10.098965,17,276.627632
-10.777687,15,276.657434
-34.612647,26,276.708185
-95.876967,72,276.847066
-772.413697,887,279.351698
-5.981197,26,279.403365
-9.668441,13,279.428735
-82.098472,107,279.644383
0.849447,30,280.312502
-2.530135,35,280.386018
-5.585963,70,280.53422
-32.40378,23,280.583998
-5.923828,17,280.619874
-103.799381,155,282.115829
-2.129606,28,282.169429
-895.15186,1000,284.859227
-3.251597,19,284.895794
-4.849077,14,284.925682
-5.562503,21,284.967997
-46.660716,74,285.139379
-150.635804,77,285.323735
-45.585647,55,285.456612
-91.00338,76,285.637004
-73.780828,46,285.727135
-22.584762,12,285.752877
-8.878643,36,285.830748
-14.873647,27,285.889146
-10.073576,13,285.917638
-9.231328,22,285.966994
-17.491473,48,286.066152
-476.008311,527,287.730723
-13.360037,52,287.842566
-43.779865,23,287.891782
-14.18416,22,287.938725
-7.865548,51,288.048646
-18.3198,20,288.091432
-5.484729,25,288.144936
-24.520104,29,288.207109
-53.458993,35,288.5148
-0.302626,15,288.547682
-0.447608,16,288.581586
-62.525328,58,288.705712
-22.214011,27,288.763178
-6.181272,13,288.790617
28.03326,23,288.839756
-34.67156,74,288.982766
-18.365284,11,289.006146
-29.415247,29,289.077763
-15.902919,18,289.121269
-22.059649,23,289.177821
-12.146675,11,289.204274
-13.071054,15,289.240166
-39.114762,75,289.423427
-24.155651,41,290.162722
-17.171554,58,290.280026
-150.594194,91,290.469209
-8.412616,41,290.559808
-42.637623,57,290.675118
-16.464416,33,290.737347
-11.172701,36,290.807074
-44.075736,44,290.892271
-9.882459,30,290.952679
-3.173891,26,291.003056
-5.645385,25,291.05099
13.328258,18,291.086133
-45.349059,51,291.193134
16.763846,22,291.235049
-13.519776,34,291.302345
-0.432612,10,291.323336
-31.543476,17,291.356445
-59.26215,36,291.426638
-39.535752,31,291.486427
-12.302679,22,291.528313
-27.323784,43,291.614282
-18.468167,24,291.663656
-4.062748,24,291.716448
-8.975008,28,291.771119
-2.816226,14,291.805342
-34.252955,24,291.865685
-20.376328,41,291.968859
-7.389357,12,291.999195
-7.962506,9,292.022058
-1.030561,10,292.047641
-5.208164,13,292.080856
-26.253198,51,292.208564
-20.540348,25,292.876037
-82.580704,81,293.032161
-3.461824,8,293.047317
-4.577109,26,293.099712
-3.407107,28,293.155106
-3.278266,15,293.187253
1.835667,18,293.227245
1.673524,12,293.250405
-5.90881,11,293.271084
-194.117077,127,293.534678
-13.574803,20,293.575835
-13.033455,49,293.669856
2.831811,63,293.789865
-8.289426,13,293.814503
-41.911847,32,293.876069
-48.943988,53,293.978106
31.237421,33,294.042306
-53.22118,49,294.13631
13.931709,28,294.190427
-25.188552,20,294.229404
-44.558692,37,294.301699
-7.812357,14,294.329641
-16.6432,18,294.36461
-5.305999,12,294.388165
-10.439679,24,294.444478
-8.687745,26,294.511204
1.423809,9,294.534139
-17.623645,22,294.589836
-19.756748,52,294.721925
-1.369652,16,294.762318
-35.141492,32,294.843422
-19.980566,49,294.945542
-35.360122,52,297.012707
-15.769009,51,297.113392
-10.044653,45,297.201194
-11.519285,12,297.224523
-26.589567,55,297.331784
-14.759238,39,297.407467
-16.682467,14,297.436807
-8.80025,32,297.498884
-45.661224,28,297.570588
-15.841199,43,297.679553
-37.995781,35,297.768227
-14.473937,24,297.828011
6.520483,15,297.865315
-13.66682,10,297.890577
-42.780328,35,297.976645
1.075667,16,298.008028
-3.565048,16,298.03901
12.022715,19,298.07604
-9.002058,13,298.101428
-96.032991,73,298.242727
-6.238258,42,298.324791
-11.225897,12,298.347898
-73.950443,83,298.521175
-9.069849,14,298.548398
-19.380966,28,298.601678
-30.003774,28,298.654987
-913.557076,1000,301.395182
-87.489902,76,301.56358
-3.726415,12,301.587531
6.180794,31,301.650872
-5.451547,14,301.682376
-22.721977,19,301.722224
-7.343293,20,301.766984
-13.547075,12,301.78992
-9.83295,11,301.811633
-41.05731,42,302.503734
10.646355,37,302.583127
-8.270773,23,302.631546
-7.036166,12,302.656688
-2.820161,11,302.682112
-4.938335,14,302.710878
-19.360075,31,302.77653
-6.958826,9,302.796005
-31.784078,39,302.879491
-22.913196,58,302.999627
-24.296602,40,303.078809
-35.355464,48,303.171034
-16.477767,22,303.212846
-24.694345,12,303.235778
-20.204041,32,303.296539
-8.780506,19,303.33277
-24.413255,33,303.414414
-10.363304,17,303.455997
10.584889,20,303.504685
-8.713926,10,303.768409
-10.192376,19,303.814184
-22.336125,26,303.877504
-7.712803,18,303.920897
-16.415028,47,304.01897
-12.09405,15,304.049035
-28.76022,23,304.100232
-24.067786,67,304.235971
-16.805927,12,304.259467
3.308189,8,304.276501
-5.911768,14,304.30361
-10.876186,27,304.359719
-3.916749,18,304.394355
-15.17804,21,304.434763
-78.913891,83,304.600803
-2.112387,16,304.631227
10.323923,46,304.718638
-3.119888,28,304.772582
-11.659647,16,304.803697
-11.005901,22,304.846814
-11.36305,12,305.485909
-14.243799,34,305.55195
-15.513129,35,305.620781
-9.474245,10,305.639947
-9.292134,21,305.680341
-97.69447,80,305.833978
-6.843922,14,305.860876
-49.729139,70,305.997514
-7.415106,27,306.049358
-12.336387,25,306.103513
-5.685332,13,306.136095
-25.201533,21,306.187523
3.267223,17,306.228034
-36.310824,73,306.405517
-78.615839,101,306.651033
-9.466793,26,306.706762
4.556636,25,306.754877
13.230398,30,306.812626
4.215274,39,306.886676
-32.181576,45,306.973332
-38.150316,33,307.037802
-0.547623,7,307.052297
-20.208576,33,307.115442
-61.518343,60,307.231629
-10.104559,28,307.285046
-14.452983,32,307.346112
-6.965273,13,307.370925
-804.148525,1000,310.073244
-71.678479,33,310.143449
-16.302592,17,310.800162
-7.343062,35,310.875424
-6.55165,48,311.600513
-13.651792,18,311.635663
-23.514897,15,311.664341
-2.789595,14,311.690872
-30.701374,43,311.774992
-14.064886,35,311.843686
5.780738,10,311.863451
-6.641732,7,311.877071
2.01923,12,311.899619
-14.881565,38,311.972977
-6.820088,12,311.996198
-0.157306,8,312.011776
-1.327064,40,312.089245
-23.394261,26,312.142897
-11.755033,19,312.184388
8.679978,23,312.234991
-0.840141,14,312.262732
-9.356493,9,312.280145
-78.088249,60,312.397273
-9.04207,12,312.42098
-3.748924,7,312.434298
-39.03914,21,312.475327
-10.489738,76,312.624108
-2.296352,19,312.662731
17.836179,32,312.726063
-29.728749,16,312.757071
-2.987043,17,312.79113
-3.17278,20,312.839633
-27.655394,54,312.968895
0.84666,37,313.057672
-46.542749,29,313.127758
-29.521516,28,313.194494
-26.053741,36,313.281001
-6.020587,34,313.364071
-10.552989,22,313.415217
-55.736335,50,313.510587
-8.239395,30,313.568615
-44.816118,86,314.3589
0.019777,14,314.385143
-1.856446,23,314.428633
-43.741786,29,314.484302
-12.092382,10,314.503525
-4.468775,14,314.530467
-10.728293,17,314.562969
-9.295916,19,314.599002
-26.754026,27,314.655265
-71.700842,59,314.782471
0.826536,16,314.817753
-23.601624,21,314.865177
-12.629837,58,314.982348
-109.836821,104,315.205684
-25.653402,22,315.254269
20.787798,29,315.316318
-4.852986,19,315.354371
-12.722702,12,315.380174
-29.395715,62,315.514919
-939.397965,1000,318.44886
-20.957666,14,318.479947
-11.799503,16,318.514431
-41.891956,47,318.610733
4.595589,59,318.724411
-12.686348,13,318.751139
6.02216,10,318.772883
7.716672,18,318.811414
-28.297487,16,318.843219
14.346859,22,318.89919
-22.208098,23,318.95808
-30.316222,28,319.029004
-10.809832,16,319.07017
-5.895107,15,319.112121
-8.968915,9,319.135173
-51.095179,42,319.242796
-29.191449,25,319.306199
-155.917434,116,320.14223
-14.739576,14,320.169011
-16.491649,15,320.197485
15.74346,28,320.250369
1.819311,35,320.31847
-34.1291,44,320.412238
-56.556903,41,320.49169
-6.004198,10,320.511308
-11.723691,21,320.552387
-28.47061,21,320.593073
-36.279783,33,320.655914
-4.832106,11,320.676888
-36.766371,45,320.762698
-18.733993,11,320.784779
-5.7157,8,320.800831
-5.465082,9,320.818367
1.535709,22,320.861082
-65.964147,40,320.93788
-80.405163,59,321.05327
-25.857335,23,321.097865
-15.419831,9,321.115341
-7.276724,20,321.154154
-11.592378,13,321.179981
-4.854502,17,321.212722
-13.660388,10,321.231455
-25.49676,21,321.27168
2.508004,10,321.29164
-17.524044,29,321.348643
-37.379034,30,321.407043
-6.812274,16,321.441117
-49.313092,42,321.549133
-7.928901,15,321.587352
-1.54495,7,321.60553
-55.358153,39,321.703652
-99.202561,59,321.852395
-22.261321,11,321.879942
12.323222,24,321.935623
-45.423511,58,322.061446
-11.199149,22,322.105221
-5.576446,19,322.141976
-38.211788,76,322.907429
-2.685074,24,322.954245
-12.899555,12,322.977394
-26.75294,16,323.011529
-14.445308,21,323.05769
-912.113916,1000,326.184594
-5.919924,9,326.203799
-111.24093,62,326.335875
-83.878167,56,326.457622
-14.006281,23,326.506834
-2.918324,14,326.536778
-2.500904,10,326.557986
-2.405489,17,326.594388
-6.321122,12,326.619815
-24.499889,30,326.684336
-5.070864,11,326.707807
-3.931931,41,326.794898
2.07547,22,326.84123
-19.250189,23,326.890197
-909.279291,1000,329.593238
1.832679,29,329.650333
-18.28534,25,329.697902
-18.04007,28,329.75442
-6.795293,11,329.775258
0.656033,12,329.798331
-1.090628,8,329.813597
-18.528253,13,329.838613
-19.687954,19,329.879282
-46.58555,91,330.055728
-7.002719,23,330.099916
-14.398499,39,330.182336
-19.100763,35,330.256472
-70.900231,81,330.410892
-18.548535,12,330.434497
-5.762173,9,330.451554
-15.096587,9,330.468701
12.378121,46,330.560969
-39.473595,27,330.61327
-2.065535,17,330.645812
-19.997561,33,330.715901
-10.586646,12,330.740404
-4.441065,43,330.830973
-38.113149,36,331.529005
-12.099483,14,331.555323
-2.853719,14,331.588232
-15.938245,27,331.653179
-14.980933,16,331.691539
-46.54739,27,331.757232
-33.827723,69,331.924126
-9.652269,14,331.957713
-15.088097,10,331.982466
-5.185488,15,332.018929
-18.197423,13,332.05075
0.426366,27,332.302409
-22.214964,23,332.349548
21.476514,32,332.414696
-17.505639,14,332.445461
-18.378526,16,332.479855
-4.81015,15,332.508098
-13.442578,55,332.617491
-1.318232,12,332.641347
-15.677611,12,332.664217
-1.522451,21,332.707103
-2.223317,7,332.722776
-30.245896,19,332.76275
-37.991969,52,332.863742
-3.51898,7,332.878082
-53.665902,25,332.931697
-27.91174,12,332.955302
-48.276751,18,332.990385
-1.560458,20,333.030899
36.878116,22,333.073375
-29.794556,23,333.117932
-32.391494,20,333.156278
-81.785056,74,333.30018
-9.850499,9,333.319845
-825.247381,1000,336.078197
-2.473515,22,336.123326
-104.698245,92,336.308983
-72.979699,45,336.397448
-5.068963,8,336.413066
-16.154552,28,336.466791
-11.272915,12,336.490348
-1.294114,33,336.555369
6.894762,11,336.578007
4.226866,11,336.599141
-3.261424,16,336.630009
-19.127343,18,337.290116
-13.750917,11,337.314301
-879.092475,1000,339.590606
7.7048,23,340.258863
-20.599807,56,340.374551
-22.585677,81,340.540592
-8.159986,25,340.591405
-16.200853,21,340.633725
-0.857157,28,340.693091
-38.88259,25,340.743306
1.568791,15,340.773736
-7.905667,8,340.789578
-20.688739,34,340.862825
-22.20297,14,340.892552
-4.860222,11,340.915918
8.927162,10,340.937286
-24.064679,50,341.04338
6.781544,24,341.094618
-14.015952,19,341.135338
-11.953297,15,341.16691
-0.21757,26,341.222624
-12.547794,50,341.329968
-8.552916,9,341.34891
-4.091917,14,341.378407
-6.978775,21,341.423626
-47.208264,29,341.482857
-1.250016,51,341.592336
-17.191954,14,341.623685
-13.36991,14,341.658981
-11.336096,24,341.719919
5.638215,19,341.768281
-17.077317,10,341.79358
-31.090014,37,341.887728
-47.422229,36,341.979657
23.715249,61,342.120786
-56.598351,106,342.327703
-57.680305,57,343.053261
-36.428537,32,343.119288
1.923706,14,343.149333
-22.878822,23,343.194196
-11.849757,14,343.222642
-12.896934,19,343.263479
-30.783857,40,343.345159
17.905866,18,343.382049
-40.796619,42,343.469064
-39.216053,34,343.545071
-21.305981,14,343.571486
-27.503872,23,343.619034
-4.017661,28,343.674296
0.697961,25,343.723475
-0.038172,22,343.765522
-12.732439,36,343.83414
-12.615116,13,343.859805
-1.97163,16,343.890837
4.727274,30,343.948496
-5.300154,11,343.969997
-11.529448,18,344.004572
-2.63928,20,344.042228
-49.938618,46,344.1328
-70.217278,53,344.23414
-8.059898,13,344.265992
-12.744587,17,344.307451
-44.356897,19,344.35334
10.563945,18,344.396353
-5.331014,10,344.420999
-2.893557,29,344.491322
-11.320873,38,344.583378
-25.636766,38,344.67646
-12.685294,81,344.867655
-45.753753,43,344.9491
-12.58428,15,344.978628
-5.668883,60,345.096789
-6.963172,55,345.814643
-13.550172,21,345.855169
14.026303,27,345.907223
25.820566,35,345.975177
-16.852875,25,346.023155
-34.151641,32,346.319637
-0.362036,25,346.368371
4.848949,21,346.412564
10.575903,46,346.506273
-2.122488,6,346.518254
-26.131798,33,346.589861
-3.845626,25,346.640404
-10.868,16,346.672105
-11.948966,20,346.712657
-9.504915,17,346.748138
-4.288899,24,346.797326
-14.1228,10,346.819651
-25.789789,14,346.850533
-4.178149,13,346.878087
-54.471686,40,346.957806
4.198728,24,347.004909
27.782275,33,347.083461
-6.751199,13,347.115157
-24.242988,28,347.181643
-15.183746,44,347.287258
-33.566228,52,347.413277
-2.625801,26,347.476641
-41.079416,30,347.548674
-45.390571,67,347.695827
-905.700299,1000,350.38261
7.873431,18,350.41741
-19.013782,18,350.452659
6.052122,31,350.51356
-18.363255,16,350.545459
-45.58898,28,350.60101
-46.128853,35,350.673429
-33.858651,29,350.730396
-22.192111,31,350.790843
-9.366023,11,350.812194
22.466719,35,350.879968
-11.008328,56,351.668236
-33.702783,28,351.738237
9.273323,41,351.842476
-25.564724,45,351.938169
-22.069001,34,352.004145
-3.903498,21,352.044505
-21.085788,34,352.110148
-8.415516,18,352.145445
-9.038001,21,352.187236
-23.754072,28,352.24109
-13.830818,40,352.318651
-0.357527,11,352.341138
-145.744418,92,352.528834
-103.725161,117,352.780501
-11.876282,23,353.154769
-10.815401,31,353.216623
-21.673789,33,353.282253
-51.670414,77,353.433692
-9.992972,11,353.454935
-10.470089,23,353.499717
-2.707713,9,353.517336
-26.830933,47,353.607428
16.247736,52,353.708137
-13.790442,64,353.833511
1.468667,19,353.871883
-10.640455,20,353.911388
-10.419772,8,353.927208
-8.52562,30,354.000489
-12.708704,20,354.7826
6.505992,21,354.82373
-10.343821,14,354.851258
-0.899035,14,354.878551
-5.305426,33,354.944809
-25.783076,79,355.097146
10.123061,36,355.165083
-3.148962,7,355.178363
-11.706593,27,355.231825
-12.623498,11,355.255068
-10.660844,12,355.279616
-33.421129,40,355.356463
-7.439938,10,355.375689
-1.542328,37,355.448093
-24.904563,19,355.484603
-14.241907,12,355.507673
-3.331359,11,355.528524
-17.755932,30,355.586089
-9.229617,18,355.621071
-21.605699,40,355.698601
-44.948422,37,355.769755
-2.433207,39,355.846789
-21.588312,12,355.872621
-2.608297,17,355.905974
-15.849208,27,355.957975
-15.005731,18,355.992358
-26.133196,39,356.066957
-25.726895,32,356.128086
3.290225,11,356.149018
-17.243393,22,356.190626
-17.663217,20,356.228813
-32.466047,71,356.369637
-5.247341,10,356.39114
-3.6606,40,356.47702
-3.940049,6,356.489976
-43.870216,44,356.58622
-10.159387,26,356.644625
16.354049,31,356.713337
-23.851536,14,356.744318
-1.032501,13,356.773348
-15.617902,33,357.450503
-3.551348,31,357.509362
-39.94494,34,357.573706
-2.225102,39,357.647685
-36.460363,25,357.697815
5.383619,18,357.743713
-34.556532,20,357.793914
-6.573322,14,357.828864
1.60041,17,357.87126
-8.737432,24,357.93101
-7.179972,12,357.960883
-0.007542,23,358.019151
-17.88396,13,358.051659
7.936693,10,358.07656
-4.482926,10,358.101408
-2.49739,29,358.171534
-15.825548,19,358.20877
2.952284,11,358.230951
-21.854279,19,358.267483
-57.231212,42,358.346425
-15.330329,23,358.391094
-15.238521,18,358.431013
-5.848649,11,358.453262
-22.566831,44,358.536684
-17.035062,14,358.564788
9.212232,24,358.613388
-8.903492,29,358.672453
-41.491035,23,358.723474
-32.36183,24,358.774836
-5.998569,10,358.796842
-0.844769,30,358.858814
-20.153998,9,358.875916
6.49717,16,358.906063
-1.544465,11,358.926884
-3.509561,10,358.946669
-8.266818,38,359.020732
-35.85139,72,359.162047
-5.776899,9,359.179313
-22.077247,12,359.20202
-4.609717,16,359.233478
-15.309645,42,359.317168
-10.263169,12,359.341324
-60.277082,42,359.422131
-12.498958,35,359.490842
-9.897521,40,360.435672
-490.163162,626,361.730658
-873.271803,1000,364.475057
-6.950908,13,364.503224
-25.39138,63,364.636949
-2.468992,10,364.658007
-36.315706,40,364.743026
-18.382796,41,364.830276
-53.011786,78,364.995605
1.104325,27,365.052967
-6.670596,12,365.078488
-87.235589,37,365.159048
-23.438508,26,365.216107
-0.961348,17,365.253175
-7.719671,33,365.325703
19.083136,24,366.000387
-19.425529,15,366.032327
-13.087439,11,366.055954
-2.834786,68,366.202149
-20.426274,21,366.247269
-869.9651,1000,369.324189
-8.662903,10,369.343613
33.778188,38,369.420508
17.329859,28,369.476015
-16.884466,54,369.583365
-16.532446,46,369.672359
-21.149594,38,369.753566
-14.254837,12,369.780215
-6.848103,10,369.802708
-26.362832,15,369.836089
1.477189,31,369.905985
-2.813115,17,369.94071
-20.660452,20,369.981365
-27.540762,57,370.107548
-16.934027,13,370.13704
-825.213195,1000,372.84781
-77.774292,53,372.953546
19.710185,18,372.990864
-2.254938,8,373.008054
-15.593111,42,373.098057
-17.693951,30,373.162416
-3.395771,21,373.207727
9.99462,15,373.241481
-13.345751,22,373.288573
-5.267882,20,373.331894
-10.99461,31,373.39752
-5.404394,11,373.42102
-1.766035,9,373.440777
-11.378462,43,373.532265
-10.462974,22,373.578931
-20.146041,25,373.632976
-17.210656,22,373.679416
-54.878333,52,375.058625
-17.778074,34,375.130819
1.857198,51,375.240273
-11.807637,19,375.906723
13.415024,47,376.022387
-5.218867,16,376.061071
-16.04044,19,376.107909
-4.390301,17,376.149626
-11.913774,11,376.176383
-26.920024,62,376.326179
-1.624048,15,376.363333
11.469911,62,376.511595
-5.353631,20,376.558325
-25.020779,33,376.625542
0.880116,29,376.681072
-16.269092,18,376.715136
-3.790887,21,376.755038
1.247031,24,376.801546
-48.96596,51,376.899618
5.290606,26,376.949946
24.163716,27,377.001934
-19.017313,23,377.046289
14.284774,23,377.090209
-0.374922,19,377.126613
-14.276552,36,377.195241
13.257526,51,377.293366
-6.407086,29,377.348384
9.162175,110,377.558042
-61.849613,67,377.690235
-7.693779,24,377.739765
-5.654254,10,377.759486
-18.890386,15,377.790372
2.930915,13,377.81459
5.160203,17,377.846716
-28.419524,24,377.892998
14.491859,19,377.928777
-6.064525,27,377.980527
-26.087615,66,378.736103
-8.479921,19,378.784342
-17.738341,70,378.96219
28.451474,29,379.035893
11.643487,11,379.060763
19.986039,20,379.112828
-2.926059,8,379.130221
-15.380313,43,379.216603
-6.623814,25,379.269313
-1.014113,11,379.29133
-15.985629,19,379.329228
-55.801612,49,379.431573
-20.202857,45,379.524624
-12.624494,27,379.577707
8.639514,20,379.618866
-4.378497,10,379.638929
-81.437714,83,379.803659
-6.887239,49,379.905905
-4.550357,9,379.923656
0.261959,44,380.011507
-2.797273,31,380.073505
13.101568,24,380.123168
-9.269892,12,380.151136
-18.316545,39,380.236836
-52.722131,31,380.302557
-0.212761,11,380.324144
5.724591,28,380.381968
16.230093,42,380.464271
3.530324,32,380.527856
-30.47251,51,380.632605
-1.138977,9,380.652712
-3.688307,26,380.710446
6.267429,15,380.742166
-12.541508,10,380.762239
2.448281,12,380.785446
4.222237,12,381.475334
-0.275015,31,381.554611
-73.417996,51,381.684584
11.048411,43,381.791273
-8.32276,30,381.858308
4.644668,14,381.886755
2.344294,13,381.911958
-868.496789,969,385.754098
-38.780064,57,385.900834
-19.159527,30,385.976833
11.753261,19,386.024951
-16.130644,46,386.115217
-10.718519,18,386.149739
-32.433008,24,386.199914
-0.238803,14,386.226912
4.583441,11,386.247697
-6.327073,18,386.286211
-6.813689,16,386.321566
-27.666822,88,386.493658
-42.828952,50,386.589638
-3.562794,10,386.608893
-11.511367,15,386.63771
-1.876773,14,386.665884
-4.787471,42,386.745562
-49.438824,41,386.823672
-25.696325,48,386.913943
-5.474533,16,386.94401
9.55831,18,386.978364
-16.223892,36,387.047414
4.453284,15,387.075648
-796.902932,1000,389.798151
-839.405349,1000,392.863644
-9.401111,9,392.883584
-20.944599,36,392.960884
-8.601437,12,392.986344
-0.762869,15,393.018676
-9.917029,12,393.044406
-5.61495,17,393.080902
-23.831103,27,393.140439
18.391515,30,393.206572
-4.262536,28,393.268171
-32.288874,32,393.339314
-18.541931,21,393.386486
-27.958089,23,393.436679
-9.738223,13,393.465076
-6.019952,11,393.489727
-0.657503,13,394.143757
-8.972548,18,394.181182
-0.418535,13,394.209342
6.595557,9,394.22814
-13.850311,20,394.270864
-7.121848,13,394.298728
-0.685905,17,394.334718
-33.118829,85,394.515524
-11.651652,17,394.551603
-3.273721,24,394.602249
-16.8213,17,394.638151
-5.625443,10,394.659335
14.24192,21,394.704228
-6.902884,15,394.736099
3.822801,17,394.772139
-11.189119,16,394.806486
-15.652341,27,394.862329
0.389105,11,394.883684
-22.709148,14,394.913394
-21.066214,48,395.020428
-7.192003,10,395.042822
-11.116578,15,395.075148
56.775645,26,395.12638
-795.377863,1000,398.085584
-7.267183,13,398.110985
4.44004,66,398.253015
-12.141356,42,398.359226
-30.481922,26,398.424802
-7.670453,24,398.48492
-19.229229,15,398.522783
-5.719569,17,398.565704
-24.872314,32,398.646098
-16.77795,22,398.696758
12.813256,30,398.756058
-10.174113,13,398.781189
3.091058,23,398.825214
-10.697649,27,398.87687
1.257943,23,398.920586
0.388835,13,398.945812
-4.418816,13,398.971943
-12.954405,15,399.000927
-18.421287,17,399.033365
0.141601,15,399.061831
0.736159,19,399.100135
-4.879878,34,399.165503
-35.140755,33,399.229289
0.58496,13,399.25408
-12.394951,12,399.277023
28.259168,63,400.015194
4.188603,28,400.070311
-18.391959,33,400.135463
13.404942,32,400.197283
1.5547,25,400.247094
-26.936154,30,400.305233
59.925917,51,400.407142
0.313124,12,400.430103
-22.039813,16,400.460673
-82.456946,63,400.582561
-9.333025,20,400.620657
3.370953,8,400.636168
1.676045,22,400.677866
16.364242,28,400.731631
6.935631,27,400.783304
-23.471131,96,401.025508
-6.423611,32,401.10757
-8.735365,38,401.205006
-2.428608,14,401.239048
-22.948037,37,401.309708
-4.985804,19,401.346001
-99.59727,89,401.534664
-8.587574,28,401.594922
12.415973,26,401.650476
-23.484054,25,401.703415
-85.012326,55,401.821358
-0.922688,8,401.838607
6.032423,8,401.855795
17.656864,26,401.911277
-35.975556,37,401.99039
-2.217454,8,402.00739
-820.234374,1000,405.121458
-37.189343,49,405.22391
-12.468275,14,405.252584
-58.101765,45,405.962724
1.744616,28,406.014971
4.739273,16,406.045428
-7.283077,22,406.087485
-5.411877,9,406.104653
-7.478724,11,406.12546
20.031676,44,406.208396
0.279784,22,406.24996
12.352025,29,406.305223
-112.273225,101,406.500743
-12.037245,32,406.560796
-2.282091,13,406.585236
-9.371823,11,406.606056
-14.988932,29,406.661783
-16.869692,11,406.685396
-18.442179,17,406.717301
-2.887812,22,406.758791
-6.276828,30,406.819193
15.835889,34,406.890419
1.285443,12,406.916794
-0.375821,11,406.938195
-1.685783,13,406.96328
2.098014,48,407.055797
-13.523953,29,407.112163
7.232024,10,407.131233
8.727286,15,407.160393
47.412568,32,407.231263
-54.839341,44,407.344029
-754.015436,1000,410.093184
-20.143115,13,410.126361
-10.602276,29,410.199684
14.896191,42,410.293474
-12.063455,13,410.319459
-5.161656,14,410.346391
-42.300561,73,410.48581
-10.315496,45,410.572271
-4.967427,31,410.631939
-35.551345,29,410.687346
-16.812042,20,410.726324
-0.099163,18,411.374415
-10.059651,17,411.409167
0.560104,11,411.432608
-18.614002,22,411.479529
-13.635465,17,411.516607
-12.315563,34,411.793982
20.581523,20,411.837255
-72.168142,60,411.966414
-27.680381,60,412.09445
-720.514781,1000,414.864653
-5.965095,40,414.941317
-1.112522,14,414.968736
-11.220336,22,415.014463
20.007991,17,415.047146
92.293655,52,415.148165
-3.792977,15,415.179361
37.819797,50,415.274959
-19.274477,31,415.334235
-9.397387,23,415.379042
-28.622499,23,415.423152
-166.319776,113,415.642344
-3.216295,16,415.67298
0.030269,19,415.709212
-1.003724,15,415.738119
-14.249537,19,415.77501
-18.311394,78,415.925578
9.170268,13,415.950454
-4.088731,10,415.969826
-22.381334,21,416.00988
-1.482509,8,416.025131
10.370096,24,416.070605
-6.42743,16,416.101193
7.545608,9,416.118696
-4.620259,18,416.153778
2.711782,22,416.198993
-37.620308,33,416.264796
-5.487794,26,416.315743
-4.125691,14,416.343148
-36.587454,57,416.913822
-1.519911,8,416.934231
-8.153088,11,416.961953
8.864754,10,416.987237
-19.3487,32,417.067118
-6.374459,86,417.284826
7.487974,30,417.360929
5.670014,12,417.384683
-24.755562,47,417.476178
-0.859238,50,417.574478
-738.55676,1000,420.495313
-9.83273,14,420.525745
-2.193311,21,420.569937
22.241797,51,420.680263
-0.712568,9,420.699334
16.137797,21,420.74376
3.33158,10,420.764956
1.438673,10,420.786504
-13.414106,45,420.882782
-10.021349,16,420.916974
-34.547433,19,420.958273
-1.280872,33,421.029109
5.706154,36,421.106633
-17.448018,14,421.13671
-17.120311,14,421.166971
-26.719101,30,421.231206
-7.617824,21,421.275889
-19.523518,22,421.322626
7.659006,23,421.371537
-19.610852,12,421.397019
-62.09022,95,421.600366
-10.542451,61,421.7308
-42.257655,80,421.904757
-11.977218,56,422.026541
7.889991,25,422.081492
-5.609344,18,422.632499
-58.242863,58,422.757564
7.799448,20,422.797782
-25.395223,62,422.940287
4.717095,20,422.990259
-0.956974,19,423.037583
-17.590149,15,423.074392
11.932752,30,423.146411
33.759723,31,423.221339
-34.521784,37,423.310445
-26.732509,36,423.389884
6.578321,18,423.423425
-27.010276,25,423.473736
-13.662921,13,423.498929
-44.622674,31,423.559054
4.854621,19,423.596104
7.217268,13,423.622948
0.646494,19,423.664255
-12.763107,18,423.699833
-43.339478,64,423.829972
-4.330427,15,423.859249
-10.749208,13,423.887865
-10.585882,10,423.908332
1.032454,15,423.938904
-22.821241,25,423.991252
17.24198,31,424.052175
-5.844558,11,424.073489
-3.071712,9,424.090493
12.091068,46,424.18014
-1.472522,7,424.193991
-24.037533,37,424.266976
0.002428,9,424.285112
-2.025047,33,424.350842
15.463934,12,424.37439
-15.251852,22,424.41757
-0.883319,14,424.444847
2.210162,19,424.481927
2.098952,42,424.565238
-450.828834,624,426.615659
-10.243284,21,426.656341
-59.98947,66,426.784166
15.703411,27,426.837281
0.730652,17,426.873678
-73.167504,63,426.997777
0.861014,18,427.033317
-3.008319,49,427.128194
-12.982911,14,427.155707
-20.661189,37,427.227914
-40.268644,22,427.270489
-6.817448,13,427.295842
-9.398427,13,427.322392
-6.835055,28,427.376939
-766.587701,1000,429.928895
-5.311161,12,429.95546
-121.379898,85,430.138107
10.796724,27,430.196356
-13.523758,16,430.734993
-11.097604,30,430.798871
-11.857325,21,430.843616
9.047116,15,430.875957
-23.54797,36,430.953275
-0.334585,20,430.996754
-14.730777,15,431.029047
-28.800619,41,431.117388
-23.592294,18,431.156153
-6.561741,32,431.224977
-8.390761,9,431.244626
-8.02545,36,431.321452
-26.911296,40,431.408271
-7.011474,12,431.433802
-27.663261,28,431.493603
-11.433272,13,431.520966
0.416896,52,431.830249
28.738602,31,431.897221
-1.284924,22,431.944216
11.610227,63,432.07928
3.884098,8,432.096504
-3.819214,14,432.126503
3.07265,12,432.152251
-8.943653,14,432.182668
22.17962,36,432.259318
-47.436857,39,432.341506
-22.58424,20,432.383878
-4.309549,44,432.478416
-16.248193,11,432.50144
-30.830603,28,432.559124
3.397003,10,432.578048
-3.788531,9,432.595248
-5.872574,19,432.63279
-19.88948,38,432.707079
18.428964,20,432.745645
-0.322915,11,432.76858
-8.758858,10,432.789183
17.253493,22,432.832149
7.205792,8,432.847957
-9.90634,14,432.875752
12.222582,67,433.011226
-11.765503,85,433.629631
-2.112711,14,433.659994
17.95205,15,433.691133
3.547526,9,433.70877
-41.882208,40,433.789072
-0.234999,8,433.804641
-21.684102,30,433.867092
19.503725,39,433.96281
-8.066532,18,434.007424
-3.317702,9,434.030894
-21.65662,20,434.082967
-5.483587,15,434.122061
3.148282,8,434.142676
-28.089327,54,434.280175
-2.336617,64,434.411885
-2.283306,30,434.468708
-14.102687,25,434.517361
-23.966396,57,434.627128
5.889007,15,434.656278
9.449699,27,434.709474
-7.414452,17,434.743926
-16.86283,20,434.781972
-1.354374,11,434.803412
-8.774623,22,434.845361
-17.261188,33,434.912499
-17.715776,39,434.99525
-42.597129,50,435.095942
8.05667,14,435.123175
-8.530301,13,435.149097
-0.828381,8,435.165103
-1.259396,24,435.212305
-1.168147,29,435.269611
17.269791,27,435.324549
-20.265285,18,435.364704
-3.254953,19,435.407207
-41.862495,28,435.462832
-5.078798,13,435.491978
3.272388,29,435.551047
-10.186988,32,435.620705
-1.645403,19,436.103889
0.518285,38,436.178
18.54066,28,436.231358
-50.821385,40,436.31521
-45.081086,43,436.401137
-15.787675,15,436.430187
-7.19725,13,436.455063
-4.826523,17,436.493306
29.079106,69,436.666436
17.617593,42,436.771688
9.701683,16,436.811455
-145.963915,148,437.124906
-3.918714,35,437.191522
-6.643998,32,437.252969
-9.344172,12,437.275687
-34.131595,60,437.393678
-13.489852,11,437.414731
6.375871,17,437.447544
-1.198296,8,437.462909
-8.900486,27,437.514383
-30.985399,35,437.581348
-15.383505,18,437.61689
-813.016923,1000,440.420813
0.869474,24,440.467777
-15.964209,45,440.558755
53.271673,41,440.638575
-22.525934,48,440.767524
-4.682238,19,440.820802
-7.105736,10,440.848708
-35.029574,72,441.035629
-4.35807,9,441.058596
0.127633,16,441.098289
-692.234902,1000,443.583019
-11.594244,20,443.634215
-16.858525,12,443.664815
5.304767,17,443.701057
-7.090359,12,443.724869
29.721803,51,444.362845
7.110146,43,444.456529
-11.780997,15,444.485102
-75.712002,60,444.601484
-0.491931,9,444.618671
10.816263,16,444.65028
-19.774265,28,444.704051
-19.168249,21,444.745188
-15.575958,13,444.770889
-10.491809,31,444.831479
-44.780848,39,445.17848
19.44809,21,445.218939
2.801792,32,445.283137
-5.357001,16,445.315096
-17.267062,40,445.392426
5.552749,27,445.446483
-1.059531,13,445.471971
-758.304083,1000,448.123372
-12.876117,35,448.198667
-5.2638,26,448.254965
29.512987,40,448.33928
-3.074116,9,448.35808
1.227922,20,448.398239
9.842682,12,448.422196
2.424098,31,448.486781
-5.098403,9,448.504411
-9.375692,44,448.595394
9.17958,43,448.679924
2.917233,35,448.750178
1.234902,10,448.770457
-12.009312,11,448.792879
-12.584529,36,448.868221
-5.991011,9,448.888797
2.985062,8,448.906127
4.974356,17,448.943695
-17.006575,35,449.016316
-0.670807,15,449.045074
16.557857,23,449.091135
17.645879,32,449.1593
-9.661449,17,449.200223
-3.195067,17,449.241455
-8.343158,35,449.319857
-29.765489,20,449.813245
0.129576,66,449.949583
-2.378149,13,449.974166
7.291576,16,450.013102
-20.356228,28,450.082938
-30.258443,22,450.138172
-33.149068,37,450.230134
-37.883987,37,450.322014
-149.695362,102,450.54756
2.268216,18,450.585576
7.012635,18,450.622099
-10.186216,26,450.677261
-32.399649,21,450.723692
-1.503707,29,450.781781
1.043095,18,450.817726
-0.510116,20,450.856364
17.260863,26,450.907336
9.320828,15,450.936157
2.390121,18,450.97334
11.903696,20,451.013059
5.687817,14,451.04115
-12.58318,57,451.150079
21.976353,54,451.253479
-5.064069,12,451.276766
19.899472,21,451.317313
-8.749134,15,451.346586
17.424485,21,451.388144
-25.250184,48,452.534377
-11.742404,15,452.568466
0.700021,13,452.603538
35.449808,23,452.663541
1.486624,15,452.702936
-46.640844,21,452.755583
-16.316367,22,452.811163
-3.451334,46,452.924386
18.075496,29,452.99446
-15.617442,15,453.03071
-10.407306,33,453.590851
5.913144,7,453.606064
5.542133,18,453.640753
-13.447484,60,453.758363
-435.0874,625,455.005486
-6.138567,39,455.089073
-158.981885,97,455.296289
3.205103,14,455.326953
-17.880589,37,455.407761
8.548117,17,455.44553
-21.292483,41,455.536736
6.010958,27,455.59637
22.158959,55,456.220538
-3.84874,17,456.256677
-26.059935,52,456.367017
-27.430195,23,456.416057
-8.934349,30,456.479937
10.05461,19,456.520139
-269.288846,333,457.233691
-7.810418,18,457.27042
9.317256,30,457.329329
-6.195578,14,457.356002
14.757129,19,457.392417
5.039932,17,457.424986
5.893531,15,457.453251
-4.947858,24,457.500222
33.074256,48,457.592158
11.461209,32,457.653212
34.741671,34,457.721526
1.47491,29,457.776923
-20.374984,18,457.811355
2.321287,16,457.851345
0.718111,66,458.010644
3.998061,20,458.058382
-4.016716,53,458.185581
-6.424705,8,458.20538
-11.304131,24,458.263504
-69.943201,57,458.84917
18.289327,20,458.888988
-13.922832,23,458.936294
-1.058369,8,458.954187
-5.124396,31,459.023091
-17.157058,36,459.098261
-11.758113,20,459.137627
-13.109864,16,459.169649
4.440955,14,459.196261
-0.622149,9,459.387224
-8.98471,15,459.419354
-24.209727,30,459.476333
9.245316,9,459.493322
-4.390314,17,459.525654
4.25441,71,459.661652
-11.892717,16,459.691702
-40.918651,50,459.79135
-7.030804,26,459.841538
-28.623812,67,459.977745
-13.18132,11,459.998854
-43.45178,32,460.067792
3.51494,15,460.096737
-4.289062,17,460.133401
-138.76945,116,460.368384
-10.863015,17,460.401395
-9.791256,24,460.448746
-7.998341,17,460.481962
-2.91056,22,460.523724
-1.4216,8,460.539135
3.983881,13,460.563856
-36.688568,32,460.642067
-13.845303,24,460.699682
-9.006792,30,460.773346
-32.178176,43,460.87921
12.719001,26,460.942196
-106.042961,115,461.656753
-11.554569,22,461.697945
22.087363,29,461.753353
23.116021,40,461.828737
-2.393363,27,461.882839
1.592649,23,461.92787
-9.328672,25,461.977709
-2.651864,29,462.038347
14.175653,18,462.073175
-8.921646,100,462.265197
8.853558,47,462.355105
-21.109,33,462.420117
8.268673,13,462.445791
-3.818158,6,462.458171
21.7224,28,462.512777
7.351869,76,462.66281
-22.17553,21,462.708302
-18.543273,13,462.733808
2.436639,14,462.760658
36.748924,47,462.851728
-0.939652,11,462.873064
3.942932,24,462.920249
-12.570535,29,462.978625
-0.218526,38,463.050347
-11.645521,52,463.149062
6.171453,31,463.208778
-15.051749,17,463.240735
-5.455513,7,463.254182
-13.891429,65,463.425218
5.449506,31,463.507251
13.354492,12,463.536482
-0.239675,17,463.577545
-4.371281,92,464.299119
-19.119677,16,464.331136
47.607801,55,464.449205
-14.811062,24,464.501019
-5.295729,15,464.533115
1.521235,20,464.576717
-27.815564,61,464.707655
-8.710596,9,464.726889
17.350107,42,464.816841
-0.792555,18,464.855531
14.611891,17,464.89166
9.869142,15,464.924097
13.387097,17,464.960873
-30.712656,15,464.993293
3.066654,9,465.012064
-7.701627,23,465.061278
6.537953,8,465.078413
-34.215921,36,465.154967
-62.073912,61,465.286161
-8.299043,23,465.335424
-26.769266,18,465.373869
0.863226,19,465.414843
-27.24459,21,465.459802
-27.869827,73,466.828748
-6.232324,27,466.88631
3.644124,12,466.912026
-8.054059,17,466.948215
14.03888,27,467.006216
3.47331,19,467.046986
-8.877914,19,467.088161
-24.242647,34,467.160982
-3.118244,15,467.193547
7.878411,13,467.222152
-9.34384,83,467.395744
-2.160355,17,467.427983
-38.544488,51,467.526726
-0.639267,26,468.035046
-11.667749,46,468.134006
-11.347467,10,468.153874
2.897601,39,468.228836
2.147834,11,468.249941
0.678558,7,468.263241
-29.26342,35,468.329641
-36.250407,78,468.479195
37.150557,33,468.542297
-2.514909,20,468.585196
-70.464102,56,468.692831
4.220816,18,468.727339
2.892871,18,468.761337
-2.469451,27,468.817343
-6.818181,14,468.848543
-36.236653,21,468.895072
2.342584,12,468.919288
-15.615048,19,468.956146
18.162127,44,469.053424
-66.180734,69,469.201653
-10.641634,11,469.228052
-17.88149,62,469.377031
-43.995748,29,469.445577
0.359035,11,469.472407
-26.557917,61,469.618075
9.609889,21,469.668358
-8.387759,12,469.69623
-15.281435,23,469.751238
30.481153,80,469.904823
-15.506761,54,470.013068
-19.054921,16,470.043719
-4.074183,23,470.089616
-10.865669,64,470.659518
25.484265,34,470.726834
19.050453,25,470.777416
-8.044458,15,470.807116
3.037114,16,470.838216
-21.225448,57,470.950821
-7.215652,27,471.003494
12.534776,17,471.036896
-634.82113,1000,473.780283
3.381097,15,473.812959
-7.119907,7,473.827403
-5.998055,31,473.893718
-21.885916,25,473.947005
-72.605189,62,474.078301
16.426642,15,474.110526
-10.443947,25,474.163841
-13.61657,26,474.218941
2.840207,30,474.282652
3.898121,31,474.34885
-4.991606,12,474.374201
-21.39816,25,474.427263
-21.479358,17,474.463228
-4.23655,14,474.493318
18.686085,50,474.598998
7.793412,10,474.619844
-10.860751,27,474.677229
-2.034912,22,474.724547
-0.204575,10,474.745921
-27.600636,37,474.824757
-11.954419,16,474.858542
-5.300601,9,474.87747
-0.923259,18,474.916812
8.872565,15,474.949048
3.595826,15,474.981346
-11.271405,10,475.002802
13.471596,18,475.041141
-0.477389,19,475.081298
22.452216,38,475.165667
9.169866,41,475.255579
52.045833,21,475.302383
-17.638614,13,475.332246
-4.40294,9,475.352191
-24.449023,24,475.405412
20.99186,50,475.517874
-6.765468,11,475.542838
9.78729,21,476.087938
-5.824889,20,476.131375
0.345673,8,476.14859
18.728544,22,476.196201
-33.833867,43,476.288363
-37.94519,55,476.407193
5.115353,15,476.439572
-37.300211,55,476.5587
15.85545,12,476.584463
19.317523,17,476.620742
-18.91552,21,476.665684
6.666336,15,476.698114
-14.32577,22,476.745478
1.411957,6,476.758427
-5.367891,7,476.773888
4.854202,18,476.813023
-20.832752,14,476.843146
32.532806,42,476.934495
27.830701,39,477.01919
-17.688689,14,477.049367
-8.473637,10,477.071217
-11.012645,10,477.09266
-6.290995,35,477.168301
-3.269577,9,477.188246
3.590897,20,477.231401
-11.399751,13,477.259197
-13.793462,16,477.293661
-650.871539,1000,480.283518
-30.506847,33,480.347337
-14.331306,10,480.366749
-708.314695,1000,482.938818
5.38878,8,482.956658
-7.139415,16,482.987892
15.033145,25,483.03799
1.826134,14,483.064747
28.961603,39,483.138593
-18.371461,38,483.210913
60.678134,87,483.378447
-10.92864,16,483.408962
-4.330958,30,483.4732
-4.234602,9,483.49579
8.41634,17,483.538009
-20.004723,17,483.580229
2.183184,28,483.649637
-14.8402,12,483.679497
-650.156015,1000,486.37148
-4.238943,21,486.41937
-9.325837,14,486.450482
11.258905,34,486.527494
-18.78248,16,486.563193
-5.566744,14,486.853155
-43.149679,66,487.491015
-5.613026,12,487.516624
-5.404358,16,487.550925
8.348833,25,487.604398
-29.89099,49,487.70894
11.200565,21,487.754193
-8.816735,21,487.799704
9.73844,22,487.846586
-1.065328,8,487.86452
-7.651095,25,487.914926
-7.083557,41,487.993504
-25.602196,68,488.125226
7.402282,33,488.188477
-12.657397,27,488.240838
-20.778465,48,488.333754
-10.35755,13,488.358878
1.992974,18,488.393496
-1.838662,39,488.469937
5.059322,18,488.505074
-1.576371,12,488.527964
-66.30035,113,488.760178
-35.050452,30,488.825352
-5.405188,16,488.860535
-3.786432,20,488.902974
10.910134,18,488.937152
11.19778,36,489.004802
13.388523,24,489.049853
-13.876253,19,489.08733
6.659142,35,489.155182
-18.056539,30,489.212028
-13.996384,12,489.235145
2.463861,23,489.283448
40.667832,50,489.397019
22.028016,44,489.498962
6.310894,45,490.263544
-11.682373,18,490.30847
-12.017746,21,490.360654
-15.020477,13,490.39344
2.462428,17,490.43562
6.517592,25,490.492609
-6.787514,41,490.572978
-5.242358,14,490.600167
-15.730244,16,490.631205
-14.233622,12,490.656045
0.39507,29,490.712738
-6.014716,20,490.751974
-10.615388,30,490.811338
3.319926,31,490.871283
-76.72311,59,490.989309
-0.290949,20,491.028672
-664.587834,1000,493.716076
-618.162283,1000,496.761981
-10.646637,16,496.796826
-0.413811,13,496.824347
30.408978,40,496.90843
-12.266965,16,496.942256
18.130244,41,497.029479
1.578007,18,497.067127
-18.45589,50,497.173216
-54.261797,63,497.306538
10.861008,36,497.383907
-11.358426,27,497.440842
-20.513227,36,497.517818
-12.080358,31,497.58422
5.590597,25,497.63761
11.814392,22,497.684422
-9.109914,16,497.71879
-2.490421,11,497.742698
-2.485824,20,497.785805
-3.632875,11,497.809298
6.908809,25,497.862899
1.41321,31,497.930933
2.096447,65,498.075062
-1.220732,16,498.110811
31.184616,39,498.196901
22.038863,37,498.891298
2.40741,21,498.935648
-1.864824,21,498.980223
2.552664,7,498.995129
-5.691371,31,499.060994
-57.285288,71,499.22645
-4.647666,19,499.26667
-0.822793,18,499.305441
-14.621577,26,499.361087
18.072475,22,499.408689
-0.482913,12,499.43479
-29.175768,85,499.615897
10.386469,29,499.677318
7.631926,18,499.7162
42.696148,36,499.792657
-17.201954,39,499.876952
31.178171,80,500.031465
11.167441,23,500.076796
0.942713,8,500.094146
5.689086,49,500.190106
-4.937851,8,500.205382
23.798135,37,500.277936
-23.281057,72,500.416964
0.628101,31,500.47722
-5.843277,16,500.50727
-26.872062,20,500.545016
-4.427557,41,501.103216
5.812617,9,501.124527
-3.798564,10,501.148792
-11.320075,22,501.20145
-0.915093,15,501.237653
5.05788,34,501.318905
-19.316512,41,501.417482
-1.571137,14,501.451899
3.029618,63,502.185904
14.950119,21,502.225553
41.509636,42,502.305004
-60.3904,89,502.475095
-5.522465,12,502.497935
-10.021762,30,502.554222
-39.093217,76,502.699217
-675.169512,1000,505.372531
13.19089,17,505.405486
0.636071,11,505.42725
-2.260609,25,505.479951
8.980324,37,505.55151
23.438389,27,505.607877
-0.115367,10,505.628521
-5.770462,25,505.679984
-6.381494,14,505.708554
-3.723667,23,505.753051
0.878923,19,505.791991
28.700837,19,505.828667
8.019518,17,505.860881
-20.861131,17,505.895359
-14.656244,23,505.94379
15.302185,15,505.973514
6.451927,29,506.032591
-8.846937,12,506.057913
26.578538,19,506.096124
-3.719999,10,506.115153
1.434159,18,506.151214
1.072554,8,506.168408
0.218884,24,506.221338
0.607521,18,506.259846
21.196918,44,506.353959
-208.616179,330,507.58979
55.225965,53,507.702463
-8.355702,56,507.822387
7.664504,37,507.902104
7.873542,15,507.935199
-2.497327,36,508.213508
10.394377,15,508.24465
53.314311,112,508.48393
62.027186,37,508.577724
23.79551,17,508.62046
22.573484,35,508.709347
-3.533771,11,508.737793
20.628386,22,508.792525
-12.780739,30,508.86478
-8.554201,60,508.997355
-25.412528,23,509.042826
0.911471,8,509.057973
9.15327,14,509.085475
1.689531,20,509.12479
-8.65684,12,509.148605
-5.63291,40,509.22567
-11.963351,30,509.289937
-5.956035,18,509.32509
23.113705,46,509.416589
-2.123537,19,509.457038
-0.589459,37,509.528924
13.884575,26,509.583039
-23.444149,34,509.648073
-0.503592,17,509.680139
5.609062,9,509.697325
48.181502,57,510.283049
-6.458865,32,510.344524
-6.818624,17,510.378839
4.805282,20,510.41727
-15.554466,16,510.447523
13.028596,41,510.525713
-5.588648,41,510.604922
4.040109,21,510.645164
20.655837,31,510.70425
-1.285837,13,510.72905
15.781625,24,510.775719
11.640802,17,510.808191
-632.813434,1000,513.472384
-4.107901,43,513.558312
-4.70144,20,513.605341
16.670906,31,513.682629
3.707785,8,513.702349
11.691269,46,513.817568
0.360954,19,513.865187
-16.062582,11,513.892758
-31.841707,79,514.084054
-26.611305,31,514.144975
-38.88664,43,514.230837
2.781774,19,514.266989
-16.151559,38,514.343204
20.393394,35,514.414623
-37.872331,31,514.477857
1.704253,10,514.497291
47.761988,37,515.063614
1.133444,9,515.082799
16.524571,31,515.148896
1.701871,8,515.165469
-13.576404,28,515.224969
0.446075,19,515.264948
-2.981958,10,515.286272
14.17759,15,515.31962
-12.538488,13,515.347295
4.178824,41,515.4342
9.972594,23,515.482741
-50.835194,59,515.607873
13.095444,31,516.177595
18.621538,24,516.229026
-9.506648,15,516.260864
-23.600806,34,516.333578
3.818795,18,516.372221
-6.135686,16,516.406603
4.895725,33,516.477118
11.198466,40,516.561618
-8.814868,17,516.597944
2.446865,17,516.634413
27.700192,33,516.704045
-6.372838,10,516.725414
8.135545,77,516.889025
-44.885459,98,517.098386
24.066815,26,517.154203
2.866676,13,517.182334
-10.274431,18,517.220705
8.970181,27,517.279048
-6.399674,19,517.319799
-3.32709,18,517.358824
15.791419,56,517.478078
-14.226999,25,517.526557
-8.738211,23,517.570352
-32.46271,45,517.656155
12.27684,65,517.799243
39.012728,85,517.976289
2.414477,33,518.049275
-544.105223,1000,520.56548
-0.748701,11,520.5866
2.404587,72,520.729479
-5.528939,14,520.758008
-12.407993,11,520.781602
53.087356,39,521.323726
-8.468666,25,521.373135
-74.098542,98,521.605229
-21.097045,32,521.933028
27.546307,68,522.086191
20.767011,37,522.159858
14.500248,30,522.222142
2.024846,21,522.268988
-3.690515,35,522.347132
-0.55407,23,522.395811
-9.694032,52,522.502869
-6.891569,15,522.531836
-20.059833,35,522.600854
29.606506,84,522.77369
-6.794551,10,522.793307
22.688785,46,522.889394
3.705088,29,522.946
-2.661737,13,522.97137
-14.322466,28,523.025388
-80.244743,107,523.242869
-8.448477,13,523.268281
42.684652,49,523.373838
-15.954198,15,523.403338
17.913071,43,523.488734
-6.111792,9,523.506032
8.436758,18,523.541268
-43.410593,48,523.633229
-6.208387,23,523.68147
24.734683,38,524.268575
-11.840893,35,524.342886
-10.98526,16,524.376527
8.554637,29,524.438603
-32.293254,40,524.523063
-48.487071,106,524.748552
3.512032,27,524.805601
16.283054,20,524.848095
11.506177,30,524.91237
-12.046233,41,524.999556
-19.751566,22,525.0465
16.411491,27,525.103656
-7.257046,60,525.230528
2.298614,53,525.343407
23.759954,33,525.412688
-25.827894,86,525.595991
6.159046,35,525.670393
26.863169,34,525.742576
-75.367606,117,525.989804
-22.475201,23,526.038443
-5.364283,12,526.063675
6.097266,19,526.10551
-7.447992,23,526.155693
0.391157,29,526.219179
-15.9668,19,526.260506
1.061186,29,526.323221
-16.707385,27,526.382279
-6.228052,9,526.899365
-0.250593,18,526.937902
-0.785455,14,526.967307
30.057794,42,527.056727
3.532428,21,527.101949
-0.789844,10,527.123232
-11.752046,16,527.157144
41.062268,59,527.283492
13.057579,25,527.336245
-5.892361,30,527.399542
14.262534,14,527.429769
-3.462061,8,527.446878
-39.379704,41,527.533693
8.386368,20,527.57673
-67.188828,38,527.657353
11.834826,42,527.746607
-10.227506,12,527.772549
0.191984,11,527.794896
-9.135733,41,527.873041
-2.425063,13,527.898266
-16.137879,23,527.943197
33.461645,86,528.11112
-30.634974,41,529.293664
-18.914981,19,529.329643
4.203401,7,529.3434
-3.126456,14,529.370569
4.033813,29,529.429519
6.189742,9,529.44929
12.281664,30,529.50856
-7.969039,12,529.531173
1.94004,55,529.636888
10.524836,30,529.700464
32.280139,46,529.791598
5.018708,8,529.807769
15.7561,39,529.884693
-21.337697,40,529.963621
-39.152697,31,530.024467
5.603477,14,530.052379
-10.475806,25,530.548728
-1.403279,10,530.567366
-7.252027,20,530.606503
-5.366963,14,530.634382
4.235562,19,530.671894
-10.223616,28,530.729943
-2.749504,32,530.800987
-20.694024,18,530.840215
5.687698,8,530.856359
4.062666,17,530.898319
0.439664,8,530.918268
45.165371,47,531.034727
6.183005,13,531.066905
24.194794,23,531.123409
-448.402631,1000,533.649033
46.905063,56,533.789156
-9.105296,70,533.953668
42.360029,59,534.07338
-11.205922,16,534.107498
22.796623,22,534.15687
-63.89677,67,534.298046
52.593291,58,534.422019
-3.499916,8,534.437107
23.757238,26,534.491723
-15.377006,12,534.517482
-6.834944,21,534.562429
-12.608216,23,534.611026
-6.23199,13,534.638777
8.331696,31,534.704898
-0.537367,22,534.751224
16.018608,43,534.841716
-0.205704,22,534.88853
-0.601147,8,534.905703
2.371258,26,534.961663
0.704205,13,534.989137
-14.688406,36,535.065313
-1.194172,14,535.095119
-1.574994,10,535.116574
-4.352883,18,535.154439
12.502626,46,535.253081
1.567296,8,535.270479
-0.090383,16,535.304769
-13.60133,25,535.84825
-68.963426,80,537.330132
-11.073556,30,537.394198
4.262068,8,537.411421
3.149089,53,537.524201
12.67093,17,537.56046
21.256866,26,537.615447
-23.987903,29,537.677167
7.215089,10,537.69873
29.172333,44,537.793315
-0.989733,22,537.840842
13.776769,16,537.874892
18.854726,19,537.915591
-511.334085,1000,540.643538
-4.622272,38,540.717434
6.18647,10,540.736909
-12.340135,23,540.783
-2.324551,33,540.847808
-2.197267,9,540.865222
-8.030616,10,540.884809
7.946304,17,540.917473
1.852725,6,540.928859
-0.410086,32,540.990358
16.451367,30,541.049499
14.43866,26,541.099694
-41.680265,63,541.225468
2.153969,8,541.240742
2.858022,7,541.255015
-2.446093,23,541.302557
-15.968631,13,541.330239
11.306552,38,541.404771
3.70151,19,541.442049
4.565616,20,541.48251
-14.69478,41,541.578811
-12.411777,22,541.63356
15.724692,18,541.678566
7.407702,22,541.734298
4.588269,8,541.754669
3.45364,10,541.780008
2.02084,27,541.848171
2.815067,21,541.900557
-5.699708,25,541.96359
-4.216816,10,541.985788
-26.722189,38,542.058215
-5.072774,24,542.692036
-4.925172,10,542.711024
11.244889,16,542.740822
0.642308,17,542.774451
-6.239974,19,542.81151
15.462799,14,542.840252
-3.297469,23,542.88499
9.680104,12,542.907645
-10.216132,26,542.957411
-13.006794,20,542.995668
-38.785284,77,543.145299
-93.492658,133,543.422117
1.436012,9,543.440079
36.017853,61,543.557467
2.866945,13,543.582205
-5.935857,20,543.620103
-2.920022,9,543.637099
-7.585367,21,544.784238
-2.61301,59,544.89538
-35.780162,23,544.94207
40.410989,39,545.016637
-8.819971,10,545.036009
-67.592417,91,545.222558
13.362218,23,545.272969
-5.845102,19,545.312972
13.359775,27,545.373034
14.398109,33,545.444369
-17.822997,22,545.487231
3.000375,44,545.574413
-3.374538,28,545.631171
11.338666,29,545.691635
-3.198949,10,545.711367
-2.119284,11,545.732213
1.080982,16,545.763112
27.759798,36,546.435269
-3.553185,13,546.462828
-1.18181,21,546.507423
-517.497776,1000,549.174948
6.338993,9,549.194455
-467.982023,1000,553.771183
26.344587,36,553.84431
26.779676,72,553.988192
21.447834,36,554.06838
21.105862,21,554.110519
-0.200238,97,554.304368
-23.547656,81,554.465572
-14.444779,45,554.553956
1.965013,7,554.567533
3.556094,22,554.61016
-17.519047,24,554.656121
14.018993,13,554.682604
9.98249,31,554.748004
21.24319,21,554.794226
66.59804,59,554.916761
8.833221,54,555.025063
-11.142539,55,555.134526
-13.917492,19,555.177751
21.474933,132,555.50929
-37.199857,46,555.61981
23.667233,84,555.78095
33.046191,46,555.869335
-2.456728,6,555.882288
-10.790912,10,555.903701
7.040949,14,556.442307
-1.338739,38,556.523126
11.692983,25,556.57666
1.65079,20,556.619445
-7.068128,32,556.687324
-11.091554,12,556.712986
-14.053537,61,556.842549
12.181119,26,556.897831
5.621608,32,556.966592
-35.979041,62,557.098602
-4.211095,13,557.125951
10.864462,17,557.162307
2.681169,25,557.214962
2.941065,21,557.259253
2.421865,15,557.291026
2.726217,21,557.335784
-0.418543,11,557.359246
4.410088,23,557.407913
12.925731,11,557.431547
-5.867055,31,557.497901
41.864323,46,557.595699
16.015308,43,557.685988
3.829465,19,557.726312
-3.820764,17,557.762461
1.677194,45,557.857509
20.232495,113,558.097486
-28.932087,39,558.18118
-13.287267,80,558.355047
24.711677,35,558.431276
4.637249,31,558.49898
-23.46296,25,558.553861
29.679553,23,558.604932
-13.216101,26,559.173539
-20.747145,17,559.210181
8.489898,13,559.238154
35.022574,34,559.311253
2.857267,13,559.339013
15.638664,84,559.518971
0.697719,15,559.551057
8.813686,12,559.576722
-1.548348,6,559.590014
18.233101,19,559.631296
-1.27003,10,559.652889
-52.053279,97,559.860242
-0.394371,24,559.912252
36.654696,27,561.521784
-4.810006,30,561.580115
3.939738,24,561.625831
-24.483428,51,561.72613
38.272181,25,561.774527
-379.718887,1000,564.363818
-1.530678,40,564.450367
16.340015,27,564.509914
3.979695,22,564.557612
2.770487,28,564.610233
21.280698,39,564.687979
72.20534,74,564.841198
11.59378,97,565.055053
-80.429019,75,565.216439
-44.314651,81,565.427894
24.813128,35,565.515683
1.712798,9,566.164577
0.157072,21,566.205277
1.524475,8,566.220909
18.597625,19,566.261764
-59.654867,52,566.366654
-3.89639,20,566.405406
-25.150323,31,566.468259
9.526446,14,566.495829
9.982775,111,566.723877
8.928813,20,566.763829
9.047597,16,566.7957
39.762351,66,566.93471
51.471135,84,567.11353
32.729787,56,567.232855
6.062999,15,567.264822
11.605287,34,567.337062
17.395493,29,567.398242
17.849134,26,567.453878
-5.64352,11,567.47787
-41.556043,37,567.557539
24.851382,22,567.604543
17.6411,84,567.782835
8.044232,35,567.857873
-7.668369,19,568.407036
17.513805,47,568.507423
-364.727321,1000,571.153144
7.82292,60,571.28071
-1.542577,33,571.353524
10.207611,14,571.384803
-27.273644,94,572.094991
39.218118,68,572.240363
19.275272,24,572.291131
-9.773455,62,572.424288
10.432087,14,572.454208
2.191929,24,572.505297
4.523323,50,572.611962
-27.046596,32,572.680624
-1.247238,9,572.699516
23.356046,36,572.775643
40.751013,69,572.919095
-1.523952,20,572.957361
22.188747,35,573.02668
16.653804,26,573.084091
9.586764,18,573.119834
28.091134,62,573.242485
13.602921,27,573.301773
1.548686,9,573.321748
-31.574356,86,573.502062
-4.452548,23,573.548481
-2.353685,16,573.578825
25.245574,21,573.619677
31.499131,24,573.666519
-14.225867,33,573.730551
8.892587,20,573.769499
5.380446,9,573.788743
4.219572,22,573.845466
-12.416552,114,574.152508
-8.991792,31,574.229792
21.013816,33,574.746611
-8.797572,52,574.84521
-9.172217,28,574.898487
0.175951,7,574.911909
9.432641,20,574.9498
11.838829,12,574.972807
3.731068,20,575.011174
27.430461,25,575.059994
10.792812,22,575.104182
9.824328,32,575.166976
27.447261,113,577.533746
36.093288,35,577.601562
0.477715,27,577.653144
-1.508967,38,577.726285
2.339583,16,577.756651
3.800197,9,577.773707
37.057833,45,577.86122
15.647862,15,577.889956
8.852467,28,577.944264
-405.988133,1000,580.575686
-5.315026,32,580.645197
-9.420348,16,580.679966
-1.323515,28,580.73959
-15.832096,47,580.84074
3.247589,24,580.892461
-3.960995,73,581.048091
8.913545,16,581.082207
1.458516,25,581.135954
0.387453,46,581.234531
31.836323,32,581.302777
-5.237791,11,581.326591
16.890102,82,581.50495
13.201069,40,581.59468
-30.334445,36,582.175506
-1.708714,17,582.211799
6.852047,31,582.277999
-164.109529,619,583.602572
-11.381565,17,585.835373
-3.137379,32,585.898693
43.294013,73,586.05128
19.172694,20,586.092991
-19.079586,40,586.173348
14.434909,16,586.203755
-6.569881,12,586.226427
12.378101,16,586.258138
-5.430902,31,586.319977
19.50129,27,586.373671
3.491588,9,586.391596
-31.25236,49,587.244729
-0.855923,17,587.277782
-3.252766,45,587.366083
1.405068,11,587.387526
30.038867,46,587.476233
3.358385,160,587.787262
-17.342934,33,587.850534
7.714765,9,587.867946
10.278561,63,587.9911
32.840325,33,588.055684
5.322585,37,588.128068
11.206454,45,588.217973
-126.434314,152,588.514417
-4.554341,13,588.539225
9.258225,16,588.569725
-4.765802,17,588.602221
34.072916,72,588.742696
-2.409111,11,588.763507
4.100327,15,588.792077
2.122934,14,588.818976
-3.157856,15,588.847235
2.275322,99,589.03911
18.487927,33,589.103655
18.568965,20,589.142913
4.877209,22,589.187101
-20.096498,50,590.039287
-8.505286,70,590.177227
-7.770753,26,590.229903
0.256125,29,590.292068
-0.872466,15,590.32404
-12.579313,23,590.372368
-14.306682,45,590.462064
25.877235,22,590.503576
-5.750316,34,590.568898
-0.911609,26,590.622125
11.371033,21,590.667766
39.072846,43,590.752417
32.942725,45,590.849024
-1.800396,28,590.907291
-0.869736,12,590.932979
3.910306,14,590.962396
0.48286,16,590.996327
-2.409943,12,591.021683
6.092735,97,591.227456
-2.799203,18,591.265793
-28.239211,23,591.314126
-6.805413,39,591.396879
4.007377,31,591.462807
20.39752,31,591.528494
-64.223314,90,591.71892
1.362477,35,591.793867
-282.526954,1000,596.083379
16.087746,15,596.114099
1.667157,82,596.272052
8.478333,13,596.296971
9.919366,21,596.336498
58.400197,65,596.911151
-17.52781,47,597.002507
-9.538109,14,597.032224
-8.603871,13,597.057581
-37.054747,54,597.164165
-4.76797,59,597.279719
-6.053609,26,597.330579
8.472278,67,597.467278
-36.807295,76,597.618993
1.594069,30,597.694221
1.396062,7,597.711687
13.150187,17,597.754168
3.484815,8,597.774476
8.794803,20,597.824581
-10.382059,17,597.867036
-78.115658,131,598.173334
14.949901,24,598.222638
19.821441,18,598.257183
41.770175,23,598.30253
5.554096,30,598.364036
-4.567559,57,598.481776
25.903533,23,598.526588
-2.739248,8,598.543516
4.981174,12,598.570356
2.846149,8,598.587744
-0.694778,19,598.628643
-7.848409,20,598.668069
6.381652,18,598.702889
3.295497,15,598.732985
12.980319,15,598.762504
5.475023,16,598.794557
24.381357,19,598.83153
19.262062,33,598.896797
2.781714,10,598.916088
3.492767,13,598.941942
-9.276262,31,599.47569
2.324564,8,599.492254
19.916659,38,599.565047
7.673679,11,599.586655
46.13126,72,599.736385
27.637586,28,599.791288
7.970901,28,599.846056
-21.326888,37,599.924105
3.09425,18,599.960152
1.338435,18,599.994412
-37.452096,92,600.189454
14.422594,15,600.220983
7.647204,15,600.252167
22.087601,55,600.368216
-1.940702,9,600.387619
-340.83691,1000,605.804998
9.417655,48,605.897998
51.608224,128,606.149878
34.852091,62,606.269652
-52.207488,177,606.615843
50.971912,60,606.732594
-10.873885,37,606.808121
34.879626,28,606.865166
15.946462,43,606.957698
-338.603819,1000,609.670557
-2.339181,14,609.70127
16.427849,23,609.764006
36.175729,34,610.91422
27.450284,23,610.958568
-21.074699,35,611.032517
-11.564837,102,611.246645
24.265841,22,611.293274
12.954091,34,611.365254
-2.258787,19,611.405622
1.81276,7,611.420578
7.739719,21,611.465901
29.353786,32,611.534174
-72.824034,99,611.744425
-8.074344,13,611.77229
10.958177,46,611.869864
17.842027,41,611.956235
30.303268,21,612.000994
20.191993,39,612.084362
28.632386,50,612.191257
-4.093479,12,612.21708
4.645583,19,612.258736
10.747956,14,612.289981
-34.130446,62,612.425669
9.405282,13,612.454716
23.218974,46,612.556719
42.144075,54,612.676442
6.892105,21,612.722741
80.537144,44,612.820842
-8.49016,36,612.900931
-5.474427,33,612.974216
-12.622101,50,613.692676
-0.108072,19,613.73302
-45.474682,65,613.870981
1.702461,8,613.888465
19.066231,18,613.926926
6.994563,18,613.965532
-21.127263,17,614.00148
4.195443,7,614.016323
-2.11097,19,614.056866
1.520665,6,614.069532
31.136699,25,614.123255
11.713191,15,614.155398
56.419381,45,614.251132
0.475441,28,614.310756
-74.167451,112,614.547777
53.750384,40,614.631926
-28.210946,76,614.794822
-10.94763,26,614.849947
-13.688594,64,614.985994
-283.123767,1000,618.251279
-24.055261,35,618.319259
21.850119,34,618.385779
0.403641,17,618.420977
-1.84965,16,618.464509
13.30417,17,618.51108
14.954286,40,618.62058
-13.668332,19,618.666736
5.920444,62,618.81548
-9.043593,14,618.849137
81.326504,114,619.1122
20.165487,77,619.888161
22.593355,83,620.048363
10.178169,22,620.091356
27.598305,47,620.193547
3.340002,26,620.25064
17.320587,24,620.298737
3.590201,178,620.646026
15.167341,18,620.684051
7.328608,22,620.727496
0.361783,124,620.977844
3.361363,7,620.990887
-2.50908,34,621.056427
21.071094,40,621.134585
17.889083,19,621.172151
95.60843,119,621.45437
18.868249,53,621.580658
0.513043,11,621.607209
2.546165,51,621.728683
22.969654,20,621.776395
18.26235,45,621.864089
-192.557554,1000,625.316655
7.038067,34,625.389058
21.02317,25,625.442243
6.475579,10,625.463504
3.743288,58,626.187005
43.101771,43,626.278596
21.221721,46,626.37703
-279.36034,1000,629.123382
-0.669772,8,629.140309
2.103564,16,629.17463
-236.740131,1000,631.953596
12.198944,49,632.058508
-0.514119,29,632.122222
23.692676,83,632.30466
9.278529,41,632.394867
5.974128,13,632.423405
-18.590849,59,634.052867
16.330757,37,634.12218
-39.894749,33,634.189583
15.377331,22,634.232324
38.664817,35,634.301109
4.474626,7,634.314652
-3.339359,22,634.360253
-3.970668,21,634.406573
12.106432,12,634.432383
-19.035939,33,634.494837
3.148588,8,634.510045
1.258057,21,634.550798
3.399868,17,634.584291
-56.146685,76,634.736598
10.941632,58,634.855719
-33.316561,68,634.988449
56.930845,71,635.136245
13.301545,33,635.203672
29.053466,28,635.260363
13.528892,51,635.804527
7.888672,23,635.848084
-0.289768,11,635.869033
-35.402454,37,635.938469
-3.244611,20,635.977733
11.952467,16,636.008197
12.341048,13,636.032782
6.497639,47,636.135411
-2.829439,21,636.186713
-16.051088,56,636.319374
12.424512,17,636.359417
13.367786,31,636.433388
-12.267011,20,636.481325
18.073222,23,636.535949
28.109337,51,636.65819
7.393056,24,636.708169
38.451703,24,636.753286
-0.413422,15,636.781946
8.724903,56,636.887766
7.302756,17,636.919775
20.554026,104,637.117624
16.362755,32,637.185882
6.915729,20,637.228918
16.653122,35,637.30302
30.595476,62,637.434622
52.743923,75,637.594267
9.907418,26,637.649191
2.554324,33,637.71881
-0.188544,74,637.874366
-234.188362,1000,641.461124
4.648949,13,641.489042
-11.668165,12,641.514999
15.957477,24,641.566447
10.263551,12,642.189605
-9.943636,59,642.313313
46.248967,100,642.52636
23.259775,88,642.707213
17.902764,15,642.736142
43.126245,66,642.865526
5.849629,23,642.913669
21.596005,97,643.108894
5.312529,49,643.203002
8.942246,15,643.232293
39.068296,34,643.299411
17.006282,24,643.348279
50.397375,48,643.449677
129.321864,126,643.691523
54.324335,34,643.760502
2.893482,9,643.778224
4.134919,18,643.817214
-0.724004,21,643.864223
-17.294227,15,643.899129
0.005519,54,644.01092
-5.896948,14,644.039046
22.498207,61,644.174418
36.008039,70,644.962385
-45.7157,180,645.323901
3.734724,16,645.355294
5.269856,10,645.375315
-16.721159,16,645.410651
-5.604545,18,645.450333
0.082699,9,645.471632
12.315749,19,645.511313
56.222381,37,645.582712
47.68621,48,645.674871
21.651949,63,645.79725
-14.031338,16,645.828692
16.409515,44,645.9239
21.886973,28,645.976763
22.31504,61,646.097333
-16.348391,14,646.128335
-1.84013,11,646.152591
1.071683,19,646.195715
-231.504688,1000,653.18712
12.128983,16,653.221471
5.882191,23,653.27021
-10.814555,23,653.318808
-33.649823,169,653.679076
-0.156197,11,653.701956
27.7547,22,653.749166
20.093263,23,653.798588
7.673647,42,653.887417
9.615254,36,653.964356
3.721779,17,654.000632
-26.889903,63,654.735561
35.858752,82,654.909981
11.251476,14,654.939892
-0.631037,20,654.982325
33.18041,81,655.157224
10.992381,40,655.242855
27.763372,28,655.302113
-6.229101,21,655.344781
-8.07675,36,655.413116
37.760263,42,655.497275
26.734344,43,655.578758
-176.663485,1000,658.147347
14.323576,15,658.177031
29.411899,59,658.293272
-4.515242,14,658.319912
-170.246597,1000,663.117165
10.931783,20,663.159392
-11.192571,34,663.230933
50.234718,50,663.33641
16.78016,31,663.401566
39.994803,42,663.49013
42.390086,138,663.781689
32.935231,38,663.861591
-8.251916,71,664.012722
20.943166,23,664.063808
91.339178,100,664.282584
30.146322,99,664.996898
4.713894,17,665.033115
60.099315,120,665.287714
5.00399,10,665.308679
-1.396352,51,665.417724
33.733682,27,665.4748
14.194102,17,665.510612
47.556347,33,665.581301
-0.287883,18,665.6199
5.021251,9,665.63904
23.598734,107,665.866504
-4.528905,20,665.908677
36.503153,83,666.084235
3.518087,28,666.143106
6.672817,9,666.162704
21.423366,57,666.283494
7.340061,9,666.302266
27.921699,61,666.432158
-14.386431,36,666.507802
16.303128,71,666.660376
19.330735,23,666.710001
4.914743,15,666.743058
-5.584195,15,666.776429
26.432187,28,666.837295
0.277528,7,666.852216
-23.883081,41,666.941057
-10.292704,35,667.519176
11.364224,37,667.597343
-5.078891,18,667.635028
7.127251,36,669.525437
26.881574,47,669.63272
-205.07646,1000,672.187918
33.173144,56,672.30359
94.111399,133,672.627182
-4.842414,16,672.667588
2.214181,11,672.694282
9.631234,21,672.747091
38.676542,52,672.863652
9.476654,22,672.906108
62.0268,41,672.988203
23.737201,30,673.054434
6.554387,48,673.151815
51.524636,52,673.253812
1.082203,12,673.277023
7.354358,11,673.298022
-20.712742,30,673.356766
22.329095,54,673.466798
10.963787,27,673.518749
2.188547,70,673.657716
-5.426714,45,673.746184
-10.280503,46,673.842459
16.76823,31,673.904998
0.705702,10,673.926823
-20.493888,37,674.005158
12.455867,58,674.635934
-11.139709,47,674.736207
40.344486,29,674.798687
7.286792,34,674.871673
-196.809837,1000,681.099697
14.422515,14,681.129579
18.798928,123,681.373558
52.828118,79,681.53747
-1.541625,9,681.555829
17.086535,52,681.658029
10.31249,23,681.703202
9.926345,11,681.726972
18.325069,16,681.762846
67.183595,60,681.888802
53.071929,82,682.048254
11.986159,13,682.080549
-1.915252,61,682.226937
12.613661,17,682.267351
2.690855,21,682.31806
34.463071,39,682.410321
-23.234883,47,682.521741
-7.079815,10,682.545666
0.539298,68,682.692882
-45.958762,54,682.797915
4.057042,16,682.828289
12.05164,17,682.86159
31.285246,18,682.897047
11.93369,25,682.951343
-54.917931,62,683.677595
75.43019,82,683.841949
15.4224,26,683.891769
39.97208,23,683.936712
-131.762296,1000,687.738062
56.793598,44,687.832039
-7.924518,26,687.887548
32.095459,32,687.956256
20.168724,46,688.054578
73.530108,127,688.325745
9.374277,23,688.375221
35.459701,23,688.42403
23.510953,22,688.471349
-1.051019,19,688.511663
39.54842,83,688.689377
2.207021,33,688.759118
5.898443,16,688.793578
-86.791008,104,689.015223
4.867994,103,689.239821
-0.625601,17,689.277475
-165.843836,1000,692.09202
24.663968,25,692.15222
2.521259,20,692.20013
5.550025,80,692.36733
9.512034,12,692.389906
0.189595,19,692.425599
9.153823,23,692.470418
55.767765,36,693.146326
16.175007,17,693.178821
30.198876,54,693.28193
5.845498,19,693.319127
26.747908,37,693.392509
11.963505,40,693.472275
25.885485,29,693.52829
47.071408,87,693.707067
-3.942106,14,693.734782
9.175616,12,693.759919
-8.635816,20,693.803744
-25.529698,46,693.896482
8.131596,14,693.924071
-41.695311,81,697.649076
2.398013,15,697.685608
24.65853,57,697.82194
-59.607917,1000,700.478531
21.847058,25,700.53119
2.884192,57,700.651953
12.730879,16,700.686417
7.355866,14,700.716235
4.4611,14,700.74608
5.15029,28,700.806074
17.401763,83,700.982304
34.372058,72,701.135061
-111.863643,1000,703.796113
46.257678,69,703.948095
41.698023,57,705.812227
49.175598,63,705.963742
45.349591,69,706.684513
20.126682,79,706.846783
-6.246608,30,706.909493
54.618222,89,707.093063
14.294995,142,707.3819
5.85853,11,707.405887
-18.054076,70,707.548785
4.040783,20,707.587749
7.469474,23,707.631381
95.564007,98,707.819951
9.659266,14,707.846325
-0.165482,6,707.857775
7.7366,21,707.898556
23.188865,37,707.970007
22.05063,55,708.074655
4.589767,47,708.166498
22.741274,41,708.253309
-1.223253,32,708.315823
-2.820794,62,708.43664
0.463393,6,708.448256
29.417966,45,708.536671
21.610578,37,708.623276
3.581397,15,709.289243
6.57856,24,709.345981
30.945661,41,709.430448
28.078172,69,709.561977
-6.572274,32,709.623977
54.599444,86,709.794243
0.927546,55,709.898916
32.329219,16,709.933563
7.117318,8,709.949208
-7.986356,18,709.983886
24.73841,41,710.06326
5.465663,37,710.138231
26.808774,25,710.187479
2.132186,74,710.330409
5.698227,47,710.420976
21.771584,16,710.452072
6.222673,19,710.487959
48.225128,52,710.592638
25.085232,37,710.662922
9.131685,26,710.712339
0.990205,69,710.843619
20.979568,19,710.8796
47.297624,55,710.993853
54.239871,78,711.151411
11.959967,17,711.187587
-5.430988,82,711.870188
69.308828,83,712.047356
44.512846,81,712.220903
51.431038,69,712.36746
-12.024328,12,712.392659
27.652272,37,712.471251
-17.54439,210,715.536223
0.609583,44,715.629539
-3.170953,16,715.663793
-1.039953,17,715.7003
31.485813,42,715.788742
12.450905,34,715.8613
-16.676196,29,715.923492
-5.855202,61,716.054237
-13.651732,45,716.150749
0.317548,38,716.231915
8.11261,32,716.300516
49.738439,139,716.596597
48.284683,76,717.364536
87.776398,83,717.541107
52.282691,99,717.736844
-4.444388,18,717.772322
66.202392,64,717.917844
-12.811382,22,717.97171
14.209654,26,718.033818
-76.322502,1000,720.751423
91.21007,83,720.949263
17.143452,42,721.049128
9.160486,19,721.093763
55.70427,127,721.363653
-22.648378,1000,728.901416
6.213869,37,728.981724
40.990209,144,729.289964
10.693926,52,729.402406
-6.422214,51,729.515486
47.387971,61,729.649506
-5.590942,168,730.594975
-13.870985,1000,733.259046
-6.031881,12,733.281981
-0.372934,22,733.326316
35.683267,61,733.456642
57.227656,76,737.022625
5.528163,20,737.064803
-21.260669,97,737.272972
-0.131761,11,737.296803
30.138415,25,737.3511
4.573398,41,737.441495
-3.309529,19,737.481764
42.178663,43,737.572984
-3.537524,105,737.801237
0.067044,39,737.883727
7.343093,1000,740.729807
49.119326,38,740.819595
13.152933,84,741.01895
28.606111,43,741.111593
10.966453,56,741.238773
7.834737,23,741.291838
38.822591,42,741.38543
2.595833,11,741.410248
54.586884,106,741.648785
40.259865,35,742.286489
27.161089,55,742.406018
24.089305,22,742.453835
36.167434,131,742.746197
-1.855127,25,742.799757
14.297829,23,742.848652
61.755339,49,742.952986
20.456842,32,743.023171
26.59557,59,743.150428
31.235469,23,743.200215
-7.139699,45,743.296706
43.238403,37,743.376753
22.892321,16,743.411735
7.138815,16,743.446197
62.169218,43,743.540947
29.653249,36,743.619941
27.255732,40,746.132613
130.438655,99,746.337898
33.395299,63,746.470356
35.247053,55,746.581863
8.654389,16,746.614006
13.043181,76,746.770415
64.51223,44,747.514453
28.884388,69,747.692168
2.894059,57,747.835827
21.47504,85,748.018479
20.822855,17,748.055829
43.298853,52,748.170028
42.024799,40,748.251904
-6.540461,1000,751.099272
3.645615,18,751.135261
10.771505,28,751.188735
6.640863,11,751.209784
21.043836,33,751.273778
10.630189,14,751.303509
43.059167,61,751.433028
3.448433,70,751.583791
5.369447,26,751.639595
-10.0105,135,751.927531
42.231335,50,752.035397
55.27667,44,752.128616
-3.15836,27,752.186299
27.0764,37,752.265748
-2.246533,10,752.287337
-0.361376,83,752.464424
12.056853,25,752.519814
67.855296,73,753.243306
43.6734,60,754.905601
60.126767,45,755.006088
6.380043,12,755.031635
94.869399,96,755.236087
-2.113989,78,755.405202
28.468781,131,755.690595
16.404895,26,755.748103
17.441432,55,755.867038
-4.113096,20,755.909715
-12.799674,13,755.937626
-47.941798,80,756.115614
43.378154,73,756.274779
50.325765,41,756.361831
28.793115,104,756.592675
19.08459,27,756.650939
32.73076,51,756.76518
53.002414,39,756.852832
6.116383,183,757.810668
-47.852688,74,757.974834
13.138829,21,758.020432
-9.835274,26,758.077504
24.360782,77,758.235667
98.500241,190,758.63384
14.195715,19,758.670449
18.377471,78,758.838197
7.04061,50,758.935344
-3.996817,46,759.029832
11.339075,30,759.092809
48.350807,38,759.172581
39.980717,43,759.268517
101.357836,291,760.586298
-3.11487,29,760.658519
12.133323,48,760.760438
-1.644583,21,760.80665
41.786337,47,760.898028
9.943895,49,760.997263
14.933249,34,761.075621
-22.998226,37,761.165825
22.902167,73,761.347996
3.674958,21,761.397354
66.95188,71,761.548103
8.397208,13,764.835704
12.67056,89,765.020901
25.747881,1000,767.985979
-42.100413,1000,770.789178
16.865801,44,770.886598
33.908938,71,771.045597
60.230527,42,771.137129
6.663527,42,771.230123
4.776321,39,771.318245
50.77522,30,771.387632
205.428003,159,775.783782
-15.839404,1000,778.522765
2.209685,42,779.365316
35.558358,80,779.530548
54.731771,81,779.704714
70.819408,46,779.803988
39.115928,84,779.984529
24.540208,40,780.070183
35.140613,65,780.209255
5.019178,8,780.22656
40.00083,40,780.312122
24.644187,73,780.469743
-0.953578,35,780.544834
-54.243983,74,780.704285
44.000043,183,781.099463
18.495228,47,781.201744
22.433655,32,781.271947
24.810318,70,781.429064
-0.482552,17,781.465768
0.332743,7,781.481215
39.118216,95,782.302182
80.293126,65,782.440325
5.899273,8,782.457635
33.031139,65,782.595731
50.569491,59,782.720085
23.843031,59,782.844266
27.420934,47,782.943019
13.935069,71,786.28824
12.051668,18,786.327029
17.438619,13,786.355182
20.693013,23,786.404562
13.507956,1000,789.136817
32.733758,53,789.271011
49.643473,82,789.476462
83.221128,62,789.605179
48.792849,35,789.682104
6.049248,8,789.70147
28.231773,43,789.79764
7.334251,8,789.816069
-2.660602,72,789.962165
-8.838935,11,789.9853
3.637336,7,790.000396
59.286485,129,790.270843
56.642932,66,790.947707
46.58659,91,791.138341
21.111298,16,791.170661
31.027055,32,791.232649
60.058469,48,791.328016
125.282252,119,791.577188
32.049403,56,791.689228
-11.907694,99,791.935164
15.189804,124,792.223918
18.479875,16,792.255386
6.82436,18,792.293428
58.229443,81,792.469702
4.646033,128,792.74264
-10.665596,17,792.776539
37.696498,72,799.821221
37.562218,88,799.993134
115.912638,234,801.041802
5.381259,8,801.061493
36.391688,21,801.114029
13.98283,131,801.398088
112.346121,158,801.734298
-9.067158,81,801.896346
-4.757976,17,801.929547
102.921286,117,802.161145
15.537827,30,802.220079
13.092937,33,802.292814
46.663959,281,803.356219
9.621959,41,803.460553
-15.213761,147,803.827352
-9.326834,86,804.030992
131.411149,135,804.296597
153.03774,183,804.684428
13.302258,21,804.733625
39.444407,109,804.971632
37.191076,74,805.126322
23.354239,37,805.205356
46.388014,43,805.297459
16.880847,23,805.343955
24.11605,19,805.384264
-3.144297,25,805.437885
17.306761,20,805.939894
17.729294,14,805.967089
34.235776,22,806.01109
43.764803,72,806.160297
-23.974359,116,806.413958
4.402084,8,806.431831
-2.81379,41,806.5265
4.962706,15,813.09956
36.228794,64,813.237284
103.779366,129,813.562672
49.167373,79,813.734061
79.827371,120,813.964712
1.805074,19,814.001334
29.210491,91,814.180947
48.60157,45,814.274618
29.052303,46,814.367189
18.90317,23,814.413858
30.990626,40,814.499278
32.040132,24,814.552459
105.353829,240,815.483169
-2.269546,10,815.505089
25.992954,45,815.606226
6.066688,78,815.768087
23.483352,12,815.791305
75.950224,102,816.043092
77.647545,96,816.288264
38.426969,64,816.432435
18.803532,42,816.520629
35.384029,63,816.655486
50.55777,82,816.822784
34.748675,135,817.098509
5.35128,10,817.119876
37.572895,80,817.288998
109.824713,173,818.105897
35.48887,51,818.209539
12.161012,12,818.234619
85.354819,162,818.578846
34.291964,91,818.819792
41.700372,43,818.935961
48.028304,74,819.124862
26.126902,17,819.1623
17.269938,61,819.298084
9.298597,24,819.350204
34.940289,91,824.793438
19.082691,48,824.89637
107.573907,1000,827.569959
88.726489,77,827.728969
14.051471,54,827.842186
23.972562,16,827.87423
5.648022,19,827.912458
70.136155,196,829.017447
60.634433,308,829.680538
-17.79732,47,829.781616
37.948749,58,829.900125
0.754968,32,829.961592
73.051713,1000,835.798637
34.437705,266,836.376858
21.219122,41,836.466228
15.641168,25,836.521013
107.212451,74,836.680798
25.356516,16,836.715014
39.706441,27,837.314104
9.079138,24,837.367391
66.511037,104,837.599781
24.152205,37,837.682155
44.40347,26,837.739084
56.298057,106,837.969362
138.189029,1000,840.723388
31.072786,48,840.835162
7.637701,44,840.946991
43.70153,213,841.450283
42.730836,56,845.06595
58.383231,30,845.126729
63.901141,65,845.270436
46.345501,104,845.505583
86.123706,174,845.887934
183.974144,1000,848.58948
90.522311,78,849.272233
51.424039,100,849.49605
61.716044,195,849.923135
244.992334,835,855.136748
4.541823,25,855.190153
61.117236,52,855.301362
51.062087,64,855.442013
63.640994,56,855.558364
76.598265,75,855.714276
37.055147,45,855.814478
12.855663,33,855.887847
36.595926,61,856.047817
48.362416,105,856.32462
51.517317,123,856.59131
41.764834,76,856.759577
29.44425,62,856.891616
5.498285,111,857.683067
-2.430481,81,857.847937
-18.027773,130,858.118102
11.289792,41,858.204063
24.462661,39,858.293216
7.987526,9,858.312042
62.454804,350,859.111266
10.946833,50,859.217752
-51.368859,209,859.64775
37.599578,25,859.698983
44.46717,42,859.786584
39.952084,117,860.54562
72.899263,73,860.6869
193.39341,1000,870.040833
30.211873,57,870.15331
54.287393,86,870.321085
-8.956894,27,870.373141
34.19531,72,870.528901
18.23509,165,870.940334
62.595434,425,871.836114
159.901636,316,873.028827
207.03906,1000,880.46522
33.207955,34,880.53922
168.126547,1000,883.184476
4.821896,202,883.602141
2.550642,25,883.65295
19.075035,38,883.737264
136.025158,187,884.137089
143.176619,143,884.464683
47.326462,96,884.748887
210.909932,1000,892.353407
38.639392,26,892.410309
78.220681,114,893.163557
27.505929,23,893.213903
21.57908,41,893.303811
49.749396,107,893.536573
23.03957,30,893.601644
8.999343,9,893.621359
42.563911,109,893.859736
-2.205971,62,893.993737
34.079993,39,894.078908
155.727722,146,894.397563
15.255261,31,894.464237
147.872881,253,895.013364
-18.245962,78,895.185499
81.402366,127,895.964478
19.936646,14,895.992274
23.748633,30,896.051155
8.58222,31,896.11397
44.121987,97,896.318065
-2.979565,109,896.53971
64.336465,87,896.730533
78.833372,79,896.928241
166.947054,335,897.655931
182.906087,1000,905.479283
26.081063,51,905.591438
1.77326,16,905.627348
22.91774,20,905.672455
54.092072,75,905.838099
41.105668,170,906.826995
50.856254,44,906.921659
6.2066,22,906.969089
66.082332,122,907.231753
165.034618,148,907.547311
12.4465,18,907.586174
93.381484,168,907.946155
167.977029,1000,915.914581
226.929285,1000,918.684246
180.306227,1000,921.465853
82.757617,514,929.260571
130.749127,99,929.472216
46.122214,63,929.607119
2.686167,11,929.630827
39.788506,94,929.832717
187.472918,1000,932.661203
61.391475,93,932.839149
69.169178,94,933.018065
55.656095,86,933.181
16.732785,26,933.230296
68.60667,62,933.348255
73.749893,73,933.493781
28.051754,28,933.547324
130.989035,186,933.906531
240.127938,1000,941.918746
159.390726,332,943.250975
48.019312,56,943.370596
50.986425,92,943.566975
51.834864,71,943.718393
9.750858,20,943.760783
108.42133,184,944.155137
57.302836,68,944.299994
259.521034,1000,954.64623
173.488979,168,955.004462
26.828279,28,955.064613
109.439621,202,956.103229
25.448417,46,956.201247
88.084439,88,956.390209
23.465776,84,956.568296
153.127327,272,957.1453
26.278331,31,957.212257
35.314434,46,957.310382
7.01308,77,957.474007
117.454316,322,958.771371
27.022511,26,958.825813
41.858918,100,959.025715
77.957791,90,959.20345
66.789684,84,959.392048
232.178613,315,960.079458
-18.49826,223,960.508185
75.100644,108,960.717341
142.718645,165,969.825459
269.035131,329,970.522534
32.589169,72,970.674328
79.109815,122,970.931166
32.232593,46,971.02758
146.867285,286,971.639052
168.804344,229,972.741809
125.427285,207,973.171499
179.366642,282,973.751623
104.662791,194,974.153907
57.192926,78,974.309487
49.460694,49,974.418472
179.43639,293,975.72018
378.760556,1000,985.020364
144.905405,305,985.676312
99.891693,105,985.900737
152.653794,116,986.136816
23.652872,91,986.318528
148.998885,133,986.5957
17.321205,22,986.640284
23.781656,30,986.718685
277.058072,1000,993.989662
45.392284,238,995.001442
21.092962,214,995.455267
262.128278,727,997.513364
330.508446,1000,1000.080595
370.69863,1000,1009.222326
40.194182,39,1009.305425
395.890167,412,1010.180154
62.531028,44,1010.274221
216.863795,1000,1012.915092
55.372905,34,1012.987121
73.695667,183,1013.375086
54.359853,56,1019.96114
400.274452,1000,1022.790396
141.799487,157,1023.132554
48.867904,484,1024.776073
41.23014,248,1025.30546
11.788141,24,1025.355907
11.24147,24,1025.407579
14.264987,44,1025.501314
54.131226,39,1025.584328
43.515535,94,1025.786688
36.786324,84,1025.957934
172.968909,125,1026.819576
328.298627,1000,1037.797878
111.666454,112,1038.036793
257.098606,308,1038.693991
103.325695,106,1038.897437
26.747836,39,1038.971292
308.942611,1000,1041.575592
-2.352627,84,1041.734738
231.993999,1000,1052.350872
52.22962,70,1052.496895
367.144451,1000,1055.155342
360.228554,1000,1064.988778
42.259507,94,1065.190259
35.120452,64,1065.327654
223.956967,192,1065.73887
277.064927,1000,1068.347145
155.311474,161,1069.399728
79.616482,98,1069.589128
58.190469,75,1069.732409
91.493844,214,1070.157952
147.636965,168,1078.974787
-14.865588,360,1080.357361
18.152931,67,1080.500869
141.36754,151,1080.821051
29.568489,96,1081.025333
10.30813,21,1081.069617
169.047641,134,1081.352985
258.363783,419,1082.248275
144.308059,173,1083.251038
158.866508,576,1084.353328
43.887083,84,1084.512225
81.271031,185,1084.90913
392.992278,661,1095.230298
28.324589,17,1095.263819
332.314946,389,1096.119802
128.927385,83,1096.884663
64.407242,147,1097.166744
632.921864,892,1099.655886
259.501305,1000,1111.494711
132.668625,111,1111.707429
86.290817,86,1111.871483
486.507949,660,1113.300704
84.077224,129,1113.575104
183.447699,194,1114.592302
97.22812,199,1115.015991
23.41395,24,1115.066616
46.851506,68,1115.213567
18.071925,32,1115.282244
644.375807,1000,1125.198132
36.735583,17,1125.233573
78.390062,276,1125.774641
192.157788,267,1126.344482
132.26941,200,1127.392103
110.999547,81,1127.564626
347.261953,367,1128.345832
30.604366,41,1128.433022
418.879236,1000,1136.842021
515.942833,615,1138.779713
29.982847,30,1138.837529
272.917574,266,1139.367108
72.075304,111,1139.587611
11.007477,41,1139.67125
64.394739,42,1139.752398
608.359895,906,1142.264944
71.049483,69,1142.410259
148.521679,146,1152.079569
50.148913,34,1152.169238
434.786083,1000,1154.784732
244.964533,437,1156.222808
195.583481,333,1156.928422
275.244607,440,1158.374428
303.799424,486,1167.313715
91.798245,68,1167.463676
25.157037,23,1167.514126
380.845754,1000,1170.194161
376.215005,1000,1172.825923
306.285895,590,1180.606922
621.546445,927,1183.185064
21.02418,48,1183.286566
296.543775,389,1184.1078
428.79151,678,1194.459889
115.830912,168,1194.815608
250.843313,297,1195.444198
126.318464,80,1195.612263
201.819515,193,1196.020874
95.038121,132,1196.303382
38.797998,34,1196.377307
103.195197,148,1197.191006
45.361345,70,1197.339078
212.647962,324,1198.005953
474.992327,1000,1200.520382
8.642729,19,1200.555989
11.300719,21,1200.595547
225.517406,219,1206.99137
441.40332,1000,1209.613196
321.513425,1000,1212.246483
224.228406,247,1212.732486
398.697628,1000,1222.199436
562.063288,479,1223.811711
52.362749,38,1223.891059
-7.151091,22,1223.937717
249.407156,510,1225.021679
63.943245,58,1225.148108
54.898187,142,1226.036428
22.663735,23,1226.079242
21.741473,22,1226.120527
39.119167,185,1226.537828
79.907414,87,1233.650797
94.224282,113,1233.889662
176.313158,447,1234.834107
130.421225,138,1235.645224
21.33042,17,1235.681327
54.28015,37,1235.760418
219.229303,172,1236.123135
151.420929,190,1236.52574
26.7555,52,1236.635866
202.704909,270,1237.207697
60.034828,78,1237.378044
609.11977,1000,1246.918503
66.237414,101,1247.13047
397.789051,272,1248.206563
143.902635,123,1248.467787
243.939068,302,1249.106016
221.345539,246,1249.627307
151.183478,182,1250.46167
65.340248,48,1250.554779
248.713706,228,1251.027046
172.015765,131,1251.350313
9.609692,12,1251.380257
116.046301,82,1251.548797
687.212455,1000,1262.455308
420.104049,465,1263.93108
125.273922,142,1264.205877
411.859264,301,1264.812015
777.19519,1000,1267.342738
413.83089,1000,1277.059144
103.048252,68,1277.191462
197.993425,233,1277.668128
408.619007,512,1279.261662
497.831722,1000,1281.797596
775.007968,1000,1289.88552
149.043713,162,1290.227203
4.249494,24,1290.276816
162.149912,194,1290.649778
513.949567,683,1292.493067
66.887885,50,1292.603708
60.59131,49,1292.696674
770.586141,1000,1302.180404
141.926693,161,1302.53851
367.328182,477,1303.53029
44.276438,61,1303.646385
44.607053,33,1303.70771
466.57667,1000,1306.21676
162.192626,107,1306.868516
409.337225,567,1316.323089
413.036634,1000,1318.855996
78.666092,64,1319.011362
741.703144,1000,1329.314627
108.168211,80,1329.467103
421.760509,492,1331.042482
172.448599,91,1331.217378
801.492748,613,1332.45532
178.013957,123,1332.721591
328.461122,351,1333.964598
309.048622,332,1334.672141
154.149658,149,1334.989343
7.98779,25,1335.042466
82.917492,56,1335.162237
335.787902,1000,1344.0539
443.978856,1000,1346.681152
277.171005,289,1347.802032
520.156505,1000,1355.867728
224.175046,218,1356.331205
452.668613,434,1357.247549
328.061744,223,1357.723619
681.38862,562,1359.411704
754.218921,1000,1368.494444
435.308742,1000,1371.095315
1040.721404,1000,1380.154021
617.783552,1000,1382.733599
116.24527,102,1382.947731
558.488508,1000,1385.555309
973.106831,1000,1396.746269
117.772047,88,1396.933164
1085.970601,1000,1399.574232
298.192042,241,1400.087285
1036.22446,1000,1409.893337
724.391774,552,1411.529642
682.276013,1000,1414.177757
319.648454,227,1414.658177
260.036538,318,1423.76832
428.852765,484,1425.293236
170.769069,142,1425.591985
64.874204,47,1425.691888
33.91126,35,1425.765823
588.940165,1000,1428.398513
703.80687,1000,1438.822251
42.263233,57,1438.943773
536.505057,1000,1441.552569
703.782757,1000,1444.1744
368.039682,250,1451.367469
5.238996,7,1451.382205
656.247634,590,1453.141977
13.784643,17,1453.177942
670.238804,963,1455.725766
427.154901,301,1456.361384
1182.516852,1000,1467.508667
50.688948,29,1467.570305
716.722295,579,1469.298517
236.781992,214,1469.751698
788.925741,765,1471.877226
157.371842,230,1472.33415
92.300341,88,1472.500461
465.640286,1000,1483.855818
106.083604,91,1484.047135
54.356199,52,1484.157788
195.143911,213,1484.606861
0.309825,17,1484.642261
399.345542,438,1486.027424
880.370599,794,1496.383963
264.204919,244,1497.402478
493.108092,1000,1500.081782
797.851101,632,1501.317174
628.147143,1000,1513.504066
204.167809,249,1513.983789
321.268875,246,1514.90694
647.662413,495,1515.967011
519.138557,1000,1518.481223
61.052397,57,1528.414213
70.751973,51,1528.521814
1024.690629,1000,1531.119301
237.103313,269,1531.630464
1071.275416,992,1534.120802
710.519941,549,1543.426224
958.490511,992,1545.881011
42.647585,41,1545.962454
629.924912,557,1547.602313
9.949177,15,1547.63061
356.064071,347,1548.292739
413.605693,332,1558.690418
931.19033,813,1561.014808
529.689512,1000,1563.666933
385.576726,303,1564.254361
864.301419,651,1575.427457
1240.536892,1000,1578.162819
197.384499,143,1578.465486
25.204849,20,1578.507881
224.318444,174,1578.875582
209.04253,136,1579.185171
68.541122,34,1579.25979
957.135577,885,1590.002041
922.369788,1000,1592.718326
68.813564,75,1592.876605
587.467902,440,1594.422745
400.327597,349,1595.116294
108.544152,88,1595.288402
94.46845,78,1595.437531
118.433823,131,1595.687626
867.227778,698,1605.681653
1076.174239,848,1607.933585
340.841737,266,1608.494265
1265.055631,1000,1619.793608
552.9082,419,1621.427244
77.289768,61,1621.543993
1025.28992,1000,1624.202726
196.011576,137,1624.475906
257.161071,208,1624.917944
948.544517,1000,1636.475698
1028.420744,1000,1639.047288
1370.498134,1000,1650.48613
1346.966757,1000,1653.106358
1347.409396,1000,1655.71783
261.350766,162,1656.059961
1423.728817,1000,1666.812163
270.060414,163,1667.154784
781.89666,527,1668.766173
1449.439916,1000,1671.352978
744.25954,625,1680.15517
582.141525,449,1681.594367
354.185871,249,1682.115251
1368.515629,1000,1684.706607
594.157651,460,1691.544131
524.815125,1000,1694.131575
1265.024118,876,1696.460847
1087.370257,1000,1705.37803
1366.711728,1000,1707.969232
1302.453091,1000,1717.565473
650.180571,411,1718.42673
641.352202,1000,1721.013812
1251.433384,1000,1731.987014
1350.079956,991,1734.545174
1393.056618,1000,1737.003166
1515.856252,965,1747.986946
308.862535,193,1748.356134
483.821472,324,1749.562166
1595.085594,1000,1752.034644
799.341169,1000,1763.838373
560.599356,356,1764.535035
93.134264,63,1764.684043
1195.002193,1000,1767.282445
1500.957399,1000,1777.970477
1259.426775,880,1780.305803
1498.800953,1000,1782.858714
350.648157,251,1790.99335
1500.29435,1000,1793.574736
1440.259511,1000,1796.141404
1252.699054,889,1807.67366
1494.226026,1000,1810.159909
496.091568,336,1810.92158
1276.703691,744,1820.476868
404.045701,257,1821.015023
1049.49405,1000,1823.558058
509.440955,345,1824.662254
730.78383,568,1825.831296
98.917432,99,1826.016891
304.171852,202,1836.009085
147.006411,125,1836.675573
1504.902669,1000,1839.110839
1479.190109,1000,1841.535332
1072.743554,700,1851.74188
415.739269,272,1852.27065
988.901763,1000,1854.808241
1434.443863,1000,1866.875439
925.547136,1000,1869.298296
75.975145,248,1870.222879
1279.890083,1000,1872.82687
1520.480414,1000,1884.589555
1609.933393,1000,1887.181145
341.924507,217,1887.634422
1555.199248,1000,1898.635702
594.646812,403,1899.477212
1555.132613,1000,1902.007122
646.933052,399,1903.322176
1529.910743,1000,1913.809229
1524.065914,900,1915.564173
1689.306404,1000,1927.536016
941.342253,574,1929.161205
1612.58525,1000,1931.601268
1491.687208,946,1942.363899
1019.24418,1000,1944.904314
1349.258348,919,1947.328959
748.797099,457,1956.991442
1108.747207,1000,1959.591882
1483.21286,873,1962.020272
1263.81231,1000,1972.935364
684.482795,399,1973.769292
1642.956572,1000,1976.37888
1313.669265,887,1986.627399
467.885018,323,1987.305027
562.009106,400,1988.730857
1198.23816,1000,1991.495933
1241.977679,1000,2003.40375
811.44605,474,2004.313289
1594.185364,1000,2006.781627
450.152481,262,2007.774497
1643.625544,1000,2018.894803
205.605661,130,2019.165065
1649.954987,962,2021.734881
1577.182737,1000,2032.029988
898.43174,533,2033.14965
814.904713,1000,2035.809767
166.741028,108,2036.042997
624.898163,373,2037.381194
1650.593576,1000,2048.884638
1542.316485,1000,2051.565605
198.224611,136,2052.370026
1039.120077,688,2063.118285
1324.077032,752,2065.101353
674.859929,1000,2067.653587
921.778553,1000,2079.311841
150.784774,86,2079.516858
1701.661211,1000,2081.942895
1243.649331,1000,2093.677455
867.034634,586,2095.528188
279.446779,147,2095.834294
1066.771423,596,2097.098196
548.8663,332,2098.409205
809.949358,860,2108.991632
884.792077,1000,2111.622038
694.985101,367,2112.892891
802.233813,1000,2115.399995
591.079095,1000,2127.403754
742.404832,1000,2129.916445
820.736004,493,2130.965569
899.771927,542,2142.042512
106.793683,57,2142.149807
977.452034,584,2143.281479
46.393146,25,2143.328879
1093.094914,1000,2145.929186
771.623444,1000,2157.50289
1738.150914,966,2160.068645
2.300638,9,2160.087786
1236.282705,1000,2171.125025
1811.343261,1000,2173.728409
569.402486,347,2174.962836
947.868131,591,2176.152594
1242.653629,737,2187.539038
1851.791725,1000,2190.216677
840.950396,508,2191.255281
600.094393,1000,2203.538796
958.683507,583,2205.272626
1679.079236,1000,2207.797368
1736.041052,1000,2219.965835
1617.199469,927,2222.506539
844.660839,445,2223.447371
187.67806,103,2223.665492
26.398328,18,2223.703691
996.382954,630,2225.551902
1716.221915,1000,2236.57036
1661.387063,1000,2239.14952
1152.949611,663,2249.593327
1179.189983,1000,2252.173091
1283.901388,1000,2254.167802
1797.5,1000,2266.542627
371.955503,228,2267.512891
1862.997672,1000,2270.061505
345.065095,188,2270.4622
707.669137,346,2271.19073
771.452599,1000,2282.964437
438.049512,246,2283.489352
601.241451,373,2284.778306
371.905308,264,2285.333912
1883.976574,1000,2296.561775
432.977792,231,2297.048831
521.078773,329,2298.25188
1681.622481,919,2300.201643
1552.64196,969,2310.921283
1793.547479,1000,2313.429883
1857.54026,1000,2315.92633
1243.938334,662,2326.136033
1139.393525,1000,2328.594047
889.902892,495,2329.552672
1808.803295,1000,2341.55877
1692.004617,1000,2344.159911
699.856883,393,2345.499328
0.600638,15,2345.53139
1975.785979,1000,2356.346544
376.956927,223,2356.818951
363.382947,218,2357.280818
1254.546259,1000,2359.884961
1851.45868,1000,2371.826329
526.706301,309,2372.497844
2000.384722,1000,2375.000024
1068.697192,584,2376.620662
2013.844149,1000,2388.310469
724.233907,1000,2390.946543
460.549964,286,2391.551654
1014.423564,509,2393.13912
1853.137735,1000,2404.174726
1257.977562,1000,2406.842064
549.874838,280,2407.38355
52.184046,25,2407.431736
1958.702319,1000,2419.290973
1094.980324,1000,2421.733469
162.397133,87,2421.950344
768.600107,347,2422.672751
1235.776015,1000,2433.890256
2017.420817,1000,2436.411214
124.984584,85,2436.574472
748.484088,379,2437.787599
1510.650237,788,2447.063159
35.217353,17,2447.101088
2037.374414,1000,2449.643521
727.585208,1000,2452.223686
1068.760597,1000,2463.55853
424.414306,186,2464.462116
2074.289053,1000,2467.1656
37.609413,29,2467.228715
2035.700041,1000,2477.589213
1960.766106,1000,2480.223975
246.809956,137,2480.514824
72.899391,54,2480.628985
1260.377047,1000,2491.436424
689.509154,315,2492.103824
435.223733,287,2492.714678
1614.640383,827,2494.962754
748.937815,486,2496.612847
171.284453,85,2496.774824
860.364834,455,2504.992686
1811.190513,897,2507.398875
809.529825,424,2508.271639
178.123212,104,2508.930329
1656.795745,1000,2520.49707
426.746814,213,2520.944774
1717.048382,1000,2523.565661
2104.60335,1000,2526.155772
851.837107,1000,2537.644211
1929.89119,1000,2540.183319
1557.867567,1000,2551.357955
433.744968,192,2551.724041
2137.110149,996,2554.208201
989.474264,1000,2565.156762
1678.644074,1000,2567.601266
1148.602066,560,2568.730517
2170.063805,971,2579.323204
1186.265423,1000,2581.794957
755.869192,1000,2584.399444
1304.440973,619,2594.394132
65.924911,49,2594.498173
1040.217567,556,2595.652647
2072.602307,1000,2598.151092
1859.264612,1000,2609.092177
2251.657619,1000,2611.607751
1882.668215,1000,2614.230198
2041.372499,1000,2625.226782
1690.416124,790,2627.3892
850.716157,396,2628.225236
105.497292,64,2628.859932
2133.357291,1000,2638.364951
2085.158787,1000,2640.972598
879.90599,1000,2651.104702
2044.413842,1000,2653.713395
2210.809312,1000,2656.320003
1632.634181,1000,2667.411075
1699.507671,1000,2669.998975
1740.530637,1000,2679.503955
1935.13482,1000,2682.098789
2152.40126,1000,2684.693932
1485.62081,740,2693.836823
164.512954,117,2694.082088
2090.678005,1000,2696.690917
1039.144593,1000,2707.750153
2221.998505,1000,2710.337806
21.733879,24,2710.389264
1498.062449,682,2712.222776
1222.023832,563,2713.350803
979.17751,1000,2724.28593
152.384713,74,2724.426056
1547.871787,792,2726.538347
93.793583,43,2726.61822
829.028427,453,2727.950241
2140.402336,1000,2737.335395
1948.960997,914,2739.223401
1659.721186,846,2741.411557
1562.332258,1000,2752.52792
1050.905976,479,2754.039095
2079.324277,1000,2756.56234
1233.10136,1000,2767.959635
717.232724,336,2768.656506
96.376337,43,2768.745598
1316.16948,1000,2771.393277
928.923896,1000,2783.113636
787.818901,1000,2785.69871
2022.79709,1000,2796.542115
2170.439961,1000,2799.116519
872.416068,440,2799.964242
102.623888,46,2800.055061
2099.409146,1000,2810.137226
1878.056948,847,2812.453378
1260.579162,564,2814.198394
936.361272,1000,2825.196054
267.797503,137,2825.451276
594.937028,274,2825.964891
1932.781806,1000,2828.500337
72.187589,41,2828.586323
614.068327,251,2829.108749
415.732637,212,2830.042658
2117.167154,1000,2840.58601
2085.245142,1000,2843.120392
2213.048358,1000,2853.990772
717.960005,1000,2856.451203
2190.886144,1000,2858.544029
72.124701,29,2859.091642
1751.99129,831,2869.775855
2117.051244,1000,2872.357757
2162.723922,1000,2874.958188
1307.58016,600,2884.181658
636.461546,304,2884.871983
772.421002,1000,2887.640011
821.954591,353,2888.41808
692.243205,325,2898.718111
1837.170996,1000,2901.340688
857.30765,421,2902.227183
105.82624,44,2902.3205
1716.300323,1000,2904.954756
2169.758075,1000,2916.287511
2131.224279,1000,2918.764701
1241.320123,1000,2930.033406
2168.958182,1000,2932.617956
1385.311084,641,2934.396664
1139.520022,512,2944.122534
2323.698911,1000,2946.667961
349.602006,153,2946.959861
379.623915,172,2947.951398
212.904923,109,2948.160766
919.625184,1000,2959.396569
624.295273,1000,2961.936613
811.951049,363,2962.730278
2194.447968,1000,2965.32372
2193.170452,1000,2975.825362
956.595547,414,2976.70135
1272.898068,1000,2979.318751
426.487951,194,2988.823835
2269.236141,1000,2991.428191
2076.455942,1000,2993.989133
2193.627014,1000,3005.990374
2155.382441,1000,3008.494048
997.548793,455,3009.845219
1722.295653,1000,3022.179351
1321.559179,1000,3024.717317
2394.841948,1000,3027.235109
2210.322594,1000,3038.570675
720.054084,1000,3041.12924
2355.112958,1000,3052.386006
2297.433628,1000,3054.990469
83.443811,38,3055.07088
738.042316,303,3055.709586
2299.245418,1000,3066.628441
1735.691489,729,3068.668401
2287.900051,1000,3071.236473
2399.140671,1000,3083.333568
1618.325534,706,3084.737957
653.011023,292,3085.817461
2355.448829,1000,3096.802598
2346.38059,1000,3099.32023
1976.43149,1000,3101.808974
1035.846954,1000,3112.907485
444.489596,190,3113.266011
118.058336,60,3113.379539
1324.742011,1000,3115.911183
2416.005201,1000,3127.979885
1692.327486,735,3129.465051
549.40156,226,3130.447629
1305.628023,579,3131.669828
1928.781501,1000,3143.402706
2073.965509,1000,3146.015452
1603.438146,1000,3148.633614
879.208636,1000,3160.362865
1007.910273,407,3161.715752
2522.78299,1000,3163.726737
2276.015303,1000,3175.384165
2473.848688,1000,3177.862163
891.474922,1000,3188.967891
2547.694884,1000,3191.533473
1038.611087,1000,3194.168436
2335.445452,1000,3205.970151
1354.190711,581,3207.656546
1360.575264,1000,3210.145142
1155.48717,522,3220.148696
2236.481534,1000,3222.641796
931.017258,1000,3225.18104
930.416701,1000,3236.603715
2260.022201,1000,3239.163141
2291.820217,1000,3250.978613
2165.780725,988,3253.581271
712.955337,297,3254.72409
2403.665439,1000,3266.629695
1126.065967,457,3267.600142
1444.821888,1000,3270.214138
2491.52967,1000,3281.203677
671.384344,291,3281.750477
1419.096429,1000,3284.305008
2296.895921,1000,3286.902125
113.600417,56,3287.021736
2400.626905,1000,3298.069705
918.103736,1000,3300.588868
4.830537,14,3300.616882
546.613307,251,3301.149813
2430.405256,1000,3311.492502
2496.485,1000,3314.031486
347.006147,130,3314.80736
447.398697,177,3315.183585
2582.142093,1000,3326.928479
1022.117678,1000,3329.56995
2296.756333,1000,3340.812392
2549.979744,1000,3343.527824
2497.375118,1000,3346.212666
2537.15712,1000,3358.466625
1650.029528,677,3359.882351
2622.204123,1000,3362.728693
2251.491791,937,3373.918737
745.707133,316,3374.593701
1706.380759,1000,3377.334101
1635.468374,630,3387.283629
764.458207,1000,3390.073074
1522.960141,1000,3392.900035
1154.502869,1000,3404.945462
2148.834504,1000,3407.618984
2408.730863,1000,3417.57578
2472.806553,1000,3420.168316
2491.018989,1000,3422.787422
2612.017486,1000,3434.294569
1033.064894,431,3435.182475
2471.046678,1000,3437.744378
1105.000534,462,3439.356385
2458.508501,1000,3450.971918
2631.475535,1000,3453.779535
1016.75291,1000,3465.537817
2162.150041,1000,3468.65586
2341.868104,1000,3471.558002
172.698648,73,3481.820215
2639.213059,1000,3484.701639
2686.430964,1000,3487.581266
2457.922927,1000,3498.648951
40.198893,29,3498.711057
2625.442393,1000,3501.522559
2605.340294,1000,3513.685179
1904.776611,719,3515.178986
1469.116392,1000,3517.944253
2472.087598,1000,3530.652796
1443.754215,1000,3533.50699
239.676108,94,3533.733531
2535.453093,914,3536.316477
2656.445814,1000,3547.37057
433.830589,178,3547.681305
2684.906378,1000,3549.841692
2034.350251,781,3558.832091
1998.944639,1000,3561.009857
1071.765404,425,3561.771411
718.55746,325,3562.963205
1641.726918,652,3570.328426
715.613189,1000,3572.479162
2516.190476,1000,3574.66754
2625.197535,1000,3583.623218
1609.706491,613,3585.199128
2672.447972,1000,3587.526122
2354.672039,1000,3595.956948
2558.045086,1000,3598.186418
2478.569997,1000,3606.491529
2585.719471,1000,3608.795224
2727.144185,1000,3611.171454
2721.54085,1000,3618.962284
2410.230211,923,3621.18946
2515.452584,1000,3629.0063
2599.394657,1000,3631.308337
2068.721267,774,3632.629724
1101.881126,1000,3641.543771
2642.941664,1000,3643.775953
2680.796382,1000,3646.007516
1247.520464,1000,3654.071391
1831.611558,1000,3656.20931
1339.176681,507,3657.492762
2777.092293,1000,3665.727414
240.64122,102,3665.89481
2669.577888,1000,3668.015193
44.546186,19,3668.046489
2560.83734,1000,3676.26656
2716.610087,1000,3678.380861
1925.624777,1000,3686.501808
2746.202833,1000,3688.631069
2591.823683,1000,3690.656667
2692.390131,1000,3698.646654
1302.137203,468,3699.411067
2897.719272,1000,3701.430448
1452.657271,562,3709.200761
2628.469309,1000,3711.301279
2747.946091,1000,3713.424315
2525.189247,1000,3720.861437
378.114795,186,3721.164911
2815.710021,1000,3723.284166
2394.379707,1000,3730.791673
2726.424071,1000,3732.908579
1163.846088,464,3733.673425
2684.05378,1000,3742.203029
1909.705467,634,3743.728068
2775.79771,1000,3745.839602
2766.96941,1000,3754.596699
2796.230699,1000,3756.73144
2735.040962,1000,3758.834269
2727.041333,1000,3767.159392
259.624474,118,3767.351899
1220.729799,1000,3769.474062
2899.56396,1000,3778.242113
738.179198,1000,3780.342715
867.482161,312,3780.855103
2715.258862,1000,3788.49894
1336.917151,1000,3790.626566
759.835382,328,3791.159446
197.787171,73,3791.277908
2943.096328,1000,3799.644564
2216.830063,849,3801.513932
2862.617592,1000,3803.60758
2800.359143,1000,3811.700797
1468.272344,543,3813.076396
2749.634582,1000,3815.188839
