#{"t_start": 1787497499.087337, "env_id": "Ant-v5"}
r,l,t
-15.520862,36,1.165092
-27.713853,18,1.209038
-23.99419,22,1.262936
-143.871556,125,1.556782
-1070.732536,1000,4.644929
-77.53195,35,4.72059
-10.838042,12,4.746417
-18.26388,13,4.774314
-12.606919,19,4.81537
-98.155992,126,5.087689
-1108.534993,1000,7.759149
-50.73148,41,7.850151
-56.279873,33,7.921342
-85.83221,97,17.676106
-66.323072,66,17.808109
-188.695733,118,18.06827
-75.93754,47,18.196139
-9.427542,14,18.233665
-86.409692,51,18.357958
-283.907925,258,19.416653
-26.551922,18,19.455264
-111.445628,96,19.662444
-70.497048,63,19.797899
-15.924851,18,19.837164
-75.270742,39,19.9197
-165.012749,135,20.208977
-1051.363396,1000,22.897445
-23.972093,23,22.947178
-131.749675,133,23.230304
-77.528385,33,23.300795
-69.738511,49,23.404252
-21.165804,19,23.445306
-105.202763,117,23.694997
-43.721838,23,23.744042
-211.137187,179,33.738431
-53.870656,43,33.823425
-917.569014,1000,36.517246
-37.955694,31,37.11113
-70.818037,33,37.182588
-43.761865,34,37.256797
-15.899673,15,37.289929
-55.16173,70,37.441816
-48.421273,48,37.546543
-35.328153,31,37.613691
-67.552944,58,37.739895
-1052.373322,1000,40.451351
-1085.883992,1000,52.729455
-19.883471,14,52.757075
-59.6124,45,52.84649
-14.347939,32,52.908664
-10.428593,18,52.943969
-109.980626,160,53.262393
-15.311995,12,53.285771
-50.201492,29,53.342403
-40.413579,61,53.470694
-82.883,55,53.58174
-111.685205,81,53.758244
-983.668973,1000,56.321776
-79.86766,64,66.155612
7.529792,36,66.231602
4.293389,40,66.312662
-57.766956,58,66.439467
-108.435494,81,66.601581
-23.835673,12,66.626514
-31.08981,42,67.160722
-993.417898,1000,69.802306
-24.884638,20,69.846067
-33.844628,23,69.896612
-5.17181,33,69.969538
-22.248488,15,70.002173
-21.609242,25,70.056534
-56.584892,62,70.192745
-9.203172,13,70.221512
-9.806467,10,70.24359
-1035.967007,1000,72.981614
-109.669518,91,82.758441
-61.240855,48,82.86328
-11.691046,71,83.01883
-212.708641,214,83.487807
-72.690703,116,83.741349
-23.540621,24,83.794252
-0.560752,16,83.829434
-238.890941,155,84.148881
-64.778649,67,84.288045
-50.61297,66,84.873611
-69.291177,57,84.987087
-7.976374,43,85.075917
-34.142414,65,85.218759
-91.644925,121,85.510434
-69.298011,153,85.888987
-12.427343,11,85.916373
-71.75315,148,86.215862
-79.91408,77,86.384391
-8.658461,20,86.423304
-68.286062,48,86.516713
-224.484579,142,86.831379
-25.686495,21,86.873562
-26.67238,31,86.935987
18.007723,20,86.981194
-17.182233,23,87.026282
-58.311181,64,87.618266
-16.278186,14,87.646508
-55.094636,69,87.783852
-102.125406,102,87.988992
-16.834992,31,88.054366
-54.737951,59,88.187982
-58.059585,37,88.280265
-25.143679,96,88.526609
-39.753997,34,88.617097
-13.153994,27,88.686416
-66.806682,113,88.923486
-20.282683,35,98.496026
-10.075402,15,98.528489
-170.45509,153,98.825602
-13.181664,14,98.854691
-35.091626,39,98.942228
-1024.939254,1000,101.555685
-32.582316,26,101.612305
-70.380004,39,101.696844
-71.182966,124,102.441556
-1.50882,14,102.469786
-7.794435,29,102.527103
-36.17137,27,102.580167
-39.639665,26,102.633973
-32.424269,31,102.7033
-96.661592,155,103.027273
-70.918627,45,103.122448
-26.094128,28,103.183006
-73.336843,33,103.250522
-26.485743,28,103.306379
-52.11045,25,103.360291
-32.395139,35,103.438939
-36.520202,45,103.536847
-13.90665,23,103.580932
-68.412909,71,103.725404
-2.980376,21,103.771252
-56.437342,44,103.878967
-13.002593,19,103.926243
-10.141381,22,103.980298
-40.475718,42,104.083331
-76.383733,89,104.299694
-62.738141,99,104.507082
-14.917523,10,104.527066
-25.501981,21,104.568635
-8.815925,19,105.071783
-9.362741,15,105.102272
-95.474694,112,114.702222
-36.316169,31,114.768643
-14.231285,16,114.802202
-34.464966,65,114.933438
-4.212782,18,114.974231
-24.649142,57,115.100568
-65.242755,41,115.183665
-31.761718,30,115.266687
-21.490758,26,115.338141
-26.972392,20,115.393722
-8.177814,14,115.430195
-36.91767,53,115.559191
-88.3049,79,115.750289
-75.552883,78,115.915128
-38.552086,32,115.97802
-58.756094,80,116.132205
-12.33538,12,116.155208
-51.136683,41,116.234907
-24.009769,53,116.34947
-34.720403,48,116.446024
-102.630895,70,116.586485
-0.966859,21,116.627662
-44.22911,39,117.158235
-34.885814,27,117.210072
-109.427895,99,117.406707
-94.035266,84,117.573904
-382.50752,412,118.49857
-9.117153,11,118.525355
-15.34099,26,118.581003
-1018.929252,1000,130.351055
-102.434243,55,130.459057
-85.181469,69,130.597822
-30.282049,29,130.654075
-30.29943,20,130.692294
1.535911,34,130.757423
-37.013553,48,130.849341
-47.224111,27,130.901515
-73.200896,47,130.992269
-12.502606,27,131.505975
-12.664891,15,131.538444
-8.992258,17,131.571548
-18.212468,13,131.5969
-33.574032,28,131.65099
-13.183996,44,131.734942
-203.216353,202,132.178551
-16.819137,23,132.236867
-12.403551,16,132.277419
-13.737665,62,132.431761
-36.991069,42,132.515179
-159.437866,146,132.796715
-36.050878,26,132.846086
0.944128,28,132.89992
-15.991342,10,132.918754
-956.157512,1000,135.51506
-87.829037,50,135.621997
-46.605855,40,135.70818
-16.660824,20,135.748302
-21.734973,22,135.792912
-13.959033,42,135.886141
-12.411072,28,135.942336
-28.158528,31,136.003513
-12.755945,16,136.034234
-2.315086,21,136.075542
-11.610769,13,136.101099
-67.661792,67,145.439731
-15.229574,17,145.481193
-989.856049,1000,148.111601
-13.425416,15,148.146092
-8.514356,19,148.816024
-78.344781,102,149.050749
-15.283042,15,149.081799
-20.290339,26,149.139042
-162.993851,112,149.370443
-41.351645,57,149.481122
-14.334782,20,149.520245
-70.032981,75,149.676066
-45.906684,77,149.843911
-36.373836,50,149.954333
-90.748397,66,150.099364
-69.433309,42,150.185299
12.263249,38,150.264216
-62.695894,63,150.389389
-10.173548,18,150.4248
-20.688999,29,150.482334
-39.972767,69,150.62391
-5.025685,15,150.653432
-6.092764,15,150.683562
-42.939246,28,150.744848
-16.927318,13,150.773446
-75.040161,51,150.886685
-21.846696,24,150.941978
-31.374166,71,151.609332
-9.79964,23,151.658058
-22.025071,14,151.688566
-65.938073,87,151.874051
-17.622919,30,151.938626
9.30453,14,151.96768
-102.544841,116,152.233311
-15.145506,12,152.26354
-143.616485,64,152.425114
-38.989138,25,159.484167
-34.819563,39,159.565749
-59.577527,50,159.671063
-54.067615,46,159.768613
-1.298268,14,159.798576
-13.628185,14,159.828781
-5.013835,40,159.913641
-46.905247,37,159.99253
12.332068,29,160.054616
-76.753311,61,160.186522
-15.323012,11,160.207473
-1011.681049,1000,162.765541
-119.53605,97,162.968062
-56.281084,70,163.104017
-24.783426,61,163.22052
-15.433026,23,163.264347
-2.407135,10,163.283476
2.699111,13,163.766592
-93.912301,88,163.935742
-29.030691,28,163.990023
-26.310342,29,164.048787
-48.176276,78,164.21205
14.984866,41,164.309381
-15.619119,16,164.348178
-60.911255,55,164.482887
-17.790153,19,164.528939
-35.495882,46,164.641921
-19.336398,12,164.671447
-21.535244,14,164.705391
-41.286932,42,164.807713
-101.375856,53,164.909211
-78.127518,61,165.028261
-11.308862,16,165.060414
-19.360642,24,165.113197
-199.066725,214,165.531165
-51.813938,76,171.976513
-26.654303,30,172.033644
-78.183882,75,172.637882
-220.373874,191,173.004334
-31.592811,34,173.070646
-13.133556,12,173.094024
-53.092113,49,173.191897
-118.188365,53,173.304568
-39.309066,21,173.351413
-26.332873,28,173.412108
-40.194211,40,173.499846
-19.348817,27,173.554762
-31.795113,29,173.611887
-24.015291,30,173.674616
-35.449656,16,173.708778
-92.298655,69,173.852218
-37.486063,24,173.899607
-33.972066,49,174.016559
-80.1555,81,174.212319
-21.313647,28,174.278428
-99.126428,96,174.50896
-6.470401,13,174.535659
-60.483075,64,174.66771
-149.221938,118,175.538022
-42.174194,31,175.598852
-9.634234,12,175.624271
-113.266627,76,175.775455
-65.30475,93,175.96752
-51.285489,93,176.158712
-45.93894,37,176.234811
-96.086022,61,176.356473
9.433796,32,176.423421
-24.146015,25,176.477905
-10.526302,11,176.499863
-26.574083,77,176.650524
-1040.981752,1000,187.918237
-5.733533,11,187.940444
-47.238249,45,188.025961
-9.563364,24,188.074204
-38.704311,20,188.117457
-21.934335,22,188.159436
-10.513851,49,188.252935
-42.162806,66,188.38027
-9.210431,12,188.403362
-16.42672,10,188.422508
-22.555326,43,188.506013
-12.04876,19,188.545558
-29.106141,67,188.683718
-275.824747,229,189.797717
-94.229608,55,189.929699
-106.179525,70,190.099816
-19.697301,13,190.130788
-75.623413,80,190.295998
-9.014039,13,190.324565
-13.851214,12,190.350742
-32.539472,31,190.415339
-22.059533,18,190.450511
-19.035245,41,190.537663
-21.468485,41,190.625741
-74.581938,51,190.733766
-11.649871,21,190.779034
-31.905703,19,190.819344
-18.085957,17,190.855628
-59.065169,66,190.996847
-58.071133,32,191.065673
-74.699725,67,191.200978
7.893474,29,191.265125
-53.633349,79,191.439574
-34.962111,39,191.528305
-3.645175,10,191.547475
-16.498531,20,191.588551
-62.432105,36,192.269114
-8.065785,17,192.301112
-972.133759,1000,199.681045
-15.578053,13,200.152423
-29.148257,14,200.181713
-9.084953,57,200.292469
-13.159738,34,200.357735
-5.879148,19,200.393662
-64.290104,75,200.536321
-12.096903,17,200.568713
-36.519027,26,200.617915
-75.355432,41,200.697722
-45.315535,38,200.769152
-110.911824,91,200.943184
-22.211003,20,200.981066
-54.539796,82,201.145053
-12.023693,32,201.208618
-37.620636,40,201.290318
-143.905761,115,201.520289
-50.526164,55,201.626647
-38.38521,45,201.715407
16.776897,32,201.788916
-78.197605,121,202.079371
0.482739,19,202.125272
-45.706915,34,202.20732
-45.232558,49,202.812304
-92.300997,55,202.920088
-64.184169,94,203.108102
-1.599819,38,203.181918
-12.213017,23,203.229157
-1052.44882,1000,209.578226
-18.663926,22,209.62686
-2.96985,10,209.648226
-7.621751,12,209.67417
-24.723802,36,209.748671
-8.547979,9,209.765824
-61.194301,89,209.936814
-9.590357,77,210.08317
-17.438586,36,210.15215
-49.515472,66,210.281636
-27.473479,82,210.44328
-134.360624,88,210.687357
-964.54936,1000,213.238458
-20.212469,16,213.271146
6.824575,40,213.360123
-17.833844,13,213.385261
-99.635249,105,213.609396
-5.328889,36,213.693836
-27.039345,31,213.767522
-17.773466,17,213.800595
-987.026977,1000,217.9907
-10.221862,23,218.042841
-106.067913,91,218.836524
-4.681517,20,218.878143
-142.063769,97,219.068744
-79.314093,74,219.218739
5.533457,35,219.288369
-26.233566,17,219.323439
-20.359405,16,219.357677
-32.462745,38,219.439801
-4.181896,18,219.479049
-30.653561,35,219.553623
-7.522949,37,219.632632
-47.011614,38,219.714251
-9.859693,59,219.839552
-5.479311,16,219.873922
-7.970509,42,219.96352
-14.287609,70,220.112928
-116.969429,139,220.409583
-102.786251,79,220.575999
-80.762233,43,220.659142
-27.396094,18,220.693528
-9.111669,16,220.729707
-5.672395,20,220.78564
-35.186425,18,220.836258
-51.651498,33,221.593918
-81.449872,68,221.725356
-24.313417,47,221.817292
-916.411832,1000,225.995173
-33.122377,23,226.039326
-10.185652,22,226.083238
-11.921988,22,226.136591
-95.090084,80,226.35249
-34.243084,18,226.400021
-5.503291,16,226.44013
-21.489549,21,226.492478
1.527118,28,226.556893
-15.247414,48,226.650805
-9.693067,11,226.671771
-86.210227,96,226.8758
-15.660256,15,226.905813
-36.677205,19,226.942883
4.611477,24,226.98999
-84.045766,76,227.151572
-14.464573,18,227.185759
-24.687455,26,227.235258
-4.148774,22,227.279052
-139.332492,107,227.506281
-16.929258,11,227.529889
-12.412814,14,227.559697
-6.166249,18,227.597878
-51.904097,33,227.668576
-2.148353,23,227.717815
-94.939937,79,227.886259
-16.864764,22,227.933025
-53.808242,72,228.693905
-8.546286,67,228.839337
-7.583784,12,228.86322
-75.383586,63,228.991532
-53.342765,80,229.160108
-23.235289,23,229.208883
-17.103639,18,229.247779
-61.407361,51,229.347242
-9.590644,20,229.388691
-1.606106,8,229.405079
-43.479081,27,229.459313
-37.711985,44,229.55616
-32.224978,29,229.615982
-29.608399,36,229.691091
-970.491386,1000,232.389937
-42.946665,60,233.817657
-21.266653,18,233.852011
-21.872711,57,233.962705
-29.946187,68,234.096189
-5.282715,18,234.132252
-6.285228,69,234.280005
18.940805,50,234.377451
-36.4949,31,234.43975
-11.801079,19,234.478449
-47.961289,38,234.562051
-6.056812,20,234.601215
-40.925053,28,234.661467
-10.852212,10,234.682712
-14.504062,13,234.710666
-72.173964,53,235.447959
-22.372812,16,235.488949
-18.725415,29,235.56143
-228.336795,179,235.982137
-91.459274,54,236.090708
-111.383198,87,236.283204
4.317221,18,236.31977
-10.583906,32,236.391182
-7.168841,15,236.424646
-22.986931,19,236.464882
-24.252581,46,236.561319
-9.787213,16,236.592755
-135.313891,82,236.760581
-11.043688,7,236.774843
-60.298603,94,236.960825
-22.486893,19,236.999934
-47.579149,74,237.147195
-35.422058,61,237.268179
-1.46474,17,237.3001
-100.158386,70,237.436348
-14.775187,26,237.486145
-18.261064,30,237.547107
-12.157476,44,238.315762
-14.361814,39,238.412955
-191.025386,130,238.694448
-970.8702,1000,243.146321
-40.053278,24,243.194069
-83.475547,50,243.292144
-151.781414,82,243.452605
0.550739,20,243.492508
-18.702359,42,243.572446
-11.225881,32,243.634904
-20.195603,17,243.667689
-34.933014,34,243.735213
-57.364576,25,243.78347
7.46835,19,243.821444
-130.988548,85,243.985302
-7.374935,33,244.048146
-26.712297,33,244.112195
-75.608235,88,244.285351
-22.455011,18,244.319425
7.387673,33,244.38204
-852.451074,1000,247.011502
-11.361851,13,247.038079
-47.051418,46,247.137134
-10.532497,23,247.18929
-19.343469,24,247.240932
-22.212547,13,247.265782
-19.824568,26,247.327723
-8.276639,29,247.397914
-42.377709,44,247.521164
-29.603122,18,248.137536
-23.085645,14,248.164719
-75.23174,93,248.357645
-47.135323,57,248.467979
-2.336437,18,248.503256
-16.025402,21,248.544608
-47.963851,33,248.613354
-13.415226,12,248.636063
-39.093185,68,248.773414
-108.476196,80,250.530484
-8.0584,14,250.565156
-9.283495,26,250.630699
-13.891454,13,250.663418
-3.426746,23,250.720893
-18.596835,32,250.800931
-36.399502,35,250.888893
-28.037111,16,250.930163
-12.977769,12,250.960755
-24.795609,27,251.02249
-10.183979,11,251.043472
-27.320516,38,251.115732
-24.00031,18,251.150421
-0.34224,40,251.227876
-17.045327,22,251.270873
-37.298308,74,251.41501
-971.945722,1000,253.937759
0.162576,22,253.983367
-35.34016,24,254.036386
-32.656141,45,254.130819
-28.409307,60,254.258258
-15.05843,19,254.300645
-29.333877,58,254.420357
-40.235572,55,255.001157
-13.624928,20,255.040977
-13.227001,21,255.085248
-193.303079,108,255.300438
-15.292505,37,255.381798
-41.53175,32,255.447023
-78.251897,66,255.582607
-18.821232,25,255.635394
-80.284283,51,255.732334
-19.052542,72,255.898443
-20.327326,28,255.968402
-11.009089,20,256.019479
23.047857,30,256.096265
-87.443914,69,256.269804
-5.004387,41,256.349367
-41.043807,59,256.463444
-27.770799,51,256.569401
-21.399281,30,256.633939
-20.537545,90,257.689789
-44.328043,23,257.734682
2.262496,16,257.765386
-30.401222,59,257.882721
9.637501,38,257.954822
-962.018457,1000,260.520698
-14.331533,18,260.55529
-7.858814,20,261.069724
-2.404084,14,261.097054
-33.174336,54,261.203045
-6.164703,9,261.220559
-24.578873,18,261.256437
-7.135203,27,261.311578
-39.609841,24,261.359265
-8.274941,13,261.385209
-968.966691,1000,264.004815
16.656768,46,264.103783
-35.073677,28,264.163798
-40.40698,54,264.279276
-40.408028,60,266.021217
13.535191,32,266.081655
12.108659,39,266.156492
-21.138839,63,266.279028
-16.720878,14,266.306589
-21.37328,31,266.366891
-16.78402,44,266.453651
-7.207492,12,266.476519
-25.37114,38,266.551447
-19.468486,31,266.612161
-53.817974,75,266.765541
-4.751933,16,266.801133
-53.78448,49,266.902535
-16.632045,47,267.001869
-7.119839,16,267.03365
-26.939457,23,267.078585
-66.895322,86,267.256386
-8.533693,15,267.286811
-42.682852,50,267.392239
-23.443113,28,268.043547
-28.597081,27,268.110587
-49.091403,28,268.181869
-29.250898,61,268.337272
-11.245908,32,268.418035
-8.668238,14,268.453489
8.123946,52,268.56895
-3.712077,19,268.607304
-63.749375,73,268.764289
-61.24117,93,268.953391
-25.516129,17,268.986647
-70.555133,43,269.0736
-4.17964,16,269.104488
-121.486042,115,269.339971
-8.262821,18,269.374432
-108.790561,89,269.557883
-67.750196,50,269.659334
-3.027446,25,269.707065
-17.789804,33,269.770728
-1.353758,34,269.835758
-13.705213,10,269.855622
-64.303923,31,269.917102
-3.18188,11,269.938479
-36.549502,34,270.003518
-49.347276,107,270.67047
-11.012107,29,270.739614
-2.980348,6,270.754012
-3.411104,12,270.7827
-14.480018,27,270.848203
-23.116018,13,270.880599
-13.167157,19,270.926931
-31.798153,21,270.977346
-46.674818,25,271.037746
-1.875936,11,271.064523
-20.607995,30,271.136421
-9.554917,11,271.163755
-13.842656,23,271.218066
-10.483454,13,271.249844
-109.158568,152,271.575804
-4.896178,14,271.605109
-10.557428,23,271.653128
-8.871965,13,271.681147
-28.888302,43,271.773129
-15.446042,37,271.851069
-62.982608,44,271.945033
-65.235804,48,272.047621
-73.485924,58,272.17185
-16.095067,12,272.198106
-16.618263,14,272.227873
-25.530699,17,273.762854
-2.879446,10,273.782474
-19.472306,31,273.841787
-17.982497,22,273.885081
-13.750703,23,273.928788
-44.873095,46,274.017817
-227.260291,163,274.771962
-35.332598,50,274.868501
-36.825457,39,274.944606
-22.094963,16,274.976679
-27.817281,29,275.033441
-16.292972,27,275.086385
-50.351249,32,275.14888
-118.332966,100,275.34715
-6.041729,17,275.380475
-7.939408,13,275.405339
-78.984825,46,275.500101
-13.878971,31,275.562268
-19.007011,14,275.590907
2.624977,19,275.63444
-47.007181,51,275.759187
-30.108277,25,275.819055
-24.371489,16,275.857383
-30.414052,20,275.906165
-128.212415,86,276.120207
-17.848855,36,276.209873
-13.243285,12,276.236826
-10.81545,38,276.315792
14.349889,14,276.344537
-869.141929,1000,279.082053
-1.885129,12,279.106299
-24.123705,28,279.159549
-10.530795,8,279.174537
-31.124023,54,279.278449
-14.935441,12,279.301868
-3.091114,32,279.365042
-52.982849,80,279.522606
-5.308462,12,279.54613
-19.556218,21,279.587167
-11.118756,32,279.657492
-12.939864,12,279.684058
-15.035449,13,280.313933
-8.581273,10,280.334972
-40.647118,52,280.444145
-3.359651,36,280.52082
-3.378067,7,280.535918
3.378534,12,280.561586
-4.416157,15,280.594182
-8.823231,19,281.81654
-67.080911,81,281.978785
47.226269,41,282.064089
-7.21084,19,282.101637
-22.029686,20,282.139355
-13.33502,31,282.200513
-15.865435,60,282.330317
-25.577224,23,282.385864
-22.020523,46,282.496964
-44.994291,52,282.623146
14.775876,44,282.729535
25.899689,71,282.900871
-15.843125,28,282.954385
-39.529217,43,283.040771
-39.354079,60,283.16097
-26.416161,24,283.207563
-8.908542,11,283.230119
-36.242486,37,283.302268
-4.415902,14,283.332207
19.8783,40,283.417662
-9.857193,19,283.454125
-12.029415,18,283.488587
-46.075477,64,283.618068
-6.145729,27,284.276821
-2.540293,6,284.288072
-1.247771,34,284.354031
-23.502447,29,284.40976
-18.090181,20,284.447569
-102.324839,69,284.580003
-12.246993,34,284.645015
-0.641272,23,284.689478
-137.094226,142,284.967325
-14.815303,34,285.042856
-25.847537,49,285.160806
6.270526,14,285.193858
-53.319163,41,285.29196
-68.755818,61,285.439637
-17.617804,24,285.497134
-0.20924,28,285.563881
-10.564893,9,285.585677
-25.049046,28,285.649645
-139.052776,91,285.836998
-49.875634,32,285.906148
-23.195606,18,285.946068
11.603859,22,285.996275
0.041448,26,286.047677
-1.443363,23,286.094024
-18.54473,22,286.141972
-91.255864,90,286.328703
-40.843664,64,287.0515
-12.938735,20,287.090389
-5.268391,28,287.144946
-33.462148,19,287.182976
4.708228,10,287.202573
-10.388462,13,287.22786
1.306232,47,287.319388
-14.822382,19,287.356775
-11.140264,27,287.41227
-15.282832,26,287.462776
-26.559545,28,287.516805
-2.302613,81,287.689357
3.039335,10,287.710754
-16.982085,12,287.736519
-27.184227,36,287.814201
8.672147,29,287.876428
-12.973228,41,287.963969
-18.913098,76,288.127091
-14.309003,47,288.22846
-16.905254,60,288.589589
-2.043393,20,288.631932
2.871758,24,288.683252
-8.303447,66,288.825356
-41.154278,20,288.863682
-7.572632,15,288.893417
-30.785409,40,288.970491
-9.890867,20,289.013359
-4.591451,11,289.040614
-3.782362,13,289.07244
-6.265522,19,289.11867
-8.259954,25,289.179992
-10.833481,29,289.249692
-31.565598,22,289.30357
-47.481785,36,289.390932
-6.306531,12,289.42082
33.738501,24,290.12445
-43.335811,60,290.248031
-36.675674,25,290.29706
4.536599,28,290.356355
6.412163,25,290.405132
-11.5539,47,290.508878
19.913561,33,290.579318
-17.087165,51,290.682098
7.981866,22,290.723421
-13.056047,17,290.755519
-18.115497,22,290.798322
-63.717888,96,290.98658
-14.951025,10,291.006074
-52.917605,45,291.09329
-16.867241,14,291.120422
-492.47728,541,292.90885
-2.556792,15,292.937458
-16.840353,21,292.977131
-12.783605,25,293.027176
-0.030772,24,293.073836
-16.811683,16,293.107211
-7.456684,20,293.146602
-48.693202,63,293.276296
-74.509437,52,293.387105
-22.200493,40,293.46612
-958.513333,1000,297.492029
-26.930335,35,297.580742
-10.075454,13,297.613586
-16.624371,13,297.64634
-36.825008,31,297.725522
-18.331225,14,297.760387
-23.212269,17,297.802837
-20.588501,26,297.867802
-7.494114,13,297.900379
-36.364465,21,297.952918
-970.360679,1000,300.673748
-8.850618,17,300.713329
-10.547779,17,300.745258
-1.499947,7,300.758528
-12.933814,41,300.837646
-7.623364,12,300.861042
-12.313465,36,300.935882
-28.843195,22,300.979374
-22.425237,18,301.014896
-91.015352,56,301.134911
-14.854159,28,301.19515
8.648562,16,301.226692
-18.556818,17,301.25972
-5.960804,14,301.287957
-40.090857,33,301.355227
-20.777816,64,301.490053
-1.962395,31,301.560999
-73.440636,53,301.670612
-27.946842,34,301.744533
0.901251,20,301.785246
-32.477665,30,301.845752
-27.22165,39,302.533614
-6.584114,64,302.66864
-873.1922,1000,305.589248
-9.879155,46,305.677737
-910.763245,1000,308.345106
-56.538965,46,308.436198
-8.412473,20,308.477089
-112.741208,115,308.701608
11.923898,25,308.749572
2.419015,9,308.766657
-2.797512,13,308.791212
-3.991866,16,308.830154
-4.991867,66,308.997067
-4.630815,17,309.04252
-12.436808,31,309.120928
-52.221676,49,309.241077
-18.169503,27,309.306283
-1.98435,34,309.374767
-7.777341,92,309.552663
-44.634244,40,309.629755
-12.571424,18,309.664081
-1.729042,17,309.696515
-19.426977,12,309.719271
-35.857563,46,309.814736
-6.232157,9,309.834206
-20.789881,31,309.900644
-8.246456,10,309.922243
-56.511089,38,310.003558
-22.525388,15,310.036013
4.684792,14,310.066133
0.408661,10,310.087637
-12.16866,11,310.110813
-9.342389,9,310.13
-20.304124,20,310.792948
-6.949559,16,310.827714
-7.821059,10,310.848849
2.929501,10,310.870387
-32.285998,25,310.923463
1.63093,17,311.582531
4.93743,34,311.650166
-46.855058,53,311.751124
-0.874368,17,311.78644
-12.711589,9,311.804016
10.926652,35,311.872298
-293.293122,369,312.603567
9.725383,29,312.66194
-12.05517,58,312.776817
-6.173007,29,312.844268
-8.666536,16,312.882447
-75.760373,53,313.00915
3.263624,21,313.059924
-33.137012,23,313.115489
-97.923497,117,313.397682
-67.585776,57,313.508017
-7.268758,10,313.526674
-18.416405,14,313.554323
-0.423189,18,313.589286
-37.195193,61,313.712202
-15.442265,14,314.358123
-54.830311,45,314.442918
-7.482364,22,314.485583
-31.865147,41,314.564077
-13.551242,17,314.596398
-26.385714,29,314.657439
-21.826357,28,314.714299
-111.287975,103,314.937243
-10.60107,10,314.957152
-24.357447,56,315.070333
-15.1538,14,315.10249
-11.807752,35,315.18145
-20.882136,14,315.211829
-75.035378,63,315.345578
-37.497208,73,315.503986
0.230517,26,315.559196
-32.276278,44,315.659073
10.374624,15,315.695583
-161.032682,199,316.178152
-2.903455,8,316.197556
-79.820607,68,316.328946
-3.681598,17,316.361524
-19.104335,23,316.407808
-13.666183,31,316.469463
1.006307,15,316.499275
-27.683258,24,317.167767
-72.501861,51,317.27176
-6.946991,10,317.290947
1.920368,14,317.31896
-15.945572,17,317.352771
-5.423975,17,317.385334
-16.592208,10,317.404728
-9.777018,11,317.426008
-66.016208,58,317.539768
-116.017098,96,317.734051
-12.980599,12,317.759741
-33.471481,52,317.871024
-30.517471,85,318.251663
-23.60213,18,318.285901
-4.173517,12,318.308622
-19.412954,19,318.345308
-3.238132,17,318.378225
14.644807,25,318.426434
-7.709086,41,318.513974
-8.035659,10,318.536794
-66.274216,61,318.655043
-10.357608,13,318.680711
7.302616,50,318.783703
-8.419222,13,318.810712
-40.791204,36,318.893783
-2.23006,17,318.937163
-33.067811,38,319.033993
-15.8769,12,319.064698
-58.069438,40,319.171492
-9.969459,23,319.229927
-17.06025,57,319.3586
-2.437363,22,319.400376
-11.694801,12,319.423295
-6.885348,14,319.450432
-16.365325,19,319.487262
-44.221718,82,320.255278
-22.674795,15,320.283855
-4.184396,12,320.307227
1.008134,19,320.348009
-14.767213,40,320.431869
-21.35578,42,320.512511
-68.089189,70,320.647363
-64.509992,53,320.748241
-11.382123,11,320.770155
-21.434265,29,320.827015
-10.075903,66,320.954284
-1.644949,14,320.982432
-18.787506,18,321.018152
-102.371572,83,321.179419
-53.05393,33,321.242166
-17.339426,19,321.278916
6.76966,17,321.312731
-28.531778,32,321.375679
-10.246354,24,321.421392
1.437119,13,321.454514
-36.2154,48,321.577031
8.717721,13,321.610526
-37.490081,17,321.653803
8.081223,20,321.703668
-3.398578,15,321.741539
-24.422111,51,321.869777
-11.700773,17,321.910578
8.682317,24,321.964916
-46.942714,31,322.029499
-14.22482,11,322.054187
-114.144199,130,322.926411
-13.695235,10,322.94581
-11.572665,19,322.982564
-1.911317,12,323.008902
-45.223472,61,323.137182
-8.808875,19,323.177931
-7.504505,13,323.203206
9.210105,24,323.249494
-7.342135,28,323.303853
-15.907268,14,323.331355
-14.96489,76,323.479412
-22.649367,19,323.5158
-8.403595,17,323.548187
-61.750292,46,323.638776
-5.18774,26,323.691591
-2.330441,16,323.72464
-42.808965,42,323.805391
-22.229294,23,323.849717
16.291961,16,323.881496
-9.290166,18,323.916302
-19.211002,35,323.984418
-11.277814,26,324.035259
-3.096494,27,324.097768
10.522028,25,324.160933
-3.428112,24,324.222136
-15.001945,17,324.264916
-14.994372,20,324.31532
-11.926829,18,324.361353
33.514652,45,324.475395
-3.359696,13,324.508328
-12.732734,19,324.55101
22.985585,52,325.039276
-29.556489,37,325.119401
-31.894276,22,325.166745
-5.50261,20,325.20999
-16.989366,11,325.234272
-13.071294,15,325.266006
-4.685708,19,325.306196
1.477016,18,325.344629
-4.023848,21,325.389536
-86.072365,66,326.154312
-853.911821,1000,328.809122
-3.001375,26,328.873473
-12.53044,39,328.966411
-10.057184,17,329.007504
-39.297763,41,329.106972
-26.260366,24,329.164455
-7.474154,38,329.254576
0.443535,19,329.300943
-7.715163,16,329.339646
-37.560498,25,329.400506
-10.906484,17,329.433664
-7.660742,13,329.458605
-18.360963,22,329.5016
-0.243051,17,329.534832
-9.923238,16,329.565472
-10.225094,12,329.588461
1.828056,8,329.605325
9.708435,10,329.624485
7.638441,19,329.66071
-16.872908,11,329.681749
-30.449569,49,329.778226
-6.321585,33,329.84183
-12.573487,15,329.873863
-10.584019,17,329.908673
-636.223459,645,331.876324
-8.91955,28,331.943002
-31.110441,33,332.023838
-8.809622,12,332.052762
-22.777503,26,332.301578
-1.226223,17,332.336257
-939.046528,1000,334.992684
-59.430017,47,335.087562
-13.817714,19,335.130781
-953.59592,1000,337.854499
-33.228526,19,337.895015
-1.308748,13,337.92067
-8.795621,17,337.957386
8.267373,14,337.988273
6.145566,15,338.017298
-4.858228,8,338.032987
-14.493343,14,338.06031
-73.396547,57,338.171473
-15.488088,9,338.18876
-48.248054,42,338.28692
-14.655698,34,338.373301
-11.459509,27,338.442462
-3.128191,32,338.522955
13.450782,83,338.725
-4.587905,11,338.74683
8.871999,23,338.9634
-30.402577,28,339.019554
-12.64178,57,339.133519
-6.801366,9,339.150676
-20.890047,43,339.234391
-38.193446,37,339.306484
-30.702866,67,339.44583
-10.935477,24,339.491923
-10.782064,11,339.514159
-19.372011,19,339.551592
-10.760718,14,339.579784
-7.687122,17,340.236566
-15.729141,22,340.282685
-9.502654,15,340.314149
-17.695543,18,340.350108
-30.031555,27,340.403761
7.885858,16,340.435805
2.925442,15,340.464884
-12.467909,25,340.518184
-9.067859,13,340.546725
-6.725048,32,340.610373
6.919349,25,340.664149
-5.987225,18,340.700456
-17.30199,27,340.755327
9.862749,32,340.821203
0.28427,17,340.858018
-0.824515,65,340.995901
-12.208854,50,341.102556
-10.548731,9,341.121743
-76.63069,38,341.202243
-7.292766,9,341.222074
-11.619831,33,341.292674
-15.433752,15,341.324943
-32.27332,28,341.384165
-32.271467,47,341.482311
-24.020601,26,341.537257
-13.826347,19,341.579018
-0.196125,45,341.686861
-34.423772,56,341.829171
-24.979019,24,341.890177
-27.361223,32,341.971642
-30.651077,33,342.054675
-21.665527,40,342.137093
-3.013424,21,342.177068
19.171041,66,342.307273
-15.176138,20,342.346465
-8.620355,9,342.363942
1.470424,33,343.042867
-18.487708,15,343.072327
-24.184085,34,343.144619
-10.816879,10,343.164464
-7.602268,9,343.181713
-23.857586,16,343.214025
-22.532398,30,343.277123
-1.800872,13,343.303346
-20.009887,31,343.367949
-51.673693,78,343.534086
-39.859875,33,343.598586
-28.753648,16,343.632738
-13.423449,17,343.665814
-11.76308,17,343.698492
-28.601266,28,343.753182
-5.807994,22,343.794819
-176.732725,117,344.020787
0.481711,12,344.043481
-1.316219,36,344.114182
-8.875894,11,344.135876
-24.956115,34,344.201292
3.30078,14,344.227694
-38.834025,35,344.311944
-1.945342,46,344.42332
-14.236379,19,344.469301
-19.104864,15,344.506109
-16.157879,15,344.542172
1.734969,19,344.587976
-15.614459,18,344.632952
-63.88772,73,344.809833
-96.228253,88,344.985821
0.546823,8,345.001866
3.920567,48,345.096125
-9.638796,26,345.145837
-11.334713,11,345.167128
-6.681644,17,345.812093
0.910089,9,345.829551
-78.267065,96,346.014504
-22.225739,12,346.272336
-15.365325,21,346.313103
6.694852,29,346.369481
-45.046245,29,346.432215
-16.6158,21,346.474121
-14.587689,18,346.509705
-2.557737,9,346.527607
-8.320583,12,346.554091
-14.625991,15,346.587272
-25.225073,74,346.737328
-7.690741,14,346.765205
-11.936123,28,346.825638
-10.478433,28,346.885292
-78.386526,89,347.073611
-17.6101,22,347.126844
-6.935005,14,347.160102
-87.85651,52,347.284957
-21.581714,12,347.314124
-14.771594,10,347.338131
-15.6019,24,347.396031
14.193745,18,347.440417
-14.696216,16,347.478881
2.771357,16,347.517171
-20.382651,53,347.640641
-109.600805,63,347.766295
-26.765376,38,347.840772
-37.729702,29,347.898538
1.369073,7,347.912138
9.266984,13,347.937068
-36.034358,28,347.991361
-6.332289,18,348.026482
0.641354,23,348.071322
-8.642225,28,348.128175
-4.645437,15,348.158069
-3.258786,20,348.810129
-41.470934,65,348.949431
0.870469,8,348.966327
9.185303,17,349.002291
-42.252482,58,349.125542
-23.898167,58,349.249388
-96.949588,57,349.372909
-17.505717,10,349.39462
-7.500512,19,349.434983
10.384054,51,349.545456
-4.614598,24,349.596733
-3.311245,44,349.690987
8.743216,36,349.768662
-13.879767,25,349.821784
11.345856,31,349.888294
-61.806827,85,350.071011
-2.52925,30,350.134918
-17.674978,31,350.197293
-0.450742,39,350.272493
-36.299961,36,350.341502
-19.733414,13,350.366321
-10.106169,30,350.424485
-8.016655,14,350.451957
-18.446164,21,350.493277
-50.905889,72,350.638379
-72.52266,48,350.73388
-14.196541,12,350.757274
-32.855751,22,350.799634
-6.520242,29,350.855903
-179.557282,326,352.217257
-30.503456,22,352.25976
-9.871877,18,352.294293
-44.995607,66,352.432142
-65.55225,66,352.565241
-11.948734,17,352.601777
-85.295708,60,352.728542
-11.401373,13,352.757279
2.009348,11,352.782284
-7.416477,13,353.136002
0.093854,9,353.153882
-21.287462,16,353.186719
-14.183895,10,353.206374
-898.959557,1000,355.917055
-13.219801,28,355.970538
-8.488863,18,356.005192
-8.875634,27,356.056534
-5.883947,11,356.077595
-7.458377,12,356.100361
14.987133,22,356.142447
-4.946607,12,356.16533
0.820905,14,356.191679
-19.021529,24,356.237676
-7.255994,11,356.258745
-1.000871,16,356.288693
0.571687,30,356.350036
14.13858,36,356.42722
-55.435884,75,356.590299
-7.577028,33,356.663661
-12.839702,20,356.708403
-3.52433,20,356.752785
-7.5016,12,356.779473
16.78029,19,357.426546
-22.834065,58,357.538626
-14.114436,18,357.57301
5.232629,24,357.618284
-8.351382,14,357.645049
-7.974239,15,357.673395
-19.468463,25,357.733537
-7.040444,14,357.768572
0.362183,37,357.861108
-18.80008,14,357.896018
-1.721282,31,357.973063
-1.766,8,357.993939
0.971029,25,358.05681
-41.524202,34,358.140579
-13.833313,20,358.184767
-1.059605,22,358.228337
-8.140102,12,358.251555
-1.576116,10,358.270387
-4.704304,10,358.289311
-20.133328,23,358.332543
49.474734,49,358.433002
-8.529642,11,358.454405
-17.881164,19,358.490234
-37.449026,62,358.612568
-0.660119,34,358.682578
18.892004,24,358.735909
17.651865,49,358.840899
12.087174,27,358.891968
-14.324903,58,359.004311
-21.55533,42,359.087244
-7.160653,19,359.123883
2.412853,11,359.145125
-13.331899,14,359.172663
-39.800527,43,359.256421
-24.842645,19,359.293328
-12.080745,26,359.346558
-4.130033,15,359.37513
-42.236676,24,359.421358
-18.436485,14,359.449361
1.536493,27,359.501827
-0.161375,20,360.39993
-29.52817,39,360.498269
-46.852235,61,360.657478
-33.407652,20,360.708466
-22.317681,17,360.751777
-10.243985,12,360.781838
2.06386,24,360.826967
-18.274526,13,360.85164
-3.655388,18,360.886894
-4.818474,18,360.926589
-38.829637,38,361.000094
-180.177166,164,361.315883
-12.771189,10,361.335344
-16.584262,29,361.391153
-22.448152,26,361.440364
-24.454335,34,361.506429
-38.191974,35,361.57356
-11.274762,10,361.59284
-2.857596,9,361.609824
-14.687268,11,361.63084
-22.466607,28,361.684711
7.587995,16,361.714739
9.672598,15,361.743141
-12.636118,12,361.767102
-44.234603,34,361.833961
26.33044,39,361.90948
-23.367198,57,362.022385
-12.004414,10,362.041763
-65.916511,107,362.25073
-0.510984,10,362.270776
2.587184,19,362.307243
-5.311515,12,362.330081
-109.719971,80,363.173386
4.99135,13,363.206492
-13.501338,14,363.241876
-10.691696,10,363.267695
2.027122,8,363.288039
-65.456804,30,363.364283
15.284369,14,363.396086
-8.712201,30,363.461549
3.122368,17,363.494321
4.855436,11,363.515553
2.514604,16,363.545731
5.498873,58,363.660009
-10.756235,13,363.684615
-8.811146,20,363.723905
-4.389406,10,363.743153
6.359076,18,363.777998
-15.29127,28,363.83776
1.388445,42,363.924069
-43.198501,51,364.026714
28.757855,35,364.101767
-5.841777,22,364.148925
-8.930249,11,364.172149
-26.949223,57,364.293098
-14.315642,30,364.35672
-8.914165,19,364.396983
-4.202264,19,364.437562
-5.636772,30,364.502684
-6.988555,10,364.523966
-15.405193,15,364.555928
-13.63206,11,364.579025
-2.067968,9,364.598225
25.138407,39,364.680452
-11.622278,14,364.710184
-9.835817,18,364.748762
15.376663,26,364.803748
-19.808378,29,364.865279
10.566289,46,364.963488
20.653109,35,365.037463
-8.340568,14,365.067233
-17.372411,18,365.10581
14.120478,36,365.184924
6.180223,54,365.302951
-1.697703,22,365.974756
-830.630739,1000,368.455968
-15.429921,31,369.128066
-5.676243,18,369.164059
-60.527679,71,369.309761
1.447617,9,369.327337
9.143091,16,369.358591
-9.821243,23,369.406313
-18.376407,36,369.477135
-52.253861,77,369.62822
-25.562498,21,369.669747
-68.942484,88,369.862761
-54.54258,115,370.111573
-8.644723,17,370.149764
-15.092687,18,370.190646
-56.511131,87,370.364676
-37.359826,44,370.451034
-2.346016,8,370.466712
-5.272374,14,370.494251
1.5297,11,370.515325
4.216105,31,370.576052
-17.16683,22,370.620217
-11.772575,18,370.655558
-25.364311,37,370.727292
-12.455886,12,370.757443
-12.217383,12,370.786227
-13.074255,25,370.846284
-31.764861,36,370.932683
-5.567809,25,370.993395
20.347721,63,371.145239
-5.251953,18,371.189428
8.914915,22,371.24167
-15.876813,15,371.902379
12.314283,19,371.942325
-15.735415,23,371.987305
-6.073611,26,372.04274
-1.697468,22,372.084645
2.78562,9,372.102004
-27.561693,16,372.132033
-1.828957,34,372.197648
11.593417,20,372.236173
-22.229331,30,372.299601
3.868844,18,372.336749
-71.529066,119,372.567071
-16.580355,24,372.612982
-48.226216,39,372.688191
-14.945976,22,372.731775
-18.539812,15,372.76125
-17.478102,18,372.797682
13.53302,16,372.833919
5.259956,8,372.851008
1.89318,8,372.866498
-11.945077,16,372.89877
31.343226,44,372.988239
-21.01263,54,373.103884
-20.93355,37,373.183481
-6.567925,16,373.218558
-21.53439,25,373.272815
-1.776696,7,373.288123
-23.727611,41,373.375623
11.536678,27,373.433592
-0.702169,27,373.491708
-13.881251,34,373.563547
-6.115715,10,373.584904
-0.701121,7,373.600084
-25.260115,43,373.691821
3.69728,17,373.728759
12.346182,25,375.048483
3.11102,19,375.08989
-49.939992,63,375.224628
38.419487,30,375.917088
3.873049,11,375.944352
4.805882,15,375.98109
-27.437823,32,376.058508
-1.098863,36,376.147029
-86.220755,77,376.333465
-1.099224,16,376.372679
-63.442757,34,376.45614
29.968331,64,376.600124
-18.373626,22,376.641921
-71.523631,78,376.791214
-0.68311,40,376.868295
-55.104479,55,376.973998
-12.679011,17,377.006873
-0.78515,18,377.041651
-52.922837,54,377.145314
-31.355623,46,377.232559
2.109121,9,377.250149
-9.888159,46,377.337988
-3.989336,19,377.374082
-27.544014,18,377.408029
-3.656535,15,377.436613
31.151126,49,377.530187
0.161766,13,377.555414
-9.282097,25,377.603675
0.594111,27,377.655195
-31.555077,78,377.813867
1.045717,21,377.853608
-2.423026,14,377.880563
-23.705326,44,377.964196
-62.103824,82,378.755797
-14.521518,17,378.799266
-18.280452,18,378.844788
-11.515153,22,378.900973
-8.611456,14,378.936714
-13.214403,22,378.992326
-9.942345,11,379.020622
-32.634242,40,379.119411
-37.939816,42,379.202907
15.513558,28,379.262676
-34.962479,39,379.340427
-38.496645,65,379.477242
-32.116651,41,379.559092
-10.224606,16,379.590437
-15.791228,11,379.613872
-23.702297,19,379.652442
-6.366936,26,379.704337
-6.012936,12,379.727678
-2.457144,20,379.767404
-5.453911,34,379.838663
-54.954991,65,379.969265
-5.011952,10,379.989053
-6.663887,11,380.010801
3.271282,21,380.053213
15.776842,28,380.10937
-19.800837,28,380.173163
-19.955406,46,380.274521
-1.903894,9,380.29212
-11.791276,14,380.319427
-19.771504,38,380.397944
-10.353394,23,380.442056
-39.945447,37,380.514384
-12.474245,26,380.56608
-14.692596,19,380.603984
-11.276128,10,380.627465
-19.279719,15,380.661308
-11.06704,14,380.692174
-0.0475,29,380.753514
-9.919633,16,380.784839
-5.507039,14,381.480515
0.495502,13,381.513481
-12.79509,11,381.541512
-1.227809,16,381.58234
-15.57943,28,381.654024
-105.072084,88,381.864337
9.488733,17,381.897738
-38.118055,49,381.994729
-76.011936,42,382.07637
-8.043728,17,382.109218
13.610797,15,382.138312
-9.705712,13,382.165286
1.462613,12,382.191309
24.786462,24,383.490791
-43.298586,59,383.616728
-25.874969,22,383.664055
-5.191914,8,383.681413
6.210414,17,383.717809
-0.044224,65,383.855627
-0.77993,11,383.877766
-4.986647,8,383.893486
-80.571116,53,383.997935
-33.023736,21,384.03985
-24.206728,45,384.131767
-12.815903,22,384.176518
-13.86658,20,384.214389
7.906903,19,384.250834
9.579849,40,384.328509
-8.795504,9,384.346013
-1.689892,12,384.370171
-7.686836,9,384.38758
-35.349217,37,384.460937
2.908106,17,384.495872
-3.055047,17,384.530082
-102.413251,88,384.703121
-26.504955,29,384.760746
-15.020894,11,384.78264
-31.453344,67,385.525167
-2.946217,19,385.561239
9.398894,16,385.591926
9.640971,18,385.637119
-4.403144,27,385.707414
0.542639,56,385.851801
4.576271,24,385.913442
8.35075,10,385.938754
-18.052508,42,386.041962
-17.274195,26,386.09171
-30.239807,21,386.1316
-7.473976,13,386.158131
-7.111203,19,386.197294
-17.494626,37,386.270138
-2.371167,10,386.292639
-2.345734,19,386.332072
-4.611308,14,386.358403
-14.676026,40,386.438152
-27.720534,81,386.594833
3.465541,22,386.637187
-53.92698,50,386.733203
13.188431,33,386.79621
0.698209,8,386.811507
-10.556962,11,386.832477
33.046546,42,386.911315
-39.404896,29,386.966287
-52.335857,47,387.056095
-18.743616,19,387.091626
1.17297,10,387.110587
-791.099541,1000,389.834105
9.884688,20,389.875245
-10.210076,11,390.222316
-19.948068,21,390.266169
13.494794,19,390.306396
-2.4191,13,390.334174
0.883547,8,390.351116
-1.299852,32,390.419058
-6.047103,12,390.445053
-8.502696,49,390.548737
15.953861,45,390.644205
-71.599269,68,391.392374
-8.072764,11,391.416301
-18.600945,12,391.442318
-64.527198,60,391.571376
-32.958724,26,391.626928
-28.902432,23,391.676356
-1.757749,9,391.695681
-16.869273,16,391.730445
-6.822705,10,391.752014
22.088526,26,391.807777
-82.611255,59,391.935599
-29.00663,35,392.010534
21.532749,20,392.053701
-14.38518,18,392.092192
-10.909859,18,392.130459
0.806778,15,392.162652
-0.655541,12,392.18855
-10.264385,18,392.227161
-10.984652,22,392.275398
-6.949351,8,392.292616
-24.362195,38,392.374803
-4.374561,24,392.426342
-36.567231,58,392.551044
-3.738814,26,392.606719
7.729112,35,392.682516
3.483041,28,392.742929
-18.137457,13,392.771069
-10.629885,22,392.817674
-23.465961,52,392.929923
-0.943795,8,392.94734
-4.636461,23,392.996648
-19.193499,38,393.078356
-15.846911,12,393.10443
-61.781238,25,393.159918
-7.456767,16,393.195197
-2.599824,8,393.212665
-42.480094,39,393.298874
-40.094468,34,393.37429
5.761273,26,393.431638
0.446086,35,393.509051
4.317752,22,394.180686
-5.074222,36,394.257576
-38.434574,35,394.332123
-32.198474,39,394.414289
-7.13541,24,394.46572
47.880627,73,394.620729
-9.400128,7,394.635528
-16.994474,46,394.733463
7.191471,44,394.826463
5.25158,20,394.867522
-2.371533,23,394.915123
-21.378959,35,394.992882
-19.444428,49,395.098412
0.613756,12,395.121686
-26.041044,22,395.165272
9.299977,22,395.209778
-15.770938,10,395.230133
-6.124565,37,395.307062
-11.097146,16,395.340499
-5.050232,15,395.370778
12.477405,59,395.491635
-4.30339,17,395.526204
30.771476,31,395.593254
-8.86064,10,395.614303
-13.689233,13,395.647101
10.48027,33,395.729742
0.577793,18,395.775018
0.951361,9,395.797765
-3.21235,35,395.885627
-12.981316,22,395.941627
6.111516,10,395.967225
-7.742661,11,395.995426
-12.589147,22,396.050969
-8.493702,9,396.072832
-7.081741,22,396.114756
-25.380733,40,396.191302
7.581158,11,396.212253
-10.943369,11,396.233004
-36.494701,31,396.292343
-10.442475,36,396.972351
-14.334256,47,397.061853
6.823771,25,397.109332
-17.756039,15,397.140086
-20.25053,12,397.162723
20.538359,17,397.194905
-9.763805,30,397.251613
-22.440838,79,397.689067
-36.905215,30,397.747624
-59.361403,88,397.915795
-17.689159,23,397.960938
-113.388832,108,398.170439
-47.581238,64,398.326058
-12.640639,57,398.469644
-36.043174,20,398.520212
-25.851244,58,398.666406
-4.625729,31,398.729542
-32.149937,23,398.774384
5.799969,8,398.79002
-802.797147,1000,401.459545
-11.259471,16,401.493721
1.499656,28,401.553538
9.732466,15,401.586012
-45.908103,61,401.715564
-7.391171,19,401.756738
-9.483488,17,401.793029
-3.51633,6,401.806051
0.393234,8,401.823088
-82.623365,82,401.998377
-7.757245,11,402.021718
16.447499,20,402.064757
-147.648463,147,402.980412
-6.324432,12,403.006997
2.390402,10,403.028904
-36.172264,36,403.106315
-20.729549,19,403.146158
-20.658938,17,403.182335
-12.392579,10,403.204407
-20.405444,18,403.243567
-5.099186,12,403.269393
-9.93395,28,403.329365
7.130953,18,403.368122
-4.033047,10,403.389464
-13.947861,19,403.430494
-68.030735,49,403.53632
-10.7491,8,403.553783
19.887572,27,403.611458
-54.487396,56,403.731469
-0.588257,17,403.767614
32.459079,23,403.817232
-3.571599,39,403.900519
-61.24968,73,404.056338
-7.005597,23,404.104986
-2.773368,13,404.132695
4.573794,13,404.534316
4.621574,17,404.570448
-40.77616,70,404.718549
0.550455,12,404.743637
-15.581077,74,404.902028
-3.558561,73,405.057105
10.005793,15,405.089276
-34.413113,53,405.200802
2.385375,11,405.223706
26.668031,38,405.922556
3.530246,25,405.969432
-10.94081,26,406.017973
-90.943328,58,406.128391
14.037915,18,406.162203
-13.056657,21,406.201912
-2.850429,6,406.213285
-8.2404,29,406.268134
8.348595,29,406.323245
21.825959,21,406.363766
-5.689292,12,406.386635
-16.213778,27,406.44007
-14.018246,24,406.48658
-779.663407,1000,409.19506
44.630425,56,409.302937
-781.329381,989,412.215963
-2.637796,60,412.344012
-10.184772,9,412.36369
0.349024,24,412.415205
-12.834417,25,412.469375
-19.708742,47,412.570729
13.586477,29,412.633123
-17.690882,32,412.7013
2.369863,14,412.731611
-2.513985,37,412.810888
-11.313169,12,412.836378
-17.812751,23,412.88568
-1.056839,21,412.931064
-32.936175,35,413.006398
-2.159586,38,413.087953
-7.282991,8,413.104838
-0.293194,24,413.156703
-11.922032,11,413.1802
12.388324,59,413.301414
-1.545791,6,413.312863
4.497703,15,413.34167
-8.419465,15,413.370281
-15.508003,16,413.400416
-14.34111,22,413.442233
2.639745,8,413.457803
1.383858,10,413.477151
0.099451,7,413.490391
18.654898,24,413.538574
-15.160425,50,413.635192
-11.173283,44,414.335613
-33.830786,16,414.376751
0.039406,11,414.404797
-3.575581,11,414.432631
20.772407,28,414.503724
-13.513376,57,414.647861
-18.034124,35,414.736565
-21.34082,13,414.770068
13.7012,23,414.817682
-0.484791,17,414.850373
-2.77804,10,414.869862
16.167829,82,415.030821
1.168391,7,415.044554
18.72562,27,415.096726
1.225857,14,415.123848
-0.757417,53,415.228461
-13.726773,28,415.281774
-20.754751,27,415.333527
3.30078,25,415.382075
0.56603,13,415.40699
-22.555062,15,415.435816
-9.336955,17,415.470269
9.052787,22,415.512582
-25.159451,24,415.559722
-26.532077,34,415.624506
-59.644156,62,415.743192
-26.707014,28,415.796917
-6.251346,25,415.844982
-87.663184,54,415.949664
-5.132904,31,416.009165
-51.651907,39,416.083115
-57.188807,36,416.153052
13.055861,20,416.194252
-27.822958,23,416.240191
-884.522327,1000,419.137837
-18.085684,18,419.174189
-7.793264,17,419.207596
-0.502389,13,419.233147
-33.63139,94,419.953088
-26.525332,30,420.017627
-19.474587,68,420.162948
-33.676006,38,420.245225
-17.836606,34,420.317315
-29.408894,32,420.385608
5.490813,22,420.433078
-46.047939,40,420.518607
-15.713172,16,420.552214
-27.275998,22,420.59975
6.918333,26,420.656176
-3.852859,20,420.698806
6.240688,14,420.728287
10.785614,26,420.783882
-8.646417,14,420.813433
-41.544089,91,421.008996
-6.694782,23,421.058426
-21.938945,23,421.108491
-16.354504,20,421.151247
-2.672218,16,421.185332
-5.166951,10,421.20646
-27.923529,69,421.35381
-2.87642,37,421.432868
-10.025654,17,421.469157
3.069008,25,421.52283
-23.748804,26,421.578301
6.682747,27,421.635859
-8.445226,15,421.667795
8.75234,29,421.730386
-13.238937,23,421.780197
-36.699415,37,421.861184
-4.095762,21,421.906452
-1.948266,15,421.938975
-9.795327,24,421.991088
-6.485772,20,422.034774
0.236095,18,422.074145
6.971984,18,422.625413
-2.104356,14,422.655538
-2.70823,10,422.677019
-6.248306,11,422.700495
10.067376,35,422.774991
9.849875,25,422.823621
-0.53082,13,422.852381
22.405285,42,422.957348
7.247622,18,423.002314
-1.909308,18,423.047469
-30.759514,20,423.095638
-32.978329,62,423.245533
5.347271,13,423.276734
-2.1613,16,423.315028
-18.797277,77,423.47313
-21.751446,22,423.515671
-19.025649,22,423.558351
2.905232,26,423.608901
-9.767166,9,423.628782
-15.485551,11,423.653192
-22.457211,30,423.713133
16.959941,39,423.793376
-67.404802,47,423.889326
-7.729099,61,424.014397
-14.032663,12,424.038092
0.584451,15,424.066798
8.601177,20,424.104655
4.34602,16,424.136106
-23.392431,33,424.201291
-27.48378,26,424.252027
5.956,36,424.324906
-2.025184,34,424.390869
-3.560846,24,424.438263
-27.570816,28,424.492561
-9.696779,15,424.521418
20.31627,22,424.566683
-16.682678,47,424.656951
-29.226154,73,425.522031
-4.39127,24,425.580657
27.797045,40,425.676432
-13.69435,32,425.753196
-9.819042,13,425.783818
-85.253171,47,425.897244
-0.542172,12,425.926694
66.395272,47,426.040066
11.739612,21,426.091684
-10.674258,19,426.137365
-10.869896,12,426.160507
-4.825223,24,426.206282
27.971247,18,426.240671
10.122592,23,426.284397
-7.823314,19,426.321013
-808.861146,1000,428.842937
-1.933054,7,428.856292
1.500583,14,428.882861
-26.396839,25,428.931389
-14.008772,11,428.952274
8.640547,51,429.056876
0.471737,22,429.100495
-9.612314,37,429.173318
-1.357949,8,429.188853
-5.448591,30,429.245861
7.838927,19,429.285155
-7.4612,19,429.325524
-0.303854,8,429.34146
6.932924,25,429.389129
-13.854758,15,429.418128
10.394989,16,429.448918
0.463116,14,429.475671
-2.52917,19,429.512119
-7.29618,30,429.569571
-0.871742,7,429.583142
8.034582,18,429.617652
17.59715,32,429.684819
-4.036292,20,429.728643
-53.097099,62,429.86198
22.257754,39,429.945997
-1.963457,9,429.965627
8.043413,43,430.058356
-4.744317,8,430.075512
-0.254743,19,430.116207
-13.93709,20,430.159451
-23.430226,61,430.793804
-38.918173,30,430.857997
-3.976964,99,431.071709
34.677087,25,431.125482
-19.265389,11,431.149003
-8.227572,32,431.217829
2.972732,16,431.252764
-25.45383,43,431.34467
-4.909989,18,431.38335
-9.829882,18,431.422639
-64.13179,73,431.578138
-0.697591,47,431.877538
5.714516,7,431.892497
-22.943598,33,431.962664
-50.785327,95,432.166673
-7.054791,32,432.23521
20.221677,23,432.283995
-3.878964,11,432.307184
-0.609141,13,432.334807
0.436654,38,432.415456
-7.114793,9,432.434902
-0.915926,20,432.477978
6.460587,23,432.526105
-20.777443,59,432.64148
7.026035,16,432.67285
-5.577285,20,432.712232
-30.051183,47,432.805829
-21.514247,54,432.912922
-8.958928,20,432.95189
-3.221229,27,433.008617
3.963759,9,433.025709
-1.398788,34,433.540325
-229.464942,360,434.360849
-8.749117,15,434.389832
-2.973116,9,434.407168
-12.64346,17,434.439243
-12.196967,24,434.48503
-41.123246,41,434.564314
12.842519,37,434.635645
3.818113,46,434.726881
-15.538225,9,434.745114
21.950563,44,434.829585
-1.684893,13,434.855321
-8.688808,40,434.935649
26.338959,21,434.981546
6.838589,16,435.016269
-15.541861,14,435.043737
4.251686,23,435.089262
38.024777,47,435.182084
-5.610664,53,435.286378
-0.040603,21,435.330787
22.370534,25,435.386748
-35.903513,42,435.473353
-8.354964,12,435.500018
7.166981,29,435.558106
1.324308,25,435.613699
2.928318,42,436.141237
1.750006,20,436.181024
-57.259326,42,436.261829
-17.180898,31,436.328805
-4.116643,9,436.346372
-11.087165,12,436.369634
-9.800511,10,436.390126
7.587757,77,436.560571
-9.846571,16,436.600583
23.600475,66,436.766302
-40.725492,59,436.913477
-13.972653,51,437.017147
0.124184,34,437.081237
3.596362,32,437.14323
-13.626754,9,437.160285
-16.283473,16,437.190821
3.196063,20,437.229055
0.349082,31,437.288124
-35.656446,31,437.350233
-19.814759,19,437.387133
20.641494,27,437.439133
-5.558719,19,437.475581
2.059888,12,437.498421
-11.627757,43,437.580617
-19.209799,45,437.67348
7.246195,17,437.707056
0.100142,8,437.722256
-56.681363,48,437.815361
-29.48232,21,437.856826
-1.172606,39,438.160424
-11.586371,9,438.178323
-1.528789,11,438.199123
-6.385748,32,438.262475
-127.262932,84,438.444144
-19.588272,15,438.939798
17.419065,16,438.97422
-13.582205,34,439.046914
4.65323,47,439.154392
-1.821606,24,439.206454
-2.60527,11,439.230438
-30.145063,69,439.379135
12.342817,14,439.408936
4.667703,10,439.430772
3.779651,39,439.515037
-4.306848,9,439.534534
0.648396,25,439.588221
-10.224002,10,439.609349
-9.412575,31,439.677367
16.770327,14,439.708012
5.196609,10,439.729648
13.145806,16,439.763957
6.624731,17,439.800519
8.112975,18,439.839038
-33.150331,24,439.890774
-13.48669,53,440.005407
-6.95906,17,440.042073
3.069565,14,440.072284
-13.826536,26,440.127839
16.205453,34,440.200799
1.627203,9,440.22007
3.473932,14,440.250041
-7.166986,11,440.273875
18.633168,30,440.335503
10.83435,20,440.374358
7.068354,8,440.389907
2.021817,10,440.409958
-7.367346,17,440.443076
1.850596,11,440.465156
-714.674053,1000,442.981656
-58.132385,63,443.104861
-24.38133,19,443.141778
-0.632873,21,443.181891
-8.508473,18,443.224127
14.817756,17,443.267882
-3.740286,16,443.308701
-13.929374,9,443.33186
-9.822666,15,443.370003
-1.35331,19,443.418777
-13.311575,32,443.500002
-5.748759,47,443.621117
-9.86359,11,443.649463
15.904066,36,444.264598
-25.912942,25,444.313045
-18.315376,73,444.465429
14.342001,24,444.511961
-29.04926,28,444.566005
-9.223327,18,444.60079
-49.64542,122,444.838765
-20.796722,16,444.870326
-0.553341,15,445.169944
-15.822787,16,445.200434
-6.316786,12,445.224147
-810.61991,1000,447.852319
-5.83047,16,447.887495
12.243881,26,447.943992
2.027652,39,448.027949
-52.926695,34,448.101327
-2.217654,6,448.114214
31.392022,50,448.221781
-3.607235,10,448.243591
-92.073431,101,448.454778
30.404593,36,448.524902
-3.053162,34,448.597387
10.075993,15,448.626861
-1.242271,7,448.639993
-5.130693,21,448.681123
-3.283969,7,448.695036
28.969244,43,448.782293
14.529388,18,448.817554
-51.332769,48,448.923369
-9.443724,15,448.956522
-0.796381,11,448.978909
-9.852528,37,449.052426
-28.968665,32,449.117409
6.621411,30,449.185418
18.389883,25,449.246675
9.498114,19,449.291808
-18.431158,14,449.319104
2.294398,19,449.810707
2.093269,10,449.829691
0.055979,21,449.871158
21.201506,28,449.932841
-27.286633,43,450.027987
2.247569,10,450.052805
-1.434364,20,450.102785
6.093003,21,450.155324
-7.670982,21,450.207592
-1.396072,8,450.227557
13.652954,26,450.291966
3.595191,14,450.327
-62.094737,69,450.48619
-19.64496,48,450.582941
6.817498,18,450.619464
26.157411,27,450.676838
-9.822537,33,450.747822
15.445023,18,450.782934
-684.626801,1000,454.384136
6.836805,9,454.401484
-83.10129,111,454.627002
-17.165119,21,454.670787
10.581301,32,454.7341
-4.535133,24,454.785218
8.668371,33,454.855583
22.350133,52,454.966959
-14.588185,12,454.992292
-14.378338,11,455.015476
-14.380119,29,455.077585
-1.878307,9,455.097068
-11.27701,14,455.126976
5.735458,15,455.158866
-4.474495,8,455.176085
-4.649264,8,455.192964
-2.187923,9,455.212131
-6.316304,16,455.245934
-6.534683,18,455.284653
6.645391,17,455.321948
6.799639,20,455.365619
7.428422,12,455.391938
5.677727,22,455.440416
-8.330605,18,455.480405
3.267875,21,455.527186
4.80512,9,455.547322
-1.309015,32,455.617749
11.416942,18,456.162471
-1.667048,16,456.196668
-15.354838,42,456.285956
4.065755,16,456.319923
12.652472,33,456.38983
-29.357505,29,456.451561
-33.651744,44,456.54447
10.950774,18,456.583079
9.966175,18,456.621187
-8.730646,22,456.668602
6.964987,74,456.826777
-14.022905,24,456.878646
-15.072677,15,456.91125
2.835509,11,456.934881
-12.675,61,457.065059
-2.566921,19,457.106264
5.572888,33,457.176792
-5.63691,11,457.200809
0.863924,48,457.29867
0.669287,42,457.379952
-14.416063,13,457.405015
-20.069168,24,457.450624
-24.554386,35,457.518811
-2.727276,15,457.547612
-4.439074,22,457.589543
-13.492863,16,457.6203
-3.634266,12,457.642909
1.372366,20,457.682913
-6.623585,12,457.707133
-3.423513,15,457.735949
-6.267129,11,457.75691
29.650199,18,457.791369
-8.066371,14,457.82113
3.933193,17,457.863336
-41.517083,51,457.986056
-19.702129,21,458.036187
18.943245,16,458.075091
-20.210063,30,458.147053
2.988024,11,458.173245
1.320937,12,458.202801
-4.68123,9,458.224692
1.125466,19,458.27034
4.020308,24,458.328784
-12.685871,20,458.829525
-8.974693,21,458.8698
-15.135043,11,458.892022
2.142498,16,458.924763
3.336254,8,458.942511
-3.186109,24,458.995634
-731.787873,1000,461.712312
-8.264866,10,461.731533
-6.851633,13,461.756379
-9.615943,10,461.775214
-6.554178,16,461.805266
16.735206,45,461.894278
-6.763737,43,461.97935
0.553786,10,462.001619
-29.59949,39,462.07836
-20.955945,43,462.162527
12.547866,19,462.198464
-4.664655,9,462.215535
-16.720968,51,462.311305
-1.101886,29,462.368362
-15.835998,13,462.39428
5.894908,60,462.512105
-5.920475,14,462.539009
20.254667,37,462.611453
1.7811,26,462.664561
-5.934504,14,462.695377
-11.214135,12,462.71934
-8.719046,15,462.748406
-13.385384,51,462.846993
-7.935837,13,462.872363
15.335957,43,462.958474
-48.981695,44,463.041996
-28.571539,58,463.15272
-52.423353,36,463.221178
-12.560611,11,463.241813
-4.972067,18,463.278813
-20.156299,20,463.335071
-728.944588,1000,467.257915
7.325171,18,467.296924
1.788483,14,467.326876
-81.068433,87,467.496522
7.228245,13,467.521858
-45.0343,45,468.068978
-0.733311,25,468.124479
1.550666,35,468.193292
-0.313202,11,468.214277
-1.70576,50,468.309776
-29.110515,24,468.355924
-2.545193,12,468.379026
-9.951713,12,468.402046
-28.631011,61,468.518868
-24.991869,75,468.66735
2.267917,13,468.69222
-21.090922,89,468.874706
-21.002706,32,468.939751
-2.136418,28,468.99992
-7.324051,20,469.044288
-0.784921,9,469.061882
-33.702292,20,469.101107
21.95607,39,469.189432
-12.587895,14,469.222716
-5.500042,49,469.340261
-7.196124,14,469.374428
25.875882,44,469.479646
-11.599346,15,469.515665
9.782214,20,469.562789
-12.896748,19,469.60805
-9.570543,17,469.648821
-4.206713,19,469.693606
-2.655139,10,469.717279
12.666264,18,469.759084
-13.432522,68,469.888869
-4.000681,23,469.933185
1.057643,16,469.965688
10.688247,19,470.004514
-9.494152,11,470.025608
-4.530355,10,470.045078
7.273456,18,470.080579
13.144411,17,470.114394
-47.622344,36,470.630353
6.571249,20,470.668224
2.968789,33,470.733698
11.870115,38,470.810058
5.716584,37,470.881932
-1.53346,49,470.979303
-3.880729,38,471.053494
-255.131605,386,471.81388
6.041961,20,471.854409
9.026833,20,471.896933
1.608791,10,471.922468
-11.061885,17,471.964968
13.062534,34,472.049804
-30.753139,28,472.119829
4.729683,19,472.167734
0.535892,7,472.18526
-1.421453,19,472.232734
11.473409,23,472.290818
-7.932719,14,472.325917
-20.04323,30,472.394403
-18.636275,26,472.444227
-1.535181,24,472.490445
-4.783507,18,472.52466
18.629685,23,472.568744
-2.855873,14,472.595343
5.008379,13,472.620117
-16.170709,22,472.662549
-12.977753,13,472.687924
-3.634243,24,473.180983
9.118083,33,473.245847
7.476345,24,473.298732
4.161218,18,473.555482
-10.933773,42,473.635856
-7.916731,15,473.665193
6.441031,9,473.682487
-27.660447,62,473.814207
6.399906,21,473.85895
-49.809982,29,473.921198
2.505968,25,473.973901
51.031381,35,474.047818
1.586147,7,474.062847
60.557007,53,474.17622
37.179623,28,474.235333
-60.993129,49,474.339786
8.669652,20,474.382258
4.986456,16,474.416282
-1.589726,31,474.48181
-6.168454,27,474.539542
-696.041176,1000,477.207274
-1.063165,10,477.228798
-647.916724,1000,479.898835
-10.547897,11,479.921749
-11.520072,26,480.296259
-19.081802,30,480.354347
-22.671918,54,480.460032
-23.851416,18,480.495347
-20.772373,37,480.567772
-6.265977,31,480.627182
-294.606136,428,482.047753
29.565637,29,482.109374
-14.192302,22,482.15118
-22.288118,29,482.206656
-0.980394,16,482.237223
-8.737114,18,482.272991
3.263881,8,482.289103
-0.455948,12,482.311776
5.821242,14,482.339407
35.0064,31,482.399043
1.229028,9,482.417928
-16.849525,13,482.446562
-4.267681,17,482.483962
-19.306006,19,482.525314
-2.311042,7,482.539814
-5.376636,20,482.57915
-1.663924,7,482.594638
2.143558,76,482.759721
-11.777406,13,482.78474
-1.00405,48,482.88038
-2.247966,17,482.913149
28.357357,18,482.949602
-9.68079,16,482.981132
-10.299838,15,483.011071
-7.86693,10,483.031409
55.336811,56,483.137797
21.248229,22,483.178917
-16.204312,23,483.223871
1.212065,24,483.269496
-14.876959,16,483.300024
-2.796276,25,483.349156
-7.071401,46,483.436252
6.607355,27,483.502882
-2.490771,11,483.530206
-65.113954,57,483.671744
29.137227,36,483.761446
15.451416,16,483.801347
2.756131,19,483.848404
17.719737,26,483.912533
-10.603677,16,483.947535
-21.326064,20,484.494793
-18.956679,26,484.550936
-4.154941,32,484.619238
-53.459809,112,484.858762
14.003712,40,484.944752
0.974455,17,484.981714
-30.570329,46,485.081608
-8.277368,50,485.189091
-5.271053,54,485.304733
-6.821244,22,485.35226
-12.182028,22,485.399682
6.268103,72,485.554657
-16.68327,20,485.597417
-4.740746,27,485.655479
-571.56001,1000,488.506213
1.073436,8,488.521355
10.137013,16,488.552649
0.35427,8,488.568218
1.776299,26,488.61863
2.908004,23,488.66542
-20.142072,24,488.718314
-4.903182,12,488.745334
-95.553136,103,488.958713
-12.769207,19,488.99454
44.986378,62,489.114097
33.045843,23,489.158257
-13.698295,38,489.230363
8.631267,86,489.422192
-11.755248,32,489.496381
-11.146897,26,490.213857
30.783058,43,490.320783
55.213003,41,490.422894
0.597242,7,490.440461
6.790232,28,490.501457
18.989908,32,490.564341
8.60474,31,490.624596
16.53279,12,490.648884
11.673066,26,490.70037
-9.167461,10,490.719457
-4.494326,33,490.78501
-10.893786,27,490.838199
-21.554012,13,490.862952
5.959816,12,490.886542
3.384907,24,490.936585
-9.998248,25,490.984576
-10.184109,51,491.087673
17.383932,16,491.118616
11.773395,29,491.173794
-13.627461,9,491.191087
0.51031,16,491.221551
-10.347089,35,491.289571
4.865378,21,491.330365
10.556324,17,491.362859
-11.494505,19,491.398592
5.894755,12,491.421621
11.999253,53,491.524644
14.233504,28,491.580055
1.847794,41,491.660039
-15.007442,16,491.690972
19.850747,38,491.765415
-14.002126,16,491.796819
4.571602,10,491.815658
-12.036561,26,491.865463
-9.435573,11,491.886625
3.419594,31,491.953059
0.414642,12,491.979706
-2.73929,14,492.010681
16.338264,13,492.038425
3.260246,9,492.05552
0.449493,25,492.10298
7.631523,21,492.143527
6.074149,17,492.176236
-5.981028,37,492.248051
3.071109,9,492.935656
-3.020155,13,492.967337
-8.831165,60,493.111244
10.555542,15,493.147589
-2.781917,15,493.183326
9.603378,37,493.262816
-32.296874,42,493.34369
28.592993,24,493.389493
-3.593688,25,493.437321
-16.151569,43,493.521782
34.306943,52,493.630989
-1.174928,9,493.648288
6.369473,25,493.696061
12.976859,34,493.766777
4.059216,26,494.109693
-7.517213,26,494.167648
11.696047,23,494.212855
-15.320815,31,494.275398
7.711076,21,494.320482
-19.174971,23,494.36998
-11.386645,13,494.398041
-2.084309,18,494.436006
-9.083863,16,494.470331
-12.431952,16,494.504802
4.006427,8,494.522235
-5.556171,14,494.552824
-0.158603,24,494.605121
41.422813,45,494.701479
-29.680644,32,494.770721
10.885855,27,494.828837
-3.081098,10,494.850311
2.165643,13,494.878142
1.839045,31,494.945023
-30.062948,30,495.010266
0.278845,21,495.055517
6.068577,13,495.083706
-33.519554,42,495.176603
8.087887,14,495.206834
-11.487394,11,495.23106
-17.182915,18,495.270922
-10.04477,54,495.391076
40.101334,48,496.104666
-18.669332,25,496.158339
19.963939,39,496.243813
33.078001,51,496.351653
-13.177583,10,496.373308
-33.571225,52,496.483832
2.948317,62,496.61594
21.161259,17,496.651652
19.303236,19,496.691395
1.33706,22,496.737665
-48.437992,32,496.806763
9.946408,52,496.916488
-14.263406,25,496.969053
-12.140531,32,497.037188
7.754034,20,497.079351
1.550502,9,497.098163
-9.345903,17,497.134152
2.182977,19,497.174997
14.503793,32,497.242433
-15.749135,30,497.306212
34.107201,18,497.344307
-0.959369,8,497.361458
13.739889,70,497.510806
-25.614782,17,497.547067
24.136112,42,497.6372
4.962542,44,497.731334
7.695197,17,497.767763
3.985798,19,497.808927
16.640223,25,497.862391
6.043508,25,497.917287
0.785076,24,497.970244
-9.637766,9,497.990407
4.435874,13,498.018807
-35.398143,30,498.085536
-13.661463,11,498.11038
-8.664933,22,498.158631
-76.654694,52,498.886219
31.763452,48,498.988016
-0.1868,11,499.011483
12.569044,20,499.054058
26.662963,26,499.121596
40.441634,24,499.172795
-5.905648,21,499.219307
-7.163162,12,499.244712
-1.713632,11,499.268312
-29.532976,53,499.382103
18.911286,28,499.443042
1.082479,10,499.464341
0.841655,7,499.479542
-1.976869,23,499.528021
12.124332,36,499.604645
4.945448,11,499.627974
8.245925,36,499.704705
5.309196,16,499.738905
29.320585,33,499.807589
-655.350621,1000,502.901003
3.866555,22,502.943799
5.463122,60,503.059082
-31.611482,100,503.254258
-18.024535,31,503.313567
-29.371871,54,503.416264
6.964142,16,503.44706
13.861981,88,503.641156
-16.096056,29,503.70981
-3.94489,19,503.755982
9.512131,12,503.784609
3.000198,15,503.821154
31.80487,24,503.878953
2.559601,13,503.91046
-9.491558,48,504.025105
-9.118426,28,504.092746
-14.840673,38,504.78719
1.529224,8,504.802416
7.100267,9,504.819625
-1.631267,26,504.870077
-7.379343,10,504.889274
-31.801119,24,504.934784
2.852444,13,504.959822
-13.78896,45,505.052242
10.249364,16,505.08501
-11.261947,13,505.109549
-9.780875,26,505.160013
13.91082,22,505.202254
-1.093366,8,505.217452
36.954079,44,505.30841
-6.141977,38,505.381484
21.797259,46,505.474874
-10.605438,29,505.531314
16.63722,94,505.723027
6.343082,9,505.740739
2.668111,12,505.765426
5.954736,11,505.787207
-8.44365,29,505.843266
0.48717,9,505.860143
-7.878886,17,505.894678
-8.252826,23,505.943427
-2.920435,37,506.017194
-2.170991,12,506.043172
-3.408843,22,506.087631
-1.619184,12,506.110441
4.903727,16,506.141668
10.025877,19,506.183834
-9.631208,11,506.207796
21.301678,33,506.278448
3.671331,27,506.336133
-2.645859,12,506.361941
-12.565406,9,506.380941
-16.771566,22,506.427745
-0.175163,10,506.449086
4.675815,19,506.490237
-670.495225,945,509.281239
7.370718,17,509.314837
-11.940427,18,509.350424
-25.839576,21,509.391729
-598.016329,1000,511.911134
1.144119,55,512.018557
-3.156408,36,512.08928
8.347243,22,512.132116
-12.250891,54,512.247495
1.330645,14,512.275375
-14.840054,28,512.334882
-11.461167,13,512.948623
-0.903741,14,512.976143
34.138445,49,513.072067
-2.392815,12,513.096124
11.980668,26,513.147548
-2.072821,15,513.177729
-44.58457,78,513.336264
-28.394852,43,513.420345
-1.020166,21,513.463587
17.505582,22,513.507032
14.601405,13,513.532435
14.316918,23,513.581732
6.070676,7,513.599963
-5.873355,25,513.662432
-44.883846,45,513.774501
-51.342649,49,513.897728
16.519622,33,513.981071
-2.213673,13,514.013598
-7.883903,9,514.035177
-11.379995,11,514.059372
15.935635,38,514.136301
1.788594,12,514.15961
-8.499161,14,514.186684
-54.707644,76,514.338194
-3.980101,13,514.366867
-74.012004,74,515.003548
-5.62859,19,515.043989
-4.003481,10,515.065245
10.631935,25,515.118602
12.735966,25,515.171379
3.682621,23,515.219954
7.391928,15,515.251556
-10.709031,25,515.306333
-28.179352,68,515.45053
5.883032,15,515.482199
-27.884093,22,515.528501
4.335436,15,515.560801
-51.306402,102,516.281674
12.12305,53,516.395545
6.797277,16,516.429787
-3.038552,13,516.457377
-85.332895,81,516.629466
-562.980647,1000,519.239847
-533.250467,1000,521.989649
-14.671473,32,522.060914
3.552362,11,522.085676
-1.544895,16,522.117903
6.270346,21,522.15906
-15.926742,21,522.201499
-2.111719,13,522.230781
5.59841,35,522.308116
15.278818,19,522.350851
17.670902,35,522.425509
-90.293695,123,522.674619
-50.935868,32,522.739039
-17.731429,14,522.76707
-9.242715,11,522.788262
-35.674249,39,522.870936
-9.085858,17,522.904071
-29.954034,31,522.96455
19.944809,32,523.027075
3.016876,8,523.044632
-2.60787,27,523.097167
2.871023,16,523.130333
-3.882593,14,523.161157
-8.811422,13,523.186492
-4.106692,15,523.216585
-2.802039,46,523.310874
18.114536,21,523.357153
-43.021714,47,523.45133
-7.178314,34,523.517058
-1.276432,67,523.646716
-9.274161,18,523.685261
-14.930192,27,524.248249
-3.496556,25,524.301448
-0.778037,16,524.335714
-19.593709,19,524.376091
-17.263159,32,524.444404
13.516869,23,524.492787
-49.28531,59,524.618026
-12.493389,19,524.658634
4.629177,10,524.679866
37.835892,35,524.754497
-0.119045,25,524.807014
-4.724187,15,524.838908
-37.13527,34,524.91186
-4.50695,9,524.931184
-32.094572,47,525.031109
-19.033011,37,525.109393
-2.61381,11,525.132736
14.818232,39,525.215477
-23.20236,12,525.240731
-0.63698,40,525.325444
-42.107742,36,525.401705
-113.334998,187,525.798934
-14.189733,38,525.878951
20.981861,20,525.921308
36.129557,32,525.989353
-3.141274,11,526.012484
0.06577,13,526.039996
7.914896,31,526.107038
-10.134076,29,526.170614
8.611973,13,526.198919
26.1012,53,526.313962
-593.998283,1000,529.956803
15.600785,39,530.03361
12.239463,28,530.53659
0.845707,35,530.603873
-3.133146,28,530.659152
-15.851214,26,530.711749
-3.409938,48,530.817399
6.393153,29,530.883182
7.219016,30,530.957767
13.007324,18,531.002156
19.337633,41,531.103491
-2.136743,31,531.179631
-21.685367,55,531.317391
5.670147,17,531.354832
-21.250297,22,531.397825
8.473086,14,531.424803
15.118774,20,531.463485
10.609727,36,531.533596
22.894527,23,531.576784
-21.454509,73,531.721852
20.067502,33,531.783848
15.597023,25,531.832301
-0.81824,25,531.880045
-71.947229,71,532.01935
-8.592331,9,532.037002
16.635839,49,532.12998
23.429281,24,532.175016
2.87977,33,532.239543
11.233464,25,532.288335
18.899037,39,532.363844
-18.066697,30,532.421404
19.0537,34,532.489827
-2.167962,11,532.511533
-8.256652,43,532.599313
15.207365,19,533.107844
-25.885665,86,533.277573
17.034583,20,533.318452
7.028258,20,533.362654
44.108274,43,533.452977
9.12833,14,533.488424
-3.06243,49,533.611049
-15.447452,88,533.831432
-0.534146,6,533.846532
2.484598,85,534.030534
-3.258112,17,534.064575
50.189026,45,534.163045
4.481475,17,534.200864
-10.199499,35,534.272727
16.674084,18,534.309
1.497404,17,534.345286
12.091661,14,534.37637
38.96337,41,534.46125
-2.751859,25,534.514857
-8.034697,16,534.5491
26.998399,73,534.704237
-24.371262,66,534.843158
-11.576756,16,534.877233
8.843545,28,534.937432
-17.402138,21,534.982138
16.769301,30,535.045307
-6.282993,18,535.083795
-24.943549,71,535.235676
-39.578085,70,535.876139
2.835069,15,535.908519
5.62367,29,537.280736
5.201053,39,537.363776
-0.80748,7,537.378644
-6.2108,29,537.440417
-5.816835,19,537.480654
17.883888,16,537.515026
33.102666,44,537.608346
-9.841332,27,537.665959
29.393213,49,537.771016
11.627407,19,537.812248
-8.427771,30,537.876406
-507.035053,1000,540.608368
-1.967612,41,540.688552
17.065102,33,540.751409
-7.520308,22,540.79607
-0.740263,8,540.810883
-3.241601,40,540.889686
-446.930994,1000,543.552432
-14.571614,13,543.577397
2.042509,8,543.592546
53.829814,52,544.798545
-75.062484,80,544.95257
-8.840185,14,544.979088
-27.919167,39,545.055393
0.834709,8,545.070567
-2.294631,11,545.092533
-3.014104,28,545.147923
5.630302,38,545.230996
0.815364,23,545.281312
4.835079,26,545.336681
-405.244297,1000,548.044949
-2.26738,40,548.131161
-0.763519,50,548.23862
-0.243223,15,548.271818
20.017078,15,548.304345
0.919522,20,548.348547
12.487319,41,548.439793
-38.150753,39,548.52654
-449.018264,1000,553.198276
-0.312975,9,553.215636
2.498665,25,553.263687
-1.730179,15,553.292158
-9.231755,16,553.763918
5.823571,25,553.817081
12.948244,11,553.837769
-17.447643,40,553.916036
24.343736,30,553.976609
13.410091,39,554.063429
-36.052471,23,554.109775
-2.609283,13,554.135309
-30.336941,106,554.349377
-22.867339,40,554.427399
-50.923642,81,554.585838
-11.447738,26,554.636327
-13.346488,14,554.663606
0.358907,10,554.684019
-12.130324,57,554.806792
-3.062284,20,554.850721
-479.521344,1000,557.507979
-8.86262,11,557.531643
14.94044,27,557.588835
2.33806,126,557.854895
-474.059391,1000,562.018823
3.75269,11,562.041866
1.547506,16,562.072464
1.457576,8,562.087748
-5.530467,16,562.118796
-17.77983,17,562.153198
-45.993636,79,562.306732
-5.677111,26,562.356239
3.292369,61,562.475812
39.899724,35,562.577628
2.597569,13,562.614531
-2.336001,10,562.6428
-79.019979,100,563.360303
15.906382,61,563.478385
-13.900327,21,563.522357
33.885467,43,563.606041
23.57151,31,563.669553
5.547979,10,563.692617
0.775185,62,563.825675
2.600299,8,563.841815
-433.691883,1000,566.622898
12.58243,28,566.682981
27.030517,46,566.773225
3.354315,21,566.817029
-5.554969,39,566.897625
-5.45272,46,566.995581
4.234622,21,567.040069
-12.127799,32,567.108591
-9.836932,21,567.153954
0.887212,18,567.192397
17.469243,112,567.430078
-1.428111,24,567.48166
11.282975,22,567.528708
-2.09966,41,567.616606
31.059615,125,567.883591
4.717042,8,568.408744
7.989844,12,568.434618
11.160609,26,568.489612
2.97433,17,568.525936
11.438682,25,568.579089
-2.120653,18,568.617406
22.355215,26,568.672815
-17.607631,22,568.720596
-17.148729,48,569.335654
5.174009,11,569.35907
5.188579,14,569.389359
23.7057,36,569.466171
-36.340796,40,569.552396
2.848508,11,569.57624
1.538368,11,569.599789
4.135356,10,569.620967
-45.609626,60,569.749697
4.777508,39,569.833693
0.981392,29,569.895516
10.47789,49,570.000861
0.939259,35,570.075096
6.462737,21,570.121033
17.164684,20,570.163789
3.638296,15,570.19555
18.053606,25,570.248991
19.500203,16,570.282608
3.203027,10,570.304
20.715009,16,570.338129
-15.683999,30,570.401928
2.461494,47,570.501559
6.411329,15,570.533476
5.234129,44,570.626728
-3.789108,18,570.664783
2.34088,8,570.68181
21.948444,25,570.734354
-4.084211,10,570.755327
-23.013046,34,570.827238
-6.174946,10,570.848442
1.912388,31,570.913538
-14.135969,24,570.964607
5.436473,17,571.00083
0.727917,19,571.041264
4.790546,68,571.186754
-11.867017,25,571.239166
5.238712,7,571.254627
-1.994589,20,571.297756
-2.907919,36,571.377347
-10.305606,42,571.469834
-3.085784,25,572.030597
5.619503,11,572.054202
9.71426,19,572.094524
-14.801637,20,572.137687
34.550714,37,572.216293
-14.053556,51,572.324927
4.468759,58,572.449319
2.613518,8,572.466396
10.32449,30,572.530158
-51.208308,47,572.63094
10.668069,11,572.654177
4.798822,45,572.749751
-1.555379,14,572.779267
2.974368,10,572.800461
5.259275,24,572.851629
-17.630245,17,572.887508
-0.898023,23,572.931996
-16.870167,20,572.970245
9.33372,18,573.005505
-58.304896,89,573.18843
-6.26683,24,573.235918
15.563174,31,573.303523
12.289499,47,573.408273
12.648743,32,573.472163
13.373649,25,573.520718
-9.559664,34,573.587929
-11.98595,27,573.63981
-10.158081,21,573.681323
60.050238,53,573.786159
-2.680764,10,573.812297
-421.863703,1000,578.454224
-2.871688,16,578.485963
-0.956157,11,578.506625
15.47121,33,578.56896
14.446087,45,578.6556
41.670015,37,578.72672
-27.091819,39,578.802562
5.252742,22,579.4126
2.62397,23,579.471125
13.27645,47,579.589032
-20.303239,23,579.640127
12.962711,35,579.714571
-11.944821,16,579.748701
7.619374,16,579.782917
2.577408,7,579.797727
-11.030872,64,579.935519
4.493872,22,579.981936
39.214661,37,580.060562
-27.669315,37,580.139064
28.522801,21,580.183454
27.011957,21,580.228483
28.349319,57,580.348601
-413.215879,1000,583.005331
-7.601705,14,583.035653
4.837118,30,583.099904
-76.873627,89,583.288255
3.033693,16,583.322206
9.868713,24,583.37301
-23.001036,34,583.445352
10.911593,52,583.55573
5.988684,8,583.572573
1.582452,10,583.593452
32.200779,31,585.854442
-5.985736,53,585.963213
0.922019,19,586.003664
-424.274243,1000,588.718986
35.600737,34,588.783489
-7.441782,57,588.891779
14.80984,27,588.945577
4.478036,7,588.959337
11.086162,19,588.995497
-0.581307,27,589.048277
22.352105,26,589.099002
2.546615,11,589.120409
18.726229,19,589.158583
-0.722874,7,589.172017
13.640646,29,589.985078
2.159243,20,590.022865
25.103164,31,590.084417
18.414378,44,590.170593
-5.46216,15,590.199932
28.879567,35,590.273721
3.159992,8,590.291518
-2.714213,40,590.376115
16.57085,24,590.424113
-21.628298,36,590.493276
14.294416,26,590.54272
28.830679,19,590.579711
-3.326843,35,590.654272
24.38873,33,590.720976
-9.113827,31,590.784816
-0.366012,15,590.816741
-2.610404,11,590.840091
9.727312,50,590.944838
-331.809814,1000,595.24773
12.059349,22,595.30379
3.106768,26,595.369144
-22.336949,49,595.487892
-343.383106,1000,597.981576
-345.943551,1000,600.513883
-3.278038,17,600.550406
11.180279,16,600.584456
79.275904,99,603.452278
-6.742954,14,603.481457
28.498099,18,603.519755
-342.571042,1000,606.23974
4.807772,10,606.259144
37.619922,39,606.332758
29.494853,56,606.441859
33.128565,64,606.567233
6.034145,8,606.583319
-15.495161,28,606.642328
35.113855,19,606.678909
13.680679,21,606.718536
11.755915,16,606.750926
-10.55976,29,606.809319
-5.25455,19,606.848839
-21.239374,40,606.926436
31.045999,26,607.734649
23.610431,26,607.783024
3.856646,21,607.823597
31.96918,29,607.879492
9.726329,71,608.023368
-25.565245,34,608.088105
18.446812,27,608.140817
-1.08391,20,608.179913
13.475935,36,608.248335
4.385353,14,608.275409
-12.905465,19,608.312197
23.284777,66,608.439997
7.056607,11,608.460985
33.531721,40,608.536662
-12.016101,110,608.747921
-6.509187,72,608.887561
0.82461,15,608.917667
9.70063,14,608.944267
-9.419045,56,609.053113
-5.131501,20,609.091838
4.461056,27,609.144325
-0.036963,26,609.194853
45.299589,65,609.323262
-1.82393,12,609.347032
-2.24217,17,609.384104
5.410515,20,609.42864
9.445644,56,609.540457
-4.233732,9,609.558385
4.774762,7,609.57229
2.037993,9,609.589603
8.182801,16,609.623026
-2.361828,16,609.661307
-6.681532,20,609.705217
-51.899293,69,610.94052
6.459582,37,611.017683
-12.149216,38,611.093696
4.698719,11,611.118145
2.487003,48,611.220324
9.836312,26,611.27577
55.874643,68,611.420166
-30.537351,42,611.509834
-7.049797,17,611.546359
-1.982288,11,611.569558
-22.102928,24,611.620218
4.626579,16,611.654882
-4.015572,10,611.675936
-48.938671,110,611.909126
8.803016,13,611.93667
-27.545205,81,612.109717
5.034343,8,612.127027
-0.633446,40,612.212086
-1.784844,72,612.370068
15.879727,18,612.409781
19.035732,24,612.463097
-4.951964,15,612.49678
4.063768,29,612.560874
-0.22703,11,612.585139
-29.211491,53,612.702106
-1.075265,18,612.742576
5.983642,25,612.79819
-5.503135,32,612.869135
12.735722,27,612.929425
33.83107,97,613.749567
3.324767,11,613.772647
-13.116035,45,613.868455
-4.04001,14,613.898368
-32.21804,31,613.965063
24.268614,26,614.019793
10.96176,14,614.049699
5.273307,24,614.101542
13.620662,28,614.161288
14.148544,18,614.199498
14.541507,37,614.278093
24.329266,45,614.373386
-26.772719,38,614.453745
-2.726224,10,614.475149
-298.642634,1000,617.219346
11.073401,38,617.294075
18.332754,40,617.371375
6.545306,13,617.395986
61.564808,40,618.042511
-20.275338,40,618.119113
35.868661,50,618.213726
6.566491,19,618.250803
3.659794,74,618.395233
30.479148,126,618.719689
5.383875,39,618.812869
-5.438938,21,618.863152
-228.328789,1000,621.578101
15.498654,35,621.661399
1.29912,39,621.754506
0.578878,38,621.832774
25.795396,140,622.708672
-8.938573,40,622.784602
-20.489509,97,622.971108
5.392196,44,623.057878
6.980514,31,623.117681
18.185412,47,623.208702
16.684979,135,623.47648
36.2888,32,623.54402
10.603275,35,623.618679
21.524758,37,623.697061
6.124821,11,623.720303
20.441087,28,623.779258
-3.396112,56,623.898674
8.997195,21,623.94303
-1.459213,115,624.187786
0.181215,9,624.207288
1.556974,15,624.239464
8.687546,50,624.345617
28.177939,36,624.423027
11.964571,17,625.272497
-307.261387,1000,628.008391
-140.119147,1000,630.773428
9.160576,34,630.855714
-23.488177,39,630.949211
17.371579,17,630.990314
-2.844779,66,631.74059
13.949184,24,631.787715
6.403716,16,631.818939
-14.295671,20,631.85964
-3.028056,16,631.896002
0.4566,26,631.948817
6.364272,50,632.055878
-1.014045,18,632.095221
2.832294,10,632.11724
21.981641,36,632.196947
-230.858243,1000,636.17859
6.317111,10,636.202574
-7.276239,11,636.228022
-22.160488,97,636.459205
30.12372,26,636.521154
-4.715919,19,636.567482
2.44973,23,636.622213
4.190616,10,636.645696
0.708057,46,636.739114
37.129644,28,636.792447
-0.545721,27,636.843559
13.311358,30,636.900041
15.706403,25,636.947306
17.274637,19,636.983604
17.563935,52,637.081445
-52.257731,110,637.313249
14.513576,46,637.410928
3.783036,18,637.449063
0.570513,27,637.506146
63.946477,27,637.563517
-1.811302,32,637.631574
22.799906,27,637.688655
11.013534,29,637.749733
-43.496724,80,637.917791
0.157773,17,638.55081
13.520917,21,638.595343
63.933718,55,638.712644
93.39143,104,638.934206
-5.317311,47,639.034029
23.95178,23,639.083391
-1.040154,36,639.160892
-21.539894,23,639.209625
-5.452517,31,639.275842
7.447813,26,639.331111
-6.372273,25,639.383835
21.764709,62,639.517165
22.371452,21,639.562091
8.614199,18,639.600626
66.063345,57,639.722271
16.545271,45,639.817899
26.381144,54,639.933038
1.784484,63,640.067842
-4.580379,16,640.102677
10.293706,18,640.141078
7.508481,70,641.147495
2.690484,11,641.170725
29.86885,27,641.227555
9.237639,28,641.28688
-6.504279,38,641.368204
25.31032,52,641.479835
-0.693917,21,641.525232
8.049972,9,641.544546
-8.018847,28,642.201404
11.43085,40,642.285386
-277.421743,1000,644.973329
7.903222,19,645.009547
-1.450485,17,645.041534
3.605734,14,645.06909
12.352696,18,645.104362
22.717394,28,645.166029
-21.03556,38,645.244288
20.323107,23,645.290284
3.274478,39,645.366483
14.04823,21,645.412477
-3.11422,20,645.45763
19.292105,27,645.514307
-13.410715,27,645.566528
16.116614,27,645.618223
18.915046,16,645.648793
64.551047,32,645.713231
-6.002874,22,645.755079
19.598062,48,645.849339
22.185965,63,645.97779
17.967001,164,646.31575
28.342769,29,646.371328
37.49037,36,646.440907
53.606635,82,646.601711
3.430557,36,646.672823
-1.606624,8,646.688301
1.861334,61,646.805944
-20.040099,43,646.90656
-11.401132,30,646.965974
2.40791,16,647.747199
12.86379,34,647.812321
19.017365,25,647.860458
27.398164,126,648.102582
-14.772236,17,648.135308
19.929294,62,652.472614
-23.816752,86,652.655314
39.671644,30,652.719487
11.496135,17,652.755586
1.353571,20,652.798094
37.879168,45,652.894243
0.731579,130,653.171379
-15.151453,58,653.295283
-195.163457,1000,655.962167
-15.167016,98,656.191152
51.019462,52,656.314824
12.657195,28,656.382524
4.496394,7,656.398896
9.650926,12,656.42783
-14.784156,46,656.537933
-3.271438,14,656.571434
14.495376,17,656.608047
-2.540305,26,656.657555
108.80893,69,656.791176
-8.909622,27,657.323965
16.562973,21,657.3653
-178.037464,1000,662.117026
17.468786,21,662.163725
0.780902,18,662.198857
13.702597,25,662.249055
0.669824,8,662.264913
-5.476121,45,662.359779
-12.879223,19,662.400656
11.72052,19,662.441376
-6.881547,66,662.58164
6.364821,7,662.596672
7.971173,30,662.660664
2.591455,78,662.828093
9.60428,9,662.847672
32.037866,34,662.919406
-1.395615,11,662.942724
15.600685,18,662.980494
-5.229534,16,663.014488
10.188934,22,663.061465
-63.501416,110,663.293136
-5.525383,60,663.420014
-22.752546,23,663.468292
40.611295,65,663.606182
-15.479459,12,663.631616
-12.313521,59,663.755796
-189.634033,1000,666.391046
49.683227,64,666.526007
10.47557,28,666.584922
-4.748618,19,666.626298
3.736714,27,666.685623
10.987446,25,666.740438
-14.934882,44,666.836802
7.395806,68,667.487216
-8.049842,22,667.533081
12.753022,45,667.627955
4.384541,7,667.642663
-150.188257,885,671.344708
-15.043919,60,671.91383
22.08774,49,672.006937
4.276019,9,672.025047
-107.180817,1000,674.659145
-31.867979,85,674.840434
21.039132,108,675.070906
31.943907,96,675.276144
15.602453,16,675.310131
35.454419,28,675.370524
42.856922,71,675.524061
3.66392,7,675.538685
-1.926835,39,675.621575
-17.228203,46,675.719197
56.311933,65,679.352699
6.328109,25,679.405677
26.698075,73,679.561801
9.531517,17,679.598503
74.070056,84,679.776603
-82.417631,82,679.951834
2.927687,7,679.966726
-29.918653,48,680.068932
1.277644,53,680.182148
4.672804,8,680.199379
4.030166,17,680.235835
38.764334,96,681.038154
49.230048,81,681.208355
66.67456,127,681.466293
-2.94926,20,681.505625
5.25023,16,681.536875
-1.5649,41,681.618822
62.308177,122,681.871479
25.786626,21,681.913792
-3.084908,47,682.001889
16.357787,38,682.087759
15.447992,17,682.128902
7.148186,42,682.228759
50.15034,53,682.355307
0.720839,9,682.376802
2.617313,15,682.412734
77.28108,113,682.671472
10.285213,23,682.715291
1.741886,13,682.73978
9.375281,18,682.776294
12.015835,21,682.816204
6.501405,43,682.90082
2.697241,19,682.941936
39.44933,41,683.032157
16.127941,29,683.684697
-138.112199,1000,687.477425
33.111,21,687.518319
52.782771,52,687.623135
1.529166,39,687.705687
35.622615,27,687.763373
-102.260906,1000,690.541117
43.638378,87,690.728236
1.08384,18,690.767032
2.943721,63,690.901679
24.697185,20,690.944349
-25.407234,43,691.036516
43.157353,52,691.148052
22.017463,18,691.18622
11.621592,93,691.383582
-10.204738,21,691.42781
37.68243,41,691.515145
13.05488,18,691.553705
76.84818,51,691.662303
19.830422,31,691.730086
3.854842,22,691.782963
59.044951,89,691.996706
48.933372,80,692.190178
-0.256533,42,692.288701
21.642961,45,692.37225
-4.858415,18,692.405843
6.239948,101,693.206244
102.709469,88,693.378273
64.31925,68,693.512398
26.448053,67,693.649049
44.060345,79,693.813198
28.874889,31,693.875299
24.540511,22,693.919369
14.698966,21,693.95885
83.48427,169,697.891228
-20.589964,50,697.988298
50.159893,29,698.045131
19.299611,24,698.090859
4.096366,6,698.102322
7.38945,27,698.153632
8.511601,23,698.198086
-17.098379,31,698.256638
-20.461261,71,698.391247
11.668163,10,698.410228
12.282215,16,698.440279
31.744391,31,698.498476
36.212203,37,698.56967
-4.240071,53,698.677714
1.763069,18,698.715086
3.373065,9,699.341541
7.367093,25,699.394032
1.741845,32,699.461238
11.559914,21,699.506282
13.411949,65,699.645875
14.836813,36,699.722637
-138.9357,1000,702.38144
36.757839,95,702.585177
53.286367,40,702.670434
12.912588,18,702.708799
13.108554,13,702.7369
-21.355534,318,703.419459
0.102353,81,703.592207
12.912843,30,703.656632
13.901117,34,703.729958
-15.006974,18,703.767926
8.715107,17,703.804972
0.481569,12,703.832096
30.258607,18,703.871223
26.999976,41,705.705777
65.512165,34,705.776869
-3.00901,15,705.80697
14.804298,47,705.920429
-0.270073,8,705.939448
55.116503,73,706.672294
0.42956,24,706.719141
53.513404,48,706.817679
-1.669957,12,706.844197
0.876387,56,706.964323
138.782865,161,707.292398
26.063174,37,707.363833
10.58131,23,707.414519
-1.81314,15,707.443908
6.18763,21,707.485763
-6.213067,52,707.590799
16.543214,42,707.670116
14.332538,18,707.704121
33.805567,27,707.756714
-20.261371,34,707.823006
36.802054,37,707.893818
11.258651,14,707.920787
-3.142427,17,707.953837
28.285866,39,708.028474
22.57237,36,708.096693
8.242647,24,708.143783
109.689272,67,708.281491
20.049502,44,708.367329
-116.125128,1000,710.985205
-2.610353,11,711.006625
6.309429,106,711.22728
4.747403,41,711.821853
-62.577583,1000,716.570383
-0.321697,21,717.223305
12.227016,24,717.273931
4.08208,36,717.349353
6.903555,16,717.38291
15.475667,23,717.43203
3.196124,33,717.502516
15.836198,16,717.536271
26.103991,63,717.659949
-105.006846,1000,720.390339
8.316974,36,720.464954
132.669833,138,720.765907
22.754282,20,720.813502
0.659772,16,720.851682
-0.506887,24,720.908551
-1.939265,18,720.95143
-0.123627,32,721.027108
51.81072,65,721.181081
22.219451,28,721.247397
32.235108,45,721.330997
-1.926371,45,721.418292
18.044481,17,721.45618
43.916678,219,726.826475
-104.30316,1000,729.470765
7.423658,19,729.512877
25.608366,39,729.598545
30.835342,61,729.731963
108.472759,115,730.565437
2.905409,24,730.611142
1.397216,16,730.641596
30.979349,24,730.687181
77.428362,58,730.798294
32.131435,43,730.879866
18.65905,18,730.913869
-53.089361,1000,737.015082
0.235517,17,737.051675
-3.06871,101,737.268021
16.653092,49,737.375043
20.8349,22,737.423455
48.203091,51,737.531879
-42.126296,96,737.740942
48.059001,44,737.834436
7.817393,49,737.938575
8.583383,30,738.003482
28.033446,28,738.063475
22.795454,26,738.120777
50.062835,39,738.204471
13.825824,65,738.344095
-21.307226,60,738.474786
-9.235142,30,738.540927
9.862903,12,738.567164
27.928473,74,739.358817
21.720366,27,739.415877
1.48265,6,739.429018
28.514964,30,739.496115
26.609174,104,739.72679
6.207016,40,739.816177
73.400199,47,739.922296
-2.835004,34,739.994064
15.78224,15,740.02633
36.257315,35,740.105498
28.311699,33,740.180996
39.088817,23,740.230709
-47.384504,269,740.855868
-2.935348,20,740.906401
-6.57757,124,741.181533
41.946718,35,741.264018
10.024242,18,741.305225
39.926744,118,741.569672
92.758781,115,742.384156
6.559672,37,742.463928
25.160858,40,742.554268
22.128439,37,742.638598
-2.581022,38,742.722267
12.634227,17,742.75841
3.939573,8,742.775702
20.185387,20,742.818412
70.018073,109,743.052774
9.984112,106,743.280689
20.643369,27,743.339494
39.564933,32,743.409154
15.220477,23,743.460577
5.755737,13,743.488394
25.533138,25,743.542685
13.648524,38,743.625882
89.187898,115,746.295721
-23.52739,24,746.34299
50.073623,71,746.493235
23.69856,37,746.567169
20.332702,64,746.696861
41.772037,29,746.758243
23.507282,87,747.610455
20.066839,45,747.724913
17.040195,35,747.812672
43.377073,43,747.914661
28.104494,31,747.976944
2.529471,295,748.601094
-37.897225,119,748.865816
25.809715,36,748.941792
76.237924,54,749.067493
105.553961,103,749.304174
41.422882,45,749.402693
27.502949,27,749.467136
-11.757706,16,749.499914
47.218925,46,749.594648
27.853893,22,749.642629
175.023062,167,750.672732
54.660202,81,750.870448
32.820091,81,751.02682
-1.756732,29,751.082983
0.21684,7,751.096652
43.940226,114,751.322084
5.392191,10,751.34322
-1.202722,60,751.470695
-0.519215,51,751.581196
-3.456462,28,751.641269
11.033727,24,751.692552
53.165681,47,751.792589
11.487284,15,751.824447
35.184692,1000,756.086281
60.908435,37,756.167653
15.740628,43,756.261016
-23.631932,19,756.301891
92.224903,112,756.548961
2.87636,69,756.700336
4.068197,30,756.766913
26.125811,28,756.830209
22.855472,42,756.923524
24.460682,32,757.540665
66.490468,38,757.625032
20.553161,53,757.747912
41.447445,44,757.846547
2.94824,160,758.189093
-12.180373,121,758.447345
34.509964,56,758.56539
68.094392,101,758.770151
23.838613,1000,764.894962
-48.479754,30,764.956949
66.945315,170,765.331758
80.702907,128,765.619553
3.799256,11,765.645634
4.38826,7,765.662114
67.205882,111,766.569009
19.616976,26,766.622994
4.494566,40,766.70892
10.831581,12,766.73459
46.211147,67,766.877985
87.164693,84,767.058211
5.241124,15,767.092424
32.750305,19,767.140283
0.967216,6,767.155069
54.900488,50,767.278515
16.651362,108,767.540699
-0.330552,7,767.557661
20.234357,18,767.600751
26.044418,27,767.66395
8.821088,25,767.723721
-3.816969,27,767.789472
19.582724,1000,770.629269
11.962376,57,770.754199
14.814667,50,770.863449
1.949699,9,770.884015
26.547941,42,770.978172
3.800528,8,770.995867
11.399647,1000,777.819333
3.748937,15,777.848072
12.477795,20,777.887008
3.399691,28,777.94351
7.434906,17,777.976115
25.415781,52,778.086842
13.561645,116,778.325982
27.520411,18,778.36501
121.031892,1000,781.27594
48.670328,150,782.222453
25.140053,21,782.267396
-46.486311,166,782.620913
18.852064,16,782.654243
6.620747,16,782.688049
59.917692,60,782.814228
15.465643,33,782.883265
71.423505,1000,788.811897
22.996528,35,788.878371
-6.446037,41,788.957288
88.358784,1000,791.658643
64.025668,464,792.701075
36.030357,49,799.709456
13.872455,209,800.605181
161.210375,301,801.338326
13.556727,38,801.415624
9.095075,15,801.445682
0.950373,36,801.521303
63.392872,59,801.649348
7.883963,55,801.769165
13.692093,46,801.858361
24.982423,24,801.905608
27.136841,142,802.185286
55.551349,1000,804.851918
68.689255,112,805.094417
205.357414,1000,814.23981
4.876214,16,814.272048
8.176336,20,814.311471
3.555802,25,814.362158
81.241587,1000,816.976253
14.934523,31,817.042841
118.192934,151,817.832257
96.235175,1000,825.79284
26.656549,97,826.001445
31.795316,36,826.083472
20.802374,34,826.16411
129.146949,1000,828.999464
85.722025,1000,831.79894
-0.063713,55,834.939267
10.659465,15,834.972532
38.177637,83,835.152111
13.006149,13,835.180496
38.845195,60,835.310301
1.755428,19,835.350641
106.375589,149,835.669636
-1.83307,19,835.711517
54.866766,135,836.004442
45.829705,146,836.321827
30.969379,88,836.513742
18.141203,32,836.583055
12.590202,16,836.618288
169.336304,1000,839.34928
11.998802,28,839.414649
3.797711,31,839.487082
100.179376,168,840.40311
20.958119,51,840.516851
6.363284,36,840.598863
46.84405,93,840.809386
14.768592,14,840.845276
15.034334,19,840.893166
3.930477,7,840.911349
28.130672,42,841.017421
9.957727,26,841.083935
27.273407,25,841.148053
69.046938,105,841.389129
24.918724,43,841.478509
8.611543,58,845.097007
84.779371,298,845.757449
31.641056,59,845.887365
1.114117,39,846.452524
10.975921,23,846.509364
0.715351,19,846.556136
5.977243,7,846.573215
67.993757,98,846.820096
62.003667,71,846.982878
21.355665,128,847.257167
142.282697,136,847.530294
-37.505447,126,847.808456
119.544948,178,848.202099
-10.204047,32,848.273446
120.677489,1000,851.000926
17.587262,40,851.095763
87.953218,197,852.051698
47.418286,65,855.038654
42.759583,67,855.174459
36.100022,53,855.288809
89.773871,90,855.481566
33.132752,227,855.986574
64.961384,170,856.425282
23.766178,33,856.49285
171.462244,1000,859.222874
214.267018,1000,868.681657
0.968534,53,868.784061
38.024968,58,868.895909
44.548512,64,869.024194
55.120726,418,870.294906
38.957835,157,870.638688
136.317384,132,870.970305
45.607065,45,871.064704
95.340828,128,871.334856
142.481725,157,871.666523
2.012312,20,871.707421
8.889923,9,871.725236
217.66852,240,872.748398
-5.059171,20,872.790682
-10.736043,23,872.838456
45.406016,34,872.914757
-5.679473,16,872.946474
36.512215,68,873.099003
92.564231,61,873.229152
17.765554,43,873.327571
24.367889,21,873.381599
64.74127,70,873.561545
16.990661,52,873.696779
14.427246,112,873.948166
232.528443,1000,881.322198
84.560972,108,881.560729
190.083428,1000,884.162074
4.220275,7,884.176499
9.433076,16,884.209462
5.173485,7,884.223698
13.614284,17,884.262527
77.925739,115,884.557367
46.775279,57,884.72814
2.457578,19,884.777669
26.903248,33,884.86302
18.115693,45,884.978846
-0.005894,24,885.6222
81.094772,135,885.899622
54.018294,151,886.205916
28.395039,36,886.276295
-9.087534,69,891.231184
-0.419518,16,891.266311
174.015927,187,891.670069
169.890607,1000,894.399482
290.653535,308,895.068491
39.303513,41,895.158814
36.534136,37,895.23981
15.112501,13,895.268733
20.322129,178,896.141509
48.857969,57,896.259727
92.591643,84,896.438811
166.732632,1000,904.289593
29.271737,77,904.455324
50.124732,41,904.543255
320.816111,1000,907.329127
57.984579,160,907.671926
64.778385,142,907.97557
84.912564,64,908.113616
36.597249,25,908.167293
133.574272,239,908.691867
98.003785,214,909.75849
260.959733,1000,917.737107
14.508225,46,917.83665
31.558071,37,917.916256
361.557391,1000,920.645812
47.609277,44,920.731844
7.453811,22,920.774739
58.078723,77,920.947979
178.978652,207,921.442411
75.129453,122,921.700871
27.109926,71,927.952294
28.537416,50,928.057736
66.157476,76,928.219357
11.021578,23,928.26872
74.908106,41,928.356596
265.098065,1000,931.104359
50.970063,80,931.279613
48.91444,61,932.144374
4.523189,16,932.175927
38.584565,50,932.272895
36.121327,45,932.358716
213.545979,1000,935.009529
45.590342,139,940.501383
4.623992,12,940.526834
101.291884,179,940.904387
127.493847,412,941.783925
276.833518,347,943.147807
32.006667,45,943.243839
254.620687,1000,945.976694
77.123501,90,946.159184
44.472569,24,946.20984
47.782234,33,946.273835
6.181966,343,954.637084
318.018954,1000,957.375618
117.156588,198,957.797258
-9.776519,277,958.987935
57.494165,72,959.128985
50.919091,82,959.294086
4.731865,70,959.468158
125.5264,186,959.89049
118.088113,89,960.06164
-5.332996,17,960.093768
175.231165,193,960.464477
65.652777,112,960.681819
115.464063,107,969.662088
4.813532,45,969.758847
57.62419,59,969.884127
254.041795,314,970.549351
8.482282,10,970.570449
287.76933,1000,973.299001
54.408043,151,973.608601
15.229239,24,973.654784
91.499085,602,975.605519
6.049976,12,975.629157
35.516176,28,975.684304
61.136502,200,976.086393
-4.173664,26,976.14152
36.14757,29,982.879115
139.128659,106,983.104687
83.588571,74,983.262144
1.832346,303,983.90697
39.355019,35,983.980857
155.946948,1000,986.604939
-0.057947,20,986.6452
158.187325,248,987.878553
40.912365,40,987.955467
86.202434,339,988.607888
52.941207,71,988.743289
103.5508,136,989.005951
20.97226,20,989.044981
54.859731,26,989.096193
28.661268,52,989.197203
139.719228,208,994.735395
23.420922,45,994.831509
1.371741,18,994.869439
64.327852,232,995.361205
303.302427,1000,997.999525
259.456152,1000,1000.516959
147.458054,165,1007.428014
307.069503,1000,1010.058161
355.972922,553,1011.747366
25.960132,63,1011.882166
86.974217,83,1012.059642
51.789484,146,1012.370363
215.058313,279,1012.962987
40.546071,97,1013.169656
98.357836,195,1020.05731
68.595418,68,1020.245542
52.110608,34,1020.333401
158.973022,156,1021.299873
100.755816,74,1021.457261
229.038632,1000,1024.208936
306.854747,1000,1026.917568
87.697447,178,1035.629632
321.691327,1000,1038.288242
265.198578,388,1039.071647
174.847814,309,1039.684316
130.049218,187,1040.712035
195.121909,293,1041.27355
370.322093,1000,1051.835015
61.673347,75,1051.993284
94.47669,242,1052.503622
273.454532,372,1053.962757
70.785954,51,1054.060781
367.618118,1000,1056.721456
32.54217,64,1063.903357
78.198812,66,1064.04384
41.40487,86,1064.227822
4.784038,7,1064.242838
564.138809,594,1065.511441
27.185332,58,1065.634403
165.520175,367,1067.031332
81.151988,236,1067.49249
7.450887,19,1067.529269
49.467006,104,1067.729603
564.937676,625,1069.671919
114.212533,99,1069.869666
237.09113,265,1078.869413
26.46707,108,1079.101245
25.287004,92,1079.297727
11.109725,16,1079.331664
34.809088,116,1079.577608
8.521554,32,1079.64526
629.261723,1000,1082.409646
275.068604,272,1083.567933
114.912272,292,1084.127783
52.31818,38,1084.199775
231.200471,320,1084.839162
15.14944,257,1094.365393
143.333592,420,1095.205172
357.207847,1000,1097.841063
71.045095,121,1098.125572
221.398257,550,1099.908729
161.645601,163,1100.259364
14.685655,27,1100.317492
120.082791,150,1109.815126
85.129853,104,1110.049725
37.858278,65,1110.174756
224.731504,285,1110.732353
325.501358,1000,1113.442782
14.498282,17,1113.478969
224.314796,405,1114.945455
454.604426,1000,1124.896704
292.818539,429,1125.729987
526.106883,1000,1128.48097
134.549032,316,1129.166977
397.507712,1000,1137.522316
76.77461,63,1138.364545
197.250285,991,1140.956196
23.111621,15,1140.987235
278.708555,328,1141.681969
88.879481,119,1141.933803
277.779004,295,1142.557197
173.070162,214,1152.422045
20.523032,22,1152.473643
490.557055,867,1154.769245
262.85593,573,1156.494202
236.667715,324,1157.182263
310.437992,567,1166.790758
152.347309,307,1167.463327
587.721577,1000,1170.144351
86.383171,344,1170.874255
20.361034,34,1170.948056
324.04188,603,1172.744518
245.17896,572,1180.47935
564.565504,1000,1183.21189
48.547088,60,1183.338322
185.05454,288,1183.946515
383.188287,413,1184.787225
351.620065,1000,1195.853654
161.04286,336,1197.06969
442.553901,764,1198.687931
236.046186,191,1199.543894
297.881885,386,1200.306737
354.963167,1000,1208.832294
60.235752,60,1208.95913
89.590939,61,1209.08866
56.999319,35,1209.163422
459.803322,1000,1211.792285
54.179183,30,1211.856044
81.354939,185,1212.250621
220.98575,207,1212.659405
495.518016,1000,1222.116305
362.735458,420,1223.606252
122.173841,155,1223.9328
150.433497,371,1224.716793
548.612873,1000,1234.372528
476.737711,1000,1237.008383
167.839067,187,1237.409621
38.187633,103,1238.136011
244.583007,251,1238.665215
48.977676,56,1238.78428
455.341671,527,1239.842767
78.879593,112,1247.051869
54.702931,85,1247.734244
305.870517,258,1248.277863
77.263581,234,1248.771845
123.919378,97,1248.977556
12.917753,18,1249.015338
114.14857,101,1249.231303
68.079046,275,1249.819208
805.445578,638,1251.628817
116.722692,162,1251.950101
371.874718,340,1253.06517
395.95609,1000,1264.083471
466.730168,537,1265.154761
90.460458,79,1265.316321
97.582138,123,1265.620597
250.644214,339,1266.75707
73.539996,78,1266.916802
89.441385,57,1267.029146
128.944499,98,1267.235974
582.180547,1000,1276.958377
143.585394,224,1277.409939
153.253435,120,1277.649787
334.396101,382,1278.980649
694.760623,618,1280.182946
79.546779,50,1280.284607
236.161415,319,1281.503384
853.300583,956,1288.96221
415.927893,413,1290.335738
522.123882,1000,1292.80242
116.31099,101,1293.001456
147.032211,175,1293.3341
156.951045,175,1300.775112
477.293519,1000,1303.274568
235.809544,220,1303.695633
376.083787,452,1305.051425
205.551734,144,1305.395021
425.305561,429,1306.252438
504.950585,1000,1317.104399
99.401025,94,1317.748352
29.099377,20,1317.785871
619.676349,1000,1320.371711
271.514247,240,1320.883286
244.13786,500,1329.572029
528.410995,487,1331.136307
421.461554,1000,1333.690837
82.265671,68,1333.836388
425.39944,379,1334.64339
317.186844,341,1341.675421
117.883667,113,1342.369483
80.185152,96,1342.550685
170.565722,127,1342.79449
496.373905,1000,1345.479338
538.416812,535,1346.615322
524.792282,1000,1354.768185
36.888699,28,1354.821711
228.383101,178,1355.175874
237.815362,191,1356.03084
119.292571,114,1356.273359
66.663898,56,1356.392101
565.509866,618,1357.70117
1042.834371,967,1366.868765
148.19709,125,1367.564128
417.324322,1000,1369.586137
694.843075,644,1371.44125
407.68471,436,1372.871276
166.321997,572,1380.480312
413.946829,1000,1383.095083
313.89338,259,1383.64115
108.213531,87,1383.826586
995.105318,1000,1395.180729
64.547331,64,1395.311652
390.759597,314,1396.356106
893.768648,760,1397.926512
124.982469,89,1398.618007
210.303435,199,1399.039727
952.442181,933,1408.708191
468.928222,572,1409.932257
31.151679,78,1410.085755
376.005404,332,1411.268253
1020.326813,924,1413.754429
18.389197,33,1413.824232
860.783938,1000,1424.879101
557.178558,1000,1427.508903
150.545492,124,1427.771525
345.48407,329,1428.468307
444.998867,498,1429.528296
335.304797,229,1438.340202
253.851993,278,1438.902831
519.829108,1000,1441.511027
319.369196,257,1442.052738
1004.646072,1000,1451.341326
689.723435,673,1453.276468
116.000232,122,1453.534749
84.806463,79,1453.700519
824.0152,863,1456.03706
101.331928,94,1456.235993
202.498652,131,1456.512038
793.178683,627,1466.871575
631.188953,944,1469.371697
12.673963,17,1469.407756
415.364309,460,1470.382482
455.217704,1000,1481.698086
411.165579,409,1482.56124
17.644191,16,1482.595303
8.239547,16,1482.62932
893.59306,1000,1485.217239
538.186674,1000,1496.491158
571.160392,1000,1499.104884
573.722647,1000,1501.656965
248.793875,208,1502.677265
986.55827,1000,1514.687862
597.689824,1000,1517.194444
640.189474,589,1518.44673
1110.110195,1000,1530.869273
6.408093,8,1530.884553
690.60854,789,1532.906606
656.698611,508,1533.963288
786.894758,638,1543.440367
877.457589,756,1545.431543
19.465837,16,1545.46153
1013.837077,851,1547.679123
146.110028,130,1547.926308
161.156155,133,1548.180598
539.517515,1000,1560.605253
342.729624,294,1561.195118
577.174913,403,1561.997976
815.4571,716,1564.076609
799.772789,1000,1576.051109
681.462011,497,1577.640225
1327.604493,1000,1580.39645
61.242347,47,1580.496221
648.627317,1000,1591.464715
276.994658,282,1592.058958
576.67111,1000,1594.780899
1377.308587,1000,1605.322832
177.442873,139,1605.615874
154.272714,108,1605.844666
547.00186,464,1607.269361
290.891188,235,1607.762504
590.082702,1000,1610.245825
376.752046,299,1619.715949
778.843014,1000,1622.486744
1226.807638,1000,1625.221642
778.078807,563,1635.861535
159.692753,142,1636.174367
1293.274941,911,1638.524832
36.4009,24,1638.575455
1408.117714,1000,1641.305111
122.789634,102,1641.520508
89.307291,77,1650.371675
678.909959,1000,1653.011189
146.029787,95,1653.211984
715.225066,473,1654.204748
676.600684,544,1655.859346
499.412666,459,1665.116109
1314.605525,1000,1667.575334
1095.00318,1000,1670.181639
527.440395,373,1678.941694
1328.010332,1000,1681.536825
735.909958,530,1682.645934
470.702375,298,1683.273053
182.481641,124,1684.028457
657.183552,439,1684.945587
19.540402,29,1685.006192
603.749773,460,1691.842688
173.084895,134,1692.613049
910.420099,660,1694.001289
1180.257499,833,1696.240063
1378.882711,1000,1705.174511
674.947524,1000,1707.749507
1100.820649,801,1709.979812
436.239523,428,1717.82604
394.549073,283,1718.417618
986.726547,691,1720.351943
1074.081551,1000,1722.860656
1238.29861,969,1733.847624
530.693727,401,1734.701283
1491.067747,1000,1737.130543
1012.164252,760,1747.723038
916.465485,652,1749.552848
351.202225,244,1750.011093
1303.158471,1000,1752.485622
1244.153173,1000,1764.294926
1342.207191,1000,1766.908336
667.551819,577,1768.611313
365.6548,265,1777.264082
1547.372981,1000,1779.853104
144.495068,105,1780.07133
5.222409,9,1780.090218
717.683247,488,1781.107103
5.001726,15,1781.13876
1461.324648,1000,1791.304954
1322.567404,1000,1793.888497
1309.181229,1000,1796.431639
99.462694,65,1796.560901
983.668477,1000,1808.357325
175.091316,137,1808.646608
528.431014,419,1809.928007
902.153157,648,1811.284807
321.666932,276,1812.230719
1368.677261,1000,1822.530196
1053.916741,1000,1824.964621
41.087483,65,1825.118184
1579.450706,1000,1837.113852
882.445609,459,1838.008154
1277.133018,857,1840.174746
211.208684,151,1840.454361
658.419476,423,1841.710906
1459.672506,1000,1853.128736
45.224821,39,1853.202345
1559.067791,1000,1855.733781
1027.80306,703,1857.154271
10.753324,18,1857.192394
234.699696,141,1866.899338
306.295127,199,1867.70479
1471.100657,1000,1870.145649
635.53747,1000,1872.75026
1528.553811,1000,1884.513091
170.987979,129,1884.783098
680.832246,424,1885.668572
57.374185,36,1885.74358
1277.767531,1000,1888.337246
265.004369,171,1897.112771
845.026907,548,1898.74983
1543.689395,1000,1901.335745
247.257146,187,1901.697769
1377.764713,1000,1912.158842
1572.862881,1000,1914.699747
1303.350225,1000,1917.152973
1686.437101,1000,1929.096152
1530.003584,1000,1931.534271
255.176714,160,1931.832248
1473.748354,934,1942.574915
1001.996029,1000,1945.149018
300.200334,209,1945.588336
219.638812,125,1945.851431
273.582912,165,1946.19884
211.901228,131,1946.964945
1404.025356,1000,1957.679675
705.45356,424,1959.156384
223.271409,146,1959.461041
716.175617,369,1960.234262
1447.55243,1000,1962.92705
134.372549,99,1971.378496
1631.934261,1000,1974.051874
1656.144675,1000,1976.634655
1279.466083,738,1986.595202
1435.918419,1000,1989.28045
1338.296261,1000,1991.993779
1106.370265,1000,2003.9088
110.625663,76,2004.055267
924.183564,619,2005.73661
1046.097974,673,2007.073187
1635.918278,1000,2018.25859
55.012268,36,2018.325245
1250.907883,735,2020.347107
640.520168,1000,2022.938882
1553.954789,1000,2033.232017
943.700017,544,2034.913059
808.369672,1000,2037.608028
133.658211,93,2047.127487
1573.04872,1000,2049.83133
452.528103,273,2050.408584
1078.221385,1000,2052.999944
780.27812,452,2063.323429
859.167841,1000,2065.859958
1665.664021,984,2068.412324
3.353138,12,2068.437837
539.345676,365,2078.646216
1625.723461,1000,2081.174354
1483.561826,1000,2083.737351
609.415392,338,2093.59523
723.046034,439,2094.550514
797.361678,1000,2097.242323
174.949414,101,2097.460434
642.905334,418,2098.944899
605.582876,351,2099.686293
847.701299,1000,2111.083204
670.231361,385,2112.397563
720.817761,385,2113.206305
657.066117,1000,2125.155805
684.116666,1000,2127.728183
1808.930425,1000,2130.227155
1154.759091,1000,2142.263723
1520.770891,886,2144.549578
1368.351515,800,2146.212455
1649.263036,1000,2157.801615
1330.65031,739,2159.871803
1035.361629,1000,2170.906747
1580.263995,913,2173.331804
923.39253,527,2174.94308
1147.751392,657,2176.270467
430.707373,248,2176.741554
1806.351847,1000,2188.703088
164.994843,114,2189.597577
1752.028159,1000,2192.244997
684.325131,408,2193.048482
1677.059236,1000,2205.270029
1839.599023,1000,2207.794798
1741.566414,1000,2219.963311
925.848415,1000,2222.65786
456.279992,252,2223.191868
1832.453476,1000,2234.23438
1332.514135,813,2236.444446
1238.444586,717,2238.463258
1090.081264,615,2239.699325
618.963454,336,2248.86213
1083.435969,1000,2251.425476
150.235082,93,2252.247893
680.600382,1000,2254.965729
1103.65519,1000,2266.616524
435.828154,274,2267.67267
1255.60378,700,2269.104023
1735.871395,1000,2280.873667
86.014744,65,2281.012575
1640.673109,1000,2283.642198
455.818511,240,2284.645039
1773.898812,930,2286.980377
568.586865,368,2296.499567
847.203082,446,2297.443011
72.715812,51,2297.550543
78.205614,84,2298.234007
624.939058,341,2298.95751
1749.810739,899,2301.266139
1720.683906,953,2311.980397
1709.840688,1000,2314.472199
1652.041271,1000,2325.372274
290.500239,153,2325.731508
35.887556,23,2325.774377
131.463535,72,2325.911611
462.845754,278,2326.442046
1298.591,1000,2328.906211
63.958594,38,2328.989652
1927.912184,1000,2340.945084
1886.244854,1000,2343.527472
1867.979736,1000,2346.155489
991.367476,1000,2356.973661
1815.747262,945,2359.502542
126.592434,70,2359.634753
879.60695,485,2361.015352
977.312532,1000,2373.064895
1930.475691,1000,2375.114925
1660.627956,1000,2386.586049
1277.523256,633,2388.510935
32.688745,17,2388.547038
42.824104,29,2388.608779
1816.466615,1000,2391.244057
1434.803407,688,2393.210837
755.06549,1000,2404.246352
1885.583173,1000,2406.905863
1231.834819,1000,2418.705697
1121.489044,567,2419.916283
2098.939528,1000,2422.408896
1810.448653,1000,2433.597667
1052.544763,509,2435.109161
1686.216421,1000,2437.590522
1897.065634,1000,2447.312236
1431.216913,1000,2449.837415
1924.15951,1000,2461.786148
1905.787823,1000,2464.284017
1855.632291,1000,2466.98166
2007.237575,1000,2477.348364
1800.709281,1000,2479.983577
495.935093,265,2480.545988
1026.139516,484,2481.567634
1646.388633,814,2491.984356
237.26051,114,2492.22659
1524.762087,1000,2494.844991
818.797171,1000,2504.818829
688.409506,1000,2507.442092
1977.578605,1000,2509.97559
1877.52632,1000,2521.534828
1391.989374,700,2523.526273
169.06531,89,2523.700307
2032.857522,1000,2535.281339
1854.262863,1000,2537.773129
2083.03419,1000,2540.321363
601.805456,324,2540.979186
927.428674,517,2551.177346
71.272298,36,2551.253142
1415.368893,1000,2553.745859
1997.065792,1000,2556.261011
1846.047173,871,2566.356411
2086.813215,1000,2568.875984
475.970146,206,2569.809943
385.43589,242,2570.319854
735.230041,1000,2580.853857
1983.004389,1000,2583.447502
750.150133,398,2584.280732
1025.783019,521,2594.070345
550.323378,250,2594.597128
513.539517,250,2595.129615
2125.041253,1000,2597.634025
80.037535,44,2597.719252
2096.837219,1000,2608.657562
724.689524,1000,2611.199811
2040.270433,1000,2613.777045
1950.907266,1000,2624.771475
2007.963069,902,2627.172564
1500.740084,1000,2637.117934
311.065088,134,2637.473154
520.194334,270,2638.031915
1079.570789,777,2640.159047
118.174347,85,2640.337512
741.017236,1000,2642.968966
979.419642,1000,2653.08058
913.536755,1000,2655.697245
1621.249557,828,2666.424724
1493.483254,667,2668.31598
1884.223812,1000,2670.979881
1881.442373,1000,2680.411489
1454.68199,717,2681.919755
1696.829655,778,2684.050697
2179.781589,1000,2693.737764
2024.812132,955,2696.247819
20.060035,14,2696.277132
824.675706,1000,2698.934828
432.37098,201,2707.76249
2109.740111,1000,2710.350267
388.154183,174,2710.693124
538.700643,271,2711.206015
2289.285036,1000,2713.697352
1359.096363,678,2724.020842
1682.099543,909,2726.318549
1358.054357,1000,2735.721084
1606.052278,726,2737.661668
2143.510873,1000,2740.186094
2078.222465,1000,2751.351736
2137.876091,1000,2753.822115
1132.626943,557,2754.896546
44.675569,21,2754.936996
2185.608575,1000,2766.362833
1376.577528,1000,2768.940706
731.212004,366,2769.730026
184.201167,84,2770.421443
140.596663,75,2770.581144
1210.762216,581,2771.815278
927.950283,421,2782.314208
1137.094815,1000,2784.912226
1882.798801,916,2786.803652
804.957102,1000,2797.66651
1453.249958,740,2799.65761
2244.641387,1000,2809.731438
282.453137,124,2809.97327
2229.149333,1000,2812.578836
2026.573041,1000,2815.178916
2152.168574,1000,2826.179039
2087.052834,1000,2828.692714
90.007829,52,2828.800638
2324.675379,1000,2839.447077
1320.982714,631,2841.096966
2080.430499,1000,2843.684951
932.16983,1000,2854.510003
2196.400697,1000,2857.017746
1467.051491,674,2858.426706
2145.407557,1000,2869.95217
273.776586,114,2870.680252
1796.307888,1000,2872.781948
529.306208,253,2873.805676
2191.113214,1000,2883.826192
1907.991233,810,2886.217748
1283.481733,1000,2888.428549
1555.262638,1000,2900.170668
2098.235493,1000,2902.779569
78.616694,48,2902.884707
2250.625282,1000,2914.247641
2115.511613,1000,2916.841493
1062.764341,502,2918.312748
2089.501026,1000,2929.537873
1578.517953,703,2931.493573
2046.060434,1000,2933.979555
2398.303622,1000,2945.336791
2264.176159,1000,2947.927254
2184.967789,1000,2949.941084
11.669793,9,2950.455692
168.425216,88,2959.354595
2060.771785,1000,2961.891293
2152.582182,1000,2964.50767
327.028361,145,2964.81454
888.811899,443,2973.671695
2092.728246,1000,2976.254406
912.201706,1000,2978.872369
2166.212612,1000,2990.569278
2298.603058,1000,2993.208281
676.510334,1000,3005.136478
2090.929067,1000,3007.656771
1553.215535,1000,3010.136061
2212.863161,1000,3022.449326
2292.475347,1000,3024.987329
273.239917,126,3025.2303
2262.881723,1000,3036.56898
2144.463479,1000,3039.084999
1209.139699,1000,3041.691674
2173.552616,1000,3052.948617
659.10423,300,3053.578762
2336.388596,1000,3056.181586
703.845196,352,3057.425987
1363.180334,1000,3068.346007
1232.916436,1000,3070.946146
2218.346661,1000,3082.400022
1822.776562,1000,3085.009366
1980.519693,1000,3087.484039
818.491444,351,3097.228697
914.196686,1000,3099.705133
2287.777631,1000,3102.185693
2286.635443,1000,3113.286369
281.268486,132,3113.537726
792.857546,1000,3116.071813
1758.769362,1000,3128.138286
1974.874277,1000,3130.706101
818.407473,1000,3133.324789
1808.110707,1000,3145.046751
2294.268451,1000,3147.664804
1493.041635,654,3158.187744
2413.847416,1000,3160.771497
2269.248203,1000,3163.231226
1242.23639,508,3173.938728
2283.94317,1000,3176.404893
962.380459,493,3177.469363
1631.123064,732,3179.395129
2479.19132,1000,3190.519733
2499.919497,1000,3193.149244
2422.510073,1000,3204.958542
1478.898918,1000,3207.543622
1123.158873,1000,3210.029979
2305.678624,1000,3221.409812
807.938623,1000,3223.939101
1099.756219,1000,3235.36478
1866.119782,1000,3237.935995
1992.471896,880,3240.307801
2145.2313,1000,3252.119339
1685.737989,745,3253.702849
2399.439602,1000,3256.207251
2170.350728,899,3268.030409
1576.530459,694,3270.009483
1892.903891,739,3272.076055
2510.055382,1000,3283.036563
388.526674,186,3283.389388
2489.502124,1000,3286.001319
2153.179951,949,3296.865158
309.535737,120,3297.092715
2509.748578,1000,3299.569501
240.326605,113,3299.795358
2371.935196,1000,3310.206518
2422.848409,1000,3312.745903
2494.752476,1000,3315.360477
2400.448358,1000,3327.107614
2434.950691,1000,3329.743433
2416.477692,1000,3340.989665
2534.88244,1000,3343.689798
2420.61549,1000,3346.375217
2468.714103,1000,3358.678519
862.768986,1000,3361.502815
2406.040142,1000,3372.786707
2399.849138,1000,3375.460841
2300.733411,945,3377.546639
676.957988,287,3378.777411
708.194053,1000,3389.527366
2460.859399,1000,3392.407916
2563.148118,1000,3404.401533
2000.934004,822,3406.16705
1809.409422,1000,3408.86522
2365.218747,1000,3418.736502
2473.631529,1000,3421.405659
1273.710043,1000,3432.921369
2507.337938,952,3435.369807
2496.99483,1000,3437.953212
1122.632841,1000,3449.555725
2391.516902,1000,3452.401309
1723.76442,1000,3464.097286
2505.827694,1000,3467.082923
969.643747,419,3468.779667
2447.557002,1000,3481.785249
2376.647947,1000,3484.664586
1752.532769,733,3486.237946
185.842209,75,3486.407973
2529.36954,1000,3497.692352
2516.17894,1000,3500.372057
761.923333,290,3501.62687
2471.059526,1000,3513.802288
2458.023368,996,3516.552291
2451.11214,1000,3519.188434
2382.820535,1000,3531.360197
50.079931,25,3532.056557
1538.073355,1000,3534.272207
2131.789342,1000,3545.862732
531.045278,225,3546.629036
1850.838835,1000,3548.808754
2532.152419,1000,3550.976924
2633.436365,1000,3560.298055
1920.218977,756,3561.667815
1421.252994,508,3563.206069
2677.458274,1000,3571.528529
622.970238,237,3571.950904
745.629369,303,3572.504149
2712.126639,1000,3574.689893
2540.339997,1000,3583.647563
2674.917411,1000,3585.938709
1475.112975,583,3587.498203
358.328716,144,3587.737828
901.763703,293,3594.372516
2709.053623,1000,3596.709267
1241.127341,1000,3598.918737
2052.754731,1000,3607.220317
2693.10649,1000,3609.581068
2727.274244,1000,3617.300646
2084.379004,790,3619.370786
677.957373,261,3619.816694
1750.304542,633,3621.530348
1015.258967,1000,3629.331883
761.31089,1000,3631.622405
2653.500731,1000,3633.819744
1530.824941,1000,3642.753118
2580.249166,1000,3644.959125
2517.49763,912,3652.935448
2644.22288,1000,3655.085718
2682.383604,1000,3657.185658
2008.862031,738,3664.531244
2699.786185,1000,3666.633419
2736.286017,1000,3674.872096
517.589373,195,3675.195265
2642.764709,1000,3677.291761
949.699902,372,3678.374728
2680.048476,1000,3686.495388
2079.446964,1000,3688.624628
2850.337918,1000,3690.650406
2757.14629,1000,3698.640253
157.513639,74,3698.761676
2627.003032,1000,3700.782469
2645.787595,1000,3709.267509
683.817755,243,3709.680579
2694.57838,1000,3711.764535
2827.766646,1000,3713.886497
2610.813819,975,3721.282727
1759.396715,1000,3723.404168
2879.29958,1000,3730.909868
2848.893812,1000,3733.02904
2715.6446,1000,3735.151007
1946.094228,765,3742.814823
980.148469,360,3743.889571
2745.55011,1000,3746.001361
2788.548096,1000,3754.759389
2813.682713,1000,3756.893246
2655.390762,1000,3765.213918
2688.397284,1000,3767.32146
2160.869804,780,3768.600747
1320.2998,465,3769.846623
2806.272276,1000,3778.614376
2666.938447,1000,3780.714077
2701.648196,1000,3788.359396
2688.369244,1000,3790.485501
142.98585,66,3790.594435
1733.703407,1000,3792.705819
2764.74191,1000,3801.072346
1042.600763,1000,3803.170025
539.568517,214,3803.517055
2752.148715,1000,3811.608726
1438.957819,1000,3813.737075
2742.781352,1000,3822.479692
