#{"t_start": 1787570596.99589, "env_id": "Humanoid-v5"}
r,l,t
83.352687,18,2.653266
85.646935,19,2.687066
80.895425,18,2.718826
81.132671,18,2.75003
79.123783,18,2.795033
85.979076,19,2.866241
76.353176,17,2.901707
99.415467,22,2.949325
83.442742,19,2.985558
89.299441,20,3.023425
73.976703,17,3.055233
102.28369,23,3.098163
90.205879,20,3.133672
94.319298,21,3.170991
127.726382,29,3.223365
86.15747,19,3.256803
75.482984,17,3.28732
81.33593,18,3.319631
76.364239,17,3.350332
74.42692,17,3.380837
86.561133,19,3.41351
71.581821,16,3.441298
118.412854,28,3.491213
120.230894,27,3.538471
81.311762,19,3.572197
134.059707,33,3.633744
115.153053,25,3.678388
126.648763,28,3.727263
101.726903,23,3.769462
70.75589,16,3.79845
126.736935,28,3.848406
99.035734,22,3.887708
120.440101,27,3.935655
96.252921,21,3.972494
222.321075,44,4.053643
76.548301,17,4.083681
96.417234,22,4.122305
128.984923,29,4.171689
81.26589,18,4.202727
70.522051,16,4.230825
125.035919,28,4.281296
104.615594,23,4.320607
112.700253,25,4.365876
88.813476,19,4.40036
75.588109,17,4.430909
81.34666,18,4.464332
103.903161,23,4.507253
119.599669,26,5.591015
144.230577,38,5.658684
150.483358,34,5.725472
75.547105,17,5.758375
76.050442,17,5.790734
148.171014,33,5.854235
70.920296,16,5.886856
88.920739,20,5.932541
100.160647,22,5.976828
203.499038,44,6.060987
86.889897,19,6.095922
142.636766,32,6.156442
70.975054,16,6.1856
94.226559,21,6.225383
79.157121,18,6.260021
77.883423,18,6.291566
155.743451,35,6.357254
154.326046,36,6.420555
76.151679,17,6.44901
76.576625,17,6.478747
75.908152,17,6.509547
76.02536,17,6.539684
70.732836,16,6.56754
178.980891,42,6.643389
191.153287,44,6.720875
140.553233,31,6.776453
145.75627,32,6.835939
102.217456,22,6.875887
129.958306,28,6.92718
85.63256,19,6.960176
75.644482,17,6.989619
76.545594,17,7.019561
80.734002,18,7.051444
129.366164,28,7.099941
85.396326,19,7.134397
76.116177,17,7.164085
81.745171,19,7.196455
94.617157,21,7.232526
76.235926,17,7.262161
96.319436,21,7.299783
80.760216,19,7.33482
114.574278,25,7.381368
80.03733,18,7.412577
118.980858,27,8.026175
121.471489,26,8.073647
75.951209,17,8.10515
79.404648,18,8.137216
81.626102,18,8.170658
85.926326,19,8.204909
86.235644,19,8.238065
157.032657,33,8.297756
91.240512,20,8.33269
106.748188,25,8.37689
154.310101,32,8.434546
130.449962,28,8.483482
122.085366,27,8.52983
81.337899,18,8.560227
81.002767,18,8.590752
115.096654,25,8.635669
70.036347,16,8.662497
127.389143,28,8.714086
74.723784,17,8.744049
76.447475,17,8.774008
85.687431,19,9.174763
76.244726,17,9.204716
226.196899,46,9.285562
176.733018,39,9.354841
157.495319,34,9.416336
258.83271,54,9.513931
75.113914,17,9.544828
82.61405,18,9.578957
157.466726,34,9.643357
75.542421,17,9.673923
99.812574,23,9.715726
143.457671,32,9.776794
74.578402,17,9.807779
108.27334,24,9.851893
137.498974,30,9.912921
96.197283,22,9.967157
147.333018,34,10.032692
140.386947,32,10.092412
80.903483,18,10.126309
107.441353,24,10.17061
86.349196,19,10.206556
128.652431,32,10.750286
161.526696,35,10.837152
133.757942,29,10.900009
72.773997,17,10.932821
140.308232,30,10.99937
182.908454,40,11.080782
204.183701,45,11.168857
144.637413,32,11.233233
165.210679,38,11.306681
130.954338,29,11.362208
106.996276,24,11.407544
188.149865,39,11.483373
69.584072,16,11.513581
101.661889,22,11.556729
149.761446,32,11.619765
187.667671,41,11.702384
71.253713,16,11.731506
85.481817,19,11.767846
81.217199,18,11.803147
90.02768,21,11.841724
75.290564,17,11.8772
81.825888,18,11.914096
103.883862,23,11.964523
156.549594,39,12.043901
166.851609,37,12.122703
80.672183,18,12.161114
99.760717,22,12.210982
107.464566,24,12.265209
148.183611,35,12.345422
124.815203,27,12.400684
74.85391,17,12.438963
141.081315,29,12.499738
102.459349,23,12.54808
86.535788,20,12.589822
76.361881,17,12.628388
86.16309,19,12.667594
106.93188,28,12.724204
87.428306,19,12.766175
199.147853,43,13.54252
208.92787,45,13.637198
103.095902,23,13.689687
100.04708,22,13.738713
132.078999,27,13.79475
105.074158,23,13.844179
126.935473,28,13.907686
129.798275,33,13.97758
92.762653,20,14.019634
94.852147,21,14.063387
91.518073,20,14.103103
80.946452,18,14.138939
80.718582,18,14.175643
71.502065,16,14.207967
148.318364,33,14.279118
152.916179,33,14.347788
108.252902,24,14.396135
122.046997,27,14.448836
99.575506,22,14.49115
86.454763,19,14.527844
129.229839,28,14.583056
75.924698,17,14.618698
93.772096,20,14.669715
75.928434,17,14.713089
90.264879,20,14.762482
161.253918,37,14.853785
76.35756,17,14.894654
138.633733,31,14.984682
73.256845,17,15.027351
192.102767,43,15.146444
96.115004,21,15.20587
71.675757,16,15.250797
71.369323,16,15.294945
140.887366,29,15.364007
92.034162,21,15.410672
83.862921,19,15.452355
89.783815,21,15.506598
134.298666,28,15.578554
133.882618,30,16.348635
92.628881,20,16.395996
108.503407,26,16.457258
90.240867,20,16.501148
188.700796,44,17.350612
112.389466,24,17.416196
97.72984,22,17.478345
80.960848,18,17.531109
101.120671,22,17.595452
146.067363,32,17.696981
95.865864,21,17.746846
100.93597,23,17.803801
161.157848,35,17.879731
116.315566,25,17.940931
144.931336,31,18.01822
131.601333,28,18.115803
140.868131,31,18.223143
111.834551,27,18.296784
173.899484,38,18.413099
178.780988,40,18.530112
92.449318,21,18.587953
130.841586,28,18.671884
91.010233,20,18.727557
158.188448,35,18.826252
242.652998,52,18.946431
143.390067,32,19.031906
75.927944,17,19.0707
149.91654,32,19.144274
127.988211,28,19.210528
92.231778,21,19.259978
183.289516,39,19.343679
81.085017,18,19.384246
94.911569,23,19.431571
111.465445,26,19.489425
168.947552,35,19.576066
75.792528,17,19.614839
142.852339,30,19.690456
147.255249,33,19.769855
87.81201,20,19.813806
136.046973,28,19.877176
101.220914,23,19.928408
144.686811,33,20.543853
234.179885,49,20.658717
182.324518,44,20.76519
107.970087,24,20.817677
269.196583,54,20.941437
208.895621,46,21.044466
103.160485,23,21.092859
86.755851,19,21.134905
104.541082,24,21.19055
181.678476,40,21.279197
174.581104,37,21.359569
100.588621,22,21.406695
221.438252,48,21.509463
93.154725,21,21.564578
81.459274,18,21.612222
145.436925,32,21.696297
150.621234,33,21.782696
84.729311,19,21.834738
71.852714,16,21.881597
84.601446,19,21.941851
147.632559,30,22.028831
238.873896,50,22.149937
129.929432,28,22.21271
222.571122,49,22.325998
158.66941,36,22.405666
116.704236,25,22.459739
118.213591,27,22.519996
109.982454,23,22.571821
114.611298,24,22.626196
211.058902,45,22.723705
182.90935,38,22.807504
76.091263,17,22.844991
117.808347,27,23.462876
175.864634,37,23.545988
247.749481,52,23.663098
181.995476,42,23.7587
252.715013,49,23.867054
98.126444,22,23.917254
81.181613,18,23.963736
165.708912,35,24.040847
185.401834,39,24.126059
79.430881,18,24.165598
146.034997,33,25.231166
148.191368,31,25.298155
256.538411,54,25.424022
214.543738,45,25.522533
139.855401,34,25.60175
126.202113,29,25.667643
90.101795,20,25.71289
192.26168,48,25.819553
175.370086,37,25.904938
139.370327,30,25.973719
122.043231,28,26.032973
160.337344,36,26.1147
221.244931,46,26.216857
238.330748,52,26.334676
221.797036,46,26.450002
331.628817,65,26.610583
80.77939,18,26.650522
107.821273,26,26.710513
150.136656,33,27.37438
105.538216,24,27.429633
128.547499,28,27.493229
274.972167,61,27.634264
179.558657,41,27.743367
231.676641,47,27.8558
189.293528,39,27.944559
76.712936,17,27.985293
177.251465,37,28.081737
178.294199,38,28.173727
113.235127,25,28.234724
74.465214,17,28.278823
173.733536,36,28.38678
121.836138,26,28.466681
83.600955,19,28.516987
134.954971,30,28.596862
225.720027,46,28.728154
244.481982,52,28.872047
285.611081,57,29.017853
127.008249,29,29.090795
221.486663,45,29.20963
164.142937,38,29.299197
104.563962,23,29.354566
199.996347,43,29.462485
172.747767,37,29.564622
102.151545,22,29.632422
174.158489,37,29.721419
314.320792,67,29.869499
329.24109,67,30.757407
124.053894,26,30.828034
101.999752,23,30.888216
92.054616,20,30.941303
238.219965,55,31.071505
182.400145,40,31.174321
184.994456,41,31.285756
89.518887,20,31.335479
301.181341,62,31.488489
130.901227,30,31.567421
195.474311,40,31.67419
214.716132,46,31.799086
241.785783,51,31.952392
182.67162,38,32.065581
110.567592,24,32.133764
211.718193,44,32.239403
86.882488,19,32.280185
181.564033,40,32.371074
110.665684,25,32.427753
190.700159,43,32.530585
217.158156,46,32.637201
288.360816,59,33.791741
403.094114,83,34.042635
148.11316,31,34.123475
327.042443,75,34.321644
272.134627,60,35.252473
179.770335,36,35.337656
220.534635,49,35.453091
171.112159,36,35.536054
142.000714,31,35.606448
234.82623,50,35.724844
90.34639,20,35.772463
297.900237,59,35.912295
266.8655,53,36.036297
147.784007,32,36.113396
316.014878,63,36.274215
117.470537,26,36.346943
214.187899,48,36.48609
248.96499,52,36.6131
401.284877,85,36.863264
243.407147,52,37.012168
156.372108,36,37.11718
218.898451,48,37.26638
157.394155,35,37.3607
153.121178,33,37.449555
296.175311,63,37.653436
336.803696,80,38.72095
182.813834,41,38.841679
232.422392,49,38.995336
102.071201,22,39.064398
318.362496,64,39.253501
209.997657,43,39.369592
206.838811,44,39.47156
276.563146,59,39.610561
165.504295,37,39.695166
347.369262,73,39.881619
125.196383,28,39.964354
229.482875,48,40.098018
315.521168,64,40.270563
299.866406,65,40.438435
283.343298,57,40.575584
210.740982,44,40.700845
276.546025,62,40.85082
269.859256,57,40.982239
231.274302,47,41.090265
301.895904,59,41.23632
237.608442,50,41.37379
252.889093,50,42.145735
317.962794,62,42.338505
171.843712,38,42.446474
235.093352,50,42.586416
208.820019,42,43.304585
231.142729,49,43.419977
367.652619,70,43.579715
276.125968,59,43.71489
254.966707,58,43.85636
292.92632,58,43.99798
249.117349,51,44.121233
248.735872,51,44.248747
363.042597,71,44.411913
240.566494,55,44.547292
295.573323,59,44.695324
236.492631,56,44.835654
165.158172,38,44.931758
296.264592,59,45.081208
323.532471,62,45.800432
254.558524,55,45.955058
91.663079,22,46.01578
209.645848,45,46.145107
370.21144,78,46.345835
287.950168,72,46.512041
157.73963,37,46.594398
182.349441,39,46.690202
246.635921,49,46.812421
191.4596,42,46.912239
204.476202,43,47.008011
205.141745,45,47.108844
227.001913,54,47.236507
269.29218,58,47.370193
188.238713,42,47.464319
302.468435,61,47.612628
175.871856,41,47.709027
240.323345,51,47.831829
286.538728,60,47.970489
284.421886,56,48.102051
265.573507,56,48.241348
351.445578,69,49.141934
261.523814,56,49.294696
189.570995,42,49.396965
397.083063,77,49.595405
329.670025,75,49.789879
293.178626,59,49.939684
117.369318,25,50.002848
225.674487,48,50.11794
474.72297,91,50.330264
437.172575,85,50.533814
275.160928,54,51.239662
361.844734,86,51.451658
323.180016,65,51.602293
336.432189,79,51.837274
403.74006,89,52.094257
404.679269,78,52.971414
351.379471,72,53.149175
223.130508,51,53.273221
307.566894,61,53.422986
339.740317,69,53.587255
272.353175,54,53.724931
276.61634,63,53.873874
532.874566,104,54.12295
368.337976,70,54.289286
253.384313,50,54.404543
209.846561,42,54.50796
378.210044,84,54.70965
378.906861,75,54.908137
345.68524,69,55.086288
279.304244,57,55.230042
247.487496,51,55.361058
242.192163,56,56.188258
456.987939,89,56.402497
333.184624,69,56.564987
246.417258,52,56.689163
242.386192,47,56.806593
311.465695,72,56.974895
276.648116,59,57.113979
377.899834,79,57.308797
339.920825,69,57.476361
282.724316,55,57.603745
247.191489,52,57.726562
284.417661,57,57.872651
501.747205,99,58.13372
126.781239,28,58.203027
264.377672,53,58.331831
259.25097,54,58.473854
305.133597,71,59.359978
255.25934,55,59.488727
267.349897,55,60.162247
271.737265,56,60.292823
274.491324,58,60.436692
386.646444,87,60.648004
191.726864,43,60.750024
289.860908,62,60.897364
272.346649,55,61.030695
299.856891,58,61.176666
416.140346,86,61.396891
376.531642,75,61.594223
485.080093,97,61.844476
335.451889,79,62.052368
552.5631,107,62.329618
254.840971,54,63.135654
314.468386,65,63.303148
301.608439,58,63.443565
301.693655,60,63.584106
305.306595,60,63.728191
408.594182,83,63.927846
341.786835,75,64.109229
243.159281,50,64.226746
194.334211,40,64.324327
323.074595,64,64.476398
382.028006,81,64.663648
317.668778,62,64.810933
348.965139,76,64.998381
423.405041,89,65.225672
208.210067,46,65.350672
334.616537,71,65.532401
226.074459,49,66.34717
345.805768,71,66.533612
422.355679,81,66.729627
469.118075,90,66.950056
294.258455,59,67.091367
264.300627,52,67.214223
414.818013,88,67.43083
342.261291,67,68.181599
251.558328,56,68.31696
390.579518,76,68.508949
349.384521,77,68.70966
263.414889,54,68.854494
319.017497,64,69.021364
262.553458,55,69.197554
450.318145,89,69.451913
351.276015,73,70.246959
294.379881,58,70.391177
311.116644,66,70.555038
288.208745,56,70.694987
289.256537,56,70.832725
515.677414,102,71.081182
222.297031,47,71.197409
270.154892,52,71.322673
361.213308,74,71.500992
441.39676,88,71.715184
273.969838,55,71.847172
598.983022,113,72.14087
373.488344,77,72.332003
332.739323,66,72.511594
437.162006,86,73.261978
290.421819,67,73.450874
385.897768,72,73.668659
380.145151,79,73.884975
321.167938,65,74.047325
342.304828,68,74.214437
413.079122,87,74.423881
343.385095,71,74.601835
284.837956,58,74.7449
320.816261,63,74.895828
298.102876,59,75.038558
445.067415,89,75.256428
298.37184,60,75.409777
363.286218,71,75.599528
348.0291,69,76.511516
356.14793,72,77.476355
398.170133,86,77.69061
474.254289,94,77.92138
278.668514,55,78.051634
288.048925,57,78.193146
283.57516,57,78.331335
418.863792,81,78.538488
300.112315,60,78.686523
451.684151,97,78.943159
481.191645,111,79.227077
363.694193,84,79.44312
265.683555,52,79.578977
330.272147,74,79.777819
465.203461,99,80.69066
377.902067,83,80.933874
540.076341,112,81.229615
524.29236,110,81.50654
480.369127,113,81.794963
327.571684,67,81.959103
243.555558,53,82.089888
284.132214,57,82.238636
256.972088,54,82.377035
488.819102,115,82.66247
360.923946,74,82.849435
376.816245,72,83.039188
355.852819,73,83.924486
396.982813,82,84.166522
312.485495,62,84.341961
288.568831,57,84.485897
269.389627,62,84.646021
380.039728,83,84.853342
291.33233,58,84.999286
320.971406,63,86.019876
299.346198,60,86.169206
240.414354,57,86.317712
350.750891,69,86.518648
346.971697,68,86.700202
272.615658,62,86.851877
340.992572,70,87.034076
494.761323,103,87.32064
411.942016,82,88.326457
365.440474,72,88.533292
383.384015,82,88.750337
348.313388,74,88.932687
325.752487,65,89.097073
423.214018,84,89.308555
355.830089,69,89.490999
418.390159,83,89.711152
450.695062,100,89.961323
315.045849,62,90.123702
262.565784,53,90.256608
464.601959,101,90.515132
262.945611,62,90.673481
415.257918,79,90.88378
359.223646,69,91.897013
248.655301,52,92.033074
245.796672,51,92.178546
365.180792,73,92.371928
244.433541,51,92.506367
520.306565,107,92.786295
348.128198,70,92.966791
309.763224,61,93.130893
316.422267,61,93.286695
306.137556,65,93.452433
441.110476,89,93.680511
400.151607,77,93.887928
248.332245,51,94.023648
627.271619,132,95.223101
403.668711,78,95.982959
356.403023,69,96.167762
298.465762,61,96.330339
271.92453,58,96.477147
348.064049,68,96.655786
312.874271,62,96.820508
442.996118,88,97.052553
279.674133,66,97.224927
263.187816,53,97.368154
361.276452,80,97.571003
413.108839,84,97.781827
304.368573,60,97.952039
308.868938,61,98.116134
378.845394,72,98.308603
565.981906,117,99.368445
354.434968,72,99.543881
285.960962,56,99.686436
359.227078,73,99.87411
315.541205,64,100.036544
274.58631,55,100.182237
365.109295,70,100.359101
312.065354,61,100.516176
288.737385,61,100.672335
187.460094,42,100.773577
496.79675,101,101.026895
374.381754,74,101.228126
322.158053,66,101.411443
350.842875,69,101.589379
532.911605,108,101.868802
322.268164,65,102.735116
377.9327,75,102.922967
348.97047,70,103.099168
561.306107,121,103.401548
326.643929,66,104.249645
308.780629,61,104.399607
208.556795,45,104.511841
440.082485,85,104.733347
423.855558,88,104.96168
317.45851,67,105.135441
336.432127,66,105.305678
267.177349,58,105.457121
449.437571,103,105.727183
527.710371,110,106.714096
367.122308,70,106.886851
267.272697,53,107.017445
456.225312,93,107.251463
307.059277,68,107.432731
365.005214,72,107.614533
274.513472,65,107.77351
298.082291,69,107.945812
444.546914,98,108.187462
342.615694,83,108.385364
339.987813,66,108.544095
262.558364,58,108.687019
327.205544,66,108.855797
481.731947,98,109.100113
297.238584,66,109.993705
325.002855,74,110.172089
493.84517,105,110.424829
443.701988,87,110.63927
346.479353,71,110.80938
322.540922,70,110.978205
575.7349,115,111.261483
344.390165,66,111.418794
291.387233,64,111.576038
447.392748,85,112.434425
269.014018,65,112.610992
479.405273,93,112.918221
367.081386,73,113.130306
440.577067,86,113.869079
325.375267,65,114.030976
554.496314,121,114.347172
259.183576,54,114.483392
354.290557,79,114.681872
351.474885,71,114.851127
545.736606,109,115.126532
461.111549,92,115.352079
409.484905,79,115.547037
418.414252,81,115.746193
383.479694,91,115.97837
406.253338,92,116.211725
364.015698,69,117.080469
474.755064,94,117.320961
346.935924,69,117.493406
289.057847,56,117.633635
339.089284,68,117.802319
267.330117,64,117.955099
436.154951,96,118.189139
359.71499,73,118.378308
271.438621,55,118.515013
456.228955,100,118.767843
298.665589,61,118.924377
526.207697,111,119.222167
339.481749,70,119.407218
387.840727,76,120.254375
345.981232,75,120.468118
421.458729,90,120.685819
556.286492,110,121.580643
431.330242,94,121.806777
345.813392,69,121.978397
374.523946,77,122.167025
238.160178,49,122.2861
391.922589,85,122.510869
374.990529,74,122.706525
342.743129,80,122.91539
196.976695,42,123.022163
320.017044,67,123.195448
323.275794,64,123.367149
383.05243,77,124.163942
481.756993,102,124.445334
261.274252,58,124.588651
419.865658,84,124.802161
346.788605,75,124.988468
370.933516,75,125.180585
465.591356,92,125.412912
402.904227,81,125.636915
375.989697,80,125.839904
326.835,64,125.995832
404.055079,83,126.20024
445.735243,85,126.415011
428.548314,84,126.619983
354.458838,68,127.36814
412.71321,85,127.61733
293.15642,58,127.767154
512.350681,116,128.054772
381.989013,90,128.270844
299.108659,58,128.412304
360.113219,72,128.588777
325.969244,62,128.737746
471.505546,107,129.670843
342.360913,67,129.843108
676.438849,141,130.194617
480.561086,96,130.492529
588.557971,126,131.399572
305.682766,64,131.556493
362.775062,71,131.73465
352.999598,81,131.940095
359.544636,79,132.138277
344.723699,71,132.311609
297.597072,63,132.465171
565.733116,109,132.730556
520.691465,105,132.993403
388.437126,76,133.189662
475.238151,96,133.443434
306.268669,62,133.61535
368.518625,73,134.332472
584.3351,124,134.698752
415.408854,84,134.918419
419.648367,90,135.134261
311.153836,73,135.313841
411.038315,86,135.521932
396.412754,79,135.716076
510.320044,102,135.964925
353.897909,77,136.152195
295.908025,60,136.302996
435.179419,87,136.511419
396.304049,80,136.706835
462.572982,94,137.500207
435.034298,90,138.470173
427.347537,99,138.716007
321.057815,64,138.881072
327.658621,65,139.046617
338.093176,69,139.216784
381.275023,80,139.426544
436.945389,85,139.653543
299.618864,68,139.830913
577.353186,114,140.138606
400.594203,80,140.349636
602.711882,117,140.650659
336.140187,66,141.522523
593.588752,120,141.878006
325.852042,62,142.039379
374.338259,74,142.222833
354.198544,75,142.417575
355.953241,86,142.633151
358.575393,78,142.819882
493.371631,101,143.069771
308.899956,61,143.21543
446.201226,94,143.452842
364.28692,73,143.628842
410.474364,82,143.838902
271.364619,61,143.993678
242.80147,59,144.711614
280.419268,57,144.876434
524.899714,113,145.20181
380.090555,75,145.379325
302.477319,71,145.558634
319.573736,67,145.721703
301.746601,68,145.885309
420.246436,83,146.842039
399.635816,80,147.039137
450.42992,99,147.293924
552.164936,110,147.563678
440.269324,100,147.845495
485.977481,101,148.742688
713.668327,145,149.108964
273.678536,61,149.262028
434.562029,89,149.482925
406.203543,92,149.710704
425.484061,85,149.916267
374.077855,77,150.102861
266.47731,56,150.242304
397.186481,86,150.455327
266.589989,56,150.591164
345.98063,67,150.758334
346.45559,68,150.929393
422.594234,84,151.144807
461.586624,108,151.948684
284.390946,55,152.106686
319.298225,69,152.308455
568.064541,116,152.611747
349.998739,69,152.783012
431.063249,85,152.994835
392.255395,87,153.210317
503.693574,101,153.458095
313.126716,61,153.611922
390.04112,89,153.834348
439.017988,86,154.052827
349.28366,68,154.222771
317.683024,63,155.23512
392.841938,85,156.055875
342.218298,69,156.224319
271.525835,55,156.355051
450.883619,87,156.580166
481.391771,105,156.843296
406.626496,92,157.072101
404.929914,84,157.278572
347.15025,75,157.467261
442.92011,83,157.674329
262.738952,56,157.818819
357.699597,82,158.02965
404.3078,81,158.221902
528.976824,123,159.060203
433.36979,85,159.290164
333.756798,66,159.48259
417.612389,93,159.734553
524.56876,122,160.032841
530.352151,103,160.279908
509.958351,116,160.564135
400.036784,76,160.75569
341.554539,67,160.917113
333.036086,82,161.12102
348.542174,75,161.308377
381.05972,75,161.49212
419.487303,85,162.236328
679.710075,134,162.612644
456.240127,87,162.869701
376.217941,73,163.048748
309.005056,71,164.019335
470.605929,102,164.271318
333.898497,76,164.461258
601.945532,118,164.763124
582.263743,114,165.045702
359.506467,77,165.2404
327.651701,64,165.400885
424.118528,83,166.162712
281.272172,55,166.297459
861.285417,182,166.799155
432.254359,90,167.039373
452.060159,90,167.260439
335.05073,68,167.421587
346.845944,68,167.581576
413.560544,81,167.77968
406.455732,97,168.017933
430.073673,99,168.259559
364.260756,73,168.449661
617.816835,127,169.276584
681.396402,140,169.613127
297.466201,66,169.796545
453.736414,100,170.075256
543.449629,111,170.367426
340.989707,70,170.540579
419.862667,84,170.746087
457.920642,98,170.98412
385.923132,75,171.169698
309.738735,72,172.11007
440.148327,85,172.333828
356.083122,68,172.506513
433.036787,92,173.311522
397.146471,78,173.52843
312.743116,69,173.706793
451.114693,91,173.924767
450.691282,90,174.148417
355.427361,71,174.316581
289.015793,69,174.491903
542.156208,106,174.749003
729.00784,163,175.155182
467.208462,88,175.368317
455.990625,100,175.628742
438.293047,101,176.391232
460.760164,89,176.607872
368.952713,82,176.801822
381.520364,75,176.980361
430.033344,84,177.185281
309.880218,70,177.371445
403.358531,81,177.59659
511.898021,100,177.875384
488.959073,103,178.136216
425.609914,90,178.352996
523.359355,118,178.642226
453.299083,90,179.362244
393.39824,80,179.550848
560.754838,113,179.830964
386.691817,76,180.867194
347.145632,78,181.086713
364.048475,72,181.275114
431.271294,83,181.47916
424.577142,81,181.691637
328.189136,76,181.872151
368.376337,71,182.043249
400.561779,78,182.230495
630.420303,128,182.54435
443.569035,88,183.277525
457.737704,91,183.498481
354.446845,71,183.675219
416.089601,82,183.882004
377.209567,77,184.07654
488.706554,93,184.308723
630.940509,126,184.624535
379.708583,78,184.836301
639.972394,127,185.210357
440.773705,87,185.449977
462.782299,91,185.675888
467.952385,103,186.45879
389.805566,91,186.678164
456.56829,94,186.90408
363.744467,77,187.09013
531.341551,103,187.34128
324.212104,72,187.51626
370.595371,79,187.713066
352.451233,73,187.887574
525.447854,102,188.169783
361.209383,71,189.205979
475.055668,94,189.428528
274.762061,59,189.568234
728.967002,141,190.400307
336.312017,66,190.56025
388.856524,78,190.751948
523.567804,113,191.030484
449.536575,90,191.249696
324.3797,64,191.415583
348.441286,70,191.607437
354.119056,79,191.8223
596.600605,118,192.124674
417.892862,89,192.345189
430.45769,99,192.58461
301.048653,61,192.733178
424.770037,84,193.51562
387.090799,75,193.698687
436.04647,84,193.906959
325.939712,63,194.067182
807.326867,165,194.466963
355.834634,72,194.64179
362.624897,83,194.839075
574.947862,126,195.150601
357.65348,70,195.327851
384.500179,76,195.547375
341.230704,70,195.756947
362.070587,70,195.948138
770.173348,165,196.863206
339.544488,78,197.932545
405.499423,76,198.121577
636.0182,127,198.431412
385.004065,76,198.623885
347.066801,72,198.828741
241.479627,49,198.976654
401.727157,88,199.223724
394.495646,87,199.45311
377.976218,75,199.635223
402.137653,85,199.846778
536.701107,107,200.76737
454.279228,101,201.013416
425.563332,84,201.220248
578.447782,123,201.530116
347.253212,74,201.712386
591.310289,135,202.047974
432.513785,85,202.254685
410.306719,91,202.477628
354.714903,81,202.684722
349.609013,72,202.873873
423.963335,95,203.160739
453.105259,89,204.108557
591.435024,113,204.382815
508.343074,113,204.663485
512.356969,102,204.917938
532.816983,103,205.172597
298.389654,70,205.345823
419.810397,82,206.423491
437.609305,90,206.700386
417.216946,91,206.947398
373.28814,76,207.149237
313.556574,72,207.332787
472.852223,94,208.0639
391.846385,77,208.253054
312.883934,72,208.430977
332.40209,68,208.590641
410.089627,80,208.789544
328.678058,67,208.956547
346.936315,68,209.120002
479.241118,96,209.35063
300.407018,59,209.505512
358.32722,82,209.748103
307.496652,71,209.955464
466.423696,92,210.179136
345.131422,81,210.374448
287.34745,65,210.534978
387.024642,76,211.272451
625.645412,120,211.567231
684.843032,133,211.894239
415.275186,89,212.110235
531.950106,109,212.375374
427.844871,87,212.589555
356.751768,70,212.763655
431.129192,93,213.006744
372.44033,71,213.18722
481.548962,94,213.421275
409.198316,81,213.635746
354.153323,79,215.330191
371.72318,74,215.511109
341.547184,79,215.704663
513.367462,100,215.951281
478.023627,94,216.178871
481.986436,102,216.432986
344.82824,67,216.60179
328.650708,66,216.774646
487.661009,101,217.085131
338.969592,67,217.269409
447.301686,89,217.518207
451.077359,86,217.723718
344.475134,75,218.397234
468.385236,93,218.638003
370.28261,74,218.818051
359.505373,71,218.98662
537.609386,109,219.254651
462.397632,104,219.511215
361.379848,71,219.694827
338.694302,66,219.858982
441.320903,99,220.10783
532.372381,111,220.406087
522.32525,103,220.665101
553.799709,106,221.674484
438.647353,87,221.912974
349.422458,73,222.090233
387.294829,77,222.275093
390.144373,83,222.483567
371.102971,71,222.654376
476.591018,101,223.72826
466.673185,90,223.974416
379.940201,86,224.200097
427.940283,83,224.418383
460.943737,92,224.730035
557.36257,112,225.054445
567.909184,117,225.883208
421.608034,86,226.089344
366.122923,73,226.269001
372.227441,73,226.442981
440.307386,94,226.675841
354.586406,68,226.837362
325.707986,71,227.012035
339.502845,67,227.174922
278.254335,58,227.314855
309.986837,73,227.496402
464.302424,89,227.765027
453.5511,98,228.060972
336.033133,69,228.237205
391.512346,76,229.087237
523.342518,100,229.329802
334.47246,73,229.512286
437.650692,101,229.755367
347.583838,70,229.924694
512.381955,101,230.169869
367.809584,83,230.375366
540.838197,102,230.622597
506.825456,100,230.881957
327.394767,65,231.050414
416.99822,81,231.248248
901.653437,184,233.315113
284.53937,65,233.476276
401.416003,77,233.668287
471.179233,95,233.897022
435.95309,89,234.11427
332.519059,78,234.306743
372.532879,73,234.48467
489.355849,94,234.713053
322.664551,73,234.895872
646.818755,134,235.300538
327.888008,64,235.481315
452.158634,91,235.719325
424.840708,86,236.587646
409.653945,79,236.783374
478.925309,102,237.03874
361.849822,70,237.210155
463.665979,92,237.439588
761.281162,152,237.822948
525.212423,120,238.125854
341.210162,69,238.293523
341.821257,72,238.477541
440.7092,84,238.683458
606.610981,122,239.735575
274.637668,57,239.890308
463.492652,100,240.137305
402.937826,79,240.330177
511.639415,102,240.57967
413.251437,81,241.685131
510.385729,114,241.980284
414.040911,82,242.185123
355.22237,75,242.382813
405.267185,79,242.618721
362.788925,70,242.824131
476.81701,96,243.097745
383.204191,75,243.275164
568.889822,113,244.22686
515.760903,103,244.487244
413.735163,81,244.685823
507.109998,101,244.927973
376.098171,84,245.137978
387.285252,78,245.325006
402.615458,78,245.511615
417.598042,82,245.7186
452.540849,102,245.983092
554.945419,109,246.266567
480.026842,108,247.354709
387.488206,89,247.587626
577.967688,117,247.881221
337.408716,80,248.073336
482.918317,98,248.316793
460.925685,88,248.531721
491.932562,108,248.793553
429.026571,84,249.00487
330.61026,75,249.192822
483.987805,101,250.409216
605.829932,119,250.707422
549.408325,111,251.561992
525.65869,104,251.834216
490.895213,112,252.119186
304.536905,67,252.285544
448.347468,94,252.520082
254.964184,61,252.670356
420.035747,85,252.883752
674.365077,130,253.220411
395.087733,84,253.473436
571.743301,131,253.837466
381.681779,75,254.026753
608.262129,120,254.819752
353.895499,79,255.02404
425.65484,82,255.228616
490.834307,102,255.488053
393.848076,79,255.685992
546.913134,106,255.953068
539.273293,106,256.218673
603.362407,117,256.509729
726.325202,148,256.886122
355.196674,79,257.096076
507.674908,97,258.051425
472.523902,97,258.303335
477.033244,92,259.387265
391.807339,77,259.576657
365.198524,72,259.753982
410.915337,85,259.974762
509.083135,105,260.252936
395.844677,96,260.50189
352.979996,85,260.72224
385.819749,77,260.972585
335.181505,70,261.173253
379.972024,76,261.38476
328.295513,70,262.212497
461.092144,89,262.431696
399.974253,79,262.629133
448.471444,101,262.874846
545.718718,107,263.138007
364.236735,84,263.340696
366.140286,73,263.518936
374.288894,73,263.698186
433.861997,86,263.91619
448.479842,94,264.167169
288.212202,62,264.32796
399.200313,79,264.537961
482.662015,100,265.508278
383.654623,73,265.701239
364.597539,69,265.868943
391.141889,74,266.042146
512.22173,101,266.289759
499.049552,107,266.550929
478.293327,95,266.790102
341.973582,84,266.988901
430.296295,84,267.990245
404.684398,79,268.205166
388.733215,87,268.464986
370.386245,78,268.695726
555.821187,121,269.526671
354.86854,70,269.701345
424.484912,84,269.912665
387.023212,88,270.132274
410.183611,85,270.342077
481.256843,105,270.602095
598.604828,119,270.897186
527.265501,103,271.161242
372.24723,75,271.352291
415.079852,80,271.556254
325.389794,67,271.767267
471.602518,92,272.719699
448.682947,87,272.928735
293.274053,68,273.094839
659.541769,151,273.49568
432.408712,85,273.70946
521.111934,111,273.993195
476.523515,92,274.21598
469.922068,92,274.436716
441.480004,99,274.700749
367.809921,71,274.887825
407.863445,80,275.08849
463.729338,95,276.027461
457.814255,94,276.302046
548.949319,121,277.519938
584.807344,112,277.789448
410.517332,77,277.978438
366.422879,73,278.154906
567.22995,123,278.468643
419.498568,82,278.683281
390.536339,78,278.888403
411.763294,80,279.122461
406.533211,81,279.365691
460.819169,86,280.100427
447.938329,87,280.310684
535.114537,106,280.563917
543.602963,108,280.823807
422.600961,81,281.02109
471.385407,92,281.24318
439.711973,85,281.453731
829.217994,164,281.860015
323.432703,71,282.048565
364.828853,84,282.270304
453.786751,90,282.492085
499.759271,99,283.403326
452.488781,89,283.659816
456.811354,89,283.890558
492.163938,108,284.156703
530.224295,121,284.461771
614.591494,121,285.705508
392.593147,77,285.905056
485.947768,98,286.158733
292.522439,68,286.34043
541.833771,99,286.656223
445.325832,99,286.933305
446.612693,102,287.700236
450.562846,88,287.913869
424.387093,98,288.158544
447.084888,101,288.40027
350.666015,72,288.587764
421.968914,81,288.778283
311.883878,67,288.945417
329.989487,65,289.102899
389.565177,89,289.317534
435.877796,85,289.536908
439.16461,98,289.8552
358.614282,86,290.610444
387.853065,75,290.795717
405.18291,77,290.992519
525.103163,103,291.24996
609.826033,134,291.584383
488.270185,93,291.809352
343.206484,69,291.978402
416.002777,89,292.194011
347.488581,73,292.378292
308.794697,67,292.547402
389.806759,81,292.7543
437.382582,89,292.978355
523.423602,102,294.697788
467.687098,93,294.927743
393.954833,75,295.101474
555.985469,111,295.371582
417.758109,82,295.570777
473.436173,87,295.784124
498.790591,102,296.033482
515.173886,105,296.287799
412.392764,92,296.530947
424.317113,86,296.750221
443.263509,85,296.975709
433.691687,87,297.833025
332.572847,66,297.990926
418.025597,79,298.190884
483.365357,94,298.423697
344.284018,76,298.608971
509.612437,99,298.850191
450.8778,87,299.062157
467.297527,89,299.281737
485.807299,96,299.521833
676.047644,138,299.881179
443.614543,87,300.10643
576.749933,113,300.924495
403.44173,92,301.160957
468.786888,90,301.397415
688.017262,140,301.800709
493.282813,92,302.029353
531.865223,119,303.363191
626.142924,124,303.657897
439.356438,105,303.929307
521.502417,102,304.182727
556.219732,106,304.483912
431.526191,84,305.300185
524.266912,106,305.560548
310.007031,71,305.734495
502.531284,97,305.971446
593.197991,120,306.262822
497.566716,98,306.497179
451.680909,87,306.704084
703.004109,144,307.059231
400.337422,89,307.29162
544.858544,104,307.563667
409.217081,90,308.4638
456.033422,91,308.688019
420.614663,83,308.892783
378.769017,91,309.121409
653.730518,129,309.432377
300.763672,59,309.573631
434.578635,96,309.814654
408.938914,91,310.034426
595.38241,114,310.313435
447.404528,87,310.52878
490.558316,95,311.782242
571.451782,112,312.712862
473.694669,104,312.966243
542.227775,115,313.244275
431.712027,96,313.476211
409.054488,93,313.70492
471.125807,91,313.928172
605.927605,117,314.210921
628.91949,134,314.560477
394.918527,77,314.748307
387.522665,76,314.948331
506.301209,97,315.843022
412.139916,92,316.06379
492.79946,94,316.287171
524.574313,105,316.542468
409.547921,92,316.771074
541.28498,113,317.051974
522.951624,122,317.354264
376.918962,78,317.547297
408.092328,78,317.749366
452.75598,99,317.996916
373.889619,88,318.219715
387.224779,89,318.95449
479.40066,94,319.176617
529.988989,102,319.460138
437.80042,83,319.701124
515.720382,101,321.002669
501.92042,95,321.240429
647.914753,133,321.554873
521.899966,103,321.815801
598.62825,121,322.121054
339.474442,67,322.289515
420.930314,80,323.149733
452.421937,87,323.353196
549.594934,106,323.603649
526.974347,102,323.846474
635.359853,131,324.16492
684.985755,137,324.493354
424.778213,92,324.7118
388.427661,90,324.938648
409.222446,79,325.134521
491.563939,93,325.376202
495.256943,97,325.626733
389.440374,75,326.364736
464.720504,104,326.624803
271.843182,65,326.812794
531.295454,103,327.104829
407.270851,87,327.32787
482.592306,95,327.556096
449.781743,89,327.77441
498.227191,98,328.01102
533.495596,110,329.244285
497.723903,98,329.487185
598.465667,133,330.481784
365.93356,77,330.672806
395.367468,77,330.855664
366.687947,71,331.026888
582.262073,121,331.320834
461.984243,86,331.527302
414.900059,83,331.727573
570.871044,115,332.008047
451.043369,86,332.219513
522.034673,104,332.479195
521.070258,99,332.727586
723.545562,137,333.745481
490.792134,98,333.982597
422.526098,83,334.182424
302.171187,70,334.351785
444.959285,90,334.573568
375.579694,73,334.752993
498.534047,110,335.031161
446.767695,84,335.235813
386.268977,88,335.451367
785.130062,155,335.848491
355.8736,82,336.067975
512.653069,104,336.835736
487.426519,96,337.061421
522.309299,99,338.399768
388.735772,88,338.621641
451.537838,102,338.872255
773.280034,167,339.274739
535.379228,103,339.532303
774.46622,162,339.937136
437.899963,93,340.182112
386.477313,83,341.025899
552.585841,107,341.299545
560.680204,119,341.585517
364.256896,84,341.798573
740.367836,152,342.165415
461.150809,88,342.381463
402.733465,84,342.582016
594.985752,131,342.900716
548.021333,112,343.177789
391.981622,75,343.368024
567.73254,112,344.199142
377.370999,72,344.373767
458.76929,98,344.607643
494.759788,108,344.912517
536.681623,102,345.199794
491.133036,97,345.433154
492.369312,97,345.668117
314.378342,71,346.821777
461.940744,94,347.051764
526.319332,106,347.325192
407.263349,85,347.542739
402.667205,77,348.380893
475.054264,94,348.612034
581.394007,123,348.908384
432.180477,89,349.127684
695.050617,134,349.444365
506.886753,100,349.675327
465.652988,102,349.918103
489.24214,95,350.153352
582.307945,111,350.424521
439.560013,103,350.679236
628.453915,125,351.628505
483.524009,95,351.874687
826.361984,162,352.266793
395.036137,79,352.462256
468.541243,92,352.691188
534.145977,109,352.960162
578.637593,113,353.242948
510.546043,102,353.504622
399.861429,77,353.701824
495.3702,95,354.454029
425.802855,93,355.671429
488.147833,94,355.943103
452.036161,95,356.205074
742.056017,145,356.561649
383.218191,91,356.781222
583.972372,120,357.06498
480.008295,110,357.337265
525.631086,99,357.575162
547.853161,122,357.871145
430.468431,92,358.607041
669.33497,129,358.952391
455.74191,91,359.219593
728.227553,159,359.605476
633.107406,125,359.909364
472.028889,100,360.15078
462.853923,91,360.371577
548.453747,113,360.641116
432.696336,98,360.879325
629.817293,139,361.78074
548.517153,105,362.04085
334.93001,72,362.217752
439.134477,98,362.465027
745.128445,146,362.815955
625.853804,122,364.52964
524.71125,103,364.780134
981.338566,198,365.263589
509.680662,108,366.050977
565.732929,109,366.326582
888.503166,182,366.838079
641.612802,124,367.133994
634.869523,118,367.416761
587.136459,133,367.742368
599.901878,116,368.02626
495.154925,96,368.263545
451.04957,91,368.480484
683.266731,130,369.386027
541.020398,105,369.699144
629.846493,130,370.091779
591.83624,113,370.374234
465.45382,93,370.613084
556.344148,106,370.8939
403.052229,88,371.124371
466.861617,96,371.369984
561.351189,106,371.636873
803.424936,159,373.839201
446.437379,84,374.058166
641.677817,129,374.429595
639.203631,124,374.764164
511.461447,112,375.083403
404.798753,88,375.301099
544.166196,121,375.627507
367.987432,80,375.833195
538.821261,101,376.087785
534.558682,102,376.343678
661.830393,127,377.281378
574.293659,119,377.627788
497.603843,103,377.93457
412.421129,93,378.165818
664.939543,130,378.489791
608.735005,119,378.784681
377.102679,74,378.970702
494.281561,116,379.259789
609.624803,117,379.546477
701.903251,140,380.471496
369.842521,72,380.65251
487.838934,102,380.903299
629.301913,128,381.223371
582.143652,124,382.684906
509.074415,108,382.946182
451.886409,96,383.184916
535.209868,100,383.42593
613.488391,121,383.732675
454.406758,98,384.626715
394.53336,75,384.807506
344.016123,69,385.007942
458.417359,88,385.26375
435.640037,86,385.492755
522.203301,102,385.748065
471.765842,109,386.012647
726.147816,140,386.344595
552.07794,124,386.639159
432.078799,81,386.833021
546.382282,117,387.116351
571.821337,109,388.039807
504.340239,98,388.288018
496.097196,105,388.552303
450.77415,98,388.799556
398.841106,77,388.996483
577.044665,114,389.291051
420.558688,85,389.501576
546.007142,100,389.800242
429.550773,86,390.044156
433.869745,96,391.323093
449.179415,87,392.021327
483.028823,93,392.250255
490.775557,96,392.481738
354.849044,69,392.648478
805.494729,155,393.100485
513.193718,102,393.368228
478.961826,92,393.596424
485.283896,110,393.872561
390.981347,74,394.054375
596.109484,113,394.328219
332.184936,65,394.487771
710.052693,158,395.373211
537.780605,106,395.631437
419.053755,86,395.840915
473.095289,103,396.143079
403.095554,77,396.359866
541.851519,117,396.649386
581.614884,110,396.933456
616.681527,120,397.228064
506.994045,100,397.473472
631.171281,137,398.47377
473.449311,92,398.702258
623.419464,124,399.007654
516.778959,100,400.237293
513.982157,97,400.489501
476.537646,93,400.742239
594.920275,114,401.08437
714.161095,147,401.467169
521.654043,107,401.723715
586.046434,114,402.679164
550.307834,114,402.959453
464.126939,107,403.224084
420.281564,83,403.428592
581.317489,121,403.723284
490.040362,104,403.990431
650.201164,127,404.342584
413.099433,83,404.571898
428.776019,83,404.771741
553.780776,106,405.037428
454.291235,88,405.250049
700.078033,140,406.249641
552.893032,112,406.523596
520.632495,111,406.791885
413.794585,90,407.014944
466.299801,90,407.24117
657.744336,130,407.570236
504.401986,95,408.987789
538.911613,108,409.306288
601.871912,116,409.620363
661.215471,134,410.594344
438.882676,103,410.852568
458.068934,93,411.078211
446.58307,86,411.285714
544.784786,105,411.536468
755.0353,152,411.902656
451.136802,96,412.149807
426.549508,96,412.445702
493.883292,114,412.756844
502.239599,103,413.570517
398.171707,89,413.7898
515.633034,101,414.033685
848.631818,162,414.434849
429.564274,84,414.640058
728.546145,138,414.970503
736.236472,142,415.337011
482.260169,91,415.604214
639.38081,123,415.938817
458.264065,87,416.645192
480.647086,93,416.875504
610.035743,115,418.192315
620.039396,139,418.532266
621.771274,121,418.837922
408.55233,83,419.054694
597.291721,115,419.354913
615.38462,120,419.656869
550.537292,111,419.945528
700.11344,134,421.058095
956.409566,195,421.560329
625.391282,121,421.860787
540.539161,104,422.105239
570.531052,113,422.38374
745.22886,142,422.723935
441.787374,85,422.941328
771.864946,156,423.362593
492.725309,97,424.303712
649.79739,137,424.631965
498.015446,91,424.850736
617.871074,118,425.138473
358.49587,83,425.344961
527.10735,103,425.596755
689.810766,128,427.036551
438.303553,88,427.263113
556.210243,124,427.587872
459.996718,88,427.809463
751.807424,150,428.912599
518.197354,100,429.167324
413.954374,93,429.393645
842.636394,162,429.78992
512.196177,99,430.032431
495.549873,111,430.308039
502.51859,103,430.559146
557.472138,119,430.852399
602.20599,116,431.156281
467.31434,92,431.985483
419.44753,94,432.242778
424.166914,94,432.479966
301.080849,66,432.638912
620.433083,120,432.926513
461.551445,88,433.151612
510.547019,103,433.407685
557.290451,119,433.70843
679.765013,130,434.038563
443.925927,85,434.260377
654.94022,143,436.199695
706.740151,137,436.545995
724.960516,135,436.880963
518.66045,99,437.124991
519.069388,114,437.415231
494.117336,99,437.666621
353.857195,79,437.873057
714.634148,137,438.22195
434.733911,91,438.456411
365.828468,85,439.183267
323.614307,69,439.350226
536.509239,117,439.636857
572.51916,114,439.968078
747.130168,168,440.420356
467.304563,103,440.677923
471.136735,93,440.90626
413.507944,95,441.140886
491.768579,96,441.371625
486.173132,92,441.60351
497.208412,112,442.370181
599.117383,126,442.675048
545.133789,113,442.981459
473.509107,93,443.255043
452.116856,105,443.520494
462.798186,87,444.810446
411.690468,93,445.043724
508.904532,101,445.299495
626.136044,131,445.638359
585.110432,111,446.594712
649.250465,128,446.904205
619.98531,138,447.27449
564.596642,118,447.614613
572.382999,110,447.876789
426.676534,93,448.110386
406.384405,79,448.299661
494.353021,92,448.521542
416.380725,88,448.736733
616.26899,115,449.020044
380.346176,73,449.691421
610.748609,116,449.981587
661.968048,130,450.314032
472.713142,105,450.633412
546.999677,124,450.99195
365.937152,84,451.2108
481.348676,90,451.4384
446.619588,93,451.68553
506.997025,112,451.97288
641.35745,144,453.236965
626.762588,124,454.212392
682.84145,131,454.565851
420.105913,87,454.794183
477.682553,90,455.031244
493.527021,96,455.284769
679.789048,132,455.635257
630.837938,130,455.971598
611.601427,137,456.341343
802.404664,151,457.371708
477.186348,94,457.614335
400.297512,84,457.836708
678.536705,133,458.177524
434.913297,83,458.42581
492.698625,114,458.768439
501.344478,98,459.032428
594.453756,112,459.322533
434.347796,91,459.558852
653.896651,138,459.913773
730.936723,140,460.90822
490.680677,94,461.136542
438.486517,89,461.352083
472.455174,110,462.78844
461.632525,116,463.07126
664.778841,139,463.418859
470.49769,93,463.652501
564.046634,105,463.916476
402.831207,91,464.157218
535.253837,103,465.105928
527.958879,101,465.378986
458.734402,102,465.657809
612.343182,127,465.98902
608.170788,137,466.420705
588.604186,125,466.761997
539.125962,107,467.030526
451.515207,94,467.263614
640.457432,129,467.57462
595.079686,123,468.397565
581.658496,115,468.688484
356.366819,83,468.889876
731.221962,140,469.232786
525.407681,109,469.540044
604.978662,118,469.864634
457.321133,104,470.122855
535.37004,111,470.390193
506.946282,108,471.503014
592.431008,130,472.33893
617.153362,123,472.64961
433.586098,85,472.86147
356.416791,69,473.037211
755.826421,149,473.411661
620.886114,125,473.721487
479.314121,95,473.98935
416.543303,98,474.265633
432.38935,83,474.483386
469.525517,102,474.730216
459.255865,85,475.613377
458.079104,88,475.825892
446.866213,98,476.069052
636.012366,132,476.394292
480.582374,87,476.605075
835.555181,175,477.062392
418.557277,96,477.342674
612.683825,112,477.644079
488.234557,99,477.886876
530.338688,110,478.662087
526.055543,105,478.915489
706.1351,135,479.228417
563.092742,111,480.606653
523.409501,101,480.867663
755.576252,145,481.228036
604.248031,118,481.514029
697.824052,147,481.880539
585.980825,107,482.147567
386.347218,74,482.878213
511.675998,105,483.141742
410.567256,80,483.337798
575.543563,118,483.626204
575.173123,116,483.910595
427.45467,85,484.115161
604.352201,116,484.394872
510.696276,99,484.651718
367.537377,78,484.897839
816.444757,163,485.338786
743.097106,145,486.180427
482.560342,107,486.443423
492.213411,92,486.66858
528.661316,120,486.963854
650.906783,124,487.261566
553.641179,102,487.505939
471.117526,109,488.886685
472.065887,95,489.128723
493.043272,104,489.381096
482.728462,98,490.195248
328.375098,76,490.382941
377.048611,85,490.592539
369.121515,72,490.772945
1000.705954,205,491.307748
374.595794,85,491.52129
418.065256,81,491.727243
544.572512,103,491.984913
734.459661,146,492.421789
807.460171,152,493.328184
412.383592,95,493.567226
728.967543,147,493.933284
862.375813,168,494.349988
504.705474,96,494.581961
440.984801,85,494.787774
785.335998,149,495.164352
877.647869,187,495.733193
451.144612,95,496.466333
598.189519,121,496.772544
481.066413,112,498.134845
527.899337,98,498.38446
585.245968,119,498.759364
609.138242,116,499.071956
691.6967,133,499.394035
568.480142,111,499.66945
622.767345,142,500.030243
464.367761,88,500.79819
569.066195,117,501.079832
583.885947,117,501.362018
729.713375,157,501.746782
467.659348,90,501.976094
498.751415,94,502.203722
603.75739,123,502.505245
766.059707,152,502.96482
437.717297,87,503.208644
447.266438,89,503.930384
608.169193,113,504.219124
467.674197,107,504.478391
786.726339,151,504.850132
608.477445,113,505.124306
566.736765,106,506.675905
393.843542,73,506.854723
602.659022,114,507.129095
477.992106,94,507.359267
689.625789,136,508.344882
416.892441,89,508.566716
470.7882,106,508.837064
634.776452,133,509.171142
541.460959,103,509.430212
628.30626,124,509.739941
610.53505,118,510.032666
467.234466,95,510.279029
544.59331,104,510.614682
656.671683,122,510.935282
463.223735,95,511.669331
522.867894,103,511.926762
716.154409,137,512.266412
587.3327,124,512.588973
669.809888,132,512.922886
618.51616,139,513.279663
533.720863,101,513.570726
573.508784,112,513.923702
513.609484,116,514.902138
652.071633,134,516.272199
536.794852,111,516.547431
466.7188,103,516.848493
562.517739,101,517.163655
584.778725,112,517.450082
534.145364,106,517.716109
560.516015,114,518.006202
518.300697,105,518.267145
705.45575,136,519.181777
792.910544,152,519.554653
415.51763,97,519.793371
525.561225,113,520.07097
374.10879,88,520.288866
731.733121,142,520.634591
473.373109,90,520.852148
677.227665,129,521.1833
483.505795,94,521.481712
665.497542,131,522.499476
322.713785,74,522.683185
434.284988,94,522.915737
650.409675,124,523.221035
690.66563,136,523.562686
334.794633,78,525.052255
651.184499,134,525.380977
382.182703,74,525.559169
661.495608,141,525.910517
800.721832,149,526.816772
454.722425,103,527.076989
579.001368,112,527.365439
535.282863,99,527.625873
435.020986,88,527.851745
376.868432,82,528.061243
555.605507,118,528.349761
450.5676,94,528.590081
459.826085,87,528.835298
593.253392,115,529.19519
867.487274,168,530.113973
560.763509,108,530.376355
326.412903,74,530.560402
562.415527,107,530.825884
648.769631,134,531.148439
640.946672,126,531.458392
481.180188,91,531.678571
566.9503,112,531.986805
547.936931,118,532.354176
602.307717,115,534.354642
651.885935,131,534.682272
321.587632,77,534.87773
728.514602,139,535.253608
440.498628,95,535.532591
765.809157,144,535.902194
732.118472,140,536.255762
456.341678,86,536.471356
412.16458,94,536.711577
498.419777,94,536.950969
443.915501,84,537.694793
677.496412,134,538.026099
630.68106,145,538.382252
512.430639,106,538.642154
621.476815,110,538.906711
502.398242,99,539.145
346.771307,83,539.36815
599.720749,114,539.713088
897.518002,180,540.861836
514.155132,117,541.148659
627.131973,129,541.47227
879.122187,173,543.063745
507.60087,102,543.326914
622.805503,120,543.63074
632.654803,134,543.964087
861.502702,160,544.367957
607.170364,128,545.238294
655.010198,133,545.576941
640.357664,123,545.888512
580.756954,112,546.165617
432.276803,86,546.371063
379.513417,82,546.573341
522.104913,106,546.838596
632.805535,117,547.143771
455.549861,100,547.452466
593.381859,112,548.257673
1031.631268,199,548.74341
958.355399,196,549.234683
510.17961,115,549.524341
511.793893,97,549.758901
445.902852,85,549.966907
423.182923,97,550.208297
420.526889,80,551.722405
533.002011,104,551.973476
568.94553,110,552.920521
499.47782,96,553.156173
467.962161,88,553.367528
607.81663,122,553.674321
457.271337,87,553.889386
538.523257,105,554.156846
878.22948,181,554.614863
558.906913,103,554.894277
444.327111,84,555.165597
771.191499,162,556.253715
485.275381,111,556.532297
619.176068,129,556.842303
471.207996,107,557.108252
450.708054,99,557.351537
794.662781,160,557.750384
895.053644,180,558.262105
642.993596,141,558.651658
557.074233,114,559.602043
439.353542,92,559.825598
430.759898,93,561.287119
493.361077,110,561.618422
586.141024,112,561.901287
633.998627,120,562.195673
889.498103,174,562.631233
692.093742,136,562.984921
515.919413,102,563.241788
713.773037,141,564.236831
568.819122,108,564.50261
620.782065,137,564.841894
542.317046,107,565.101785
573.971371,110,565.372036
456.968568,104,565.652048
469.891862,87,565.910045
615.491933,125,566.24845
616.446435,130,567.231345
538.006161,103,567.480886
436.014225,90,567.691043
531.915495,104,567.943966
400.450867,75,568.1337
708.012505,133,568.460998
573.830175,117,568.76557
651.518483,137,570.245945
695.011635,132,570.57088
537.394113,99,570.813648
582.528913,115,571.749351
471.184142,90,571.97759
597.963374,136,572.323423
636.638927,125,572.641378
447.287788,89,572.861623
493.405629,109,573.129963
628.196198,116,573.455698
631.452788,121,573.809205
465.936757,97,574.043742
436.684744,102,574.956561
623.001684,119,575.261166
472.530629,87,575.477337
779.309046,153,575.853515
466.002836,85,576.069115
494.601747,95,576.298341
399.873301,76,576.508005
589.599094,107,576.821885
838.230201,162,577.226844
930.378581,180,578.306999
491.394282,95,579.546567
466.873466,89,579.811034
465.102773,92,580.069242
721.329823,146,580.433892
385.559779,89,580.661761
473.635013,92,580.895452
451.970744,88,581.119895
411.497648,77,581.314428
602.762258,135,581.658296
465.627987,91,582.56373
602.517785,124,582.85811
688.248165,131,583.179545
481.885925,95,583.415428
611.559278,114,583.696619
540.833608,103,583.958231
680.602659,138,584.368531
879.392982,177,584.806989
577.887838,114,585.73492
678.76061,138,586.08056
792.596846,160,586.480549
516.540619,95,586.729826
472.264248,88,586.952266
504.072514,94,588.295614
492.988973,95,588.527074
535.845548,112,588.807283
530.026654,104,589.057549
658.78506,137,589.948354
547.393745,110,590.227584
756.66741,147,590.599789
483.471644,91,590.826375
568.185726,106,591.08989
729.989752,137,591.426971
969.451187,185,591.989429
971.87066,197,592.47314
739.130371,148,593.487059
672.746024,143,593.837769
448.031475,90,594.057396
637.929575,122,594.361532
959.735964,182,594.856685
474.557681,88,595.116975
677.865373,128,595.434498
545.466247,115,595.717028
507.306204,97,597.50996
700.70816,139,597.865972
578.648809,112,598.195967
540.070526,106,598.466964
536.03442,103,598.722648
576.329124,110,599.013473
601.505555,115,599.306368
555.344774,107,599.576489
663.072132,136,599.923048
434.483903,88,600.63169
519.021565,96,600.865972
445.182297,88,601.084134
796.579478,151,601.457363
420.798387,83,601.664138
621.632729,122,601.970351
487.544267,91,602.189475
554.273408,114,602.531924
585.724557,137,602.900261
413.911638,88,603.782297
413.990576,92,604.002997
493.533929,95,604.232702
489.524528,93,604.465261
639.17576,117,604.749527
594.384158,139,606.314552
712.598128,146,606.677617
493.882212,105,606.932497
507.275487,105,607.186711
733.076295,148,608.150137
553.341067,112,608.432451
557.691528,111,608.71332
693.761783,133,609.044656
661.881253,131,609.364827
657.516521,134,609.685189
610.745809,134,610.061601
554.190536,111,610.398559
649.127269,146,611.429293
602.750805,120,611.738154
491.008064,96,611.979715
450.950642,97,612.230925
408.364763,90,612.465064
485.233542,90,612.700002
573.451389,106,612.999641
536.548119,99,613.307436
801.342381,147,613.748663
717.996136,136,615.330336
651.772963,126,616.292527
582.095939,116,616.61217
600.950213,108,616.937467
516.834916,105,617.209061
696.591655,141,617.579212
450.948394,85,617.795824
495.280294,102,618.059444
623.710666,128,618.396358
444.94867,90,618.630359
463.987358,86,619.390177
479.415461,102,619.645644
578.850187,109,619.924615
521.336122,100,620.187707
442.86424,101,620.443608
581.483871,110,620.73139
620.363583,136,621.085639
435.139794,83,621.301092
689.538326,147,621.766507
561.162871,107,622.573208
596.848245,112,622.856456
797.513615,162,623.26527
586.817173,118,624.745718
750.561531,146,625.18557
577.566243,117,625.478358
514.660214,114,625.770065
628.481909,115,626.057653
627.796109,132,627.054125
536.033425,102,627.317039
428.9603,99,627.573956
528.161042,98,627.822368
445.031272,98,628.069611
501.848256,95,628.306781
664.378374,126,628.631024
509.103021,104,628.890252
511.88853,101,629.151462
598.828808,129,629.558299
552.130429,111,630.515812
420.579615,85,630.730067
512.426029,101,630.981954
530.023402,112,631.258925
454.308466,99,631.505849
530.403262,116,631.794897
457.443658,88,632.010864
740.336284,141,632.389084
595.686677,117,633.948603
493.584555,100,634.193596
872.458108,168,635.109189
611.314868,115,635.401999
679.654657,152,635.803579
950.858311,180,636.282319
780.016231,145,636.660477
627.745015,134,637.013688
496.584316,99,637.333638
484.008502,105,638.270955
460.638186,106,638.539152
443.876555,83,638.751295
516.110867,106,639.028006
986.717505,190,639.491859
599.915791,128,639.820236
832.662543,175,640.30465
613.841462,125,640.67604
709.589514,140,641.527882
555.837627,106,641.785108
512.488733,100,643.091594
534.629109,104,643.391391
493.534892,110,643.731254
554.113737,125,644.076719
626.910682,120,644.381057
562.811843,112,644.664805
595.066078,110,644.941108
489.731083,94,645.728949
645.434773,118,646.030762
681.385216,129,646.357276
448.086287,87,646.573198
653.49485,128,646.890874
550.739672,123,647.196773
697.458956,131,647.524819
439.272269,83,647.749347
369.102832,83,647.972226
565.929587,108,648.907359
531.633056,103,649.1664
472.257727,97,649.400263
521.987061,108,649.666321
671.204526,139,650.008856
391.681538,78,650.201227
693.49346,126,650.522979
656.713414,134,652.101295
797.664773,154,652.48276
494.041733,97,653.20816
706.847297,139,653.557628
970.867817,186,654.017989
553.34148,107,654.289092
552.067897,102,654.547448
534.046523,103,654.809827
592.483952,122,655.131452
596.797364,111,655.428958
697.118953,132,656.303061
458.954412,97,656.590043
815.236005,167,657.024628
605.702646,118,657.309239
515.417225,100,657.554792
896.864487,169,657.982705
673.704872,131,658.30299
602.498035,122,658.608516
853.340143,185,659.658069
438.180353,83,661.117075
489.152666,94,661.34748
666.484657,133,661.679919
758.364452,144,662.051666
497.363632,99,662.317023
728.129055,141,662.711298
564.194512,104,663.034727
389.85885,75,663.237981
520.785955,102,664.005927
485.79685,97,664.254386
542.799029,115,664.549779
792.156691,155,664.950258
387.454974,73,665.134873
745.800793,141,665.498512
630.845477,121,665.800908
1024.668276,192,666.288057
534.190723,106,666.556809
787.55646,153,667.449808
567.735288,102,667.739951
687.319624,129,668.105092
601.42293,123,668.401137
767.240544,140,669.888392
678.363811,126,670.202157
497.83106,100,670.470627
611.640177,118,670.789883
468.069434,94,671.661015
617.116627,112,671.94257
728.343248,134,672.281552
569.667765,106,672.544973
540.983452,107,672.810761
528.042805,106,673.073698
481.829627,112,673.368628
471.238044,104,673.648516
738.282962,140,674.02075
539.287124,118,674.972452
535.513883,109,675.258269
813.278075,164,675.697993
525.784688,109,676.005949
795.066223,154,676.394052
683.489358,127,676.707943
466.216771,87,676.92196
505.539778,102,677.179578
865.117143,169,679.690631
630.516055,118,679.992878
506.995649,93,680.224255
547.968144,106,680.488997
656.107419,134,680.81903
497.170637,94,681.051766
415.089114,79,681.250907
456.557811,86,681.476144
629.451416,114,681.770668
469.131013,107,682.05567
790.392916,149,683.207673
736.309931,142,683.568508
649.852519,120,683.869384
581.882402,111,684.153228
654.275303,127,684.479341
639.0199,121,684.778995
597.76476,116,685.077711
397.448366,76,685.272644
1036.026266,195,686.281958
517.050143,107,686.549744
500.024396,97,686.792091
524.612962,113,687.088922
448.090772,88,688.557194
493.273474,90,688.773917
439.950504,84,688.976056
437.932972,102,689.225127
589.407203,114,689.506689
741.351386,146,690.609067
522.527203,113,690.930859
769.687247,151,691.307269
485.371488,102,691.562352
630.569995,122,691.861004
412.839088,77,692.051208
561.759145,105,692.312268
556.79721,109,692.587453
430.736237,87,692.816886
552.315361,109,693.108612
673.56952,125,693.953932
1093.306565,220,694.503953
747.659187,146,694.89552
787.29344,151,695.328606
480.07157,108,695.599426
530.964169,100,695.843935
497.343042,95,697.412482
596.57871,116,698.451196
614.299467,116,698.760045
700.890011,155,699.167673
586.733134,123,699.47368
390.291926,73,699.662394
895.808984,187,700.137472
617.461536,118,700.426702
753.840829,144,700.801962
429.285365,81,701.011657
639.802918,126,701.892534
586.413139,114,702.186031
549.285641,104,702.451657
654.366036,135,702.795698
516.666802,116,703.114266
783.566018,150,703.542422
696.859512,151,703.929478
542.358457,116,704.219226
719.862485,146,705.06675
500.599824,114,705.353801
510.279882,97,706.859104
598.300149,118,707.167382
660.90902,125,707.497516
988.488508,188,707.970202
485.32303,96,708.201795
611.135448,118,708.50249
648.453953,134,709.506454
491.055089,95,709.779083
774.154592,157,710.218809
541.421193,110,710.492523
490.469603,116,710.778567
533.609899,104,711.036723
477.157548,90,711.264241
571.51699,111,711.549403
516.40183,100,711.804259
469.385479,105,712.755065
707.615944,151,713.133184
644.049707,115,713.427812
529.989968,117,713.726323
804.909024,148,714.087409
668.443772,130,714.452774
598.420706,111,716.023098
519.377517,101,716.271605
649.734888,126,717.252401
694.165342,145,717.659839
685.173318,134,718.029278
547.510863,103,718.287856
710.875489,147,718.658906
572.476599,129,718.983737
803.999404,148,719.353245
654.762351,119,719.645888
638.904372,119,720.618802
591.425602,109,720.898456
721.098028,138,721.252165
487.06498,94,721.492498
521.190715,101,721.746033
560.755083,109,722.020811
579.933518,109,722.298169
485.467632,96,722.598158
594.951333,113,722.941396
598.543982,116,723.875979
626.827131,131,724.202298
486.172386,92,725.651222
497.230747,90,725.93393
624.863752,122,726.276272
751.063686,161,726.670835
580.535236,110,726.948865
691.368547,128,727.273515
633.189555,120,727.572758
704.793407,139,728.560499
790.169651,149,728.957266
646.359028,124,729.325656
441.873698,106,729.605485
425.647308,90,729.832271
697.371307,136,730.181567
555.339246,104,730.446087
849.423373,173,730.895744
439.332456,83,731.671798
643.725925,120,731.971601
642.943341,128,732.291288
671.989615,131,732.618937
727.600836,130,732.938008
636.066313,131,734.523451
461.06668,92,734.752236
638.845511,142,735.105323
473.321158,94,735.342985
809.155941,151,736.203597
594.860365,115,736.487666
389.702518,85,736.694029
545.586484,101,736.947116
470.128285,113,737.286839
653.715936,128,737.640863
806.230773,153,738.037192
666.421258,127,738.351178
890.985976,162,739.271281
701.284122,132,739.607767
725.138913,134,739.947503
620.79926,118,740.249987
590.814621,128,740.57868
556.711307,108,740.855891
408.044272,78,741.064929
657.079399,127,741.403951
625.228574,120,741.719004
828.789871,152,744.105032
746.063367,144,744.508253
542.988977,120,744.854749
674.255104,133,745.217852
488.939164,93,745.500548
557.438224,107,745.815803
444.918234,87,746.035527
457.422982,99,746.280877
430.347391,100,747.192039
510.404933,101,747.448427
572.115383,112,747.747833
822.531323,154,748.140556
872.66931,165,748.580356
552.263286,117,748.936391
501.747017,96,749.197198
550.180775,106,749.475988
724.751741,149,749.861228
483.593158,112,750.826463
594.063758,116,751.128537
713.153249,134,751.472148
913.889079,182,751.927167
813.050762,168,753.632951
689.497938,129,754.019885
600.387127,111,754.297541
572.803488,109,755.239899
548.649706,101,755.487975
566.218548,110,755.768616
683.530859,133,756.097648
868.665809,165,756.499292
588.830202,114,756.822716
457.164694,86,757.082073
653.665038,121,757.387765
990.755242,190,758.529117
442.285513,86,758.748991
692.003648,133,759.087893
604.490389,111,759.377176
684.912574,135,759.745223
575.520468,109,760.028951
696.589556,138,760.394206
510.353068,116,760.703778
685.819744,131,761.031071
1090.665065,211,763.294264
622.921408,116,763.583814
591.495156,113,763.85981
959.606983,190,764.338056
590.396179,135,764.710562
791.091949,151,765.133585
528.324219,101,765.386202
579.231053,122,766.172688
465.967953,93,766.397816
687.530265,137,766.74455
642.828238,126,767.063415
560.293477,110,767.337463
512.871908,117,767.644607
593.699019,111,767.975118
694.47568,129,768.325159
555.08052,121,768.634801
774.81597,152,769.585402
619.290229,116,769.879447
640.474289,132,770.220031
898.401657,166,771.828085
929.193315,188,772.324834
542.500216,112,772.620708
738.860043,150,773.08837
416.84024,80,773.964295
576.919372,110,774.231212
727.717069,137,774.579508
579.835417,112,774.85927
629.927614,122,775.163874
537.057454,103,775.428243
624.002651,122,775.735177
453.323517,89,776.007699
749.233394,142,776.421727
620.049449,123,777.221666
531.179523,98,777.460574
798.806486,154,777.854233
506.792772,94,778.092118
630.330267,117,778.390836
861.773552,160,778.801194
699.998617,131,779.150649
640.484858,126,781.0353
772.138261,154,782.024648
483.696307,104,782.284982
671.243517,123,782.591151
770.397356,149,782.987416
535.089947,100,783.239308
731.005818,132,783.569385
590.504069,123,783.890943
950.101527,180,784.425986
509.515612,99,785.271937
917.656649,173,785.699943
477.848,97,785.938567
633.98003,122,786.250044
697.567528,143,786.609659
856.318268,177,787.066651
563.131371,107,787.351832
919.048047,172,788.369741
464.436996,91,788.602846
568.650932,107,788.874844
456.934661,87,790.406058
790.801924,167,790.830076
838.962563,172,791.276511
677.80196,147,791.666554
380.234105,76,791.867102
713.297065,144,792.949949
632.67449,136,793.295592
489.925754,113,793.578648
484.790806,91,793.814213
535.483065,104,794.07475
736.579394,152,794.444695
924.592873,174,794.88652
645.791208,118,795.193511
742.817271,143,796.277278
554.300625,103,796.533011
662.881574,123,796.842671
537.248385,102,797.120791
556.214215,118,797.423726
513.277968,117,797.727795
977.808452,192,799.451814
862.766945,172,799.887019
558.164395,127,800.892948
476.250052,90,801.163696
650.158999,135,801.499105
600.78494,122,801.806779
672.207233,147,802.172359
776.450309,147,802.541212
671.322604,134,802.87338
737.279654,141,803.25105
633.617314,122,804.28323
736.840993,147,804.658091
607.919916,121,804.956892
727.74081,155,805.344527
635.271247,123,805.655383
658.96867,131,805.985956
546.212193,122,806.306237
803.923389,173,807.419687
942.93545,185,809.393538
700.168314,148,809.771213
645.983294,124,810.09415
1237.30567,221,810.663759
735.512238,131,811.009199
859.958643,173,811.46111
701.89619,141,812.542983
891.138808,158,812.96244
678.725076,121,813.270296
782.481932,153,813.659461
619.364611,115,813.956914
1008.568423,193,814.446726
903.994075,189,815.639875
582.889002,107,815.95091
567.362747,124,816.27384
551.816947,99,816.522184
697.474844,144,816.886937
468.660675,89,817.116002
724.376833,138,818.94388
680.862439,134,819.279607
879.205556,171,820.396538
602.622863,111,820.718344
511.135692,114,821.048301
627.575599,119,821.343787
838.513705,168,821.762068
480.130023,93,821.998096
692.638857,134,822.332672
708.007489,143,822.692675
721.523621,146,823.708018
869.069192,169,824.195452
1176.982508,212,824.722492
686.138431,129,825.036955
625.14508,123,825.341736
641.051216,119,825.634468
750.284848,143,826.007267
539.833946,108,826.295161
550.43851,102,828.633798
606.099151,116,828.949494
1235.59761,245,829.557513
621.612057,118,829.846456
648.188156,122,830.159016
630.743271,119,830.45446
689.361868,131,830.783999
913.504815,177,831.967484
671.514912,128,832.272823
567.281804,102,832.524854
486.857673,93,832.755846
438.750657,83,832.961671
548.11079,115,833.252135
667.166876,128,833.576096
611.187517,112,833.867291
952.345577,192,834.983919
796.662776,152,835.39394
613.213688,120,835.694029
949.72706,178,836.142877
591.281016,120,837.721918
699.283703,131,838.060923
801.085456,165,838.474643
1030.136043,199,839.452324
728.417963,144,839.798575
601.01655,109,840.119016
700.316779,144,840.505266
601.82653,111,840.785724
604.028883,112,841.070435
554.100369,104,841.331622
695.742824,134,841.664198
765.230404,144,842.675716
732.419059,153,843.082773
711.671627,137,843.472564
719.046602,137,843.811062
604.867134,122,844.122535
737.515396,137,844.466162
850.886621,165,844.880982
614.838511,120,846.412138
568.216928,106,847.349199
808.7543,155,847.764196
423.933678,77,847.999187
604.325445,119,848.34441
649.911065,120,848.66729
762.071828,141,849.053217
547.852865,110,849.353686
656.025578,128,849.691243
507.417818,117,850.64575
712.021053,137,851.019052
413.337689,96,851.307616
734.614056,145,851.683197
640.625046,122,851.994119
594.170548,110,852.270326
460.142884,88,852.494382
549.621349,122,852.798795
954.296294,196,853.805827
899.063698,170,854.269319
935.087449,182,854.769651
495.47378,97,856.234264
1138.389389,216,856.794154
659.820372,125,857.130202
508.579369,98,857.372437
597.149818,111,858.172017
804.283786,156,858.560545
694.228839,137,858.905909
618.636319,124,859.213634
565.953306,119,859.507516
544.899279,104,859.798255
645.563921,125,860.147485
1206.538941,234,860.735424
681.384151,134,861.692057
665.843632,122,861.994298
674.62096,124,862.294754
895.759117,183,862.745166
861.032994,157,863.183857
580.907576,120,863.519948
493.808451,93,864.887564
494.4732,93,865.12392
657.422317,125,865.984968
587.958519,111,866.263356
736.680828,141,866.615373
632.553414,127,866.928384
709.315382,137,867.269813
542.790241,106,867.531339
608.9802,119,867.896619
992.27445,187,868.883857
992.153302,183,869.340062
548.385739,118,869.643769
988.048154,188,870.115212
680.734341,130,870.438227
616.764031,119,870.744447
600.147517,114,871.084252
729.677,145,871.494973
672.662705,139,872.331816
841.733714,167,873.786145
722.972338,139,874.144656
712.763896,147,874.540823
596.811735,116,874.847075
858.981899,156,875.259885
776.80718,159,875.680927
554.392356,111,876.505457
662.106253,138,876.897083
533.464845,98,877.135816
598.630319,112,877.418844
533.617187,100,877.665161
1000.339655,193,878.1401
417.103668,80,878.341632
815.181451,157,878.737899
676.80167,133,879.604008
801.389307,161,880.064706
604.917409,114,880.356835
619.497158,120,880.653082
493.940274,92,880.89254
845.077549,156,882.325449
547.674196,109,882.618698
770.30819,140,883.02236
709.246732,128,883.920083
564.650365,106,884.182594
819.665286,154,884.566498
809.642499,148,884.94192
502.301195,117,885.243875
1058.050459,206,885.785051
623.566751,121,886.099927
690.826416,127,887.063886
620.526071,114,887.343267
562.798694,107,887.608475
634.555629,119,887.90192
677.285526,141,888.263171
737.660921,139,888.662803
709.299423,132,889.012358
625.083009,115,889.290555
640.923424,116,889.583463
794.250233,144,890.438382
737.468764,139,892.042666
537.820283,98,892.28782
679.231214,139,892.634465
652.670463,135,892.968202
606.238236,115,893.252403
692.880907,127,893.569381
781.820345,158,894.604193
615.903043,123,894.917455
1191.162042,225,895.490853
808.497905,150,895.87413
985.728029,190,896.357299
681.5013,131,896.684553
652.778873,125,897.067831
491.952654,111,898.011332
595.207395,112,898.298333
822.82287,167,898.718782
772.191897,155,899.115721
742.023063,148,900.786873
717.592061,139,901.123194
675.832873,139,901.472763
616.839897,116,902.413744
850.267018,166,902.823092
667.367907,143,903.179187
632.896597,116,903.510451
496.195511,111,903.824419
689.679785,128,904.14536
519.206408,105,904.399744
595.574915,108,904.673681
692.015516,132,905.007323
869.708286,160,906.04505
614.890816,114,906.33252
585.167903,117,906.628973
864.747656,170,907.050009
628.63925,116,907.342725
673.349203,125,907.662112
619.545406,124,907.976329
565.447225,129,909.017228
573.696549,114,910.531245
621.385954,117,910.835997
950.375114,209,911.372978
1098.960308,206,911.942576
561.91096,126,912.323466
694.930364,154,912.713851
670.515059,124,913.663705
837.194304,163,914.060371
545.222897,104,914.320065
755.475961,158,914.722243
813.246481,166,915.143484
732.832169,139,915.52037
698.131953,134,915.880852
965.342721,183,916.991389
618.155863,116,917.298022
906.290918,168,917.772309
844.496101,168,919.510751
645.87144,121,919.834568
781.816145,147,920.222479
754.961118,143,920.630343
819.751466,151,921.719213
718.260511,133,922.094075
692.604963,124,922.435841
715.86857,136,922.805387
794.41099,165,923.264606
759.864895,165,923.716582
696.71157,158,924.224817
498.519629,96,925.093042
789.831564,162,925.526577
521.092177,101,925.794098
553.332499,98,926.057028
766.7091,149,926.454853
749.799808,143,926.849011
558.606754,104,927.139274
788.585887,171,928.878656
877.435953,172,929.984746
1060.220695,199,930.561457
796.989057,152,930.951357
633.31081,128,931.284234
1087.485114,200,931.78785
698.318792,130,932.11215
667.348242,139,933.009473
768.557809,142,933.401947
473.165528,103,933.689919
781.415221,141,934.04384
644.859492,122,934.340254
564.507412,109,934.611875
925.882394,175,935.050017
785.176103,142,935.409613
495.62893,94,936.192042
604.689486,119,936.494359
543.194384,98,936.738828
569.513335,112,937.026068
587.188072,113,938.650202
769.087138,161,939.107977
831.305329,152,939.483968
626.494048,123,939.786186
994.925924,193,940.760837
519.755543,99,940.995349
670.047654,127,941.308644
644.997939,128,941.624491
664.531219,125,941.95046
656.071776,122,942.297091
711.456695,137,942.651726
558.88848,102,942.904706
453.615624,104,943.1635
428.564963,97,943.899064
678.435615,122,944.206995
770.954522,154,944.602053
579.894639,112,944.879356
619.820164,119,945.18738
975.180164,182,945.710741
732.174005,135,947.532217
685.947389,119,947.837202
539.925734,105,948.649344
918.790387,175,949.088516
736.230064,141,949.435626
962.77336,177,949.879973
638.763822,138,950.230968
919.691374,175,950.697458
611.841088,117,951.78035
627.348893,120,952.06976
720.325426,137,952.414515
693.030303,139,952.763941
678.742965,149,953.140092
624.041764,115,953.42753
916.919799,199,953.934633
902.010794,170,955.136541
507.847079,103,955.39389
632.657079,133,957.338344
812.600874,154,957.744492
622.525421,122,958.064279
708.124874,130,958.397891
508.866186,95,958.639002
516.128216,96,958.90069
594.656542,107,959.172084
665.718981,126,960.203183
626.382451,130,960.553484
494.024426,109,960.824668
511.88223,118,961.1182
754.487853,142,961.480221
539.103146,108,961.741756
767.097692,152,962.120644
749.304747,146,962.499449
792.268474,159,963.516145
563.333121,108,963.794449
559.208478,105,964.051806
791.171752,161,964.459834
720.661784,135,964.810389
599.526671,119,966.504605
679.093752,145,966.894779
741.408273,143,967.268748
786.516011,147,968.170802
644.136326,136,968.563573
592.14141,111,968.866084
543.861816,105,969.131018
649.73762,121,969.434034
474.103372,90,969.646589
618.375223,118,969.939819
433.906202,81,970.142987
617.311943,134,970.477479
716.126403,160,971.386585
673.826888,146,971.821589
549.539532,110,972.105386
951.339331,170,972.544826
811.355259,169,972.952466
532.29154,99,973.196209
712.920198,139,973.537863
919.058507,188,975.948821
515.439709,109,976.225069
489.24109,112,976.512608
602.531999,112,976.804735
386.52149,72,976.993965
685.135006,145,977.378972
765.604711,149,977.777375
723.289431,141,978.152539
601.422439,130,979.098041
534.322534,100,979.348603
630.57953,118,979.639811
914.327505,179,980.100362
811.726856,156,980.541092
492.789873,113,980.82555
592.077266,114,981.107754
757.609241,141,981.46003
571.736434,106,982.213599
741.62256,141,982.560264
575.507755,113,982.843735
700.158978,132,983.187403
744.179032,155,984.938724
707.309133,133,985.267148
655.64948,142,985.634263
708.033874,129,986.54864
703.730585,134,986.900426
553.822502,101,987.160525
535.036467,103,987.419798
747.88949,167,987.841856
1009.752628,188,988.331866
611.774832,134,988.726938
585.025838,113,989.006297
795.967351,166,990.051223
618.290396,116,990.348324
601.497453,112,990.634205
509.65448,95,990.865297
697.525276,132,991.194305
499.355006,96,991.454258
553.101864,129,991.840253
596.780619,112,992.114836
551.752903,108,992.373173
613.379588,116,994.542271
617.146773,121,994.900769
591.886479,127,995.227491
456.761886,98,995.475265
523.957358,101,995.727932
647.055544,122,996.033189
594.780367,113,996.321868
611.675731,126,996.641246
828.368475,176,997.660305
634.985156,128,997.977746
664.711116,127,998.29691
655.303597,125,998.604571
715.927088,140,998.954259
793.44283,155,999.340057
697.279333,138,999.724667
753.449663,141,1000.143695
512.731611,103,1000.880657
985.618714,188,1001.356328
671.892779,132,1001.688056
652.585597,139,1003.496671
838.921539,166,1003.914777
785.397856,151,1004.297645
714.921992,140,1004.637748
1364.479727,270,1005.882022
1051.497733,198,1006.392521
609.983556,117,1006.696913
721.151684,138,1007.051981
630.449635,116,1007.35826
652.1321,136,1007.719213
587.52597,119,1008.66416
599.83267,111,1008.955889
592.691228,125,1009.266958
652.798936,128,1009.598169
798.504428,154,1009.980996
766.147468,145,1010.335918
574.709693,118,1010.631437
735.209826,134,1012.334097
808.070321,155,1013.194985
909.98855,167,1013.608045
583.810623,112,1013.889643
555.916146,104,1014.149354
934.75105,172,1014.577701
725.843183,140,1014.994329
889.02034,172,1015.410633
691.288288,135,1016.298653
591.211552,118,1016.596911
741.47883,163,1017.013097
1054.614288,204,1017.524501
518.290778,100,1017.773914
436.525225,82,1017.970211
824.239241,180,1018.43979
524.565611,102,1019.274116
637.67452,124,1019.586782
683.890115,135,1019.918668
888.015974,171,1021.892236
936.374325,197,1022.383198
742.231165,135,1022.736578
622.993784,119,1023.048444
675.253089,127,1023.403016
669.084645,138,1024.391469
669.18196,124,1024.693306
796.582311,150,1025.05565
494.226093,89,1025.277445
580.366324,111,1025.555938
557.168847,106,1025.829653
799.141296,147,1026.220268
705.980681,130,1026.573214
726.770499,139,1027.488208
559.784245,107,1027.759895
641.005861,122,1028.065349
1077.154879,222,1028.626305
512.818327,99,1028.878923
519.259805,110,1029.200959
1066.179167,217,1031.239714
515.422613,118,1032.031923
858.495892,172,1032.49427
585.210259,111,1032.803729
754.350508,138,1033.146918
942.767196,197,1033.632635
807.710009,171,1034.061432
895.177127,170,1034.96605
791.883116,147,1035.332161
565.915296,110,1035.61597
890.096526,188,1036.089822
549.908723,121,1036.396331
576.771553,115,1036.684522
551.835456,105,1036.960638
1049.54701,214,1037.534122
629.287975,123,1038.490614
708.136403,130,1040.403895
472.77568,110,1040.699423
750.059252,151,1041.109414
612.680714,116,1041.455556
1369.830182,272,1042.141546
702.779468,152,1043.000381
827.540726,150,1043.375223
724.271558,130,1043.692007
603.342694,114,1043.979682
766.790684,146,1044.367849
949.676344,176,1044.85253
850.388286,186,1045.32195
627.70601,126,1046.137663
630.394637,124,1046.460141
694.583838,142,1046.821008
537.077572,102,1047.077016
412.17969,78,1047.275254
671.594844,125,1047.587564
488.689995,106,1049.471066
703.276058,158,1049.929877
1000.636383,194,1050.94072
1281.510302,232,1051.510467
963.559891,181,1051.945987
953.318971,194,1052.418953
713.79269,136,1052.773423
467.228499,110,1053.114642
764.678369,168,1054.059865
558.938064,117,1054.35219
858.61472,168,1054.761119
758.300308,161,1055.160746
825.555057,162,1055.55749
912.386894,185,1056.034118
478.57237,94,1056.287807
716.527978,130,1057.297387
967.301482,197,1059.424883
1041.472447,194,1059.912179
678.025943,133,1060.239303
800.967482,157,1060.624779
403.920264,93,1060.856426
593.025406,114,1061.164222
622.934355,137,1062.258567
989.966649,183,1062.740766
676.780769,131,1063.0629
725.826342,141,1063.413204
877.740406,171,1063.842888
854.765098,157,1064.231893
933.315172,194,1064.729101
561.573797,109,1065.642935
379.850545,85,1065.860546
1026.500368,200,1066.340513
636.730849,126,1066.653204
486.17548,113,1068.674693
555.955811,126,1069.001625
792.971774,157,1069.388017
830.380956,175,1070.32398
756.794491,160,1070.724562
466.67185,91,1070.973179
811.197844,171,1071.445604
988.940956,193,1071.916106
773.065952,145,1072.267961
637.833679,135,1072.589033
677.412231,129,1073.387328
596.821732,122,1073.685543
690.468613,151,1074.086463
794.145233,150,1074.520342
807.722467,151,1074.901663
693.816383,139,1075.233853
830.995477,152,1075.600426
839.210792,165,1078.358218
1058.041088,206,1078.880941
634.000727,140,1079.240492
696.894162,143,1079.592794
672.458055,136,1079.94243
880.872507,174,1080.438595
511.123627,98,1080.677802
733.241101,155,1081.5353
986.765975,193,1082.015175
714.980617,132,1082.332091
574.302137,132,1082.656898
574.24733,123,1082.96259
682.995651,133,1083.333476
583.274897,113,1083.639243
1027.873837,189,1084.585516
567.554275,108,1084.85181
755.831537,149,1085.231176
908.058175,176,1087.351432
407.914275,96,1087.594654
437.676015,101,1087.850513
520.289084,103,1088.110483
735.10957,148,1088.48232
1232.271726,226,1089.591899
636.370774,122,1089.90233
606.255926,124,1090.209514
762.671095,147,1090.569793
540.720694,99,1090.813106
828.71372,165,1091.226153
1017.84613,216,1091.779598
650.245728,131,1092.675003
456.682062,106,1092.962248
803.833635,148,1093.319989
1219.366817,219,1093.85446
857.570085,158,1094.244909
1009.133721,198,1096.445765
1009.458298,192,1097.395375
1145.595837,228,1097.967088
838.128081,158,1098.359152
938.200621,177,1098.80097
652.626683,129,1099.138477
651.26785,145,1099.521747
1489.000902,286,1100.79644
831.175326,173,1101.235385
770.436324,155,1101.660337
532.662679,116,1101.989375
642.420043,121,1102.284836
820.182855,156,1102.66324
792.374711,158,1103.529156
561.58394,108,1103.796613
484.560848,100,1104.049021
903.73034,180,1106.295333
654.310266,140,1106.647724
1105.007673,211,1107.190707
852.900409,162,1107.611241
571.737291,107,1108.561281
1236.879496,222,1109.113142
882.357198,169,1109.535711
679.973613,148,1109.907472
878.993264,190,1110.381805
710.93804,131,1110.726242
839.396506,175,1111.7043
884.133522,166,1112.111395
622.909838,132,1112.431624
540.430752,99,1112.672965
487.309081,109,1112.944937
772.289894,140,1113.28687
766.474643,148,1115.181596
746.172687,154,1115.560043
902.386332,167,1116.445834
436.837937,98,1116.680962
566.113091,122,1116.995574
902.776063,192,1117.53926
607.016715,125,1117.839866
731.013055,134,1118.168482
695.579518,134,1118.491442
755.127505,160,1119.406135
707.66162,156,1119.802446
600.467937,115,1120.091
1150.607672,220,1120.641597
646.382505,125,1120.954614
695.658201,130,1121.297259
742.170334,151,1121.69485
614.935846,117,1122.478805
744.313981,145,1124.534364
709.687869,131,1124.851787
622.463344,117,1125.136853
663.044643,134,1125.471464
451.74487,88,1125.689649
594.980269,129,1126.016601
587.354161,107,1126.338333
437.733814,86,1126.589905
711.962572,134,1127.418085
611.416657,133,1127.740017
660.005025,129,1128.063355
777.148121,149,1128.426061
560.327425,116,1128.713693
707.071791,137,1129.04932
895.375674,167,1129.482354
1098.246947,215,1130.583397
826.841047,156,1130.979212
606.829819,117,1131.269869
1057.83551,204,1133.314888
567.748681,116,1133.601065
1005.236078,193,1134.073267
868.379309,174,1135.002088
616.530304,117,1135.29237
502.606665,101,1135.593124
835.181799,175,1136.053456
787.640132,164,1136.45179
900.995056,164,1136.856405
786.746672,154,1137.229211
616.566983,122,1138.008676
824.467572,149,1138.361018
765.296432,151,1138.800602
875.719192,165,1139.213274
723.782703,133,1139.539301
764.396573,147,1139.8936
668.805272,125,1140.219828
897.919172,167,1142.772316
689.749792,131,1143.10675
548.962904,125,1143.431986
640.896625,134,1143.771407
712.535085,145,1144.147035
794.317652,149,1144.524437
686.261106,131,1144.866405
695.293284,145,1145.941287
529.643387,101,1146.21143
783.352763,143,1146.571286
772.795163,140,1146.921424
979.503398,202,1147.425187
945.998935,194,1147.913927
1036.966254,209,1148.453022
761.572114,151,1149.539208
626.225473,126,1149.851106
1046.352189,206,1150.365659
725.112104,135,1152.336895
828.252751,156,1152.74281
405.50513,85,1152.966723
817.420685,161,1153.386358
435.830194,85,1154.269355
828.288224,161,1154.6927
710.771429,132,1155.066232
813.909727,165,1155.467118
734.839331,135,1155.802934
722.743363,152,1156.18013
545.697962,114,1156.453195
809.273529,172,1157.504041
669.335803,126,1157.836008
504.212972,102,1158.135272
567.265056,111,1158.427659
783.75279,164,1158.833534
790.135418,150,1159.207683
643.238664,125,1159.514851
682.70315,121,1161.279085
715.028916,144,1162.145124
935.975052,170,1162.569913
793.483657,172,1163.000167
414.544998,97,1163.243346
716.102898,136,1163.580985
588.733046,112,1163.867627
558.084221,126,1164.199593
627.228018,145,1165.163956
491.397942,107,1165.431227
667.88024,116,1165.71213
591.031094,123,1166.023714
993.859462,196,1166.508467
1011.333825,205,1167.021054
692.051676,148,1167.485082
658.682862,142,1168.342129
851.306119,187,1168.798846
711.435022,151,1169.165662
823.818618,157,1171.525511
579.060153,106,1171.784346
602.123436,106,1172.0486
722.88109,133,1172.383751
654.262075,120,1172.67333
1285.125978,236,1173.892385
807.457296,165,1174.305703
914.92009,176,1174.74094
713.388956,148,1175.112938
919.011092,171,1175.566903
996.462565,191,1176.719321
794.181079,178,1177.232215
483.203468,111,1177.50513
851.757398,163,1177.909149
789.849193,167,1178.325571
660.846383,141,1178.670988
794.361604,149,1180.637307
959.732492,178,1181.579784
570.284496,107,1181.842657
619.81393,125,1182.150811
655.208476,126,1182.462184
517.558141,100,1182.703
535.778478,119,1183.00856
795.997579,148,1183.420298
1081.868824,234,1184.57859
589.709454,113,1184.864063
412.713943,88,1185.09184
560.808047,122,1185.397666
533.348077,103,1185.652631
729.157272,144,1186.023154
865.37368,160,1186.433159
713.580007,144,1186.808459
1194.812274,247,1187.94836
617.002604,121,1188.249897
462.900398,98,1190.209713
627.809117,132,1190.528707
714.850489,140,1190.862658
1093.47448,217,1191.405732
951.079312,182,1191.873065
1088.188436,204,1193.07165
395.510255,81,1193.27254
551.960693,111,1193.549475
653.823982,132,1193.87622
973.100643,187,1194.355647
722.067915,136,1194.713644
1087.821404,210,1195.913082
630.489878,120,1196.220499
583.289394,115,1196.508423
993.304719,192,1197.002707
488.276317,113,1197.291793
830.006075,153,1197.667442
662.552449,134,1199.920902
526.581025,120,1200.219041
585.789566,110,1201.124726
598.929094,122,1201.427033
627.040066,116,1201.72077
536.085886,97,1201.997896
912.369927,175,1202.473935
912.341529,188,1202.93774
1011.082686,209,1203.447017
675.818941,137,1204.311115
656.208353,144,1204.666156
599.522874,117,1204.969712
371.805612,82,1205.208346
874.821734,159,1205.655411
696.661136,142,1206.016847
634.176321,134,1206.356628
636.449604,139,1206.708302
427.617223,96,1207.502656
565.069702,104,1209.173381
1097.830583,218,1209.737531
741.283401,140,1210.079105
556.646263,107,1210.357454
653.280577,121,1210.667976
595.633237,110,1210.942697
871.314965,175,1212.141496
518.310506,98,1212.385557
901.982658,177,1212.829237
937.959651,181,1213.297826
782.136322,149,1213.662595
681.0489,151,1214.058023
632.158012,125,1214.386556
983.823353,186,1215.48905
870.969223,187,1215.942593
862.39858,154,1216.334715
770.166706,152,1216.721058
596.453907,112,1218.634578
845.502458,175,1219.078705
647.696468,129,1219.414248
726.349539,148,1220.425929
936.110149,183,1220.874455
619.200674,118,1221.211249
770.741998,139,1221.588392
651.844812,128,1221.902203
912.071215,175,1222.337197
945.09039,183,1223.410538
521.077483,116,1223.697687
832.595571,154,1224.079267
808.034164,163,1224.540963
521.278998,108,1224.827378
804.619465,152,1225.199666
544.842902,120,1225.494585
1011.899436,215,1226.661355
621.663149,142,1228.65854
745.919071,160,1229.086051
688.882125,145,1229.464916
917.502477,179,1229.927719
824.215439,155,1230.413114
756.430657,159,1230.81007
651.126289,129,1231.74864
521.243029,104,1232.005382
671.245713,124,1232.320309
670.427759,130,1232.630568
1006.660781,196,1233.123827
718.069836,134,1233.500867
493.594839,110,1233.805796
605.803145,121,1234.108286
1090.386355,208,1235.134086
622.621849,120,1235.435422
878.631788,182,1235.901653
866.366887,170,1237.770802
754.556076,150,1238.140805
661.901389,124,1238.446255
896.085007,196,1239.488606
704.360755,136,1239.826711
838.171531,156,1240.22128
815.767575,157,1240.612689
503.464863,97,1240.853201
618.211382,114,1241.14136
830.409858,156,1241.546693
672.767066,137,1241.901306
502.231977,106,1242.67762
672.395621,128,1243.001841
522.223927,101,1243.291667
940.960445,177,1243.785719
686.453525,131,1244.107484
859.316174,167,1244.523673
807.93221,160,1246.331246
613.857343,139,1247.332741
937.918134,178,1247.778526
508.653435,96,1248.018812
716.224152,141,1248.364428
666.797064,128,1248.693736
1350.124399,250,1249.317671
958.938532,183,1250.451516
892.203014,164,1250.883574
574.134877,108,1251.159497
653.618751,126,1251.484122
851.150264,185,1251.948789
560.01212,120,1252.265511
596.118837,115,1252.562054
489.236335,94,1252.850223
716.834688,155,1253.880255
942.510801,174,1254.308799
975.578206,193,1256.596472
768.063971,151,1257.002654
796.693146,167,1257.430153
572.65074,122,1257.726513
626.714364,121,1258.027752
732.661223,143,1258.859595
940.300654,175,1259.31496
1055.823496,218,1259.908755
1155.43738,220,1260.456075
1056.070983,186,1260.926049
788.507347,154,1261.861435
845.266065,185,1262.331568
780.211774,155,1262.716883
786.594006,147,1263.083068
575.023968,130,1263.414088
683.223272,146,1265.400285
742.935409,135,1265.762271
1097.025716,235,1267.022887
515.553691,106,1267.27663
721.4248,147,1267.633356
600.190411,131,1267.962388
769.681064,145,1268.330136
844.349141,170,1268.771206
692.592034,129,1269.110257
685.130349,136,1270.150477
628.095569,133,1270.494677
569.305697,114,1270.779535
781.811553,146,1271.134921
1267.659421,241,1271.724799
536.330266,120,1272.042604
828.234797,157,1272.455983
678.352979,124,1273.318485
473.689196,112,1273.604337
886.327682,173,1275.804997
538.909282,116,1276.130987
961.281805,184,1276.649879
622.924506,138,1276.994626
1150.867212,215,1278.012723
735.245959,143,1278.370874
774.908465,147,1278.723531
655.164483,138,1279.05542
511.305472,115,1279.36774
642.752317,125,1279.718232
1008.101397,201,1280.216156
998.472091,211,1281.378832
626.751359,113,1281.669961
627.149982,116,1281.970323
873.050659,157,1282.375385
645.717397,140,1282.779402
1255.515864,234,1285.147734
687.11362,144,1285.527206
617.011932,136,1286.456949
681.94123,141,1286.817163
545.296298,104,1287.081236
644.612632,127,1287.397423
796.217397,159,1287.796024
548.648939,124,1288.108724
786.075953,158,1288.521124
586.985429,128,1289.61939
664.971561,130,1289.938547
1128.834458,202,1290.439546
752.486767,141,1290.796138
962.79587,192,1291.274188
1157.057176,243,1291.906709
641.424975,146,1293.021731
782.684284,147,1294.811784
507.990858,111,1295.100091
930.60054,169,1295.546849
685.432124,127,1295.883303
713.148108,160,1296.313174
628.588077,134,1296.668192
832.117923,161,1297.658074
812.551272,160,1298.059484
475.019142,93,1298.294943
790.799232,147,1298.652731
551.864534,116,1298.977805
682.653848,132,1299.356698
916.61566,177,1299.79453
873.901071,171,1300.740686
595.738784,115,1301.019582
742.376628,153,1301.408149
1421.067961,257,1302.056762
603.14305,116,1303.974484
993.283282,201,1304.474221
544.717055,117,1304.785422
917.485165,171,1305.87776
662.664215,128,1306.200081
717.667172,140,1306.553407
466.021889,97,1306.79581
567.326659,112,1307.077766
1027.805066,192,1307.568492
649.207958,122,1307.900397
1356.921939,274,1309.24118
659.233253,131,1309.573146
599.573351,111,1309.846297
1054.156968,220,1310.392406
868.645327,164,1310.796824
756.316686,141,1311.166533
918.888305,181,1313.669258
654.493874,125,1313.994453
865.901475,168,1314.422504
672.442384,132,1314.790529
695.987312,152,1315.239239
637.732331,125,1315.549087
630.185068,127,1315.863531
605.040822,127,1316.70653
767.590405,147,1317.078882
711.3042,139,1317.424887
687.61459,133,1317.756668
1114.675417,208,1318.282522
579.11962,130,1318.620056
683.640023,124,1318.946087
568.272662,110,1319.237726
665.903633,143,1320.10318
571.698767,128,1320.420475
711.794474,160,1320.846822
736.333232,143,1322.732761
1026.804999,203,1323.244769
582.948453,110,1323.524096
806.886934,163,1324.645362
538.667196,99,1324.885213
931.679903,190,1325.360538
732.329466,137,1325.694921
1188.811586,229,1326.25347
662.29142,143,1326.608363
758.793781,147,1326.980531
680.649347,134,1327.869335
464.62713,95,1328.107411
831.454176,163,1328.521499
771.227969,169,1328.95412
966.813152,193,1329.443612
559.756479,104,1329.72064
967.089281,183,1331.778271
767.009322,139,1332.63889
910.300836,173,1333.065329
872.991697,157,1333.449411
643.869698,126,1333.761097
634.047922,134,1334.095279
783.328405,158,1334.555504
589.396655,110,1334.858292
739.839787,148,1335.714046
655.993837,132,1336.049713
646.219662,131,1336.385564
840.700508,159,1336.772506
607.783033,118,1337.067659
1102.234643,235,1337.722202
769.185452,147,1338.133368
517.821373,98,1338.902849
825.248055,148,1339.270957
566.489556,107,1339.549963
831.151814,160,1341.564804
689.949899,129,1341.891007
565.41721,127,1342.217242
826.30409,157,1342.620957
675.529085,126,1342.951935
838.206585,162,1343.920361
715.400971,142,1344.279866
580.517671,124,1344.587568
575.080732,109,1344.859579
943.385909,177,1345.294678
720.705014,133,1345.701855
787.075914,154,1346.105237
572.144017,129,1347.057775
634.044626,113,1347.343277
681.975478,146,1347.704967
934.940295,185,1348.162302
578.096519,112,1348.431419
839.646533,162,1350.671389
697.210976,150,1351.055696
920.105645,170,1352.13862
725.25076,148,1352.51928
490.145846,115,1352.818683
619.537984,115,1353.11225
591.007325,113,1353.395918
652.204019,129,1353.722341
1090.26472,213,1354.287695
738.58297,147,1355.303123
806.18995,168,1355.751331
532.06827,124,1356.093476
684.752784,150,1356.458755
1315.270133,251,1357.083279
684.092615,152,1357.466635
751.191778,144,1358.4567
683.72861,154,1358.865192
606.900023,118,1360.801528
595.06423,121,1361.104216
633.079621,125,1361.422646
851.443752,164,1361.845572
470.541291,86,1362.082932
637.140644,135,1362.499258
473.110836,93,1362.733712
852.428219,169,1363.781927
1245.031892,243,1364.402802
878.334519,180,1364.858515
1026.343144,199,1365.371178
1125.422303,228,1365.978827
613.74774,110,1366.822014
708.177286,136,1367.160639
805.22564,165,1367.580034
684.128839,134,1367.913234
1111.209803,215,1370.074776
690.718719,133,1370.445768
796.874347,154,1371.401802
1012.759868,191,1371.873109
707.168532,133,1372.193122
890.370416,165,1372.595664
572.194947,128,1372.918835
747.382655,138,1373.260065
569.981847,104,1373.525537
621.076912,124,1373.908577
692.044921,135,1374.828392
604.5663,126,1375.13614
842.337737,172,1375.55272
755.738137,143,1375.9163
564.453611,116,1376.210814
660.697135,136,1376.567302
703.727614,134,1376.915914
947.668929,171,1377.907055
488.758254,90,1379.856673
566.592822,119,1380.161218
666.096405,124,1380.483308
865.221204,173,1380.931947
1191.218119,242,1381.541729
882.201658,168,1382.051278
1105.3053,204,1383.133121
710.882904,136,1383.466137
755.601174,136,1383.796735
866.91602,166,1384.205682
652.025627,141,1384.56673
510.841658,107,1384.852924
907.039465,174,1385.918505
724.354411,141,1386.263621
564.878346,130,1386.585968
1125.049787,215,1387.118931
680.469792,144,1389.118336
517.669261,100,1389.367824
756.731844,161,1389.781418
707.530468,132,1390.752514
492.864902,95,1390.999843
749.015643,142,1391.371672
628.950426,121,1391.677255
616.452411,119,1391.970982
841.754553,160,1392.376794
439.479555,87,1392.60052
523.673396,100,1392.866821
1100.876149,216,1394.012963
724.63119,139,1394.359811
984.088468,181,1394.811527
685.27983,125,1395.116897
637.324008,138,1395.46188
974.678637,191,1395.941291
557.856073,122,1396.275201
472.686941,106,1398.794838
598.54393,111,1399.066808
975.182415,205,1399.584436
563.146244,110,1399.855567
953.69785,200,1400.355573
622.014923,128,1400.712113
808.587692,164,1401.194418
806.576599,151,1402.059139
638.281312,126,1402.374409
609.979492,119,1402.671618
808.061761,156,1403.070475
860.240728,163,1403.479581
702.761287,128,1403.803423
651.564386,122,1404.126517
798.563769,154,1404.536799
818.608034,150,1405.518173
646.600731,141,1405.87584
705.312794,136,1406.219717
914.053897,198,1408.343348
864.969292,161,1408.73622
699.385647,130,1409.05039
615.567361,130,1409.860683
746.122666,146,1410.215913
870.074343,166,1410.624376
712.28892,133,1410.991079
635.162937,122,1411.338714
644.464825,120,1411.628507
791.046156,152,1412.006025
650.030413,120,1412.303632
687.249055,125,1413.124063
1024.237395,211,1413.638227
706.581116,131,1413.961184
702.599051,132,1414.340156
617.533748,115,1414.646214
666.635843,132,1414.976902
619.978433,131,1416.891577
675.074804,126,1417.787483
794.114535,153,1418.177648
681.69205,123,1418.489772
702.892849,153,1418.87553
605.750031,106,1419.150078
922.961389,162,1419.560401
539.315094,106,1419.830797
470.555603,89,1420.050848
483.776926,101,1420.965825
746.622655,139,1421.308109
694.468886,137,1421.648894
761.187362,143,1421.996423
866.116073,169,1422.443164
824.030978,152,1422.878363
879.31141,159,1423.265985
588.226289,123,1424.103456
787.357698,148,1424.461504
617.948412,118,1424.756718
838.781697,181,1426.871214
443.644304,88,1427.088809
695.43902,120,1427.39237
552.894454,104,1427.655579
625.6708,121,1427.968334
965.251084,185,1429.052774
616.260416,117,1429.353134
725.107378,140,1429.703127
960.799092,178,1430.151506
713.40093,136,1430.50101
531.8449,107,1430.775506
818.02535,160,1431.199839
825.174197,161,1432.187267
964.054802,184,1432.662665
914.790968,162,1433.059255
708.054285,135,1433.383399
700.925909,130,1433.696111
835.393324,169,1435.846811
698.926916,150,1436.207589
501.183452,95,1437.042887
763.729736,150,1437.451176
607.44993,122,1437.819758
624.77376,121,1438.152732
609.001068,118,1438.439588
795.112814,145,1438.80394
772.886354,144,1439.145768
1141.385761,209,1440.266819
943.460341,204,1440.788749
1092.922196,224,1441.354079
706.373426,125,1441.676422
711.157423,139,1442.031362
806.72061,167,1442.48768
1255.903708,239,1443.758193
558.005757,115,1445.800654
668.140772,126,1446.117961
723.118862,138,1446.469501
518.950899,113,1446.759407
678.212812,131,1447.097855
911.414226,170,1447.61981
497.133076,98,1447.873128
728.833053,134,1448.705036
611.830275,127,1449.008307
734.029599,141,1449.348513
625.212247,113,1449.61847
905.526759,166,1450.026138
969.450328,192,1450.554024
792.9739,145,1450.948365
876.322178,158,1451.997428
617.947606,119,1452.28093
892.276657,165,1452.664029
832.265611,162,1453.05892
993.991441,180,1454.950116
626.395937,124,1455.265845
627.786883,117,1455.557897
794.624212,150,1456.499619
644.4046,125,1456.809844
841.028894,158,1457.202358
669.640531,141,1457.555066
511.38733,115,1457.844196
581.799825,116,1458.140003
692.366845,121,1458.457813
588.318923,111,1458.744735
738.618638,152,1459.664076
844.103069,161,1460.054086
1453.302502,288,1460.7612
634.315753,119,1461.051544
665.142172,126,1461.418567
719.38069,156,1461.82629
940.7518,174,1464.347268
793.059386,145,1464.749894
546.161151,109,1465.022993
627.07682,121,1465.327494
828.861505,166,1465.74057
769.32425,146,1466.100084
618.063843,114,1466.38174
930.149476,172,1467.441874
723.832169,133,1467.775469
896.284523,173,1468.21509
672.793726,140,1468.573148
772.799835,143,1468.92779
773.655159,158,1469.340156
688.318409,141,1469.70884
847.89291,179,1470.715689
700.209076,132,1471.043873
743.358436,138,1471.395106
904.650956,168,1473.43266
906.995545,166,1473.882183
816.921439,156,1474.258777
667.957135,145,1474.612621
919.170137,165,1475.4992
673.177588,129,1475.804561
906.521019,172,1476.216883
653.445968,123,1476.554708
751.298007,147,1476.95975
411.127458,93,1477.187507
792.377127,149,1477.552203
568.468921,106,1478.359473
956.278046,181,1478.805122
855.948312,167,1479.210027
707.459135,136,1479.543034
795.963808,154,1479.969528
831.800881,162,1480.393902
845.93146,162,1482.534911
708.799483,138,1483.424237
851.476146,157,1483.819157
700.929202,136,1484.160809
698.267597,139,1484.506425
441.663309,100,1484.764184
676.823486,154,1485.174734
580.391238,124,1485.485772
1152.635747,230,1486.58007
901.646239,173,1486.992739
859.471937,158,1487.443322
540.29707,114,1487.734876
817.535952,158,1488.12755
718.185561,143,1488.47329
663.251222,126,1488.776345
626.859255,113,1489.535913
743.074404,139,1489.891022
645.163815,138,1490.254997
872.77606,160,1491.993937
819.542761,151,1492.354731
707.722346,158,1492.769927
917.213046,165,1493.208563
993.951717,212,1494.386306
1019.412853,186,1494.848873
636.886289,119,1495.143568
968.943353,186,1495.612926
647.284471,136,1495.967027
606.376511,114,1496.267319
641.643906,123,1497.236408
689.737867,134,1497.56261
974.360732,184,1498.083242
688.158297,124,1498.38393
674.202907,141,1498.735388
748.028043,151,1499.111947
902.672402,177,1501.229413
1315.854116,252,1502.480615
835.892321,160,1502.876238
619.772481,119,1503.176267
680.37217,121,1503.482588
1065.182478,193,1504.003317
666.933214,145,1504.416395
1242.857764,235,1505.630797
543.261947,117,1505.929682
575.381547,124,1506.240748
1001.247756,186,1506.710756
813.697037,160,1507.114401
857.40306,167,1507.548423
577.520486,117,1507.85993
516.966636,112,1508.7955
666.082278,120,1509.100835
591.549577,126,1510.934091
910.493214,187,1511.418728
966.624187,184,1511.903457
780.760536,152,1512.355332
1349.94217,261,1513.637804
610.241814,135,1513.972904
859.142386,165,1514.380735
809.683358,159,1514.766999
945.418916,182,1515.231109
577.388497,108,1515.549622
812.567042,153,1515.926218
760.888903,144,1516.918021
613.394562,115,1517.200254
595.066491,123,1517.507487
638.10236,144,1517.873611
566.378549,126,1518.190058
1059.029072,218,1520.323056
692.43687,137,1520.667619
790.906294,148,1521.681278
903.267193,173,1522.101058
798.717744,149,1522.46335
663.197389,141,1522.814618
698.790681,138,1523.216858
566.667795,119,1523.536454
734.119023,133,1523.869729
489.304769,91,1524.726788
627.676657,129,1525.050364
800.996772,155,1525.433669
638.941047,129,1525.767351
687.159193,144,1526.157488
825.735517,148,1526.564692
680.345641,144,1526.931294
747.959458,143,1527.293233
837.825146,175,1528.341936
528.933754,101,1530.180305
735.314821,147,1530.55406
1023.680123,199,1531.07021
600.171516,131,1531.411255
1621.229715,291,1532.71522
623.665298,115,1533.002476
789.494795,151,1533.387533
765.096935,143,1533.7563
662.601677,149,1534.134773
684.476605,130,1534.512581
527.4931,113,1534.803134
1147.608201,213,1535.316618
583.112091,114,1536.077548
662.647554,125,1536.387901
1149.343599,203,1536.878373
707.478369,132,1537.199845
916.512777,163,1539.24988
1302.563459,258,1539.881865
847.826361,152,1540.83916
497.591987,115,1541.152283
561.069257,125,1541.463531
458.065289,108,1541.728079
588.254741,112,1542.000039
502.481265,104,1542.258539
845.522558,166,1542.681064
652.52831,118,1542.989516
959.107146,198,1544.058913
894.542345,156,1544.455804
800.923835,153,1544.842836
607.624448,119,1545.140647
804.818934,158,1545.54781
680.357133,139,1545.900435
707.703626,131,1546.247231
831.620199,151,1548.742488
888.490796,174,1549.183116
767.157065,157,1549.590275
917.091254,201,1550.16925
708.648167,133,1550.535082
787.815953,155,1550.918744
1198.004852,231,1552.130691
648.445812,123,1552.426457
1105.061209,216,1552.958396
782.819026,149,1553.331454
828.09421,153,1553.717349
802.672383,150,1554.109669
793.410006,165,1555.179128
847.25334,170,1555.604814
906.436924,172,1556.038256
670.679906,128,1558.008019
539.76837,100,1558.250282
896.659121,184,1558.707819
787.812295,146,1559.074301
884.112526,166,1560.094686
986.819848,186,1560.549488
1002.190352,189,1561.093223
737.187918,139,1561.42639
765.024496,148,1561.799336
750.050982,139,1562.146434
619.127717,116,1563.050809
766.485375,160,1563.456117
853.640423,186,1563.949016
676.763479,129,1564.306368
881.905405,166,1564.705985
997.909419,203,1565.218317
621.002836,115,1567.122439
938.142429,173,1568.183761
814.912087,148,1568.552325
528.82438,115,1568.843293
737.808922,130,1569.169446
677.231419,139,1569.522541
866.950641,165,1569.951148
1343.840875,238,1571.180893
453.683954,98,1571.452038
940.635745,198,1572.000478
817.001647,159,1572.389429
932.732967,172,1572.811841
838.559038,152,1573.176152
685.291468,132,1573.501212
815.89094,147,1574.506725
748.650272,140,1574.896014
965.939658,192,1576.977567
993.278155,192,1577.478322
794.849758,149,1577.871178
848.106996,184,1578.357362
636.838975,115,1579.218135
986.047221,189,1579.697815
1156.859259,202,1580.205678
620.041552,124,1580.522793
609.964491,113,1580.804715
951.007206,201,1581.329949
799.024549,147,1581.734442
678.369128,127,1582.612817
1045.12106,227,1583.186936
873.351102,158,1583.565124
779.478278,141,1583.945926
585.029521,115,1584.266398
703.933178,129,1586.13855
650.595292,147,1586.507653
764.312449,161,1587.518735
594.654001,112,1587.798365
670.551511,140,1588.144712
1254.303517,238,1588.721753
1104.562742,210,1589.220893
1198.096339,227,1590.309406
605.183731,119,1590.641448
514.183213,99,1590.916242
940.692581,187,1591.371623
924.866778,169,1591.80068
818.600893,157,1592.197714
501.582416,99,1592.449593
980.035486,181,1593.473373
801.141607,161,1593.877641
646.463286,135,1595.928335
528.816698,121,1596.234974
601.3358,110,1596.508727
829.844779,154,1596.903732
714.57172,131,1597.246674
686.109669,129,1597.584504
913.607919,182,1598.674783
1097.016712,195,1599.149995
670.036135,140,1599.489037
809.468156,152,1599.914625
718.184758,149,1600.298528
820.143692,150,1600.664922
1131.524558,231,1601.722988
799.294798,140,1602.071844
774.100563,159,1602.471369
749.883336,134,1602.817897
857.98428,162,1604.847996
664.17043,118,1605.148272
514.421911,98,1605.407934
956.156754,187,1606.432616
503.932935,116,1606.734741
1169.289711,223,1607.288023
842.269764,155,1607.674386
686.075442,129,1607.996162
657.241528,130,1608.331841
929.584552,182,1609.355074
580.008884,117,1609.649525
692.050263,140,1610.003623
519.551814,113,1610.280988
916.652731,170,1610.687801
763.209291,143,1611.04568
807.738064,150,1611.481829
914.507284,169,1611.903928
647.037701,123,1612.691004
761.420012,157,1614.472866
508.195095,108,1614.785667
701.721746,128,1615.124389
569.981625,129,1615.443199
1043.43201,200,1615.934989
698.261605,154,1616.301544
833.168877,179,1617.233366
550.800348,128,1617.557677
843.885833,158,1618.014404
784.084641,144,1618.370739
1101.024816,214,1618.902238
1031.4068,184,1619.362872
893.466766,178,1620.36721
831.776376,162,1620.774779
627.114399,123,1621.083461
511.317025,118,1621.38226
662.543356,129,1623.450705
1512.991587,273,1624.139857
809.640581,148,1625.059995
649.711894,125,1625.371584
511.478975,93,1625.608238
737.581875,142,1625.965179
772.363257,161,1626.353729
947.407774,174,1626.77112
567.955563,131,1627.098997
1059.680581,203,1628.130672
690.939586,126,1628.481178
1018.556126,195,1628.991724
726.658869,141,1629.334468
688.758927,128,1629.641265
716.126275,139,1629.97629
918.647815,168,1630.383554
862.001043,159,1632.905724
835.485351,158,1633.284872
730.529344,151,1633.656471
524.009762,101,1633.91449
657.402749,143,1634.292281
740.433813,144,1634.677117
650.038663,116,1634.980719
822.624653,165,1636.05771
715.988112,129,1636.378773
795.169336,155,1636.766098
468.239104,110,1637.046577
696.377677,142,1637.399947
1008.168638,188,1637.875999
908.874792,168,1638.32401
696.903113,130,1639.306801
848.675422,149,1639.677813
420.395338,98,1639.940337
691.782242,130,1640.302929
761.347061,138,1642.324585
958.128332,179,1642.787299
819.131798,171,1643.271562
869.739129,161,1644.347372
850.40799,160,1644.743489
552.794759,116,1645.025545
659.576454,119,1645.327303
840.077876,163,1645.724984
836.186487,157,1646.108451
1255.892409,245,1646.760886
699.961904,130,1647.718903
505.499639,113,1648.002144
703.079601,142,1648.358386
1195.002522,234,1648.93965
1035.987683,201,1649.452526
638.66562,120,1651.375595
1063.40359,190,1652.481426
767.09331,157,1652.873011
627.089704,121,1653.176954
758.605932,137,1653.516316
818.147251,160,1653.91549
724.906989,134,1654.317551
672.191021,138,1654.689278
811.779003,155,1655.713349
1101.605454,209,1656.230287
724.554392,164,1656.629432
1107.849126,208,1657.13546
990.380953,176,1657.629575
757.15864,147,1658.013689
971.292031,185,1659.101925
807.563187,145,1659.456189
853.539497,169,1661.599927
960.359387,186,1662.071475
530.436739,105,1662.336772
687.407124,137,1662.6822
900.855949,199,1663.738617
578.318196,108,1664.011272
502.231208,116,1664.304148
830.177657,157,1664.698557
706.138656,138,1665.043089
1220.817934,217,1665.602348
583.559992,109,1665.884851
770.044015,140,1666.805181
669.357254,125,1667.115628
751.902633,143,1667.4751
663.898293,125,1667.789691
683.989525,127,1668.109001
630.103801,114,1668.394643
643.781106,141,1668.748085
729.118017,145,1670.60471
987.916841,177,1671.514099
654.54165,144,1671.866892
811.636033,176,1672.300336
1123.752335,202,1672.797214
896.920054,164,1673.25005
1103.75221,196,1673.792279
572.748649,118,1674.581081
742.031543,136,1674.916541
705.269693,131,1675.240778
646.575416,136,1675.579776
611.455374,129,1675.902324
947.486771,171,1676.341125
719.426622,135,1676.698596
843.932578,173,1677.782455
1047.082947,187,1680.016298
484.690343,110,1680.299373
862.226179,158,1680.703611
784.247825,147,1681.082059
704.771972,160,1681.505751
499.714671,111,1681.803427
519.377613,97,1682.05969
863.983967,155,1683.091723
1013.597492,218,1683.641219
850.857444,172,1684.123902
622.237207,116,1684.421624
739.057323,141,1684.756747
718.746762,160,1685.165622
750.032373,149,1686.172274
687.983592,131,1686.497952
625.378643,119,1686.784215
994.61543,186,1687.306762
955.739961,205,1689.206029
777.555148,141,1689.571637
482.51274,91,1689.804571
787.8569,156,1690.9645
669.748735,121,1691.268792
686.0609,136,1691.602933
610.373262,114,1691.891376
773.525387,139,1692.24057
641.248128,120,1692.543222
672.608918,124,1692.873176
1830.375305,369,1694.482869
746.656954,138,1694.836368
773.904232,143,1695.214096
1037.906019,199,1695.712731
737.201657,153,1696.116568
618.77476,119,1696.436486
605.545484,109,1697.347814
614.118649,112,1699.219929
757.466967,140,1699.570667
991.01789,177,1700.012328
733.398863,139,1700.359273
474.132845,108,1700.626065
670.292941,129,1700.949163
648.281753,122,1701.266175
527.718004,117,1702.19162
541.690864,105,1702.462617
578.607759,132,1702.836183
874.168081,156,1703.233275
1393.147812,263,1703.874786
802.571106,172,1704.303971
659.217469,124,1704.607328
1002.373851,197,1705.598719
922.192522,183,1706.138652
1042.84165,197,1706.649407
750.785107,144,1708.351081
586.192426,128,1708.68604
998.320345,194,1709.195663
773.204533,150,1710.102825
1453.852209,264,1710.761852
983.236739,183,1711.224004
754.261262,144,1711.584088
1046.864039,203,1712.128253
552.263395,124,1713.027004
1240.230402,228,1713.596199
1011.070944,210,1714.124535
821.254984,155,1714.518523
1187.722392,227,1715.110881
558.060566,107,1715.391963
846.232069,158,1717.899433
855.671477,165,1718.303797
915.928334,170,1718.717775
608.4146,119,1719.009719
741.394288,148,1719.37497
916.635995,182,1719.867348
1100.171105,198,1720.91963
1022.830045,197,1721.394255
1252.719067,237,1721.970107
528.439342,108,1722.237226
769.926533,141,1722.574997
759.73547,139,1722.923892
1394.684002,272,1724.338036
530.2026,100,1724.590705
596.39787,125,1724.903456
801.590363,149,1726.969024
645.932672,125,1727.290769
1029.894652,190,1727.773033
532.520148,100,1728.024683
813.668372,143,1729.010675
694.091831,153,1729.40125
615.406937,118,1729.693679
607.699157,136,1730.041918
1014.437753,204,1730.548343
864.169171,161,1730.948548
598.251372,115,1731.249282
666.842145,124,1732.194514
546.789044,117,1732.481794
827.614774,160,1732.891274
784.142632,141,1733.290951
1020.116411,187,1733.745004
704.383324,135,1734.071652
653.389981,124,1734.372372
811.869775,155,1736.962376
723.084234,136,1737.289488
1026.218347,188,1737.739185
1191.098028,244,1738.35287
712.144767,139,1738.710194
725.991721,133,1739.064079
656.714529,128,1739.405142
528.285478,103,1740.217026
607.70255,110,1740.489139
998.022236,197,1740.992508
509.294591,108,1741.266305
615.209502,114,1741.559067
586.531305,124,1741.873646
683.057374,130,1742.208628
785.862917,148,1742.599708
831.830373,154,1743.635941
669.349762,125,1743.950615
649.71289,134,1746.034786
1073.171375,209,1746.56777
1124.18784,227,1747.133604
753.473057,166,1747.586869
617.339443,112,1748.681043
834.812829,154,1749.093783
609.203151,114,1749.387704
544.208489,101,1749.637952
983.759391,199,1750.156065
901.533359,163,1750.573301
624.125126,133,1750.918515
580.145661,128,1751.952095
921.047273,176,1752.388258
768.792576,141,1752.73625
776.102844,144,1753.091768
694.195001,138,1753.44148
439.655534,85,1753.662626
900.631299,166,1755.681657
589.45294,111,1755.965705
620.86083,128,1756.864563
960.857582,194,1757.363192
639.237948,133,1757.699746
835.595868,163,1758.103144
723.617545,135,1758.446956
815.965864,147,1758.830695
568.395222,108,1759.11289
811.742948,148,1760.07281
770.203624,140,1760.42367
625.990953,138,1760.774673
618.582426,126,1761.093547
1207.437979,233,1761.68909
669.191318,139,1762.046674
596.441505,136,1762.395988
676.958199,128,1763.337089
790.883714,147,1765.273232
746.102602,141,1765.620095
1044.225947,212,1766.146627
769.037697,144,1766.492362
829.340812,153,1766.860504
734.053373,134,1767.849542
938.100434,169,1768.315549
1068.837088,192,1768.78579
761.781998,146,1769.143276
693.930106,125,1769.44745
1267.142201,234,1770.032622
718.682245,135,1771.032077
756.705594,140,1771.3766
626.200787,117,1771.674343
697.606422,145,1772.04104
1014.109884,182,1772.495418
1110.511983,205,1774.70395
1307.345376,249,1775.974613
861.361059,180,1776.460726
1289.211892,249,1777.081974
1101.301348,216,1777.605643
643.291904,139,1777.962022
1011.438796,208,1778.504133
750.539377,141,1779.53772
634.602194,137,1779.865597
548.885848,102,1780.108246
637.698611,121,1780.399483
620.156767,114,1780.675511
1285.530917,244,1781.275136
705.389954,133,1781.622177
795.350722,175,1784.152657
717.55782,149,1784.534549
627.157506,139,1784.885034
929.530948,184,1785.377421
789.518156,152,1785.776781
701.041653,132,1786.120678
863.215041,160,1787.102814
617.340036,125,1787.418974
1044.309676,208,1787.949449
800.398019,165,1788.360126
938.609526,179,1788.809105
558.531098,126,1789.140741
1157.935959,216,1790.352547
480.567487,110,1790.630377
1514.661407,280,1791.322513
673.573119,123,1793.259881
1029.766896,213,1793.792477
973.128265,175,1794.234435
726.388753,161,1795.167422
731.062767,145,1795.556042
526.803638,117,1795.880057
763.384431,166,1796.283701
824.43656,156,1796.658525
876.657297,169,1797.060472
648.358244,125,1797.358391
581.142692,130,1798.166997
587.558905,135,1798.493168
796.691695,148,1798.911963
854.760771,154,1799.310094
889.011338,167,1799.720998
755.634268,149,1800.089439
726.084927,150,1800.463267
585.556397,113,1802.927639
781.859269,157,1803.325106
799.638937,147,1803.70409
625.96057,136,1804.05381
882.488347,167,1804.473022
739.52929,148,1804.856517
856.730598,156,1805.262505
629.395587,141,1806.240747
562.422189,127,1806.55763
571.64837,121,1806.857403
1116.76739,209,1807.376435
868.871559,172,1807.807745
1160.14976,219,1808.372691
501.359475,115,1808.674806
1042.185657,203,1809.793682
1468.535076,282,1812.246735
924.434911,172,1812.67245
952.586084,180,1813.114768
766.897753,156,1813.507734
997.317838,197,1814.776098
836.667023,158,1815.196158
574.098054,108,1815.462061
710.424126,135,1815.79149
1404.275111,251,1816.417911
740.555511,137,1816.777233
560.472203,107,1817.59842
820.890469,168,1818.024321
991.892853,195,1818.50348
693.6151,132,1818.829637
1159.559061,217,1819.367845
840.012098,157,1821.41895
737.106924,140,1822.381892
876.00241,162,1822.793635
920.461479,171,1823.22855
932.739458,199,1823.73622
782.000102,149,1824.128581
721.193867,142,1824.516932
966.302635,174,1824.967991
656.658858,138,1825.925719
644.833858,134,1826.268658
1054.589166,210,1826.783697
800.062568,156,1827.195796
715.278977,130,1827.573921
632.804383,135,1827.904916
908.075787,171,1828.965785
779.389789,155,1829.34156
837.239763,157,1831.583823
885.791303,176,1832.00667
712.929139,133,1832.326869
844.337194,160,1832.725177
569.29156,109,1833.010202
866.627195,154,1834.179073
588.599364,111,1834.454923
790.04992,149,1834.822768
857.188891,184,1835.292443
769.374692,147,1835.664266
1252.693654,231,1836.256997
603.447984,109,1836.538242
583.163917,109,1837.362712
763.932052,147,1837.726007
948.470298,181,1838.172067
702.932776,133,1838.509966
638.834531,123,1838.817532
1153.390894,213,1841.105454
646.38271,120,1841.405367
634.773554,139,1842.386523
753.92229,141,1842.793908
620.633814,125,1843.110448
953.793178,177,1843.553448
889.831005,163,1843.964024
791.948164,169,1844.395471
516.527125,111,1844.696429
654.484588,122,1845.761403
631.933601,119,1846.145762
647.702267,121,1846.47379
626.470195,121,1846.816176
682.639574,128,1847.133126
326.670527,68,1847.303727
690.338616,136,1847.638164
680.595666,120,1847.942327
500.335882,90,1848.171092
1004.205147,190,1849.457606
517.332091,102,1851.431963
802.6655,144,1851.82605
1139.535279,210,1852.40901
810.035274,143,1852.795688
654.73452,123,1853.125044
838.462156,158,1854.127505
660.397339,132,1854.464291
748.644676,132,1854.804055
591.031592,109,1855.084049
698.514605,125,1855.400886
933.194632,181,1855.864697
774.979952,159,1856.294383
669.730073,139,1856.672057
971.429966,174,1857.70261
655.898146,121,1858.017132
727.175885,138,1858.379946
723.98875,149,1858.766777
1011.018413,193,1860.686648
814.03294,168,1861.185101
964.546463,189,1862.221888
1165.749229,212,1862.761001
742.517928,144,1863.131492
610.322873,129,1863.4557
608.955885,135,1863.795368
971.396527,187,1864.286931
650.018693,130,1864.683385
550.993454,110,1865.538804
865.895854,174,1865.986182
612.544074,136,1866.344862
1123.414583,203,1866.854409
864.89792,162,1867.280144
719.877091,138,1867.649028
621.555885,119,1868.595857
794.69512,150,1870.960238
673.234857,135,1871.320165
846.698592,179,1871.791642
492.38089,91,1872.033202
898.993908,161,1872.455572
1195.21626,216,1873.02221
975.898257,183,1874.058491
692.580194,136,1874.401791
688.312716,149,1874.795206
1858.73035,351,1875.680633
788.296725,161,1876.097142
513.745973,110,1876.371332
959.9649,180,1877.329013
875.539127,158,1877.715518
447.320024,93,1877.96949
702.302357,133,1879.886352
957.313418,197,1880.37469
762.163471,145,1880.760358
652.759264,141,1881.897796
498.322373,98,1882.136457
641.197637,124,1882.447323
1180.864508,220,1882.989662
809.508683,145,1883.343235
697.548534,126,1883.659461
738.618502,146,1884.043581
482.438541,104,1884.319804
971.716618,177,1885.446897
682.681982,146,1885.815902
920.238058,189,1886.292969
507.992814,101,1886.546479
958.25965,176,1886.98746
806.532264,171,1887.454499
1017.750218,192,1890.304766
859.835131,168,1890.719906
632.73133,121,1891.070112
763.670845,137,1891.448839
634.461672,122,1891.762327
1324.850489,248,1892.379596
679.601419,135,1892.712526
639.347021,117,1893.652072
732.113052,147,1894.023037
694.714991,133,1894.398945
501.240922,112,1894.694669
721.702266,138,1895.031663
1080.562206,201,1895.516676
1078.957443,211,1896.670997
797.083138,144,1897.026764
831.73058,153,1897.424873
760.59144,138,1899.416733
1024.915528,191,1899.901172
1125.813342,199,1900.4093
996.41857,202,1901.591464
798.660819,152,1901.970526
1136.90717,209,1902.489321
873.16988,168,1902.910944
1067.37464,209,1903.454476
869.729895,176,1903.925715
579.511931,125,1904.905762
631.830346,124,1905.222677
623.048102,135,1905.566403
676.598745,127,1905.886726
622.547991,126,1906.195947
827.336873,152,1906.567335
1165.480607,201,1908.809051
786.834068,152,1909.883002
1031.522216,182,1910.332293
1019.432326,218,1910.871603
870.410405,166,1911.266624
1038.1916,189,1911.734569
611.083721,126,1912.122881
815.443711,162,1913.095237
955.012339,199,1913.580787
1054.493652,196,1914.061877
661.328666,148,1914.432502
751.721713,162,1914.848584
842.748819,160,1915.27749
455.401278,105,1915.563209
684.070545,134,1916.562182
1118.722338,214,1918.757225
833.631398,156,1919.16477
659.753131,121,1919.469971
881.666088,172,1919.906079
806.567856,169,1920.341524
1073.6923,207,1921.394107
724.216778,140,1921.725571
936.595381,180,1922.170925
900.828702,184,1922.696482
560.383317,109,1922.963855
475.305381,88,1923.17406
1014.559914,194,1924.154378
760.887079,137,1924.498114
611.614742,116,1924.780302
1340.506206,255,1925.435811
1130.957224,214,1927.490412
526.298136,121,1927.795127
608.613115,130,1928.133075
822.30418,149,1929.189124
456.43213,105,1929.452137
1078.266773,195,1929.949837
731.276178,137,1930.294173
632.210233,130,1930.623466
865.963424,163,1931.057419
758.762336,142,1931.444394
952.893274,196,1932.510616
953.811624,192,1932.990424
553.531519,106,1933.256365
712.176969,140,1933.607781
1111.132683,238,1934.223603
831.66506,155,1934.634723
629.477345,129,1935.636799
1118.855387,209,1938.010009
949.599796,161,1938.411129
813.904262,148,1938.785547
1097.837522,199,1939.274693
741.340179,140,1939.625375
803.599268,156,1940.776439
792.624537,169,1941.19768
1006.90488,192,1941.681201
905.6935,165,1942.0896
459.847551,102,1942.34157
469.688146,107,1942.611491
526.364328,118,1942.909218
933.687074,171,1944.0009
508.446274,111,1944.300154
789.647094,154,1944.683085
734.914747,144,1945.034373
950.473133,190,1947.285982
655.571658,131,1947.622748
782.125101,152,1948.015463
777.699658,154,1949.078012
1119.298428,238,1949.687745
921.604197,171,1950.114166
469.725599,104,1950.374914
745.729374,167,1950.799384
612.938824,133,1951.156805
1064.973106,197,1952.340131
690.063791,138,1952.687662
552.657317,124,1953.000627
1210.847574,240,1953.596722
971.618535,203,1954.1705
989.311276,180,1954.621131
775.020112,145,1956.861989
571.454191,103,1957.142663
849.79874,162,1957.595156
1153.026762,237,1958.183136
685.721041,130,1958.498372
785.544252,154,1958.874253
705.354599,141,1959.218184
1461.17236,284,1960.450586
696.840308,137,1960.791452
681.235763,135,1961.130359
613.486422,133,1961.466897
956.166747,182,1961.941856
576.268502,123,1962.271009
995.901301,211,1963.374248
907.629091,177,1963.819715
757.605798,139,1965.918752
985.892553,204,1966.445381
626.802642,130,1966.778122
790.067023,171,1967.230376
687.728233,127,1968.090102
490.026919,105,1968.347424
984.597684,175,1968.8329
576.558093,108,1969.115449
703.352995,153,1969.48739
609.783367,128,1969.802268
877.687493,174,1970.23302
673.748615,145,1971.156519
524.334435,121,1971.457213
835.772219,166,1971.884732
779.701593,154,1972.314595
1046.061591,187,1972.781759
1141.734926,219,1973.316692
994.395192,194,1976.088326
636.349358,119,1976.383021
622.048275,112,1976.665767
645.42095,146,1977.035453
908.150097,177,1977.479404
892.730914,171,1977.926162
755.937716,135,1978.285258
581.898912,124,1979.251826
1304.411298,248,1979.867846
489.618564,105,1980.132876
653.098568,117,1980.425075
744.656174,152,1980.812307
573.706499,113,1981.10398
955.951378,180,1981.57951
847.369697,175,1982.627369
587.60027,133,1982.962982
675.744749,128,1984.741813
537.412106,110,1985.021321
834.824527,178,1985.52448
635.340891,139,1985.931093
935.970088,169,1986.351241
946.488055,195,1987.343508
817.82018,165,1987.742794
691.608388,150,1988.104264
820.428028,162,1988.504602
817.030966,147,1988.905914
927.915934,167,1989.347047
734.341771,131,1990.157995
629.786484,121,1990.450383
922.483868,182,1990.902671
1339.855648,251,1991.55013
474.51162,89,1991.769734
738.015735,162,1993.769381
756.090895,160,1994.174716
840.700873,173,1995.144808
831.924396,186,1995.607657
634.176526,136,1995.94935
621.430915,122,1996.268021
1034.855253,197,1996.7743
871.689229,172,1997.228563
529.853948,102,1998.058829
650.998069,123,1998.362074
539.039454,104,1998.624867
511.502124,111,1998.905771
891.863596,175,1999.346666
702.770743,129,1999.666308
648.417178,124,1999.977559
802.440957,155,2000.387774
1618.766864,305,2003.309723
715.105638,138,2003.667144
476.941466,92,2003.912499
658.78539,136,2004.330962
779.184127,150,2004.723889
736.781977,132,2005.042819
1241.818925,240,2006.166283
609.138842,115,2006.448883
763.815181,159,2006.852468
512.127488,99,2007.091979
766.700855,156,2007.536458
1042.239594,199,2008.050317
1089.158373,224,2009.161144
633.500221,119,2009.461143
674.651655,145,2009.835547
707.739155,143,2010.198817
534.653541,100,2010.446248
975.136113,192,2012.53864
781.203641,144,2012.909746
890.838093,171,2013.891165
767.678117,160,2014.293401
743.64137,156,2014.688514
911.913891,171,2015.116407
739.496125,137,2015.452564
1158.824207,220,2016.006675
1049.264152,198,2017.013686
735.193432,149,2017.382624
509.038843,114,2017.665684
924.917252,170,2018.147134
718.838363,144,2018.541967
811.204766,152,2018.917485
724.587455,133,2019.246906
786.325832,158,2020.124633
785.17433,138,2021.99022
636.979957,123,2022.293292
1136.479233,220,2022.820831
788.262202,146,2023.184797
631.601129,135,2023.535074
1082.990927,213,2024.093089
965.80465,195,2025.260139
733.689126,139,2025.608911
1019.506539,184,2026.065718
873.22296,177,2026.515844
589.769624,106,2026.78598
466.541612,94,2027.032804
721.105272,142,2027.407154
1176.753593,215,2028.608307
848.184896,153,2029.000597
680.936718,130,2029.328372
1099.217651,199,2031.476665
664.527805,131,2031.811788
1005.598348,220,2033.198221
629.288489,136,2033.532288
586.026545,109,2033.795696
524.207769,103,2034.054963
967.467905,175,2034.492732
602.007141,114,2034.773252
1546.140482,288,2035.519624
717.596488,129,2036.589705
880.102845,168,2037.000965
580.647636,109,2037.272836
732.155071,149,2037.643544
702.237059,134,2037.975272
817.415978,155,2038.358714
1038.008402,203,2038.887979
791.253515,148,2041.609903
973.660109,176,2042.054914
722.011607,126,2042.387647
755.502296,157,2042.788114
710.314996,129,2043.115199
814.760049,151,2043.50942
800.49459,157,2043.928739
915.045776,173,2044.938485
769.852066,158,2045.330646
669.295826,137,2045.680831
1084.514313,204,2046.201632
752.093527,149,2046.585434
867.088213,164,2047.092659
721.41349,136,2047.951788
1091.372447,196,2048.425619
809.688906,158,2048.821406
1322.038323,257,2051.389795
1147.129515,204,2051.881677
1086.484973,212,2052.89536
944.375089,176,2053.353023
947.570295,177,2053.852032
772.339352,152,2054.221364
1517.11114,287,2054.93075
714.191077,137,2055.283555
575.370492,134,2056.29967
711.362507,143,2056.65615
560.671709,110,2056.933766
981.348543,185,2057.402995
960.752605,190,2057.886302
956.348934,174,2060.358266
991.482467,176,2061.390355
754.676052,149,2061.776143
516.340788,119,2062.081918
834.181268,171,2062.516392
646.871648,125,2062.828373
714.55343,138,2063.174124
701.556654,149,2063.584436
1278.570264,243,2064.923961
734.889764,147,2065.278597
1630.647085,309,2066.036202
764.221446,156,2066.422263
1408.193912,270,2067.19328
941.879129,174,2068.176203
778.696188,140,2068.522353
1191.899508,228,2070.640056
802.8602,150,2071.026866
749.682807,138,2071.379674
1308.794339,236,2072.668483
869.468852,155,2073.060346
824.628241,163,2073.484887
986.335512,189,2073.960971
887.265227,166,2074.394072
744.662701,144,2074.773112
632.170628,121,2075.094305
1004.360367,185,2076.323728
635.823108,121,2076.655102
633.15927,119,2076.978351
609.920799,132,2077.346204
936.291643,182,2077.820646
827.001111,156,2080.196459
494.226412,106,2080.465783
1120.733217,208,2081.677251
644.134149,148,2082.080493
1490.459714,273,2082.786062
843.663593,156,2083.231676
519.947962,119,2083.539924
615.238796,123,2083.850673
542.416292,123,2084.688138
1441.357813,247,2085.305654
538.611322,108,2085.574084
912.853236,174,2086.01004
439.38322,83,2086.24487
744.710932,131,2086.6255
819.350378,147,2087.004689
892.395762,163,2088.104383
691.012007,136,2089.959587
601.310048,111,2090.2457
589.127145,114,2090.546117
858.571045,163,2090.979519
666.462292,127,2091.310725
763.956323,138,2091.692607
865.177691,182,2092.800644
862.036057,163,2093.227948
771.896319,162,2093.650306
749.791206,137,2094.001539
814.116962,148,2094.390357
582.207691,130,2094.732831
621.485051,128,2095.072055
799.937745,167,2096.078009
903.016902,187,2096.548133
1243.217939,242,2097.158126
845.039662,163,2097.560352
761.216776,136,2099.495702
740.184066,133,2099.831517
776.071874,148,2100.83306
816.672776,173,2101.305092
714.258684,133,2101.693331
966.495356,186,2102.161732
528.875961,111,2102.463939
907.18031,171,2102.88551
521.327767,99,2103.138754
658.013472,129,2103.467384
752.173639,149,2104.485527
594.550663,121,2104.79467
1054.6451,195,2105.308497
1247.662248,234,2105.919444
436.819993,93,2106.174492
1431.849716,243,2107.415825
721.440922,139,2109.271708
697.749999,136,2109.630759
673.177113,131,2109.97796
752.076197,142,2110.359273
1081.268427,200,2110.908237
611.782293,135,2111.279445
933.020005,176,2112.45689
798.273417,161,2112.867846
619.429013,123,2113.17772
584.434648,130,2113.499605
734.767441,131,2113.827185
1119.72383,229,2114.405229
712.489282,138,2114.771875
617.890586,128,2115.762247
1098.465343,207,2116.303479
1290.104568,260,2116.976136
533.125007,105,2118.767346
678.636078,124,2119.158405
567.280162,108,2119.452252
999.109995,192,2120.512376
859.133112,157,2120.917912
641.79571,140,2121.28244
853.017316,163,2121.70399
836.333677,156,2122.13188
689.787975,134,2122.500017
616.018574,134,2122.866665
719.326894,131,2123.855569
753.801732,140,2124.228997
1051.713471,197,2124.73926
1008.618921,186,2125.226616
615.948549,109,2125.503608
915.007909,180,2125.981142
747.511801,163,2128.351673
963.033251,206,2129.418009
842.293171,163,2129.832326
525.143582,114,2130.131052
693.518264,130,2130.460242
1096.262924,199,2131.042754
663.933165,137,2131.408492
801.079365,172,2132.366293
749.666684,144,2132.725464
877.449308,188,2133.213356
892.168256,171,2133.654468
1022.789337,206,2134.270832
648.620957,119,2134.601848
876.902377,167,2135.539437
625.885375,132,2135.864727
714.158898,147,2136.254394
734.976209,141,2138.7687
597.021453,109,2139.053366
823.115655,158,2139.464443
1026.243235,189,2139.968753
1300.402468,262,2141.241145
674.364253,122,2141.556387
1103.519757,209,2142.096164
641.94828,144,2142.479547
724.646353,157,2142.903045
685.41707,152,2143.315208
560.365224,112,2144.233435
963.992591,181,2144.702437
718.542556,136,2145.056404
792.543122,152,2145.442768
1305.969343,237,2146.117929
584.980323,126,2146.441293
683.463912,136,2148.291008
793.923045,149,2149.344562
770.511949,157,2149.756058
738.196126,134,2150.109337
858.892881,169,2150.542464
602.867437,133,2150.876726
1141.940861,224,2151.453855
793.552182,149,2152.441734
577.545398,109,2152.768186
503.915093,113,2153.06825
952.524549,180,2153.554422
732.015462,142,2153.940017
1173.312258,232,2154.534387
836.610561,163,2154.973393
691.472159,130,2155.904234
842.90712,161,2156.322808
826.84307,148,2158.424459
677.115663,137,2158.789207
933.288582,183,2159.277149
837.128505,163,2159.727818
669.109609,140,2160.702264
593.331056,124,2161.033797
780.530814,151,2161.419443
1281.536831,248,2162.058538
979.16287,191,2162.545778
833.035501,151,2162.950598
950.787092,174,2163.97865
1074.904224,211,2164.567373
923.196252,172,2165.004018
737.29308,160,2165.42838
815.676462,160,2165.828465
676.475906,135,2168.155914
700.95235,130,2168.478614
1315.556321,270,2169.69095
588.769887,119,2169.996424
769.336504,174,2170.460212
1295.166333,265,2171.186201
653.652404,131,2171.55205
1068.183925,195,2172.649833
705.641014,135,2172.99984
1008.59706,198,2173.519484
746.935177,142,2173.890905
617.088759,136,2174.247652
673.818914,149,2174.651132
942.104445,172,2175.711253
825.859813,154,2176.09517
802.357576,168,2178.328258
750.510194,152,2178.710514
731.147327,136,2179.051287
627.171039,138,2179.388374
1107.037502,229,2179.989923
1219.970865,234,2181.219006
813.053271,184,2181.690832
702.701062,126,2182.000691
903.098802,156,2182.380282
598.198499,114,2182.686725
681.762773,125,2183.012552
945.234711,186,2184.094079
637.629627,123,2184.408808
1099.979686,200,2184.927286
673.689713,128,2185.260291
796.831802,152,2187.887237
953.241372,180,2188.369718
937.878866,175,2188.837579
665.826396,135,2189.824824
692.362276,144,2190.208142
852.125879,167,2190.630283
552.001154,123,2190.958175
793.365214,150,2191.356453
712.776095,132,2191.720114
637.520405,122,2192.05063
1026.402962,201,2193.167916
865.852222,180,2193.706124
1088.813143,218,2194.260399
805.779967,151,2194.650186
1383.834929,292,2195.403418
1244.460319,232,2198.261523
810.284796,142,2198.620574
567.613216,113,2198.925043
783.999202,146,2199.323575
1580.870867,293,2200.176091
1078.274487,220,2201.279107
568.522735,108,2201.563077
564.635925,130,2201.902758
554.696535,102,2202.167989
931.425759,184,2202.644743
771.408842,147,2203.0323
812.966384,162,2203.478632
636.550386,140,2204.455235
1225.018835,234,2205.056748
693.313972,133,2205.398242
713.139386,152,2207.496157
588.332762,109,2207.773749
1002.266713,196,2208.28182
769.861975,159,2208.702029
752.844973,163,2209.695914
636.550852,124,2210.016714
770.77835,138,2210.375077
591.362917,109,2210.653084
841.867727,152,2211.054232
715.429396,132,2211.398494
878.610124,154,2211.805777
718.660282,149,2212.911418
644.22838,142,2213.275835
994.089146,186,2213.757238
1008.076648,206,2214.290421
799.151196,147,2214.657972
603.818977,117,2214.986294
990.791982,189,2217.888359
806.180189,167,2218.307671
991.126387,181,2218.768974
803.277557,173,2219.220888
945.682908,188,2219.7092
570.003945,114,2220.019466
896.081346,181,2221.157685
914.024582,162,2221.579001
604.034995,113,2221.871186
839.826376,157,2222.277897
1082.788015,210,2222.825389
1043.446865,205,2223.381166
912.391605,160,2224.48695
659.672179,128,2224.825065
832.91026,164,2225.249815
708.202148,151,2227.304221
666.205352,126,2227.632841
498.890439,93,2227.87261
892.02245,164,2228.294358
685.622128,119,2228.589182
1167.557441,208,2229.646008
1207.724836,243,2230.282823
646.469596,122,2230.646637
643.040744,132,2230.986344
760.797907,166,2231.393272
892.880465,180,2231.848693
811.030301,151,2232.750583
908.128243,177,2233.205086
628.749457,120,2233.534355
820.385731,164,2234.015839
760.7344,136,2234.352721
827.419704,152,2236.862663
1356.640606,249,2238.098238
739.356764,135,2238.448667
600.457588,117,2238.763451
937.374341,172,2239.206162
767.218175,169,2239.667361
885.345836,163,2240.112989
578.655645,109,2240.410475
761.822668,173,2241.441883
589.325265,105,2241.714492
841.941624,162,2242.129775
804.872043,159,2242.546975
625.872615,138,2242.908755
695.369962,128,2243.257685
687.936458,130,2243.610587
871.648937,163,2244.658629
640.443547,126,2244.97997
979.511756,196,2247.513958
793.649205,159,2247.924758
770.791943,148,2248.306195
888.821289,191,2248.792026
1283.238487,229,2249.986133
974.729522,189,2250.52225
965.931459,178,2250.980069
890.799292,169,2251.425182
709.49887,133,2251.760931
673.218261,125,2252.082943
701.054918,158,2253.08691
462.494195,105,2253.363026
971.500623,186,2253.84482
681.894676,134,2254.195043
774.530955,151,2254.597541
751.874875,137,2256.840476
935.085944,177,2257.308689
1047.595146,204,2258.501734
647.69747,136,2258.854476
706.0763,136,2259.202933
1031.858067,189,2259.693147
750.178796,139,2260.058966
815.533695,159,2260.493765
855.784952,170,2260.955248
1037.718606,194,2262.1063
583.099107,112,2262.393656
921.341499,184,2262.863065
780.550103,160,2263.290977
594.668478,110,2263.610206
1069.480865,194,2264.113224
708.328452,138,2265.123449
722.662505,161,2267.338087
507.279829,97,2267.579349
920.177616,162,2267.99185
870.630885,170,2268.415589
813.989145,164,2268.834361
943.917054,199,2269.391006
841.014011,156,2270.440912
950.373722,206,2270.971301
527.304453,116,2271.278726
1057.395263,202,2271.798163
852.380706,150,2272.178701
636.00121,124,2272.510842
735.508304,146,2273.582384
1043.276688,202,2274.111312
556.416295,116,2274.414198
798.382463,147,2274.797462
785.451681,154,2277.091829
1039.202144,210,2277.654923
926.574569,170,2278.675607
967.438607,184,2279.146379
783.983197,149,2279.53245
641.368481,132,2279.872119
849.139753,162,2280.284284
759.269426,143,2280.656492
743.717509,152,2281.066942
872.168449,162,2282.138728
1143.134462,229,2282.712306
496.247021,99,2282.959953
981.121561,178,2283.453947
654.266765,129,2283.823077
861.1766,164,2284.243389
717.147976,148,2285.292898
493.713109,94,2287.044389
734.52386,139,2287.39426
653.151248,124,2287.704476
529.975313,119,2288.009634
890.965554,186,2288.478901
815.59362,163,2288.926681
664.065342,127,2289.276887
875.00466,171,2290.325615
702.66163,131,2290.66714
550.719145,115,2290.967419
680.180248,127,2291.302937
658.761369,126,2291.625604
531.125452,100,2291.887695
602.473779,117,2292.199636
759.105601,141,2292.575164
1563.238183,304,2293.948484
651.956105,120,2294.254418
546.067906,120,2296.485035
879.143799,158,2296.919139
706.282231,147,2297.310831
600.734075,135,2297.686089
912.692508,184,2298.704569
989.705968,188,2299.223398
932.943047,177,2299.699755
623.807754,123,2300.01833
1446.256028,264,2300.685086
635.021778,124,2300.993534
906.727867,183,2302.001493
692.172587,143,2302.404134
728.874864,145,2302.854015
986.111788,182,2303.309282
515.472136,115,2303.602203
919.187108,173,2304.052174
726.449766,144,2306.759264
847.224582,159,2307.169703
837.747138,171,2307.605927
1087.117575,213,2308.146909
804.643817,158,2308.565581
740.428694,142,2308.940974
755.100381,155,2309.353188
953.25205,184,2310.443843
551.628922,101,2310.699017
746.065902,140,2311.057556
770.669869,150,2311.4339
574.377533,130,2311.768237
693.351504,158,2312.205968
667.25252,124,2312.539753
957.331708,178,2313.613064
1125.447185,212,2314.18541
762.897831,166,2316.228283
622.441647,116,2316.5199
739.189275,144,2316.896146
656.676185,114,2317.194419
610.883876,113,2317.492491
866.233904,162,2318.621213
622.752251,136,2318.976161
730.655605,138,2319.330373
759.546361,144,2319.697094
674.22905,123,2319.992766
959.02562,176,2320.436928
839.202492,156,2320.842045
831.627014,159,2321.933366
636.232328,126,2322.251557
661.715781,122,2322.551638
788.87825,163,2322.950635
838.593828,170,2323.390535
753.526612,143,2325.675082
723.631127,134,2326.018651
518.00267,106,2326.835264
734.422582,145,2327.201821
627.666509,116,2327.491015
961.916058,185,2327.97036
576.550474,110,2328.261093
761.257078,151,2328.657863
947.58851,176,2329.12602
1196.699665,221,2330.252861
853.299121,159,2330.647726
1090.659255,192,2331.127128
1051.282098,207,2331.65173
800.256685,154,2332.050448
855.80322,170,2333.005411
417.226549,82,2333.205045
583.32336,107,2333.497401
815.955775,150,2335.395603
659.973637,144,2335.755127
1216.793519,213,2336.295561
946.963386,179,2336.815424
1250.340728,243,2338.008995
966.343621,172,2338.434475
841.201261,163,2338.839206
783.128158,146,2339.207011
778.273861,140,2339.550707
1099.002705,205,2340.093168
1012.702037,187,2341.159742
856.880653,165,2341.585467
937.060558,177,2342.033575
620.62604,128,2342.357224
1263.879739,247,2344.693449
931.109,173,2345.145045
547.39887,99,2346.06051
701.279939,140,2346.410671
1049.767745,194,2346.895824
665.211269,124,2347.205471
849.264004,182,2347.66858
793.669395,152,2348.069692
729.633393,165,2348.51175
598.514284,110,2349.547821
599.562084,116,2349.832898
787.087687,153,2350.21544
1108.978723,212,2350.74053
949.457031,203,2351.269722
566.870261,103,2351.529546
632.105656,119,2351.843403
824.917764,161,2354.227582
1198.248155,235,2354.818278
577.192507,106,2355.092151
680.860932,137,2355.466535
757.633934,145,2355.913174
583.67298,105,2356.185548
761.397715,141,2356.533587
1172.167119,231,2357.805043
668.439126,123,2358.122247
666.340588,136,2358.47347
676.279837,130,2358.81004
687.341722,131,2359.157715
656.04282,126,2359.498884
646.191974,116,2359.808163
787.666068,146,2360.759753
839.645738,167,2361.192466
980.076074,193,2361.68612
666.726586,132,2363.854451
947.587739,187,2364.34446
900.456284,172,2364.779975
1218.893959,256,2366.064855
959.780282,187,2366.539339
579.837871,110,2366.81602
1078.323923,206,2367.351824
575.164507,133,2367.686893
677.048285,141,2368.056677
734.034378,138,2369.139044
511.366464,99,2369.382067
661.662478,123,2369.699093
855.566015,163,2370.11601
620.184831,116,2370.394875
627.170265,127,2370.71066
911.113108,175,2371.173907
756.910562,140,2373.703192
736.405949,157,2374.092531
1432.05749,288,2374.827772
1054.201117,218,2375.387633
866.493322,161,2375.81463
713.564032,133,2376.161134
1278.867975,253,2377.423569
626.806647,123,2377.739883
687.461619,143,2378.101323
1055.505789,209,2378.63882
807.09125,156,2379.050639
983.120817,182,2379.534561
869.578427,163,2380.517908
826.865904,159,2380.929523
630.791789,123,2381.247724
719.40926,150,2383.358136
626.22141,138,2383.763172
1034.686699,188,2384.246852
751.107765,142,2385.091234
859.096756,170,2385.510997
865.229339,172,2385.940739
1403.655868,264,2386.604791
988.403129,188,2387.155681
449.359063,90,2387.373882
560.388278,106,2387.635633
865.92196,173,2388.586592
519.841337,99,2388.835899
654.786289,118,2389.124917
774.638521,150,2389.496154
944.31584,186,2389.99458
810.854225,154,2390.430123
1065.087841,200,2393.258276
796.296827,162,2393.670913
1037.934949,193,2394.168806
576.766864,123,2394.488771
710.615952,129,2394.80542
909.052036,169,2395.247608
800.37036,147,2395.640091
1157.03075,208,2396.744122
925.988327,173,2397.182217
642.185354,129,2397.510602
1112.022394,202,2398.023747
1025.930203,208,2398.568022
811.055104,142,2398.944232
701.676032,135,2399.856762
846.078081,160,2400.257193
522.312804,102,2402.16066
818.693374,175,2402.68442
642.114992,112,2402.98107
697.472995,130,2403.309545
1374.709647,269,2404.488727
780.073143,160,2404.893654
1002.908203,194,2405.383935
747.733309,142,2405.780652
570.208572,125,2406.126875
1066.880507,191,2406.598369
551.217376,122,2406.900182
466.587373,105,2407.665555
627.516761,125,2407.976914
1108.364991,208,2408.504073
1011.876444,182,2408.960793
765.662539,163,2409.386337
590.510354,116,2411.494647
431.523102,81,2411.701425
688.539574,130,2412.572854
746.623938,147,2412.943507
755.961465,145,2413.313556
829.252044,174,2413.781968
715.916832,131,2414.111636
783.731092,151,2414.504227
669.118159,131,2414.855433
409.786061,96,2415.116637
949.872184,173,2416.131395
763.648322,140,2416.483819
577.050992,114,2416.779714
584.142878,114,2417.071509
780.888385,166,2417.495309
525.823276,102,2417.75458
628.744988,131,2418.106411
899.001076,175,2419.241778
914.099138,178,2421.350621
1035.281685,194,2421.891943
502.725823,105,2422.214478
857.152259,171,2422.652825
966.770293,165,2423.056935
905.915975,167,2423.953152
787.612968,151,2424.325533
443.880078,85,2424.538823
871.83635,177,2424.98247
834.480116,185,2425.533483
681.476015,133,2425.856812
1052.273121,216,2426.407728
846.912624,165,2427.400241
844.238106,178,2427.865798
723.409661,138,2428.216991
931.654817,193,2428.706852
545.263798,117,2430.847397
807.657638,158,2431.252272
765.932661,140,2432.243117
1578.072613,288,2432.976543
865.65237,156,2433.36657
921.016058,188,2433.847948
958.674594,180,2434.319423
708.407849,136,2434.68562
873.613012,159,2435.752654
1181.430883,231,2436.322188
850.645518,163,2436.72142
941.204923,177,2437.222868
905.859078,184,2437.698754
635.58453,120,2437.990332
965.060406,187,2440.620281
599.640599,118,2440.910039
690.492945,129,2441.228749
791.79826,158,2441.622607
740.217731,149,2441.995411
928.564818,157,2442.393322
761.055379,150,2442.797781
1099.000316,201,2443.973242
705.161457,129,2444.302109
578.728065,109,2444.576746
720.915631,140,2444.927971
900.142978,185,2445.406699
617.227263,130,2445.761947
1106.373261,215,2446.989205
654.678105,132,2447.32616
1040.884549,196,2447.823492
647.191923,140,2448.184096
540.364581,114,2450.433982
673.83588,135,2450.78129
676.439036,147,2451.167438
738.648999,149,2452.181231
924.129811,177,2452.615888
633.539013,115,2452.958739
823.75479,154,2453.358303
691.67356,144,2453.711012
462.399272,101,2453.963238
740.492057,140,2454.31677
954.233628,185,2455.431952
1195.265148,220,2456.002121
728.854876,141,2456.401169
526.093552,103,2456.667511
525.835205,107,2456.92606
980.871446,204,2457.432892
588.511203,110,2457.70208
725.906117,157,2460.548712
672.974186,120,2460.848772
469.433338,93,2461.086323
962.625803,188,2461.563775
709.701814,144,2461.937994
802.544619,151,2462.328924
966.362185,205,2462.879791
552.712961,125,2463.870643
1224.08259,237,2464.491641
687.530883,153,2464.882502
686.545867,124,2465.203025
822.997876,153,2465.599172
509.295643,102,2465.871933
877.317642,162,2466.302075
823.845728,154,2467.374371
631.075594,119,2467.676679
578.997172,132,2468.019003
1108.036407,210,2470.308496
808.025893,156,2470.71564
1076.246471,199,2471.271913
910.812562,167,2472.378105
1109.666744,230,2473.03073
1159.032778,248,2473.662631
887.125762,170,2474.11177
1005.844853,190,2474.612266
750.583492,148,2475.57605
595.004774,113,2475.918323
706.256422,146,2476.318324
596.293652,120,2476.628514
742.632134,145,2477.001795
889.833009,163,2477.41354
529.928244,112,2477.713956
706.245851,132,2479.819487
667.614582,128,2480.732626
619.956473,112,2481.019346
686.592362,129,2481.348869
764.185894,143,2481.721959
982.054524,191,2482.21543
1038.51129,212,2482.784889
839.728786,163,2483.849738
530.818061,116,2484.175234
970.534309,182,2484.654946
981.747571,182,2485.119524
938.521156,193,2485.620482
900.566674,159,2486.041026
733.588905,151,2486.440131
948.318456,178,2487.41481
894.653454,166,2489.50918
531.593094,96,2489.745614
847.453577,161,2490.147017
839.639222,168,2490.586226
943.268714,177,2491.048103
1501.247524,292,2492.53134
1373.81599,254,2493.159346
960.034713,178,2493.608855
906.206277,173,2494.05142
931.055796,172,2494.513056
1406.438333,294,2495.968897
556.678296,110,2496.247714
670.805715,125,2496.569708
777.570258,153,2496.964275
609.777139,115,2497.263486
820.500334,151,2499.362536
845.441115,170,2500.362995
691.462203,133,2500.7161
910.096465,169,2501.150563
1152.315679,216,2501.701612
1028.641673,206,2502.243648
727.383532,135,2502.607336
637.91209,130,2502.952827
583.734987,112,2503.803902
1079.860798,212,2504.43656
776.520503,151,2504.821414
678.121465,144,2505.175536
1191.084916,224,2505.726211
687.071082,125,2506.049779
699.777468,136,2506.966511
1126.009701,213,2509.235986
705.639538,140,2509.601488
845.633749,166,2510.04254
655.183145,148,2510.440528
964.513096,179,2510.994921
574.573746,103,2511.259669
598.319973,131,2512.265931
722.898197,133,2512.616208
799.196411,153,2513.009459
964.535597,175,2513.456494
931.465988,184,2513.933898
602.133563,120,2514.252434
597.658286,117,2514.558121
888.74786,174,2515.679157
735.847956,139,2516.029959
600.625208,121,2516.336738
737.189941,135,2516.680732
1194.191382,236,2519.229624
712.280566,144,2519.60018
791.283665,147,2520.545338
1080.492451,205,2521.066061
968.107123,176,2521.517795
784.91566,149,2521.891829
955.975585,184,2522.376354
1301.514085,270,2523.871808
1356.610352,272,2524.546688
990.358258,191,2525.011822
902.722887,171,2525.434489
787.78559,145,2525.813713
819.763758,162,2526.297285
838.794932,156,2528.832509
1562.323793,291,2529.632384
992.332288,201,2530.175528
812.164274,179,2530.656604
869.316916,179,2531.145542
838.55085,151,2532.221601
773.963674,143,2532.580511
811.23627,146,2532.949217
881.429272,160,2533.354141
826.541066,161,2533.7739
670.524959,121,2534.101514
1242.378786,239,2535.431765
742.351961,164,2535.860298
696.655371,126,2536.193427
777.551242,163,2536.608051
714.496635,142,2538.985296
1032.804403,194,2539.468246
860.871789,164,2539.924738
782.131141,150,2540.917665
770.258616,154,2541.311815
773.900887,151,2541.697171
444.743162,107,2541.969907
749.105333,145,2542.331581
649.042942,145,2542.706855
760.228365,146,2543.110579
659.294522,119,2544.163304
851.826289,163,2544.566596
677.394046,128,2544.888002
878.67696,165,2545.29389
795.805262,150,2545.687699
611.038478,134,2546.041162
1049.316776,199,2548.212013
787.259085,159,2549.274566
765.739692,161,2549.688945
929.205393,170,2550.120499
979.683832,213,2550.671266
539.117836,102,2550.936802
1020.63817,193,2551.459797
707.878545,138,2552.402213
769.328725,166,2552.824614
521.028504,111,2553.109598
438.147337,95,2553.352675
1645.711698,330,2554.1913
726.808538,141,2554.564856
635.014716,131,2555.488342
666.983671,148,2555.868395
656.566729,142,2556.238362
677.03222,142,2558.244726
696.425649,134,2558.577641
724.72505,129,2558.91139
1130.326519,214,2559.475602
842.087217,162,2560.543587
708.04604,138,2560.884937
825.03294,181,2561.343086
764.20126,149,2561.706615
740.941647,144,2562.080271
1086.135774,206,2562.605594
497.889086,109,2562.897653
678.888408,126,2563.946788
490.755725,107,2564.219332
804.522889,158,2564.621539
892.764794,169,2565.050114
1095.542069,202,2565.5605
699.992218,139,2567.573406
944.122987,181,2568.689939
712.561786,136,2569.044488
715.5311,155,2569.439917
983.394622,175,2569.886322
595.48134,124,2570.20411
641.410699,119,2570.523948
742.104307,151,2570.944455
1634.904952,308,2572.428457
1112.78319,222,2573.006931
705.907459,132,2573.34608
754.13102,159,2573.757059
1126.625368,217,2574.328882
529.440065,111,2574.625053
797.639774,142,2575.660999
1149.082114,221,2577.739077
963.750804,172,2578.180837
906.040611,170,2578.610517
753.798472,138,2578.949978
736.374812,137,2579.292036
834.715909,156,2580.287486
851.87881,173,2580.780881
619.578522,118,2581.082122
1238.180468,232,2581.667381
1300.503336,254,2582.295191
495.63926,111,2582.572964
442.120339,100,2583.359541
749.03904,144,2583.748187
836.624417,174,2584.233238
1162.430617,238,2584.828133
607.294534,112,2585.111138
756.663694,164,2587.204206
1077.436001,226,2588.410998
715.706756,133,2588.739679
965.490542,207,2589.273185
843.917432,154,2589.666091
759.688843,153,2590.062104
740.04246,147,2590.467153
940.498132,179,2591.619834
482.840967,106,2591.892503
822.485927,160,2592.30106
1049.257662,210,2592.848821
965.618836,188,2593.343957
760.950054,157,2593.767225
934.873831,180,2594.888618
679.595382,141,2595.238563
720.937936,157,2597.352443
705.288974,137,2597.689503
951.603284,179,2598.128555
812.096862,152,2598.48984
1096.498537,212,2599.026265
628.804204,135,2599.87636
703.883395,139,2600.263283
925.451413,177,2600.729239
744.061567,146,2601.090813
612.47993,119,2601.382722
733.400987,129,2601.7003
581.947011,109,2601.977175
971.362791,189,2603.007101
685.414665,146,2603.381836
875.350262,166,2603.803487
1332.908573,272,2606.181666
796.833958,155,2606.58473
606.075501,109,2606.864576
741.500289,145,2607.780031
638.586263,137,2608.124213
826.582554,163,2608.542494
1212.016412,218,2609.089928
861.429372,163,2609.509615
1123.950308,209,2610.069153
981.739998,191,2611.23751
783.764954,143,2611.627177
750.165424,145,2612.001743
729.882861,140,2612.350125
846.909077,166,2612.770127
947.463104,177,2613.234102
796.643137,159,2614.378563
946.669534,197,2616.324785
935.352288,195,2616.914864
496.539413,111,2617.20765
703.507597,145,2617.574652
877.844946,165,2617.978003
598.356578,136,2618.32609
903.865541,165,2619.36921
623.189838,134,2619.711627
682.550693,140,2620.068613
690.883427,156,2620.472254
655.891769,133,2620.812654
887.727931,160,2621.237781
750.581522,139,2621.611551
537.294555,108,2622.581891
1094.275171,207,2623.120571
419.331037,95,2623.365433
913.059946,193,2625.603529
572.487074,109,2625.881365
905.328449,185,2626.366142
714.342352,128,2626.698992
1008.493213,192,2627.857775
905.013796,189,2628.337827
843.263366,163,2628.740441
561.702647,110,2629.048603
1130.88506,204,2629.590746
1226.765036,223,2630.811004
832.090836,152,2631.184409
800.077965,150,2631.555895
968.734279,179,2632.00568
998.290574,204,2632.594584
1507.223848,291,2634.71049
676.543484,133,2635.820255
498.762672,94,2636.049253
742.218838,164,2636.464044
839.258795,159,2636.857261
883.319959,177,2637.314048
973.537019,204,2637.846114
1028.885946,197,2639.038834
696.164267,135,2639.38149
784.427855,157,2639.781179
1147.33746,216,2640.326731
811.900447,182,2640.797462
976.841129,213,2641.368677
929.004825,180,2642.506351
590.027618,111,2642.787428
474.532447,96,2643.030769
763.993049,148,2645.210422
1267.193376,240,2645.821502
560.627287,126,2646.140019
793.029703,150,2646.539761
648.220975,125,2647.435253
814.637741,165,2647.833499
861.291355,164,2648.237136
707.289138,146,2648.633551
1314.836641,248,2649.301769
1029.239632,190,2649.78628
843.908027,190,2650.751103
803.587902,173,2651.18242
1328.199482,247,2651.798087
772.630038,166,2652.269988
858.666095,168,2654.090279
600.538479,131,2654.943094
517.241732,98,2655.187759
821.985922,162,2655.595895
885.666845,190,2656.087368
851.436476,157,2656.487888
1248.679372,234,2657.106362
1054.26634,191,2658.275753
745.710124,140,2658.63908
947.045891,210,2659.175201
907.08181,177,2659.62162
818.694547,161,2660.032257
526.65925,107,2660.307351
696.945405,129,2660.634377
827.376014,159,2661.741414
653.704679,132,2662.086772
768.132842,144,2664.243243
899.471728,163,2664.652063
919.677804,175,2665.166547
657.066061,133,2665.498363
947.039148,173,2665.930344
652.623997,136,2666.926785
1096.882958,198,2667.420883
690.248201,136,2667.757289
702.67755,126,2668.099644
1035.210131,211,2668.662895
886.282103,168,2669.088064
801.287115,156,2669.971259
918.207325,169,2670.377218
1021.633595,199,2670.872353
730.051289,134,2671.23763
1055.994746,203,2673.323947
930.352242,168,2673.756409
918.967915,173,2674.757286
952.680724,192,2675.248801
826.644126,170,2675.676544
679.20428,121,2675.9771
1360.876834,259,2676.667504
1020.840561,199,2677.75423
837.177387,177,2678.208779
687.766248,134,2678.552738
1222.141796,218,2679.099203
776.398123,160,2679.513969
915.91584,180,2679.991041
598.452467,115,2680.885646
799.429347,167,2682.963427
660.33194,131,2683.292276
886.251529,193,2683.78704
938.423163,188,2684.258891
1012.091074,209,2684.811812
867.697425,170,2686.003105
657.749439,131,2686.321653
1211.865537,239,2686.909704
823.249373,161,2687.320529
766.146837,143,2687.669065
714.941312,152,2688.08385
707.337897,153,2688.562595
620.678611,129,2689.565387
845.71228,162,2690.025096
819.068416,160,2690.464332
648.456145,133,2690.80564
840.172884,184,2693.155718
1692.918681,312,2694.622988
567.220024,128,2694.964871
1000.86654,205,2695.511786
1028.514158,187,2696.014805
605.763348,135,2696.367447
710.481882,154,2696.786568
511.093819,102,2697.080719
592.532173,129,2698.056212
697.256398,133,2698.403775
389.746375,89,2698.63442
1079.862965,210,2699.179177
964.774305,165,2699.611281
562.574032,108,2699.911055
854.352794,169,2700.393789
1089.906083,202,2703.212216
893.954395,179,2703.650091
782.440937,142,2704.007665
699.412548,138,2704.357652
698.544456,135,2704.712618
1120.230187,216,2705.296894
1006.043054,186,2706.529734
1009.577624,195,2707.019577
1410.424888,268,2707.679598
693.163755,126,2707.985433
816.901243,155,2708.379571
1075.619356,199,2709.603533
951.514677,203,2710.10921
891.715871,171,2710.548305
1261.557643,264,2712.943176
531.984313,111,2713.239916
457.925327,99,2713.50533
573.754151,118,2713.826651
776.711618,155,2714.819045
880.162192,168,2715.250011
1026.033923,191,2715.737287
1078.842388,213,2716.292028
449.007911,107,2716.572735
955.857209,180,2717.051446
711.735552,151,2718.012647
812.81996,156,2718.407979
1020.054613,193,2718.913726
562.842365,109,2719.188335
670.676238,135,2719.533432
919.49657,168,2719.988233
859.891421,162,2721.928822
483.991826,90,2722.645608
474.003737,96,2722.885767
886.820175,162,2723.310328
1413.813162,266,2723.989763
703.244424,132,2724.310381
964.907902,200,2724.882625
658.881167,135,2725.773436
767.012524,159,2726.171547
998.268646,220,2726.737338
586.632121,119,2727.029495
899.492698,162,2727.440888
860.900838,164,2727.878143
667.460599,141,2728.258306
734.705693,143,2729.241587
961.45667,175,2729.703135
511.935534,108,2731.772137
755.607394,150,2732.170216
966.947367,200,2732.695782
929.618069,164,2733.129661
1091.277055,203,2734.330652
745.082742,143,2734.706862
963.427222,182,2735.164657
792.156632,145,2735.530523
794.347645,151,2735.916439
1126.530559,213,2736.477837
1009.235507,218,2737.748434
599.35625,136,2738.104138
1241.137898,234,2738.687084
903.172232,178,2739.122918
584.00734,123,2741.050056
765.449716,138,2741.434187
721.947942,142,2742.377922
789.547654,152,2742.754578
618.223696,120,2743.051109
658.02397,125,2743.363048
513.347718,112,2743.640502
915.745658,188,2744.111242
680.976662,131,2744.511829
1152.802766,217,2745.727339
629.462541,122,2746.037266
964.214105,179,2746.48809
548.28151,117,2746.791612
976.635026,179,2747.247032
952.230096,167,2747.679483
719.400905,153,2748.088474
870.44534,173,2749.091964
804.276612,152,2751.118799
775.036308,149,2751.502108
727.66913,139,2751.858474
784.449402,147,2752.25634
741.959668,144,2752.639209
711.382017,135,2752.994243
1192.785733,220,2754.203898
542.649773,114,2754.494682
1149.303189,208,2755.013947
862.728303,173,2755.445825
644.718388,126,2755.764326
626.608456,137,2756.118617
734.188271,140,2757.236151
1098.632986,207,2757.743458
1152.059178,213,2758.275944
743.21244,142,2758.628995
872.980126,166,2760.721504
647.413911,128,2761.050059
894.619178,172,2762.124101
612.670696,128,2762.457693
691.742151,130,2762.789193
466.612735,86,2763.008528
544.608804,109,2763.294377
962.397998,181,2763.757721
884.748315,169,2764.207597
558.580365,103,2764.484644
995.230266,180,2765.604647
515.869675,98,2765.863242
1248.691116,231,2766.45698
946.573223,176,2766.902215
708.033997,134,2767.247728
726.193799,140,2767.616516
715.944765,132,2768.642543
948.693094,205,2770.94442
647.283831,129,2771.280883
727.008369,141,2771.665347
992.963062,194,2772.200299
763.007634,137,2772.562076
1501.646547,278,2773.942776
661.746049,124,2774.301901
744.635379,162,2774.709765
780.417033,147,2775.080671
942.422773,173,2775.50599
737.622763,145,2775.867266
902.688769,170,2776.29756
786.273906,169,2777.30955
698.096315,132,2777.686799
651.897542,128,2778.021034
821.203164,155,2779.962264
790.655144,170,2780.419667
729.784595,151,2780.818866
652.572114,122,2781.140661
1023.115704,206,2782.315545
477.617102,91,2782.546739
1064.642614,196,2783.042218
649.148822,130,2783.388872
634.387769,120,2783.696572
1077.265917,202,2784.244762
675.52103,131,2785.255282
831.490727,154,2785.641735
1242.623919,224,2786.208359
771.345294,147,2786.58023
588.950336,113,2786.863603
867.154498,157,2787.272673
927.399019,170,2789.234745
865.289856,167,2790.319508
689.208661,134,2790.659898
719.721853,151,2791.088399
1008.600781,199,2791.620693
795.857316,145,2791.987989
922.508552,188,2792.460536
955.065869,200,2793.624419
1109.426855,213,2794.209756
916.666409,176,2794.705803
1056.830568,196,2795.207473
1238.617127,235,2795.78117
706.187729,142,2796.640374
740.232166,142,2796.994889
1000.509746,188,2797.495934
966.354275,189,2799.541906
593.752966,107,2799.815773
704.428016,141,2800.183205
1035.419392,216,2801.425058
1357.39677,254,2802.064497
634.07011,115,2802.354201
755.760452,143,2802.713781
799.63749,145,2803.083081
874.015535,164,2803.517051
483.530798,88,2803.746696
652.027219,127,2804.783564
929.130701,192,2805.271837
812.144249,168,2805.70254
677.520901,132,2806.039128
689.30389,137,2806.385056
624.950353,121,2806.71086
785.415033,146,2808.99165
600.44641,117,2809.950121
668.355281,130,2810.273297
607.139756,112,2810.546204
642.380223,120,2810.846753
816.730292,151,2811.254738
613.780772,126,2811.614664
745.783977,163,2812.022233
660.26041,124,2812.328731
934.949049,171,2813.406225
851.593823,162,2813.806515
870.254797,155,2814.198434
362.886717,83,2814.42995
800.120006,157,2814.881233
967.410351,171,2815.295001
534.487819,112,2815.575988
746.692334,146,2816.591869
401.113387,74,2816.771461
838.368338,186,2818.999326
634.053482,116,2819.295884
527.809396,107,2819.575622
727.613549,157,2819.982687
591.613723,111,2820.269288
428.582957,83,2820.485036
723.153404,143,2821.435108
602.491844,114,2821.72351
799.833594,148,2822.100466
806.247145,147,2822.473346
630.18928,119,2822.771271
733.804629,143,2823.140559
601.490711,121,2823.464849
584.531135,109,2823.756718
1565.930759,283,2825.046973
886.760154,167,2825.465998
774.034002,152,2825.850898
790.5488,152,2826.23579
659.574662,121,2828.149661
1036.325251,200,2828.637013
835.489341,165,2829.546153
806.815918,146,2829.900622
711.700416,150,2830.277958
834.906501,176,2830.747669
531.475813,114,2831.078492
648.862665,118,2831.383886
728.042776,139,2831.726147
849.495499,166,2832.642325
588.652697,110,2832.917469
742.873866,149,2833.300634
663.596591,121,2833.595659
708.912513,133,2833.941234
731.28846,130,2834.306471
811.64445,175,2834.767531
474.139029,88,2834.987077
591.944796,114,2835.810074
733.73151,138,2837.833257
1302.666051,237,2838.437468
754.620315,135,2838.783475
768.569278,146,2839.163485
786.816942,154,2839.569109
1181.443502,236,2840.847107
833.301017,154,2841.238051
854.692625,174,2841.689901
705.295247,154,2842.083478
665.800222,124,2842.39792
1277.746781,243,2843.049987
703.65502,128,2843.949523
708.624349,133,2844.28125
856.670338,153,2844.672308
1076.747611,206,2845.192208
746.050205,149,2846.947588
1362.751626,253,2847.677373
718.944021,147,2848.585192
615.863482,123,2848.885414
1349.929638,255,2849.527135
820.341343,161,2849.928291
890.642488,167,2850.347439
552.815029,101,2850.622147
722.359316,137,2851.590472
987.25933,179,2852.026145
1080.07793,217,2852.562332
467.832288,96,2852.796581
837.832979,169,2853.221778
721.034519,127,2853.547142
498.735888,98,2853.807014
762.218498,144,2854.754356
733.941496,126,2856.725671
860.652958,160,2857.136266
769.354056,152,2857.526966
602.637624,115,2857.831715
775.411124,148,2858.221714
729.596429,129,2858.56074
606.061149,124,2858.889575
638.236594,118,2859.872849
579.306991,110,2860.153733
899.423298,161,2860.574303
853.457655,153,2860.961663
1163.34616,215,2861.513039
472.863234,90,2861.748585
728.453844,149,2862.139359
520.398244,116,2863.162473
481.185556,98,2863.409978
837.886941,161,2863.824556
841.237643,162,2864.230991
882.199082,165,2866.274066
956.11695,186,2866.737159
1821.994896,337,2868.16245
650.631497,126,2868.520382
549.146662,103,2868.77459
965.758299,181,2869.216039
639.454039,124,2869.526776
904.657963,163,2869.935854
981.571714,196,2870.430458
964.945281,181,2871.517236
781.735077,161,2871.972648
825.45161,163,2872.37036
614.337993,116,2872.661496
708.472286,131,2873.011686
566.759567,107,2873.282958
689.768709,128,2875.314084
1138.492835,218,2876.516137
1226.97551,231,2877.100888
630.198006,127,2877.425796
603.075179,119,2877.727024
638.707663,122,2878.04969
1216.249483,218,2878.621841
1423.734228,267,2879.875876
786.75699,142,2880.233921
881.821684,162,2880.649521
464.163414,90,2880.877656
855.425126,161,2881.297482
629.355198,123,2881.620348
693.045032,129,2882.534835
846.398716,183,2882.998164
758.187453,142,2883.342987
1019.249963,194,2885.174536
700.427336,140,2885.594779
623.663527,114,2885.893617
945.475608,174,2886.326795
647.030942,129,2887.164008
725.256136,144,2887.525534
1300.407838,270,2888.20042
1330.609953,253,2888.882446
1048.483503,190,2889.360317
1601.543365,309,2890.675818
926.116346,172,2891.122363
797.049535,152,2891.516086
1004.235796,192,2892.004595
779.096314,148,2894.022474
563.763857,106,2894.292625
802.118857,157,2895.2467
726.364151,139,2895.597013
833.11284,169,2896.029424
641.903792,118,2896.330843
1117.490139,201,2896.847175
706.002779,130,2897.191112
937.674663,181,2898.325734
696.935069,156,2898.742711
878.277946,181,2899.229625
1071.834788,213,2899.79737
892.959936,174,2900.27049
739.681171,154,2900.694004
621.992441,119,2901.661503
767.264745,150,2902.09896
776.984353,170,2903.873054
756.931422,136,2904.220213
845.622237,157,2904.6446
835.368173,159,2905.090227
667.814419,125,2905.466479
532.030755,103,2905.718897
587.773338,105,2906.650724
715.739964,138,2906.994691
871.241416,162,2907.394002
661.747721,125,2907.700486
985.706776,186,2908.157668
860.027131,171,2908.714521
934.913789,176,2909.902815
625.826255,122,2910.256404
481.394258,96,2910.540278
987.252685,182,2911.051577
862.666532,163,2911.51191
621.314573,117,2911.841198
636.464823,119,2914.048128
1018.65626,193,2914.594428
1120.211149,201,2915.775583
831.798587,173,2916.262815
567.364475,104,2916.549054
611.163163,119,2916.888869
948.775569,180,2917.405385
1052.378028,200,2917.973073
523.168192,103,2918.892322
807.469746,161,2919.299147
597.699301,130,2919.634723
494.608096,89,2919.866087
567.041373,120,2920.165494
691.635943,149,2920.548522
763.50418,167,2921.00471
765.198157,155,2921.449794
726.924668,140,2922.545535
787.677474,152,2924.463493
1083.882843,210,2925.084372
782.918815,154,2925.518065
882.906694,164,2925.925811
1074.656133,222,2927.089409
672.048902,121,2927.410242
482.84804,110,2927.712979
595.063371,134,2928.090053
842.420475,180,2928.580656
904.139321,159,2929.013611
746.649683,154,2929.445565
928.976535,176,2930.531775
648.020213,120,2930.861322
730.908208,136,2931.226787
957.962027,183,2931.701666
535.377463,100,2931.956062
640.304452,120,2933.967051
691.067375,125,2934.298375
1070.240498,193,2934.807275
784.871388,160,2935.9236
968.49898,176,2936.381254
762.907242,143,2936.750741
812.404122,156,2937.149862
722.278921,126,2937.46965
566.514589,114,2937.771026
1020.568838,182,2938.92667
639.265001,117,2939.256419
1045.985091,197,2939.753521
780.805199,155,2940.122182
639.847176,125,2940.427884
1058.212928,197,2940.908013
660.318521,138,2941.261365
859.469987,153,2943.781872
824.788059,150,2944.151458
595.970554,111,2944.425983
714.545416,138,2944.774296
1097.287054,203,2945.298499
516.376336,113,2945.594672
670.167545,124,2945.918571
668.075018,129,2946.804233
736.820264,138,2947.147449
1128.428573,218,2947.699415
854.014148,169,2948.133484
1166.003989,225,2948.72305
861.296592,154,2949.145043
1398.363506,245,2950.400249
606.32869,128,2950.727787
565.078639,103,2951.007507
889.975127,159,2953.03696
438.635677,94,2953.274711
520.606622,100,2953.523787
696.952138,133,2953.866221
867.653657,184,2955.020508
606.698933,126,2955.339182
627.882853,121,2955.65274
513.564394,107,2955.937019
794.758622,140,2956.31143
831.757323,152,2956.747792
624.459822,121,2957.045881
698.314538,155,2957.425785
662.244652,125,2958.393575
673.300959,123,2958.697884
830.266092,159,2959.091316
710.799663,132,2959.424531
574.867375,111,2959.74548
1392.079617,263,2960.413685
732.409903,162,2962.304022
518.748173,113,2963.258996
533.219227,101,2963.5068
574.468225,104,2963.758677
594.748691,132,2964.083977
565.486725,115,2964.368958
1044.97587,192,2964.84573
737.275339,152,2965.243508
792.803297,158,2966.234347
786.802177,141,2966.594523
739.974696,138,2966.948075
684.969009,129,2967.279819
679.88145,133,2967.621028
476.204023,88,2967.841384
971.575461,175,2968.300402
710.351534,134,2968.664667
972.481871,178,2969.713675
795.528487,150,2970.110677
729.223553,130,2970.451783
468.431717,102,2972.37028
935.818182,173,2972.813671
547.290357,113,2973.109073
700.696927,135,2973.463967
1210.533133,213,2974.628716
960.672682,186,2975.094705
660.490022,120,2975.384722
704.318209,132,2975.704419
641.493137,118,2975.988661
607.98504,116,2976.267634
756.269592,152,2976.67029
572.797962,111,2977.008437
867.155359,162,2978.105808
470.976149,109,2978.381875
563.742607,103,2978.634719
535.908363,109,2978.906563
695.820083,129,2979.226937
899.74866,187,2979.691103
742.859069,141,2981.669797
949.021033,177,2982.753065
667.142228,130,2983.07812
838.608814,156,2983.474608
651.923396,135,2983.821848
859.430789,184,2984.303087
795.565934,144,2984.680745
616.550169,110,2984.973266
653.145553,122,2985.920058
965.353642,175,2986.354075
734.258532,147,2986.727365
778.059391,151,2987.114587
671.740843,125,2987.43125
460.110307,96,2987.682522
849.919084,156,2988.095944
1172.288562,230,2989.267744
691.118181,139,2989.616503
548.336073,105,2991.564808
444.856277,94,2991.816903
802.27054,174,2992.297685
577.789055,113,2992.616255
598.256971,107,2992.906081
599.451481,114,2993.224986
555.784843,110,2994.259123
685.448823,130,2994.593509
1242.171769,264,2995.286943
642.481765,125,2995.596606
888.326687,169,2996.029509
655.763876,121,2996.347599
1020.088583,188,2997.543902
675.832608,130,2997.8756
733.435332,139,2998.222509
640.833769,123,2998.533952
893.258945,167,2998.941864
1157.90459,244,3001.215553
650.558725,124,3001.526384
705.472216,129,3002.407601
904.325692,162,3002.811159
713.335009,141,3003.165913
603.944568,110,3003.43976
1038.242122,205,3003.966135
696.070184,129,3004.294526
1074.445568,194,3004.819414
1100.891212,197,3005.897637
779.907313,148,3006.272827
664.401145,122,3006.583376
707.70876,132,3006.919713
622.92248,129,3007.245546
524.987959,102,3007.506236
824.891256,160,3007.930731
697.459791,122,3008.807706
927.617737,171,3010.81304
738.523508,163,3011.25044
862.249399,164,3011.685945
819.514349,158,3012.109971
787.207155,142,3012.470595
865.30614,163,3012.892662
741.829078,141,3013.888131
686.096851,129,3014.23514
827.9951,148,3014.65704
648.73078,147,3015.043236
544.936711,125,3015.356326
560.299369,106,3015.623956
478.027257,90,3015.852742
804.917977,146,3016.223843
740.917977,147,3017.140382
794.719622,145,3017.555656
514.342158,91,3017.831351
712.904453,129,3018.189955
893.878371,164,3020.189803
697.142117,143,3020.581779
827.115409,157,3021.001513
780.910296,149,3021.945716
817.38126,152,3022.328671
423.061489,82,3022.532351
867.396642,170,3022.959706
541.536867,107,3023.232921
538.343806,99,3023.482253
1180.305076,219,3024.06608
579.493474,124,3024.967016
761.13667,147,3025.342461
537.735471,113,3025.633912
642.018939,118,3025.927667
800.872558,156,3026.323104
1100.932868,197,3026.832695
825.986697,151,3027.231745
659.578748,123,3028.121447
700.031614,128,3030.176681
727.511918,137,3030.527512
882.079376,165,3030.962219
514.231795,111,3031.302259
462.210317,93,3031.549152
1245.687912,226,3032.098454
709.92111,128,3032.406838
657.024532,121,3033.193017
1181.599252,217,3033.729603
903.430479,162,3034.126456
772.382002,140,3034.537739
711.503429,128,3034.901178
807.489223,152,3035.28793
897.850241,173,3036.273118
787.321079,149,3036.638489
741.734009,132,3036.970244
587.95373,109,3037.232206
658.475968,126,3039.105925
503.00765,98,3039.357307
567.856737,108,3039.634913
1034.461679,190,3040.126194
773.540133,136,3041.061376
699.350144,138,3041.422145
661.005634,148,3041.80306
602.049412,114,3042.101768
776.670443,138,3042.455359
664.778296,123,3042.772258
858.685109,159,3043.201831
791.370646,149,3044.183412
889.705246,161,3044.600998
680.486238,141,3044.971148
620.202648,118,3045.283003
855.567626,155,3045.675959
819.933378,163,3046.115854
895.865565,159,3046.546377
758.828926,140,3049.096116
672.520637,117,3049.376633
1033.943882,204,3049.887617
479.808747,87,3050.101429
839.252014,154,3050.476069
918.246045,173,3050.934625
534.428893,102,3051.240531
769.601556,151,3051.650749
579.19361,110,3052.418697
669.90463,135,3052.755322
856.820132,163,3053.153388
787.46094,151,3053.529769
591.85072,105,3053.791325
557.627972,105,3054.060209
556.001453,103,3054.350914
874.185176,159,3054.816662
685.763085,127,3055.703159
798.009568,154,3056.075999
443.4075,85,3057.760295
635.046973,114,3058.048857
1012.584505,195,3058.552855
834.825898,155,3058.979552
1320.530954,241,3060.189434
720.883366,133,3060.530898
667.735819,126,3060.855571
597.125959,123,3061.177293
889.688724,165,3061.617302
577.225714,109,3061.895681
891.387894,169,3062.347918
824.381064,153,3062.762025
610.531537,125,3063.677752
1078.616448,204,3064.19399
728.704142,149,3064.576954
942.000671,188,3065.056076
1282.835406,236,3067.135713
755.54221,144,3068.098176
1101.906557,203,3068.660202
534.152763,102,3068.909148
752.668765,149,3069.275149
569.972637,107,3069.534029
736.994261,152,3069.916132
701.011116,132,3070.240513
498.258527,109,3070.515536
874.746592,150,3071.629994
798.092386,145,3072.033413
523.299236,96,3072.272919
695.322655,125,3072.574268
1111.14568,207,3073.075484
675.198726,128,3073.389493
971.572237,175,3073.835325
609.481104,127,3074.713465
712.490497,135,3075.103834
761.101827,143,3076.956434
1013.732205,195,3077.467214
551.964433,102,3077.727659
832.113626,159,3078.135713
1379.842495,263,3079.488347
846.575927,172,3079.92429
723.228248,132,3080.252062
758.392739,140,3080.604887
670.935152,131,3080.940511
782.26382,146,3081.336471
809.099908,153,3081.754591
611.370092,139,3082.795087
512.853657,99,3083.051785
542.538097,107,3083.332641
710.48958,132,3083.666968
747.233871,146,3084.035285
541.531349,106,3084.305423
928.772483,188,3086.457618
581.317186,113,3086.74003
833.971069,162,3087.767503
685.851405,125,3088.078058
871.146564,162,3088.50162
792.737813,155,3088.939602
862.03207,161,3089.346691
715.331903,131,3089.662613
896.487006,176,3090.094746
614.127887,119,3091.042968
995.571184,182,3091.498196
1103.855878,208,3092.057276
709.692341,134,3092.425706
785.361708,149,3092.787231
914.167688,166,3093.204348
717.766933,133,3094.08491
590.398679,106,3095.838927
427.773018,78,3096.035625
865.545181,158,3096.442237
852.026255,155,3096.849194
885.332298,165,3097.288604
705.200611,132,3097.636847
725.56946,129,3097.979081
639.818276,118,3098.964377
904.617267,166,3099.390961
1226.404465,226,3099.957849
905.506484,165,3100.369927
637.083864,122,3100.680165
530.162966,107,3100.9577
665.413882,128,3101.303479
957.351057,180,3102.442431
756.63959,144,3102.811238
1339.620583,271,3103.503575
872.458463,162,3105.470254
500.721116,116,3105.833284
555.420303,109,3106.137362
1077.852602,205,3107.304306
647.960868,124,3107.647111
719.259192,131,3107.975894
558.371338,104,3108.22856
830.644352,164,3108.639717
764.254707,148,3109.026995
907.145156,196,3109.594496
660.267554,130,3110.56239
1011.526969,192,3111.030514
862.514457,177,3111.473078
1092.343,203,3111.978014
747.119143,166,3112.40767
687.502245,134,3112.75892
791.051058,138,3115.469878
779.256812,141,3115.820238
678.172906,142,3116.17673
544.786868,99,3116.42489
702.676718,133,3116.760544
764.450111,140,3117.114029
827.892778,164,3117.55409
585.734407,105,3117.833429
600.98733,120,3118.714101
839.315221,155,3119.106936
622.572478,116,3119.396478
538.906545,99,3119.645585
779.471312,165,3120.067828
739.338603,139,3120.433019
879.465066,169,3120.884387
780.870294,148,3121.950007
568.871037,109,3122.22786
656.457703,127,3122.549418
771.47655,143,3122.931511
776.78906,157,3124.964945
848.673082,160,3125.369167
406.547472,77,3125.572226
948.985966,170,3126.020422
682.949972,128,3127.100759
776.518277,172,3127.542842
717.075359,139,3127.909706
781.098009,143,3128.26842
575.910417,104,3128.520553
1015.02404,188,3128.994788
587.635442,110,3129.280751
1335.859823,252,3130.622596
551.524661,118,3130.93212
578.824485,111,3131.216833
674.870742,124,3131.538586
1132.398904,216,3132.091739
702.538492,148,3132.492102
715.464274,149,3135.068365
559.108228,105,3135.331653
569.150983,106,3135.603051
941.66396,171,3136.036564
675.14102,127,3136.355227
775.817621,146,3136.732708
1008.692506,176,3137.192865
768.407916,140,3137.560825
796.448248,172,3138.583932
724.382123,139,3138.932356
716.559483,157,3139.339333
541.898752,100,3139.590786
673.00589,124,3139.910888
706.482579,135,3140.259144
604.816119,132,3140.598846
571.999456,104,3140.869749
733.927791,139,3141.733032
611.905989,114,3142.014515
1238.015584,259,3144.101004
1102.886669,241,3144.73271
911.726538,180,3145.216183
949.011796,180,3146.360687
1005.91214,181,3146.808521
549.649614,120,3147.115635
578.083433,107,3147.382075
1103.964421,224,3147.952518
464.219473,103,3148.224232
539.193012,122,3148.553106
623.472343,125,3149.450856
733.792577,135,3149.793528
795.051779,146,3150.170652
590.212771,135,3150.518375
844.622579,172,3150.959341
1010.974374,188,3153.231427
566.194376,107,3153.511656
798.869047,144,3154.440588
661.966923,129,3154.763929
579.518715,112,3155.049589
676.805489,128,3155.386903
635.045976,110,3155.66855
716.71465,124,3155.977924
702.284362,134,3156.329794
618.61263,122,3156.657742
776.366857,131,3157.569492
952.84824,181,3158.0144
715.806535,142,3158.418734
986.059774,188,3158.924901
910.689613,167,3159.33076
740.558821,148,3159.700883
576.983578,112,3159.978932
1157.324205,217,3161.1796
821.766902,161,3163.152826
935.491438,204,3163.7081
809.89631,150,3164.106789
954.069675,186,3164.610018
640.806777,128,3165.010927
708.727753,136,3165.924882
710.050989,130,3166.257514
652.331682,119,3166.560452
801.251236,162,3166.973608
526.866483,105,3167.258257
984.111035,184,3167.760343
1380.176009,256,3169.03346
782.52823,142,3169.397836
948.405616,189,3169.881139
575.991979,105,3170.148785
599.719952,113,3170.438708
857.777488,160,3172.795778
580.960784,112,3173.08223
718.356669,129,3173.411739
765.098621,157,3174.371482
654.272029,138,3174.727195
850.009615,184,3175.213529
965.692997,176,3175.658604
743.271225,142,3176.038248
679.207203,123,3176.365396
717.934798,152,3176.753026
573.614758,119,3177.572122
657.080155,129,3177.903947
471.192886,102,3178.188287
473.042292,108,3178.507266
858.933336,156,3178.894288
875.47923,162,3179.289979
899.557297,171,3179.712426
833.029351,156,3180.621104
608.613363,134,3182.394521
690.38709,130,3182.725523
554.626835,105,3182.996012
936.465893,169,3183.429685
609.071891,133,3183.765436
903.007401,161,3184.196203
648.666614,116,3184.505776
546.304088,106,3185.323218
989.299961,179,3185.777764
669.34228,122,3186.07992
746.864922,154,3186.460914
728.225472,141,3186.816679
865.858266,167,3187.247423
714.606845,132,3187.607187
738.611644,149,3188.572035
602.845279,134,3188.91759
937.212055,175,3189.36647
667.19818,118,3191.191237
844.344161,160,3191.606328
1194.343627,203,3192.130376
721.776322,136,3193.089527
747.521908,143,3193.449136
828.066088,158,3193.848793
882.151017,161,3194.296477
967.01374,175,3194.753632
1073.268874,202,3195.238669
703.775314,127,3195.543326
763.014786,132,3196.357904
815.277487,153,3196.734045
958.0972,196,3197.218099
376.289939,70,3197.409889
648.013996,118,3197.737394
947.756549,177,3198.192404
647.492484,116,3198.474023
495.325269,111,3201.020625
798.158311,152,3201.433811
938.050716,170,3201.854796
510.509034,95,3202.095247
583.318913,121,3202.402267
839.149336,158,3202.798635
527.064683,104,3203.066171
780.535989,141,3203.450422
1096.442293,202,3204.64143
736.290676,148,3205.03111
483.541432,97,3205.278029
769.895729,135,3205.618761
593.304193,108,3205.896076
542.146635,99,3206.15025
1011.642602,195,3206.672469
536.841359,115,3206.983448
786.487284,160,3208.04457
1028.775393,197,3208.545004
1040.401145,221,3210.723308
1043.047216,202,3211.241348
667.270073,126,3211.564409
1108.741478,225,3212.669422
603.276553,118,3212.956063
1001.233679,194,3213.434061
765.626521,148,3213.817014
859.844092,170,3214.265749
664.037085,123,3214.599192
833.556738,165,3215.121063
1005.605712,173,3216.054899
806.705453,161,3216.452408
1127.383075,211,3216.979884
589.064965,109,3217.23927
725.941201,145,3217.599169
706.43792,131,3219.508181
1033.127704,195,3220.589973
810.419451,145,3220.949993
739.653519,142,3221.311925
872.771655,153,3221.700928
540.005171,102,3221.960814
633.892578,120,3222.272539
1021.390046,183,3222.75806
815.592116,153,3223.731227
746.104339,145,3224.115883
836.481173,159,3224.516567
866.916744,163,3224.924253
790.376068,141,3225.278466
691.671492,155,3225.702518
643.797719,131,3226.051061
766.326588,146,3227.028545
633.608985,111,3227.334707
841.077152,164,3229.470832
792.600817,159,3229.875782
739.877706,139,3230.231764
577.442529,107,3230.50209
872.855827,166,3230.913692
708.287153,135,3231.778697
838.228542,157,3232.227262
703.449617,134,3232.573141
785.326636,142,3232.930103
711.663707,149,3233.301384
1016.404552,185,3233.753355
1139.531019,204,3234.278363
743.759234,141,3235.204093
961.453513,195,3235.754943
749.810606,139,3236.098113
934.252657,176,3236.538791
673.321012,128,3238.387763
705.086208,151,3238.80348
843.944277,150,3239.775417
1164.840577,215,3240.325341
623.369394,115,3240.613941
695.36568,131,3240.948159
669.152921,129,3241.286101
730.267877,148,3241.669129
759.214056,167,3242.127662
646.082726,136,3243.065699
731.895476,156,3243.460181
593.894945,106,3243.727623
648.002635,123,3244.040088
786.111184,142,3244.397406
532.826982,100,3244.653336
523.495592,99,3244.915609
633.582283,133,3245.273902
793.276196,162,3246.405416
707.044836,141,3248.35206
471.36201,89,3248.595091
634.855669,137,3249.010203
806.698325,152,3249.393306
1005.526859,181,3249.860442
967.023587,172,3250.290456
1753.309929,330,3251.682553
702.851614,132,3252.056462
704.59561,157,3252.479662
671.524057,131,3252.804816
1287.797448,239,3253.394981
514.190958,102,3253.645334
689.495035,127,3254.486697
810.079948,175,3254.940325
587.975681,121,3255.301408
422.742907,88,3255.560158
694.209662,125,3255.874787
697.622424,124,3257.620977
749.178795,142,3257.993165
1101.887165,203,3259.076323
628.845376,119,3259.380261
762.01701,154,3259.772456
938.815549,171,3260.213301
755.605519,153,3260.603273
875.088123,166,3261.051219
579.446511,112,3261.351698
899.994043,164,3262.343571
657.79948,146,3262.714983
668.06578,122,3263.025067
648.193006,129,3263.35814
1089.332735,207,3263.902133
733.86967,133,3264.266529
693.894379,130,3264.618674
996.68257,184,3267.217994
904.578045,157,3267.631385
847.971669,161,3268.051059
574.110499,107,3268.347026
699.966604,156,3268.806809
826.339068,173,3269.24242
702.610394,147,3269.616772
747.66425,138,3270.462223
644.561659,119,3270.761596
673.826642,120,3271.060856
754.791662,139,3271.421849
759.264237,153,3271.855403
587.552129,109,3272.164601
878.631149,173,3272.589088
1068.747059,230,3273.672847
890.533254,181,3274.114409
748.094513,166,3274.52788
561.113505,105,3276.347484
741.308755,169,3276.778488
516.597194,121,3277.094561
807.211694,150,3278.025959
693.586794,128,3278.345918
722.392234,127,3278.665966
784.503463,146,3279.038326
887.679902,161,3279.449837
573.913098,106,3279.714206
625.702001,141,3280.092332
711.441023,130,3280.440428
727.389467,133,3281.353444
694.82088,150,3281.744024
1066.515862,195,3282.234386
799.910534,157,3282.628967
744.900892,140,3282.98009
969.068217,168,3283.417918
824.894345,153,3285.286578
690.505045,133,3286.240443
877.267385,158,3286.63626
650.701688,130,3286.963971
785.600965,145,3287.315614
932.208577,189,3287.798634
543.08551,103,3288.061417
673.608336,124,3288.390015
731.314352,128,3289.414086
1207.212981,245,3290.020607
340.225703,79,3290.223887
578.019508,110,3290.495656
758.022932,141,3290.841047
707.402689,134,3291.175204
1063.346846,191,3291.680779
618.442443,137,3292.717806
887.173613,157,3293.09736
1148.668212,215,3295.156292
624.673208,116,3295.450578
690.255448,124,3295.769551
947.527841,169,3296.216542
680.407578,137,3296.578288
568.772274,110,3297.421388
745.911165,143,3297.793594
1071.780761,197,3298.30116
509.539437,112,3298.589305
810.301379,145,3298.961369
1262.103728,232,3299.580491
739.842327,140,3300.526533
594.26055,113,3300.815767
1045.27264,203,3301.333215
659.021945,125,3301.652536
884.412595,166,3302.077852
1044.000265,197,3304.269156
701.176458,143,3304.692755
544.359208,124,3305.525728
704.90587,133,3305.852356
691.722122,125,3306.153867
694.460259,128,3306.465015
543.576001,106,3306.730085
823.057018,145,3307.081846
682.285868,124,3307.401415
705.132248,134,3307.794366
574.781356,124,3308.706673
687.775797,126,3309.010584
797.628886,153,3309.3874
537.64975,123,3309.706561
600.501391,133,3310.039601
635.35546,138,3310.38764
988.823572,192,3310.904469
666.449254,132,3311.817923
1598.559637,307,3314.105945
566.778952,109,3314.383054
1254.855669,226,3314.976682
937.045693,172,3315.425762
1092.316231,207,3316.539726
895.83564,162,3316.954654
694.422343,130,3317.278466
642.73348,132,3317.612271
623.918352,144,3317.987534
495.749647,97,3318.234043
1099.041568,197,3318.756641
808.120528,150,3319.682552
714.542555,145,3320.074753
847.78018,162,3320.523061
514.994377,112,3320.799835
1159.92017,211,3321.318249
934.642155,175,3323.233731
1038.040808,196,3324.325074
536.094346,100,3324.576733
883.051774,162,3324.970373
576.361006,125,3325.287653
623.583602,120,3325.59177
670.654441,123,3325.887486
480.132903,92,3326.120669
794.362082,152,3326.551237
397.811607,93,3326.83746
992.342062,198,3327.852708
579.998069,110,3328.13073
1013.627395,191,3328.61184
596.444067,128,3328.947621
1164.613679,220,3329.519196
834.896135,154,3329.935305
724.318273,129,3330.839606
905.517886,182,3332.858893
695.955893,127,3333.188042
760.734712,152,3333.577746
742.869755,142,3333.954271
1062.31078,223,3334.551605
1717.753632,338,3335.985204
562.772897,115,3336.272923
746.867489,148,3336.65539
674.024443,131,3336.983707
808.991463,150,3337.356693
840.146112,169,3337.787174
908.290687,168,3338.736298
542.480665,120,3339.042815
694.062332,139,3339.428891
813.229318,147,3339.825592
782.962612,145,3341.715249
1052.277554,198,3342.217437
810.22622,157,3342.685591
549.740664,105,3343.526777
642.826666,129,3343.84982
1080.644728,216,3344.385632
510.097975,118,3344.683938
1225.53853,263,3345.356757
1037.846033,188,3345.860065
580.099632,120,3346.742208
737.679285,141,3347.092398
816.229087,152,3347.474357
1080.472917,208,3348.000107
700.765724,126,3348.33577
751.466633,138,3348.695555
633.74422,117,3349.006349
979.755078,192,3351.661664
520.741915,99,3351.913889
844.868623,152,3352.292245
1116.896549,212,3352.846755
684.46159,120,3353.164233
854.487915,156,3353.571774
718.703442,132,3353.923997
892.174233,162,3354.900041
476.38463,102,3355.155814
657.873716,136,3355.493008
354.888666,67,3355.652528
732.90831,130,3355.967067
717.195225,142,3356.340226
658.851671,120,3356.682722
849.23311,156,3357.068515
879.359078,162,3357.966236
931.673224,181,3358.404235
828.41028,161,3358.814
649.037322,118,3360.607961
993.776956,181,3361.053345
842.767421,147,3361.423902
660.542162,118,3361.714756
992.436241,196,3362.697014
742.120858,137,3363.062236
820.611688,161,3363.515377
608.094524,111,3363.801094
931.167584,176,3364.240942
922.927352,156,3364.632782
797.822782,144,3365.541256
938.906311,178,3365.987321
724.746269,138,3366.334844
724.765808,131,3366.665725
629.636411,117,3366.959668
684.13955,156,3367.36583
735.300467,129,3367.71105
926.745461,169,3370.52249
745.768614,133,3370.855242
644.800085,128,3371.188962
939.263727,178,3371.636911
687.068694,124,3371.947212
598.349348,113,3372.23362
563.038534,119,3372.548952
548.505473,118,3372.858817
693.267495,130,3373.688602
989.631769,210,3374.213504
1084.949883,192,3374.685533
748.343414,151,3375.051513
777.233018,141,3375.46433
850.682015,154,3375.885124
885.90129,157,3376.936651
917.394797,166,3377.332542
863.424923,162,3379.404272
746.699792,138,3379.747997
702.691096,149,3380.117277
760.805576,137,3380.450358
1101.135922,203,3380.967573
837.219927,158,3382.023198
854.608441,163,3382.442275
765.890181,139,3382.788045
964.765254,187,3383.274261
494.37708,97,3383.525102
622.689707,115,3383.839635
732.503233,129,3384.185587
1093.815347,200,3385.267325
768.267797,137,3385.609919
620.142907,109,3385.87905
581.005334,108,3386.154822
523.764371,109,3386.430717
908.593371,169,3386.865357
1379.28875,246,3389.002138
722.74754,127,3389.830607
930.252819,181,3390.28048
836.473987,158,3390.696632
1152.237216,226,3391.311566
863.270639,189,3391.780788
854.372598,169,3392.84057
725.668637,129,3393.156565
862.599523,182,3393.602398
767.176512,145,3393.987994
460.801575,104,3394.289981
497.756177,93,3394.529853
660.589631,127,3394.84244
1005.389752,194,3395.319554
1077.029316,200,3396.371385
919.891284,172,3398.149077
541.150067,97,3398.391946
670.824832,123,3398.703063
1060.465992,201,3399.226908
1290.849037,247,3399.877685
752.611145,130,3400.779667
1424.177458,264,3401.452196
1000.542882,177,3401.926768
775.85994,139,3402.282691
946.652664,173,3402.772963
654.820133,127,3403.135762
791.840482,150,3404.178935
1341.881328,250,3404.826189
768.436007,139,3405.199207
842.753529,161,3405.63366
707.653781,129,3407.571958
737.286635,127,3407.912103
1091.959862,194,3408.959211
664.297747,120,3409.311473
581.976661,109,3409.640855
853.88948,157,3410.046199
867.952895,152,3410.445549
589.826721,109,3410.734628
689.823092,130,3411.085578
796.374106,143,3411.476265
553.068216,101,3412.421319
599.076622,116,3412.752953
622.248574,113,3413.078322
530.762597,99,3413.323273
840.063437,174,3413.757248
1083.635793,187,3414.222099
608.166018,113,3414.504954
667.889709,120,3414.811061
910.921558,178,3417.698791
610.770367,141,3418.067837
1217.124882,225,3418.662759
1492.248808,262,3419.351546
415.782701,76,3419.553534
1168.688105,217,3420.804989
608.225954,109,3421.080205
595.102652,132,3421.429138
720.382293,129,3421.770549
844.761559,156,3422.186722
936.639934,171,3422.661024
676.95245,123,3422.987947
825.427619,147,3424.016567
654.631341,138,3424.358498
766.249374,142,3424.705542
959.288689,189,3425.217842
874.103904,175,3426.987562
670.0492,126,3427.318772
540.048483,99,3427.57819
724.696109,160,3428.670509
637.747877,120,3428.987558
887.894941,176,3429.42116
705.204905,133,3429.747392
599.387347,113,3430.019956
1084.016546,199,3430.510797
802.564851,150,3430.88773
709.48413,130,3431.789981
1135.455414,237,3432.390708
707.856045,153,3432.780642
481.326308,91,3433.009006
905.388298,162,3433.416589
958.438966,203,3433.951838
706.990983,152,3434.368182
1748.856195,330,3437.548259
792.634476,146,3437.915345
776.80558,152,3438.299867
902.326674,170,3438.753472
576.513904,115,3439.083252
714.954639,134,3440.007762
877.319534,158,3440.400681
812.40607,148,3440.774776
819.728485,149,3441.147454
789.89817,143,3441.493714
452.351167,107,3441.797392
970.442093,175,3442.270679
904.414507,184,3443.226456
837.753733,170,3443.638199
692.110625,130,3443.958293
515.857661,92,3444.188912
913.704019,173,3446.229722
768.031714,143,3446.607815
666.37439,125,3446.928013
783.736876,140,3447.277237
657.002663,131,3448.147375
1137.932606,202,3448.714923
699.118643,158,3449.115806
871.317838,168,3449.558316
835.172192,179,3450.035072
764.444611,145,3450.439609
855.163601,151,3451.413552
713.785513,133,3451.744431
738.884451,147,3452.118148
467.492955,88,3452.335324
971.26458,171,3452.754886
658.938476,124,3453.067914
785.816264,148,3455.144015
729.847801,132,3456.10276
761.954797,141,3456.475185
970.512983,210,3457.024478
539.770407,102,3457.276777
542.333474,102,3457.535955
629.23741,124,3457.856411
665.415168,121,3458.174262
564.422637,110,3458.461697
1890.594192,380,3460.086816
792.700186,154,3460.479633
511.643441,94,3460.706975
822.258573,158,3461.113049
505.043883,94,3461.402439
1400.145885,251,3462.601084
858.460012,154,3462.9824
773.947767,147,3463.353246
489.782315,98,3465.302251
1069.127334,190,3465.769297
688.052031,126,3466.080384
1285.771059,246,3466.699434
583.358671,104,3467.523079
825.399814,159,3467.949252
996.598441,178,3468.407673
765.348827,150,3468.794317
380.016363,87,3469.014972
697.809972,140,3469.376709
424.038047,82,3469.590297
1498.803486,291,3471.029501
493.653986,94,3471.265521
459.897812,107,3471.540443
830.11736,185,3472.016473
644.214472,120,3472.317537
1025.781693,209,3474.562735
717.100171,126,3474.882987
795.365844,163,3475.848666
866.902066,177,3476.286469
526.267679,119,3476.600444
730.454261,140,3477.00313
1107.076147,211,3477.517157
335.794819,65,3477.675343
1423.590983,278,3479.054766
894.528661,161,3479.453372
703.856522,140,3479.815719
873.384578,171,3480.306161
917.994501,165,3480.709874
1194.226044,220,3481.243944
878.444222,156,3482.131925
607.437686,109,3482.397627
982.993987,181,3484.166302
584.83096,103,3484.436873
1113.307234,217,3484.996183
744.489413,140,3485.361905
674.308661,125,3485.701872
601.894642,109,3486.562653
897.283013,164,3486.988834
917.099297,174,3487.432509
779.27757,150,3487.810693
1001.827216,189,3488.288999
704.081887,128,3488.62922
954.511494,174,3489.098033
863.351985,162,3490.078865
539.771859,111,3490.374957
868.185755,158,3490.788513
1193.375722,229,3491.398139
582.351466,105,3493.268824
636.655668,113,3493.553571
598.731563,106,3493.819785
474.441167,101,3494.605818
639.042172,117,3494.898999
947.857028,176,3495.375172
708.017614,146,3495.770744
1402.984757,279,3496.506893
539.479907,101,3496.786733
794.363999,150,3497.174047
1055.889623,193,3498.179939
809.629978,167,3498.643939
590.548857,111,3498.94868
683.708496,129,3499.266861
730.963403,133,3499.605765
856.509248,161,3500.008648
740.59487,142,3500.358968
886.352712,162,3502.900869
937.183446,166,3503.325803
1420.906857,294,3504.113705
567.823235,126,3504.44621
478.263429,91,3504.693624
744.852496,135,3505.047672
687.439386,125,3505.933362
575.690784,112,3506.212279
1018.407438,190,3506.692548
894.29724,166,3507.117048
703.742226,126,3507.435779
1251.301536,244,3508.088024
888.158539,164,3509.073976
892.438654,176,3509.514812
604.661562,119,3509.814241
1211.141034,251,3512.01519
772.002377,142,3512.382708
1210.933136,228,3512.980304
1130.831748,208,3514.158337
1043.521507,199,3514.660821
1014.428244,191,3515.197726
598.625772,106,3515.455662
851.003463,155,3515.831738
849.03892,155,3516.212813
793.449383,137,3517.219875
580.692144,128,3517.536544
705.901812,133,3517.864948
1051.802402,197,3518.430423
716.123418,144,3518.789564
1022.64154,178,3519.232002
700.91807,126,3519.5509
1300.324429,227,3522.566955
1074.114583,186,3523.035598
568.35043,105,3523.300281
707.563721,130,3523.630591
762.087548,141,3523.983609
794.828603,163,3524.415666
515.056455,121,3524.740319
1336.174068,258,3526.061153
1220.135008,235,3526.66713
1138.825241,210,3527.197797
809.211117,136,3527.561509
642.042647,122,3527.877625
1080.229876,196,3529.031099
537.944667,108,3529.301106
636.151334,117,3529.584962
856.099937,157,3531.66318
959.2904,176,3532.097243
806.150365,149,3532.460319
588.045121,109,3532.732131
1217.169501,224,3533.885997
623.740823,115,3534.164554
969.893835,176,3534.643747
856.849153,184,3535.156777
939.228911,183,3535.628999
842.167672,175,3536.213027
588.049373,135,3537.233431
910.595602,174,3537.690044
693.682543,124,3538.004669
679.844585,135,3538.348391
711.59754,138,3538.70263
845.667245,157,3539.126629
617.785118,111,3540.995481
488.661815,114,3541.986073
932.12877,177,3542.442534
512.816428,112,3542.737042
974.947502,174,3543.181394
561.300887,97,3543.424189
904.804887,161,3543.840694
826.249061,152,3544.247449
885.541988,151,3545.309268
1753.096994,343,3546.184896
668.589896,126,3546.492367
674.592534,119,3546.778946
654.447044,122,3547.079366
757.277419,146,3547.478965
733.918887,154,3547.939994
555.026179,103,3548.846256
936.161808,167,3549.251193
886.406937,162,3551.403834
809.101904,161,3551.803613
1244.916647,234,3552.377753
616.747432,119,3552.673057
749.227395,146,3553.69463
788.346185,150,3554.060421
706.009078,132,3554.394606
796.657755,152,3554.790566
784.573966,143,3555.155113
695.51155,128,3555.482304
698.496994,132,3555.835622
663.745687,120,3556.152397
645.770877,118,3557.12038
773.506188,141,3557.467731
549.903028,100,3557.713452
1484.923659,289,3558.439212
777.071052,145,3560.695641
831.5953,152,3561.092231
825.415142,163,3562.088005
1235.917015,226,3562.670503
579.805766,109,3562.948325
481.194156,112,3563.23579
1017.771584,191,3563.740429
526.126576,103,3564.033181
814.521192,157,3564.432405
656.08654,126,3565.39334
779.963852,148,3565.765222
578.679318,111,3566.045809
685.439669,132,3566.383904
761.679727,143,3566.73566
1055.436383,198,3567.285169
800.506183,170,3567.729133
522.889841,96,3568.641875
652.986901,148,3570.690159
482.590308,89,3570.932707
905.595932,157,3571.319913
647.184486,120,3571.624163
1094.112652,208,3572.144017
733.140908,130,3572.473931
444.005584,83,3572.68714
975.649331,186,3573.734386
723.373961,135,3574.071584
1418.036752,253,3574.705149
877.725589,178,3575.15735
902.073721,168,3575.607013
776.614517,152,3576.682295
640.049754,142,3577.061163
999.61104,174,3577.497256
586.150098,113,3577.784992
1191.587797,229,3580.014155
635.3473,114,3580.300687
396.841304,74,3580.487105
558.892431,112,3580.78018
459.993453,107,3581.730548
613.742522,109,3582.007882
524.678144,115,3582.306779
590.649075,111,3582.586291
795.841408,156,3582.973686
640.753446,131,3583.29408
690.108067,124,3583.608327
877.193546,157,3584.058804
712.906844,127,3585.07292
674.011732,125,3585.374948
795.746578,144,3585.718845
1205.491982,224,3586.264897
457.277083,84,3586.470104
504.962376,97,3586.705064
1053.962131,189,3587.198069
1254.484275,231,3590.095994
884.62274,158,3590.53111
751.107439,171,3590.993195
756.952864,152,3591.397355
597.292635,111,3591.688291
1050.468441,189,3592.176687
770.010263,140,3593.212896
801.920348,148,3593.580772
736.579869,137,3593.927351
961.207703,187,3594.389225
937.148237,170,3594.816818
777.07327,140,3595.176151
884.519971,168,3595.610628
642.906923,119,3596.571552
666.028706,120,3596.870118
942.282392,180,3597.325008
613.943878,115,3597.615965
955.262465,172,3599.540145
545.078626,106,3599.814478
1139.813797,223,3600.419483
712.773765,132,3601.370457
689.849953,132,3601.706295
466.611402,85,3601.914613
458.635085,87,3602.131576
573.628162,108,3602.396129
1605.266342,302,3603.158353
1038.598575,190,3603.655697
783.115983,150,3604.697479
779.6771,143,3605.063124
601.192547,110,3605.326364
701.440328,133,3605.656509
1147.049798,209,3606.17161
900.249585,161,3606.583001
665.375757,129,3608.469742
903.172932,189,3609.499829
610.223727,134,3609.8461
905.422711,171,3610.282058
631.475613,124,3610.59343
701.587555,130,3610.929343
917.94152,171,3611.400125
788.019815,151,3612.366868
924.812104,172,3612.814437
572.726982,102,3613.074467
815.844383,151,3613.454067
772.453112,143,3613.816337
1365.581068,267,3614.526638
1219.099578,218,3615.678724
1135.910697,206,3616.196816
892.825311,152,3618.139184
706.531856,128,3618.472135
954.931509,177,3618.924045
919.777192,180,3619.370015
1003.150251,194,3620.38086
783.606557,150,3620.750479
881.440785,173,3621.215936
794.062765,153,3621.630936
674.359272,128,3621.954045
820.200513,150,3622.325103
463.535058,107,3622.589587
752.708509,144,3623.449339
1186.536809,210,3623.966895
667.039656,129,3624.283548
648.277203,130,3624.668491
519.992572,119,3624.968307
409.502935,79,3625.162677
827.632054,156,3626.962698
794.645196,174,3628.004042
740.508029,136,3628.342875
755.35918,143,3628.70708
1684.329279,323,3629.535042
515.966165,115,3629.833463
697.352633,126,3630.171977
697.652557,148,3630.572248
865.896569,157,3631.544776
581.247684,131,3631.875076
688.682705,128,3632.195496
488.55311,89,3632.419016
540.846052,123,3632.725887
910.898583,170,3633.169687
544.545061,101,3633.434679
745.91791,143,3634.369266
1210.953583,231,3634.948704
790.801029,151,3636.80524
1454.404808,273,3637.575926
885.491459,164,3637.984634
818.302391,155,3638.366524
855.495338,157,3639.257794
849.764924,175,3639.705174
759.53927,142,3640.053377
824.154024,151,3640.451354
549.280006,101,3640.744752
1025.314303,204,3641.258828
572.171842,132,3642.092724
525.351848,100,3642.343819
788.02483,151,3642.718097
693.358836,130,3643.046502
566.391099,110,3643.317415
578.009897,108,3643.598426
879.129275,172,3645.526136
881.620906,179,3645.982365
814.693378,154,3646.929476
659.992686,122,3647.236537
829.022426,150,3647.619717
1229.702276,226,3648.191452
599.108328,112,3648.475519
1075.840201,203,3649.010217
673.769546,121,3649.330759
710.398241,141,3650.246096
974.037169,178,3650.691726
642.292195,124,3651.011056
1147.123546,224,3651.586272
527.379216,103,3651.855571
939.110388,173,3652.320474
707.489667,134,3653.230814
758.997889,157,3655.201403
1048.878081,200,3655.705756
532.408246,103,3655.963207
1245.640726,234,3656.600831
1020.060077,200,3657.170365
772.66189,151,3658.040751
584.003971,109,3658.309562
790.976969,147,3658.674879
694.18139,139,3659.017785
771.679414,141,3659.362981
974.734054,174,3659.813138
1500.691018,290,3661.150661
823.722045,157,3661.542326
1030.11687,188,3662.011161
535.769025,105,3662.27338
721.422221,136,3664.178611
578.264158,108,3664.452711
882.554093,158,3664.852732
620.519296,116,3665.145249
1306.34769,262,3666.356409
751.29125,141,3666.709918
905.696284,152,3667.090668
779.739402,155,3667.485232
860.813391,169,3667.938336
945.807453,174,3668.962553
934.262148,171,3669.398824
938.402669,173,3669.848764
1068.462236,201,3670.359725
827.080492,165,3670.788716
614.425592,125,3671.113659
1025.825566,209,3673.61398
834.955806,162,3674.024707
820.235376,153,3674.403785
834.914637,151,3674.786565
662.804912,124,3675.106642
974.738846,184,3675.62593
833.442,159,3676.063527
732.635084,132,3676.90725
1081.261831,196,3677.37895
1118.322842,203,3677.887554
822.173927,181,3678.341964
706.198043,135,3678.69085
1072.459236,197,3679.278483
924.752462,166,3680.254174
752.898093,140,3680.614477
867.026154,162,3681.031805
780.459575,149,3683.191351
753.145773,141,3683.550807
639.160436,139,3683.915172
1052.059768,224,3685.053634
1082.262558,197,3685.548763
869.140058,151,3685.930342
732.983841,145,3686.298839
621.670561,130,3686.624943
1320.063325,237,3687.246765
644.196519,120,3688.12171
772.582614,149,3688.507584
864.624979,162,3688.916708
739.887551,138,3689.264934
1058.713124,192,3689.743598
743.105213,142,3690.113939
377.32165,72,3690.29376
724.212179,136,3692.44725
1047.820768,200,3693.615298
859.638749,161,3694.009563
1003.968895,186,3694.477699
460.541968,94,3694.714473
829.166148,161,3695.175749
606.610089,115,3695.484744
503.281849,101,3695.730587
814.864034,156,3696.686664
910.39399,176,3697.140953
817.959091,146,3697.513798
940.714363,187,3697.997966
551.27855,104,3698.271957
874.975352,158,3698.7134
515.454648,111,3699.025126
1118.850774,208,3700.15197
757.226331,150,3700.539624
860.846137,165,3702.511755
1002.825435,191,3703.005011
976.364072,206,3703.575333
771.865973,145,3704.545457
668.836962,140,3704.901048
626.377053,122,3705.208716
663.25324,121,3705.524253
1068.504578,212,3706.063751
783.794495,143,3706.432756
574.945317,127,3706.783597
488.409318,91,3707.025792
954.838418,169,3708.132881
647.19345,122,3708.450118
654.738725,118,3708.814321
854.30475,152,3709.255473
1105.870266,210,3709.815103
604.113368,123,3711.682887
700.279856,140,3712.085565
655.198027,145,3713.070482
747.047504,154,3713.451852
625.737275,128,3713.780331
532.096807,102,3714.034132
781.897075,161,3714.427887
629.052248,139,3714.787909
748.334613,136,3715.154644
1006.628295,184,3716.224416
720.097978,134,3716.583069
932.725666,176,3717.037042
798.253982,157,3717.446457
999.036709,189,3717.948193
485.602332,106,3718.2405
896.609041,157,3718.659307
695.516037,121,3719.64991
912.429255,176,3721.813445
632.582061,123,3722.140076
798.873635,147,3722.520833
664.233676,141,3722.889739
1417.910736,271,3723.614928
912.150602,169,3724.708958
587.466783,134,3725.065926
736.31778,147,3725.458473
788.989167,152,3725.86332
895.867087,168,3726.364114
791.20484,158,3726.771099
800.359646,159,3727.823296
1595.586994,289,3728.55733
696.093152,143,3728.909898
830.439892,150,3729.353693
978.575486,179,3731.580176
930.334727,174,3732.037545
821.850325,153,3733.215927
700.984093,137,3733.560145
1093.425862,211,3734.090497
642.4174,146,3734.469779
1280.856709,258,3735.140861
593.49575,108,3735.422737
888.682513,162,3736.530786
711.213672,140,3736.888539
838.307985,152,3737.264134
890.346308,177,3737.709253
1300.221827,252,3738.362447
526.715563,121,3738.690588
977.783088,176,3739.833581
767.213425,133,3741.831573
867.754895,192,3742.329776
505.38754,117,3742.637212
693.484863,127,3742.965065
743.42706,138,3743.322318
857.601696,159,3743.750536
486.837892,105,3744.712578
610.399208,110,3745.022228
574.70307,109,3745.334281
876.44293,182,3745.789844
570.686613,126,3746.09803
558.834193,104,3746.351179
550.084949,118,3746.640733
495.448642,93,3746.87075
1178.279422,211,3747.933173
874.236761,157,3748.346429
788.297613,146,3748.760858
671.901312,133,3749.10523
436.766932,86,3749.314531
1461.437291,271,3751.705454
721.58136,131,3752.051511
990.757347,189,3753.101072
733.858786,157,3753.5076
979.281736,193,3754.009625
767.604387,157,3754.420635
691.893173,132,3754.763674
368.938933,73,3754.958348
707.972691,136,3755.321211
770.679582,162,3756.331871
952.706274,181,3756.793445
1297.580864,239,3757.40664
708.119957,134,3757.74569
606.29909,136,3758.10094
769.696054,139,3758.464032
577.757926,123,3760.953718
977.569253,211,3761.518154
894.716649,176,3761.958679
993.146646,188,3762.43564
949.067542,168,3762.861209
828.807837,165,3763.297726
1075.720627,200,3764.398863
506.553497,107,3764.698575
602.31764,108,3764.968854
855.809637,166,3765.385563
661.72735,126,3765.696915
1128.04964,202,3766.199763
525.527823,122,3766.509166
651.323737,131,3767.371205
1160.671972,219,3767.974521
840.111026,147,3768.351451
1083.966932,209,3770.384845
859.897986,182,3770.858285
982.57366,185,3771.344563
985.703929,192,3772.394173
558.61062,108,3772.663503
755.647659,134,3772.998629
937.667026,195,3773.493084
806.202607,145,3773.863522
917.410592,176,3774.328157
525.647866,122,3775.211579
1082.068672,211,3775.751657
602.195337,130,3776.084512
636.01329,130,3776.420439
647.632898,126,3776.735088
506.22637,101,3776.995196
999.355582,187,3779.099433
834.505421,158,3780.021555
703.733634,133,3780.346611
861.638286,155,3780.798587
736.768635,166,3781.233254
451.966566,102,3781.487307
1111.109899,207,3781.995815
564.186439,104,3782.254515
505.614056,107,3783.020808
791.219448,149,3783.385094
971.007246,181,3783.861782
1247.288124,249,3784.54197
726.176746,141,3784.883554
664.741199,147,3785.244582
638.524506,135,3785.59173
889.151214,163,3786.511674
882.341354,165,3786.92645
464.231352,89,3788.713137
937.949354,175,3789.152936
1056.091042,192,3789.643587
562.457419,108,3789.918948
558.995374,123,3790.235379
672.667976,127,3791.164285
837.547049,170,3791.626149
480.493253,91,3791.854916
897.926111,179,3792.313537
597.606151,119,3792.615178
676.776879,127,3792.944026
646.591405,124,3793.287323
723.519462,160,3794.258709
629.955043,122,3794.561703
604.362676,132,3794.890045
685.163213,122,3795.230873
905.709086,187,3795.724838
969.111007,188,3797.651106
839.301344,156,3798.056651
842.823212,157,3799.155976
715.816474,146,3799.513088
1037.308891,198,3799.992945
750.506908,168,3800.414983
885.404881,170,3800.83342
706.792257,160,3801.259583
875.686891,155,3802.294244
1698.83067,327,3803.129508
969.285028,203,3803.641548
426.474495,83,3803.845103
964.606978,177,3804.285445
754.307084,148,3804.67862
526.826711,117,3805.565554
903.621663,199,3807.593024
609.936427,115,3807.884664
1516.370256,283,3808.608144
882.919006,167,3809.048385
913.784223,168,3810.057226
1130.719828,219,3810.614477
1046.363695,197,3811.112872
801.7259,154,3811.506239
932.384211,171,3811.936364
529.564223,112,3812.240342
669.442133,125,3812.569875
848.205724,175,3813.539083
801.590348,174,3813.972906
913.19216,169,3814.38942
959.555636,183,3814.87361
1117.475252,210,3817.260285
593.315922,117,3817.577279
792.954719,144,3818.539711
734.704968,140,3818.903263
656.778383,116,3819.188071
645.82704,123,3819.490465
1016.624499,197,3819.982039
603.576633,115,3820.261662
763.362584,147,3820.650384
627.575247,118,3821.62786
582.506169,111,3821.911618
864.117121,163,3822.323795
777.755663,153,3822.706789
913.701471,180,3823.164043
917.670926,172,3823.611925
1093.359359,212,3824.76062
775.24504,156,3826.813051
684.968748,131,3827.140793
938.972306,182,3827.604683
498.147228,114,3827.901004
804.191734,142,3828.283298
819.353144,145,3828.661959
943.144688,169,3829.665236
834.257287,159,3830.061433
658.735543,134,3830.408495
727.871072,136,3830.733072
369.04707,72,3830.906859
970.300839,196,3831.389936
875.54865,163,3831.846562
883.534553,160,3832.76506
670.495946,131,3833.08419
884.898262,169,3833.505711
443.232663,83,3833.720356
664.463471,123,3834.024986
653.770267,127,3835.954131
511.727761,115,3836.239934
1097.558398,200,3836.728344
819.343236,167,3837.648751
553.360648,101,3837.897379
902.438638,182,3838.375379
644.220739,121,3838.716015
707.759892,130,3839.051441
1019.150528,192,3839.540597
462.320144,103,3839.806141
960.777206,202,3840.970507
568.194593,105,3841.236704
904.182442,174,3841.681857
477.82952,111,3841.97802
963.671824,204,3842.512972
639.111695,118,3842.826528
780.554281,159,3843.254287
1381.800311,280,3846.305319
580.436831,132,3846.647572
769.295108,143,3847.01117
895.206496,160,3847.413502
643.551729,138,3847.784967
662.944178,125,3848.103619
650.598343,122,3849.064522
521.927794,99,3849.307146
944.02962,174,3849.733917
653.878732,132,3850.062111
493.227468,91,3850.290996
768.430171,141,3850.677861
993.738634,187,3851.199018
669.892528,138,3851.538389
632.843802,142,3852.543905
732.595245,136,3852.87154
428.080283,96,3853.117329
636.699219,126,3855.118995
802.802165,146,3855.485928
576.220092,107,3855.753751
599.16041,106,3856.039504
947.62238,176,3856.494506
716.014939,137,3857.531298
595.209457,111,3857.811509
1286.586921,260,3858.476328
837.60309,159,3858.883974
744.802795,135,3859.244124
857.677427,169,3859.71123
590.390775,109,3860.675335
708.777004,139,3861.033197
571.945602,116,3861.325185
677.592078,129,3861.655997
761.83001,137,3862.004108
1225.585629,250,3862.666332
1057.828956,193,3864.920384
652.477131,126,3865.89209
1186.981102,219,3866.433658
618.109249,116,3866.727336
673.672327,143,3867.131276
652.732259,149,3867.535664
896.765334,169,3867.946122
819.948628,154,3868.97742
1030.374835,189,3869.436148
700.711375,131,3869.761284
1046.551187,212,3870.338127
631.755631,143,3870.746525
777.452588,149,3871.124171
712.277782,128,3871.439431
651.731943,116,3872.380015
808.219489,162,3872.782691
671.13088,130,3874.457009
766.340848,150,3874.850254
685.008248,131,3875.190144
602.301695,107,3875.465892
906.444224,166,3875.911043
924.419782,202,3877.12937
614.922129,113,3877.416291
772.880698,147,3877.798795
726.033293,140,3878.154897
793.002089,171,3878.58961
799.997313,150,3878.993037
778.505567,144,3879.383948
611.533975,115,3880.340153
816.749568,149,3880.715234
990.25331,187,3881.189348
609.727827,133,3881.543721
555.750031,108,3881.817002
580.276715,112,3882.12477
1227.468106,225,3884.34495
849.4859,156,3885.39561
660.769409,125,3885.700226
671.550191,131,3886.021147
1258.079857,235,3886.608792
732.836243,146,3887.038276
1042.982694,211,3887.580303
774.583088,145,3888.57901
879.885685,176,3889.01658
948.507376,184,3889.472842
451.864048,83,3889.672961
744.741482,143,3890.070451
704.69583,156,3890.5151
1001.200414,197,3891.004793
917.846761,168,3892.099763
479.220127,89,3894.291948
930.592269,167,3894.727403
677.461953,131,3895.075799
806.130401,146,3895.456023
1004.424651,185,3895.95715
937.154068,188,3897.134189
963.011811,200,3897.677059
835.783308,176,3898.130756
791.929171,156,3898.537927
957.139872,166,3898.973607
800.674008,164,3899.432397
805.605485,163,3900.537344
543.662014,107,3900.807468
645.653458,117,3901.099093
916.912575,166,3901.507596
890.725821,188,3901.96647
839.101062,165,3903.878664
506.856892,109,3904.150916
554.044225,127,3904.466431
449.509661,106,3905.384896
1212.00592,234,3905.961509
799.182793,153,3906.419011
863.721218,167,3906.836566
425.786673,85,3907.05041
519.333689,98,3907.302555
627.929805,118,3907.593826
1338.867948,252,3908.881405
684.706515,129,3909.213716
710.495344,136,3909.560555
1184.723277,224,3910.127077
643.722519,135,3910.483981
637.184158,118,3910.79813
503.288064,95,3911.053299
732.957525,149,3913.530518
774.611558,172,3913.983163
514.608823,95,3914.231117
718.914064,132,3914.567711
619.633945,117,3914.876031
1347.761828,257,3915.569181
728.300711,153,3916.645255
726.76239,138,3916.996445
1025.205652,208,3917.527073
680.649946,128,3917.845969
606.297203,130,3918.172808
690.105306,125,3918.535778
740.223697,140,3918.935632
795.888297,156,3919.973213
908.2844,176,3920.4223
631.998685,124,3920.724077
772.606173,162,3921.125515
928.354102,187,3922.936604
763.976605,144,3923.297745
1093.377193,204,3924.460972
721.236908,131,3924.784645
1222.222621,224,3925.422607
806.619735,147,3925.787324
854.979223,186,3926.257987
834.858731,147,3926.631374
845.117113,184,3927.669114
941.333968,178,3928.128535
573.976573,111,3928.416355
658.811968,121,3928.721401
597.289954,115,3929.012437
626.250155,116,3929.304371
501.447043,111,3929.596695
582.460324,111,3929.890537
664.446302,127,3931.913552
626.051664,122,3932.802188
545.159311,106,3933.078217
1089.769122,217,3933.634539
675.881536,124,3933.948173
577.878716,111,3934.216151
1239.925359,234,3934.827395
564.806108,105,3935.107924
502.997183,112,3935.923439
723.698235,136,3936.295578
698.495328,141,3936.697928
487.670974,111,3936.98375
898.589054,169,3937.398754
638.828173,122,3937.69958
822.089991,163,3938.118039
481.638467,95,3938.905614
826.9193,160,3939.380641
601.475217,112,3939.75028
679.517015,125,3940.144075
524.671533,104,3941.920635
880.904217,185,3942.437348
1024.759459,181,3942.935452
840.410973,153,3943.361243
570.986533,114,3944.286041
920.020779,166,3944.729094
740.209137,148,3945.137955
865.856906,165,3945.592778
459.014182,97,3945.861264
571.54172,103,3946.151201
1147.078234,219,3946.785553
902.179778,157,3947.977965
968.377774,184,3948.489391
774.229157,171,3948.963743
796.024062,156,3949.39649
796.965987,154,3949.815532
690.833795,126,3951.896918
907.754282,173,3952.999796
511.84461,95,3953.233862
708.877147,133,3953.637263
483.272508,93,3953.900228
923.5921,165,3954.339641
583.060886,110,3954.629733
626.073181,121,3954.941719
592.713508,111,3955.216999
519.542777,97,3955.461156
1199.645513,213,3956.672766
577.567157,109,3956.999687
763.461518,136,3957.349699
2146.874974,416,3958.371945
888.494177,173,3959.452481
762.480601,164,3959.92493
936.767522,178,3962.058885
621.102231,121,3962.372683
774.379162,156,3962.777278
694.430609,131,3963.11754
1050.89694,201,3963.659057
619.070708,110,3964.619607
516.046576,99,3964.870921
828.599266,171,3965.31029
582.258772,132,3965.653763
852.873768,168,3966.085058
560.654197,128,3966.434224
839.30603,157,3966.857446
613.257733,115,3967.164024
504.815187,107,3968.113728
627.64334,123,3968.435723
660.409799,119,3968.754281
777.85616,147,3969.128044
637.080441,129,3969.467899
789.576558,154,3971.288131
616.191075,121,3971.606469
605.338652,117,3971.922068
640.147777,115,3972.80376
834.742172,167,3973.28448
795.10761,144,3973.642576
725.685112,139,3973.988352
667.172089,133,3974.334325
1319.19326,243,3974.928113
1014.496068,189,3975.983534
930.544908,177,3976.53057
982.81366,205,3977.046868
704.42612,133,3977.376575
967.992026,181,3977.833765
994.403032,195,3978.359835
599.462276,108,3979.234115
643.720635,120,3981.321168
758.685703,140,3981.700034
394.820069,80,3981.934733
639.594071,146,3982.340034
581.815506,125,3982.685572
1091.771642,230,3983.323564
1024.992609,204,3984.447395
700.079586,141,3984.80854
708.710485,147,3985.181229
636.495244,116,3985.47648
621.861155,112,3985.757684
556.6802,123,3986.080226
938.804011,181,3986.574065
709.367038,132,3987.529977
714.47997,144,3987.921517
1077.901198,192,3988.417245
880.196004,157,3988.814094
674.455984,123,3990.6828
634.951269,131,3991.008691
859.417457,167,3991.428734
664.705567,123,3992.243185
599.987401,112,3992.539417
508.06432,104,3992.8116
670.131664,128,3993.147145
1134.701052,195,3993.707169
694.293097,142,3994.06674
716.825619,144,3994.432439
465.252957,85,3994.641365
681.710586,132,3995.497055
733.116091,141,3995.879012
489.602449,109,3996.179421
421.052366,99,3996.446336
553.917636,106,3996.735648
471.032244,92,3996.972739
455.332985,87,3997.194368
665.049877,141,3997.578997
945.495882,169,3998.047941
566.622837,108,4000.521635
380.137803,74,4000.718324
426.766733,91,4000.958847
1050.140014,205,4001.497029
835.730862,174,4001.967732
449.363587,105,4002.246977
1086.772647,206,4002.80013
929.979721,194,4003.886513
1232.55305,231,4004.50967
1232.473299,243,4005.159641
856.878669,154,4005.567036
1260.577879,238,4006.257737
926.850499,167,4007.37675
413.843439,80,4007.571573
554.871689,111,4007.847991
645.699457,119,4008.148835
856.870495,167,4010.090714
852.628029,157,4010.478415
1057.124883,207,4010.988029
819.673539,165,4011.922889
1284.663319,248,4012.56065
470.61187,93,4012.785658
474.889832,90,4013.041728
1224.024456,224,4013.650731
654.412069,129,4013.975215
745.394526,143,4014.327484
622.622627,122,4015.194738
1046.946676,204,4015.722197
549.156462,103,4015.986585
751.669245,136,4016.327274
1183.192061,220,4016.894617
1311.993105,240,4019.189023
845.507224,184,4020.196634
1056.303996,190,4020.684369
478.96109,109,4020.956867
395.948024,94,4021.1982
701.906503,132,4021.539006
678.357763,119,4021.855739
801.919338,142,4022.231586
442.273088,88,4023.038728
660.986374,134,4023.376897
653.279946,120,4023.677296
340.499875,68,4023.846403
793.149036,165,4024.26227
549.96907,122,4024.570107
1329.642288,246,4025.256082
712.108105,129,4025.585432
575.868008,120,4026.391469
587.696857,104,4026.655972
969.725898,173,4028.766691
697.368049,134,4029.097187
965.10969,187,4029.560735
617.522451,120,4029.852477
978.074298,182,4030.301299
819.072504,155,4031.229786
648.625752,144,4031.598172
458.975756,105,4031.871776
1272.923762,244,4032.502547
458.07746,96,4032.765445
605.237049,128,4033.133196
636.205355,124,4033.471954
772.958239,155,4034.446736
718.726415,134,4034.790375
628.339636,116,4035.086085
590.112927,121,4035.411685
920.502524,178,4035.866913
1010.516536,223,4037.937807
656.233599,126,4038.251616
483.148214,88,4039.027946
629.269086,114,4039.321317
843.36498,170,4039.761455
664.783284,129,4040.09094
836.346519,162,4040.505158
438.491644,86,4040.727418
1190.343697,245,4041.380284
406.652837,98,4042.268836
1388.006344,260,4042.93528
712.338189,130,4043.259551
750.699412,152,4043.632969
1178.370498,217,4044.162935
760.722714,140,4044.521156
746.428469,136,4045.46338
861.027789,169,4045.923645
1019.76083,202,4047.823043
390.669757,84,4048.036727
798.33246,162,4048.453462
794.045413,158,4048.945582
611.785561,121,4049.250987
900.016348,184,4050.225644
578.28416,112,4050.50628
706.28406,138,4050.859358
538.807658,104,4051.120745
1016.319597,180,4051.576898
717.017799,133,4051.917488
1266.623212,231,4052.534784
1100.990841,212,4053.641788
639.113735,124,4053.966633
1371.607595,257,4054.62418
739.92372,134,4056.403096
569.198309,111,4056.703935
998.422648,204,4057.849895
670.215962,127,4058.18007
1066.348596,199,4058.68348
863.154682,164,4059.101968
794.40937,140,4059.447549
732.080524,145,4059.830436
768.380509,159,4060.245754
507.835016,95,4061.133577
560.126266,115,4061.476526
720.004256,130,4061.83233
708.763235,131,4062.151847
713.457508,128,4062.463822
782.123004,156,4062.860682
680.475252,128,4063.187398
463.868892,90,4063.419221
676.91533,127,4063.760045
697.203506,137,4064.688068
844.752514,174,4066.371336
849.972621,158,4066.762414
576.589848,112,4067.04658
646.025814,133,4067.404274
587.154891,127,4067.747929
829.28654,160,4068.176097
746.255992,141,4069.11942
831.96722,153,4069.510051
623.996941,113,4069.790025
947.205968,194,4070.285246
874.377344,161,4070.694772
805.792287,165,4071.128738
542.716654,110,4071.421031
583.083944,111,4072.269704
634.69712,117,4072.559569
704.525291,150,4072.942232
552.973602,103,4073.203201
726.188176,160,4075.128886
590.816307,132,4075.474561
817.954013,157,4075.888158
825.228835,151,4076.871152
718.73152,130,4077.20365
615.672008,140,4077.558555
834.619857,155,4077.94864
990.635821,188,4078.510902
703.636672,144,4078.879375
870.347158,165,4079.303113
798.198267,160,4080.236808
628.619506,122,4080.549809
672.772941,126,4080.868803
535.302646,113,4081.142956
719.598063,153,4081.581125
735.533642,144,4081.965106
781.503356,159,4082.369608
895.0458,163,4084.769717
852.674037,173,4085.229688
662.583469,132,4085.558042
461.450693,100,4085.813802
547.338848,115,4086.104514
434.330849,100,4086.364495
651.159853,134,4086.725935
532.95036,117,4087.043026
1365.342631,284,4088.352545
713.620772,150,4088.732983
1231.839837,236,4089.333128
804.716885,137,4089.685687
809.27835,149,4090.079953
394.607156,79,4090.288195
709.197885,158,4091.298209
689.193036,133,4091.640233
566.762645,119,4091.940943
785.983947,137,4092.286428
858.43597,166,4094.363339
997.617666,182,4094.830771
733.189513,148,4095.217231
594.471267,130,4096.081498
687.635803,125,4096.450899
781.400011,148,4096.826451
1044.055532,210,4097.35342
1014.679704,184,4097.82554
666.509487,137,4098.174601
734.723442,138,4098.529592
902.723002,181,4099.548918
907.713195,192,4100.069378
1054.373891,183,4100.525289
829.305365,171,4100.981794
933.063078,190,4101.473449
876.707857,166,4104.113225
514.07447,115,4104.406968
479.123683,90,4104.633434
671.272664,137,4104.980305
841.958275,173,4105.432503
922.145072,173,4105.877894
688.018453,125,4106.214137
636.537047,119,4106.526672
947.472801,185,4107.569838
607.384953,113,4107.860304
608.988644,118,4108.16029
477.179761,111,4108.441821
795.95523,149,4108.826125
1377.479279,267,4109.529491
856.43077,155,4110.507998
829.886653,161,4110.918912
1431.66089,265,4112.921104
930.810228,202,4113.440536
747.961633,149,4113.815084
1098.284991,217,4114.364484
496.693527,113,4115.169593
491.480778,104,4115.426766
1163.409487,206,4116.008774
665.906226,144,4116.390699
1299.799368,242,4116.995377
397.611246,93,4117.230515
1670.113442,302,4118.503291
736.373008,145,4118.858569
588.52666,134,4119.261462
983.507613,189,4119.759504
480.918587,93,4119.995409
599.244854,112,4122.071371
1152.331849,226,4123.210203
558.11017,124,4123.527752
409.493412,90,4123.760228
591.37249,116,4124.058026
922.904514,174,4124.517076
718.730597,130,4124.849702
845.346126,157,4125.259537
819.437318,165,4125.702907
422.205064,97,4126.524787
632.10785,126,4126.853242
1127.180267,216,4127.411073
652.093702,123,4127.736554
713.64707,131,4128.077772
926.784239,172,4128.526109
703.7023,138,4128.902834
542.392978,106,4129.716473
971.952861,176,4131.864812
1016.640342,193,4132.386789
661.895576,129,4132.721723
561.760836,103,4132.9737
517.254167,99,4133.210928
601.622417,116,4133.506966
729.069218,136,4133.85324
463.768293,107,4134.663123
791.190512,149,4135.093857
345.608956,70,4135.298183
1012.965117,199,4135.788405
645.685132,147,4136.182157
640.422175,122,4136.481668
747.120084,145,4136.848159
679.026377,152,4137.820648
839.970811,176,4138.279749
714.002737,145,4138.649736
1540.571524,305,4140.983906
805.409778,167,4141.414923
669.930774,131,4141.747596
1081.927367,188,4142.790825
832.364109,163,4143.199756
720.049264,157,4143.599597
900.489781,199,4144.111501
744.315417,145,4144.488043
709.047268,131,4144.835843
997.920904,179,4145.863128
855.242647,172,4146.290601
999.80215,193,4146.769049
589.533711,133,4147.104646
629.564122,127,4147.452416
893.123433,171,4147.931813
512.536951,97,4148.174749
742.185687,140,4150.46725
366.484012,81,4150.713982
889.710492,166,4151.169953
842.650781,159,4151.557463
621.322215,141,4151.932356
521.010584,121,4152.240744
950.268015,177,4152.6837
778.678152,154,4153.596729
450.497803,89,4153.821085
810.121486,151,4154.201088
487.217,97,4154.451506
1024.625863,206,4154.978802
890.436623,161,4155.406025
438.52275,100,4155.677849
870.411004,165,4156.69281
585.669321,132,4157.035455
736.090764,155,4157.430005
497.740487,115,4157.731673
789.551226,153,4159.912908
982.929073,193,4160.427532
1033.070481,201,4160.947592
938.868419,170,4161.940813
614.776911,116,4162.22929
791.598271,147,4162.670804
670.601497,122,4162.981352
919.54927,180,4163.435156
1398.582241,279,4164.129682
1066.239566,212,4165.184908
938.557437,201,4165.731528
808.413447,150,4166.12308
1050.394596,217,4166.694683
1038.331646,215,4167.238513
1020.00427,206,4169.823237
535.582209,122,4170.130048
970.252944,191,4170.618181
425.188198,100,4170.869572
550.949115,103,4171.128449
567.708165,116,4171.430363
858.483641,184,4171.92415
1307.06581,240,4173.117042
689.225708,151,4173.50601
1072.674198,206,4174.030707
649.631459,127,4174.356027
831.588898,147,4174.738758
895.547519,173,4175.202796
519.625118,98,4176.043163
628.152982,121,4176.350324
990.611272,181,4176.80243
475.752422,93,4177.03603
1434.078776,272,4179.59389
850.65785,173,4180.043351
722.935083,160,4180.992291
650.145991,115,4181.276615
502.767256,101,4181.575763
557.914404,116,4181.905396
517.96841,114,4182.205557
637.515983,128,4182.525824
1023.326001,186,4182.976448
483.559513,106,4183.242627
908.468812,169,4184.216903
609.911415,131,4184.552376
807.88658,161,4185.026137
474.091166,94,4185.258764
754.15221,158,4185.653676
904.100941,168,4186.073544
806.122628,162,4188.211428
527.444738,117,4188.51486
677.119648,135,4189.438265
787.455732,151,4189.821762
846.982276,164,4190.243666
875.48994,174,4190.692126
722.780177,147,4191.069834
1100.136667,215,4191.648521
612.344275,121,4192.52953
797.576406,164,4192.947613
701.007494,129,4193.273626
730.266922,144,4193.649198
817.450385,163,4194.075098
922.788111,171,4194.536147
687.430928,134,4194.895855
1144.711065,223,4196.036014
823.868549,157,4197.952876
1064.593044,206,4198.540814
538.487415,108,4198.812532
892.25707,175,4199.2578
863.295655,166,4199.679256
907.966865,173,4200.632499
627.007999,119,4200.925009
640.827839,127,4201.23761
667.12074,135,4201.627254
373.230612,79,4201.841431
909.254857,168,4202.258676
788.877403,146,4202.616058
698.493198,134,4203.465233
827.681883,153,4203.845488
436.41323,102,4204.122446
495.596696,95,4204.352539
851.815237,173,4204.857347
881.667081,180,4205.316054
657.330376,120,4207.39425
374.308094,88,4207.631523
839.391232,162,4208.620157
496.464006,97,4208.862283
392.063524,90,4209.09197
643.187893,145,4209.482298
434.817364,83,4209.703054
725.693343,140,4210.084157
806.682595,150,4210.50978
546.635709,120,4210.871747
942.283039,176,4211.968342
770.698482,144,4212.341015
667.79594,129,4212.672201
556.474789,111,4212.959472
583.276696,108,4213.238914
917.011069,167,4213.675438
592.858916,116,4213.986093
504.260496,97,4214.249148
752.560086,150,4215.175893
614.169248,115,4215.477032
1135.469192,211,4217.686916
536.235104,120,4218.009144
453.135467,87,4218.224476
674.914805,124,4218.541797
704.864868,127,4218.863717
747.070289,150,4219.254642
946.832907,191,4220.444349
888.606079,176,4220.884295
1083.362638,200,4221.371179
662.353461,141,4221.737672
806.419186,168,4222.192236
584.133293,132,4222.557533
583.922328,108,4223.40722
1317.226002,259,4224.071677
1016.772054,219,4224.63657
958.436412,182,4226.670851
704.379671,142,4227.030564
569.190158,131,4227.380829
963.636825,184,4228.420873
503.514434,101,4228.679639
888.53575,153,4229.068999
754.854289,156,4229.468122
779.513337,148,4229.847652
1043.929614,218,4230.432737
802.245702,153,4231.408776
846.501441,157,4231.815201
867.130433,163,4232.233846
619.02274,117,4232.525817
507.483836,104,4232.786407
805.800285,161,4233.243987
902.382534,164,4233.683687
1010.555418,190,4234.690605
798.315857,141,4236.591842
973.246408,175,4237.03711
789.862236,156,4237.429027
595.351466,134,4237.763222
1158.423436,245,4238.382111
1329.289602,249,4239.585468
950.312246,188,4240.128729
978.860334,196,4240.635619
961.398133,196,4241.137264
775.648917,162,4241.55789
670.270739,130,4241.89682
768.507985,159,4242.890392
1333.045188,258,4243.55847
860.205554,169,4245.872516
698.723415,131,4246.22686
659.504,127,4246.566494
1055.476958,223,4247.722504
505.977794,118,4248.028616
825.120886,162,4248.444726
664.01849,128,4248.770233
705.091879,130,4249.10113
817.159322,153,4249.501349
699.49357,142,4249.888338
710.375399,139,4250.266208
611.977516,123,4251.14774
797.802531,162,4251.553006
1005.913793,180,4252.008209
981.329503,174,4252.430778
961.376402,172,4252.880207
553.866908,115,4253.187364
599.629881,109,4255.172931
523.915664,100,4255.955642
1049.243208,191,4256.436708
582.8771,112,4256.769904
607.355145,118,4257.0855
1191.686056,220,4257.636843
740.779237,139,4257.998512
792.445938,152,4258.949699
1116.033191,214,4259.499744
504.177517,98,4259.770038
563.807598,121,4260.080068
598.3717,130,4260.416994
452.885496,103,4260.684855
788.657312,158,4261.113452
932.316529,178,4261.583273
912.194781,171,4262.621773
944.641775,182,4263.09558
576.576097,108,4265.066161
666.484023,123,4265.385455
496.245402,103,4265.647478
810.718684,145,4266.029797
818.89634,151,4266.412003
546.246216,127,4267.415086
403.631549,77,4267.61076
766.257565,150,4268.002452
388.624686,76,4268.193612
1283.04804,240,4268.795597
793.112617,148,4269.18116
1071.577761,220,4269.826103
702.532079,130,4270.796287
601.467744,122,4271.107786
962.803722,184,4271.560955
617.889681,132,4271.893193
882.636435,165,4272.309111
430.93723,102,4272.638474
864.179154,154,4274.524045
767.07507,144,4275.5201
803.865594,157,4275.953394
879.262155,174,4276.446738
867.388734,162,4276.864994
744.491345,134,4277.20191
610.783255,116,4277.498331
771.721272,150,4277.883321
728.372685,135,4278.91587
959.30898,191,4279.42841
574.411408,123,4279.749487
575.389207,106,4280.025417
751.608437,145,4280.401531
817.989208,177,4280.892139
627.009976,136,4281.27919
601.174005,112,4282.249152
590.11357,109,4282.538301
825.782686,156,4284.721076
787.62806,157,4285.133094
691.272439,130,4285.476625
525.571347,123,4285.820689
1243.43224,230,4286.443902
857.751324,168,4287.520072
467.583496,106,4287.801527
407.850944,80,4288.005085
959.024531,193,4288.481068
621.286954,113,4288.758176
677.541035,135,4289.090283
497.909667,93,4289.346319
993.209025,185,4289.920189
731.908288,150,4290.932613
1046.218063,211,4291.465207
841.491182,149,4291.835685
1221.94533,236,4292.447124
725.472557,137,4294.276019
958.380983,194,4295.423362
532.39714,119,4295.735894
1053.079975,220,4296.31128
766.890711,138,4296.667836
712.553853,134,4297.014785
509.585563,105,4297.298733
774.756286,141,4297.681805
762.861278,162,4298.798417
643.716301,141,4299.171383
814.711681,156,4299.572793
606.200666,117,4299.871427
1004.93806,179,4300.320956
579.205575,109,4300.604624
745.268314,143,4300.987854
807.683045,151,4301.396247
796.877948,162,4302.499091
717.007357,136,4304.433271
539.673714,123,4304.752765
622.245372,127,4305.074097
515.950374,97,4305.324116
1087.120359,214,4305.901948
503.445739,114,4306.202367
1091.132549,210,4307.50293
742.327031,136,4307.840817
483.078431,92,4308.066714
554.419638,102,4308.319302
1377.963079,258,4308.962809
825.016073,156,4309.362522
637.115666,124,4309.702383
618.821703,120,4310.761495
1046.658556,193,4311.235708
796.30998,155,4311.628772
683.285782,126,4311.959588
654.634952,137,4313.744519
811.579199,144,4314.115978
806.179835,148,4314.500964
627.747157,120,4315.439185
652.876607,117,4315.735995
374.898571,77,4315.931291
895.135773,172,4316.378376
694.965035,134,4316.718296
840.201462,154,4317.122727
760.678544,156,4317.53421
857.737573,172,4318.652569
1040.306315,214,4319.192732
737.876035,147,4319.570297
910.576006,167,4319.996491
606.808632,108,4320.269143
419.166799,97,4320.523473
575.007417,120,4320.843077
660.166263,125,4321.826672
1026.958717,184,4324.043122
778.664059,158,4324.449037
531.941315,99,4324.696415
1090.787914,214,4325.232632
588.410124,105,4325.489599
808.193245,143,4325.870224
592.810893,110,4326.883794
1100.828094,193,4327.387098
512.6109,101,4327.635259
760.476226,140,4327.986144
615.363264,116,4328.285443
632.899739,124,4328.607411
820.158299,159,4329.001938
987.190533,190,4330.198857
906.033512,172,4330.656204
773.537378,152,4331.046461
691.859621,132,4331.385219
994.947266,192,4333.537951
474.290409,90,4333.766079
614.395225,116,4334.062762
1031.450751,198,4335.256198
745.186796,138,4335.61357
990.680616,183,4336.086241
967.899045,189,4336.584771
949.405795,184,4337.073503
832.015998,160,4337.50878
718.613701,140,4338.573667
838.169231,158,4338.984531
1014.95982,199,4339.498745
447.914866,84,4339.713231
763.091705,141,4340.070111
792.416557,161,4340.503297
897.879319,189,4341.023476
629.160856,117,4343.764539
999.832688,188,4344.236261
760.757202,167,4344.651051
677.569971,130,4344.965413
870.289057,169,4345.384266
469.262625,103,4345.657393
484.286887,88,4345.888238
751.051305,135,4346.228601
452.75185,88,4347.25927
488.310259,109,4347.530974
728.597598,149,4347.904706
1063.139596,206,4348.422041
781.721739,141,4348.765693
684.165395,141,4349.116534
764.246989,141,4349.494411
783.070402,157,4350.563645
1147.634016,242,4351.187823
784.211749,145,4353.120268
914.622537,190,4353.611967
752.359625,141,4353.987494
1031.619603,198,4354.510302
574.945416,107,4355.441557
682.633913,135,4355.786088
702.9422,149,4356.171392
741.70145,150,4356.552113
471.966322,107,4356.827086
810.458545,174,4357.288473
920.014632,193,4357.810356
484.839709,93,4358.703182
908.548808,169,4359.135405
916.708321,186,4359.606073
851.432815,163,4360.021763
522.025148,99,4360.319446
780.256722,145,4360.716182
898.107778,171,4362.684614
656.439678,124,4363.742043
1150.73489,218,4364.310275
678.228954,133,4364.643481
751.428947,147,4365.015427
810.432547,157,4365.402725
1168.623786,206,4365.91966
727.912556,139,4366.811819
963.667353,180,4367.318908
1250.267518,236,4367.909876
878.36192,167,4368.333248
747.971179,139,4368.696079
671.820506,135,4369.037981
745.421254,150,4369.988297
602.711775,114,4370.274334
536.941805,102,4372.365062
703.811139,142,4372.731071
845.6005,152,4373.121614
1228.935292,238,4373.757948
803.496499,160,4374.177994
785.445962,151,4375.165993
641.882916,134,4375.508515
847.033023,157,4375.915069
1167.738403,238,4376.529426
801.047681,148,4376.91675
824.334636,163,4377.348789
517.370023,98,4378.124439
919.159277,176,4378.560061
681.178799,128,4378.871464
858.554008,176,4379.319077
724.394815,138,4379.71127
689.641254,149,4381.649953
642.338967,119,4381.954196
1196.634367,223,4383.243307
765.829039,169,4383.697627
768.964961,142,4384.04791
1337.108709,234,4384.636484
816.109649,157,4385.030622
711.767002,139,4385.395811
899.27355,175,4386.527758
913.565106,166,4386.946555
625.952348,120,4387.258188
1527.410587,283,4387.981377
963.182459,182,4388.474155
846.563292,176,4388.947431
817.473782,166,4391.736965
634.307196,120,4392.055662
520.82773,114,4392.348721
1071.734689,205,4392.885067
809.922996,174,4393.349943
1065.768951,209,4393.937603
1033.668679,199,4395.087869
616.862277,117,4395.372093
639.295946,124,4395.689371
881.725529,171,4396.200539
664.571688,129,4396.512092
607.899042,116,4396.799666
767.834801,160,4397.20071
711.193668,144,4398.075045
997.43179,174,4398.510608
585.3553,131,4398.838418
535.982763,101,4399.126094
907.608248,164,4401.098544
381.750367,78,4401.295158
655.452233,124,4401.621384
658.853427,135,4401.98005
905.06254,187,4403.172888
935.488084,173,4403.620359
911.117753,185,4404.096488
455.954792,101,4404.353976
1177.162408,224,4404.934195
593.319254,112,4405.231491
812.928253,150,4406.285022
536.745529,103,4406.549205
769.01608,158,4406.951716
581.221925,120,4407.272687
441.255771,103,4407.542667
749.040028,144,4407.905279
923.295507,186,4408.407082
899.522622,185,4411.109761
1017.041617,184,4411.58555
1118.525033,197,4412.08751
1224.377104,221,4412.669732
686.851846,128,4413.004275
874.33175,174,4413.458626
760.110603,158,4414.500736
760.597777,151,4414.883974
539.731827,101,4415.139977
990.496224,201,4415.628647
624.378739,140,4416.042322
909.425236,180,4416.508817
608.910976,115,4416.803718
625.488923,132,4417.774369
915.216619,165,4418.17724
950.646479,173,4418.616713
599.216968,128,4420.34754
664.290383,127,4420.661661
552.92123,106,4420.919379
812.933091,161,4421.328577
927.289081,175,4422.436711
807.104664,151,4422.820943
989.759762,186,4423.303984
772.054399,160,4423.717095
744.335084,137,4424.078337
527.875244,110,4424.377381
594.703271,119,4424.696748
743.917852,165,4425.734469
562.622867,122,4426.057675
710.102584,157,4426.464589
747.821626,147,4426.846806
914.757447,181,4427.320257
781.389898,145,4427.718805
791.534848,161,4429.910608
676.267098,130,4430.911661
829.009933,160,4431.322862
752.707871,133,4431.655579
1076.689816,205,4432.173576
752.716268,140,4432.515711
972.632254,188,4433.08433
985.353527,184,4434.161088
761.826587,156,4434.55973
712.421853,148,4434.940801
499.90089,106,4435.213633
409.470168,81,4435.419853
1047.117026,200,4435.937372
648.991469,137,4436.360032
494.667196,110,4437.217546
773.039242,143,4437.569124
536.002775,101,4437.817576
843.625591,159,4439.693846
1358.041936,266,4440.412289
823.49258,158,4440.814008
515.276392,96,4441.054933
703.387992,136,4442.078812
863.062835,174,4442.529715
678.58915,155,4442.936366
977.896832,185,4443.412276
886.071497,155,4443.814199
770.411746,154,4444.247579
704.458678,133,4444.614818
1168.818604,228,4445.875371
990.820785,189,4446.365575
895.500786,165,4446.78344
608.563501,113,4447.075458
849.978041,157,4449.158087
1023.059011,202,4450.277196
709.192142,129,4450.593851
795.364069,144,4450.959588
736.374002,134,4451.304076
922.42055,187,4451.777234
777.594266,145,4452.159401
849.80325,181,4452.646676
748.860516,141,4453.663244
283.866975,60,4453.826353
785.975153,155,4454.206441
583.703869,111,4454.477397
915.885454,170,4454.910673
567.344195,107,4455.175133
775.678671,148,4455.543525
730.755179,162,4455.983131
604.581795,115,4456.85438
1016.038646,209,4458.87074
914.669211,169,4459.307798
680.089634,143,4459.68284
442.709448,86,4459.909415
877.900151,180,4460.389726
707.433927,142,4460.76728
1016.507257,188,4461.805198
878.800794,161,4462.206793
485.413561,91,4462.435923
971.993425,188,4462.9139
918.547971,169,4463.342481
737.468915,138,4463.708626
746.516961,141,4464.676013
897.465812,172,4465.111467
616.221069,121,4465.428449
1034.791139,197,4465.929276
490.306702,95,4466.16776
787.379392,161,4468.24178
744.496832,135,4468.597098
655.126826,129,4469.599472
607.9789,119,4469.889766
605.521148,127,4470.202661
926.619806,170,4470.647454
766.656746,148,4471.06321
743.446197,154,4471.454324
991.076481,184,4471.914379
914.59065,172,4472.847269
1039.730417,199,4473.365289
883.967569,168,4473.775484
816.928227,153,4474.199083
559.477312,104,4474.488532
754.592167,135,4474.829257
1152.235856,216,4476.023314
1441.438531,291,4478.233247
1257.191727,233,4478.835249
672.762044,124,4479.153724
1021.857869,194,4479.662482
843.10142,157,4480.07325
635.04724,120,4480.972282
722.55087,162,4481.385348
1058.698801,204,4481.901426
543.560871,107,4482.176813
589.241745,126,4482.501944
591.455138,110,4482.791926
561.116071,104,4483.07026
842.879177,156,4484.047529
703.572443,138,4484.397821
574.98725,114,4484.687796
757.611901,163,4485.10293
697.414776,143,4487.062863
1247.989063,224,4487.696165
622.964891,114,4487.985198
826.132557,159,4488.870438
1254.956453,242,4489.466883
712.974658,135,4489.79757
512.369529,107,4490.062054
936.850649,173,4490.526682
648.623243,121,4490.884478
653.702595,131,4491.219121
638.093123,118,4492.015661
1099.104225,195,4492.501133
639.874602,120,4492.800788
1004.309007,208,4493.313185
738.957523,147,4493.67498
1098.445067,189,4494.240992
797.76544,149,4496.907049
841.292821,150,4497.289653
472.330445,89,4497.516868
536.070461,119,4497.821007
821.815613,150,4498.213839
707.017558,151,4498.616824
1291.765164,251,4499.297433
615.917498,121,4500.302611
765.6963,142,4500.674959
944.025223,181,4501.140702
1022.372736,187,4501.619862
542.930124,110,4501.908911
711.815329,130,4502.261672
586.658375,116,4502.573211
881.326603,164,4503.689157
1117.276204,201,4504.225447
678.773455,138,4504.581095
918.489836,175,4506.593133
1009.394978,186,4507.153183
528.393757,102,4507.411689
1078.423895,201,4508.564958
583.175239,111,4508.850272
1190.37562,235,4509.442394
1205.012029,222,4510.013851
1029.488855,195,4510.554271
545.420962,98,4510.802111
1085.95306,205,4511.996636
556.703505,123,4512.30722
794.309955,150,4512.695715
846.137058,165,4513.114885
851.767053,174,4513.567751
828.202018,165,4514.018884
1029.88373,206,4516.999094
577.294684,123,4517.3215
523.976815,121,4517.635937
516.316051,100,4517.892026
585.146916,133,4518.240494
772.64593,133,4518.592564
1233.791192,226,4519.190765
663.937052,119,4519.517873
980.72798,186,4520.677598
913.863518,179,4521.145467
528.153532,97,4521.390849
1404.833487,256,4522.06434
498.307696,102,4522.327977
1008.101843,179,4522.80428
956.628331,190,4524.080079
816.051999,151,4524.452735
652.351501,128,4526.321507
569.650344,105,4526.64599
749.903809,153,4527.06565
929.338892,199,4527.555321
792.724268,158,4528.594646
765.567283,145,4528.954134
387.528456,90,4529.178662
790.549435,149,4529.553777
874.421107,178,4530.073446
486.651434,94,4530.314545
546.674951,102,4530.575499
945.203025,200,4531.088847
1194.795486,223,4532.324596
955.657727,198,4532.831782
500.515953,97,4533.078825
683.977172,152,4533.472438
617.12542,132,4533.833274
971.407147,212,4535.999464
706.037019,132,4536.962014
776.13002,139,4537.313066
469.987892,94,4537.552187
530.417111,101,4537.808863
923.586763,168,4538.250867
591.422523,118,4538.550795
698.205156,130,4538.891817
617.575168,126,4539.232608
547.474465,101,4540.141726
420.844645,80,4540.34175
1688.036562,293,4541.073622
745.703888,149,4541.44612
630.117024,134,4541.777652
738.620474,134,4542.125889
775.264528,164,4542.57117
645.028143,123,4543.612468
1250.335428,231,4545.553959
1320.308871,253,4546.225621
947.599045,172,4546.719591
1058.126963,195,4547.276946
501.477139,108,4548.214299
608.060286,113,4548.514117
738.928677,153,4548.915774
612.136271,139,4549.29232
703.30908,132,4549.640301
667.074243,127,4549.981352
730.014703,144,4550.381809
559.985184,111,4550.69368
775.254698,145,4551.7536
854.201644,153,4552.162046
556.652654,103,4552.423161
684.341421,136,4552.772295
870.59329,157,4553.195317
698.28091,131,4555.068191
944.497724,172,4555.525775
1052.263377,194,4556.70813
475.135007,89,4556.947099
789.682725,151,4557.346116
715.164308,136,4557.703207
886.429176,177,4558.180873
741.467006,131,4558.528377
611.86822,122,4558.851663
729.730196,137,4560.029257
887.632209,180,4560.492663
678.023392,121,4560.804789
531.128786,112,4561.08983
844.969048,156,4561.487518
814.430039,154,4561.890773
873.218576,156,4562.305546
1458.552686,288,4565.430967
529.471482,104,4565.717623
885.753043,177,4566.267755
838.408236,154,4566.654877
719.265744,130,4566.989301
729.568219,141,4567.34543
1037.72478,183,4568.451483
1106.473708,197,4568.96294
749.248605,155,4569.358936
1301.844319,244,4569.991685
914.319002,170,4570.437505
655.382218,131,4570.793936
882.741266,165,4571.914319
697.713633,151,4572.305673
697.838384,140,4572.661691
648.279836,130,4573.004488
781.901378,160,4575.127585
730.919779,135,4575.461132
679.302329,129,4575.767871
957.783414,172,4576.82976
642.84917,124,4577.132586
536.173758,102,4577.392316
726.454799,143,4577.775688
777.029445,145,4578.192533
262.072512,54,4578.33245
722.456849,141,4578.685569
1130.40765,220,4579.253465
1012.312554,217,4580.431173
735.527739,152,4580.832531
700.718179,136,4581.226149
558.821647,112,4581.528049
498.096062,102,4581.782415
543.899575,123,4582.092685
692.31895,128,4582.405798
671.5826,134,4584.971663
983.630212,191,4585.458584
1010.72978,194,4585.956543
793.419029,141,4586.323449
685.215892,139,4586.68778
554.158593,127,4587.035646
825.995401,163,4587.474216
787.239448,147,4588.515588
1005.695851,190,4588.993441
994.807413,188,4589.474186
531.874919,104,4589.740598
1001.160747,193,4590.243061
723.489442,127,4590.58935
413.69156,96,4590.850945
637.448184,119,4591.825369
736.168237,143,4592.198822
559.342333,118,4592.495743
967.776963,186,4594.469535
873.359135,166,4594.887483
724.087038,155,4595.289905
813.616317,147,4595.673751
587.827079,132,4596.750458
914.986944,182,4597.222054
686.877999,141,4597.570092
1491.776669,294,4598.309598
616.761722,124,4598.639649
869.394683,168,4599.748925
583.867587,115,4600.047324
771.575035,150,4600.432852
1039.390919,188,4600.916961
553.034715,112,4601.203742
747.297419,149,4601.604503
576.251083,128,4601.954141
984.43413,183,4604.697278
760.232283,158,4605.100789
892.339887,177,4605.556221
763.290935,139,4605.905019
632.196183,140,4606.259423
615.138448,117,4606.561647
693.007626,149,4606.960916
752.799611,145,4607.912883
777.267916,160,4608.325117
680.514343,129,4608.679193
716.475968,154,4609.13501
481.163611,92,4609.366436
771.113478,166,4609.791045
866.747531,158,4610.18101
868.090323,164,4611.129215
571.581612,108,4611.40202
729.779721,168,4611.835871
1050.174345,195,4614.101969
665.603506,133,4614.449965
448.026979,100,4614.722718
852.650385,164,4615.141595
596.519942,117,4615.49472
926.227218,182,4616.53912
967.162902,178,4616.993863
567.566625,104,4617.255851
884.861704,167,4617.69114
494.003631,114,4618.00338
525.251747,104,4618.291138
882.532486,171,4618.761099
729.800864,144,4619.696467
717.973672,145,4620.068386
978.070428,182,4620.528908
1007.399858,197,4621.054922
513.452246,96,4621.313099
632.489442,141,4623.448531
739.658818,148,4623.825748
766.055401,157,4624.794844
702.953286,138,4625.150138
706.753404,126,4625.467172
1071.403243,216,4626.03002
816.898523,156,4626.422068
590.955515,131,4626.79855
1108.517368,232,4627.95774
693.678706,130,4628.279396
749.728671,150,4628.647928
1276.488997,235,4629.234528
735.869906,145,4629.610019
750.267623,133,4629.9907
543.249933,102,4630.304839
949.544275,185,4633.210258
865.837158,159,4633.630464
720.990924,149,4634.034349
437.279746,85,4634.265571
455.781721,88,4634.495816
747.899672,139,4634.868858
1109.644419,225,4635.473749
1004.064173,188,4636.52936
677.454033,124,4636.848939
569.735601,111,4637.138467
661.716603,134,4637.517554
845.678645,156,4637.99045
681.880259,134,4638.388951
645.215965,114,4638.742972
706.815269,138,4639.7008
950.456429,179,4640.176634
548.413476,103,4640.451661
560.936215,119,4640.773822
681.595251,136,4641.133698
1158.908074,238,4643.525435
737.650068,155,4643.926032
872.212862,168,4644.925584
560.711345,107,4645.252917
1066.15684,193,4645.780375
971.694456,194,4646.279386
784.064901,144,4646.653015
857.00463,161,4647.089996
731.937307,141,4648.02378
732.822223,146,4648.41597
1128.83589,212,4649.044948
1163.136903,229,4649.638599
912.059747,182,4650.121832
453.23749,89,4650.351048
1076.468324,208,4652.853548
359.504375,74,4653.058703
742.799343,145,4653.446857
880.94544,175,4653.917681
1077.50491,206,4654.479765
678.072503,145,4654.889783
580.267475,122,4655.226
700.866119,141,4656.265274
1014.59164,220,4656.853946
629.722188,125,4657.178237
733.729912,144,4657.557813
1407.749895,289,4658.36576
758.447761,149,4658.784861
695.914033,120,4659.772289
599.465562,111,4660.053773
507.562904,117,4660.351117
987.611279,201,4662.535085
719.771888,141,4662.922196
1019.934943,204,4663.475005
655.743853,131,4663.827035
839.174943,177,4664.936309
922.361971,179,4665.449867
543.912856,110,4665.781992
516.529,103,4666.054095
556.917792,111,4666.345822
864.506325,162,4666.76732
953.706052,201,4667.837265
673.582433,148,4668.237801
532.119417,112,4668.542099
794.593178,164,4668.978857
894.304957,166,4669.45702
958.833188,183,4669.978105
1421.500489,262,4673.238244
470.303808,94,4673.486413
647.693015,145,4673.871247
815.009349,154,4674.298035
842.730664,176,4674.774084
1027.849163,199,4675.323468
785.592889,143,4675.718331
605.061481,116,4676.758958
956.014623,182,4677.252266
979.822529,179,4677.719429
740.435235,149,4678.109251
632.977703,119,4678.471804
1036.104567,212,4679.071796
956.205933,189,4680.09812
612.934785,118,4680.414142
533.707507,102,4680.672346
938.735468,187,4682.997144
499.48317,100,4683.293161
603.584866,117,4683.613202
619.950036,136,4683.991288
1173.219529,205,4684.560903
894.288213,174,4685.762279
606.747048,125,4686.094138
867.924296,160,4686.509693
557.530354,118,4686.821033
633.482858,144,4687.203549
868.378533,160,4687.640863
789.014365,172,4688.827267
741.71079,142,4689.191647
751.326511,136,4689.549238
864.912759,164,4689.977674
1058.454389,198,4690.51961
712.93204,150,4690.93262
539.864632,112,4693.01886
577.14444,113,4693.322486
893.95381,181,4694.370954
944.220276,175,4694.833791
1014.488488,192,4695.338804
856.652977,172,4695.780031
739.974763,148,4696.178125
953.473637,199,4697.2865
549.872549,102,4697.553606
858.716824,170,4698.080844
497.044647,94,4698.3225
635.191685,123,4698.650756
636.325992,121,4698.963835
585.912173,116,4699.257255
603.535138,116,4699.564738
491.637987,114,4699.875379
960.556193,188,4700.918576
1014.664795,186,4702.848817
1027.863799,207,4703.375278
477.943775,92,4703.628126
523.163239,120,4703.965977
452.923927,87,4704.201331
637.799687,121,4704.545248
806.832445,173,4705.628143
961.261347,183,4706.112551
420.411719,96,4706.370132
687.640417,125,4706.704242
806.474828,168,4707.149735
792.856003,151,4707.564175
797.165041,151,4707.974935
823.925654,151,4708.970227
711.304217,138,4709.343006
767.577554,146,4709.729533
804.116082,157,4710.142667
554.913037,114,4710.449615
773.580057,154,4712.666095
547.942482,110,4712.957722
