#{"t_start": 1787570596.9999495, "env_id": "Humanoid-v5"}
r,l,t
73.936266,17,2.647449
87.072488,19,2.681427
83.717358,19,2.715171
87.507727,20,2.749768
75.29054,17,2.793835
96.211648,21,2.86897
80.390193,18,2.907332
70.918924,16,2.941534
81.185242,18,2.975593
119.566403,27,3.027043
81.018993,18,3.060241
70.68146,16,3.090277
72.848393,17,3.121159
81.150892,18,3.153398
101.616792,23,3.193597
75.559139,17,3.224956
70.880168,16,3.253153
87.897037,19,3.287146
168.061487,37,3.353978
80.709651,18,3.38522
79.237004,18,3.416589
74.389104,17,3.446266
86.918545,19,3.480228
75.815259,17,3.510303
101.694692,23,3.550571
70.566292,16,3.579443
91.945019,22,3.620945
92.442793,20,3.656596
85.838867,19,3.689791
95.342565,21,3.727097
136.494455,30,3.782066
100.691553,24,3.825306
146.487965,35,3.887762
115.541419,25,3.932053
76.494026,17,3.961695
76.837485,18,3.994101
75.94733,17,4.02588
103.91124,23,4.067473
74.643282,17,4.097326
126.284459,29,4.147631
77.994536,18,4.17817
170.746884,36,4.241824
125.163928,28,4.291308
76.376248,17,4.320442
186.6367,42,4.396746
75.494123,17,4.427217
83.476361,19,4.462492
129.358758,28,4.513729
110.219123,24,5.594435
80.001511,18,5.625749
238.009888,51,5.723572
142.878004,30,5.781113
105.667157,23,5.82526
117.408574,25,5.874931
81.327431,18,5.915083
75.034119,17,5.951116
76.070652,17,5.983785
122.810042,26,6.034923
70.473371,16,6.064667
122.710934,27,6.114521
79.477758,18,6.148044
80.899409,18,6.181954
172.063687,40,6.258165
90.762899,20,6.293741
148.850797,31,6.351526
182.47687,40,6.422316
76.305167,17,6.45027
146.412735,31,6.505886
96.646476,22,6.544599
102.513012,22,6.583366
67.020059,16,6.61191
71.411493,16,6.641458
86.794706,19,6.674803
70.792381,16,6.703482
122.36411,26,6.74935
80.131337,18,6.7818
137.524237,33,6.843285
91.828266,21,6.880542
77.852582,18,6.914512
84.758854,19,6.94777
76.432839,17,6.977301
112.63069,28,7.026587
70.960803,16,7.054535
76.267101,17,7.083935
184.469727,42,7.158391
76.607351,17,7.18731
79.855075,19,7.219801
93.206654,21,7.256319
115.152485,29,7.309336
167.886164,39,7.381189
166.446177,39,8.015618
87.76626,19,8.048472
111.193142,27,8.099343
153.202101,40,8.172664
94.323749,21,8.209957
79.058333,18,8.241307
96.706415,21,8.279113
84.851858,19,8.312575
68.917855,16,8.341583
92.698187,20,8.376718
126.380908,28,8.426858
76.382428,17,8.456215
86.502329,19,8.489882
87.757948,19,8.522401
81.555792,19,8.55451
75.692865,17,8.583369
115.839568,26,8.630058
101.472589,22,8.667758
154.038811,34,8.729557
154.12077,36,8.793776
86.021734,19,9.193746
85.768594,19,9.226949
135.808097,29,9.278262
161.708716,38,9.345666
79.474507,18,9.378028
116.373979,25,9.422931
111.867123,25,9.468375
95.275227,21,9.506179
152.923876,33,9.567755
106.850641,27,9.618678
75.790497,17,9.650559
90.877402,20,9.685943
133.760032,30,9.74284
169.022452,36,9.809651
101.477729,22,9.850401
76.072073,17,9.881301
110.653538,24,9.938858
78.632813,18,9.980124
89.896844,20,10.017895
79.244641,18,10.051023
79.882346,18,10.084805
95.742861,21,10.12457
85.662849,19,10.159608
74.783336,17,10.191325
151.650742,33,10.736914
179.31604,36,10.820941
76.275562,17,10.865001
132.718071,31,10.9247
76.463312,17,10.957037
76.49224,17,10.999678
182.696825,43,11.086425
81.357297,18,11.121725
113.138721,25,11.170953
85.804314,19,11.209749
137.157529,30,11.268322
79.78286,18,11.302998
162.02784,36,11.372741
159.107993,39,11.445674
79.022475,18,11.481571
135.257981,28,11.535844
139.226115,32,11.59858
92.280402,21,11.639673
87.993422,21,11.682878
144.124043,30,11.739031
124.880416,27,11.791911
131.161916,28,11.846494
84.981041,19,11.883643
88.807756,21,11.928273
70.845833,16,11.963048
193.109673,45,12.054484
128.412265,29,12.116595
98.526113,22,12.163277
134.88737,29,12.233094
121.313045,28,12.297385
144.717925,33,12.364635
109.244471,24,12.419236
134.960964,30,12.481871
75.724842,17,12.517456
76.310462,17,12.551941
156.249691,33,12.624724
76.236153,17,12.659845
128.670145,30,12.72053
100.131344,22,12.770376
185.897525,38,13.53429
114.577782,25,13.587247
161.452101,34,13.660799
100.348961,22,13.71039
111.857609,25,13.763736
108.551248,24,13.816679
128.49965,31,13.883921
111.565298,25,13.938586
89.355337,20,13.980486
86.243926,19,14.019665
100.686575,22,14.066221
134.434723,30,14.123783
76.228153,17,14.159905
124.639975,27,14.215168
140.357299,33,14.285212
107.014414,26,14.340182
129.241006,29,14.398332
170.015022,39,14.473279
84.750308,19,14.510243
80.58884,18,14.544767
110.967908,25,14.594615
93.329571,21,14.645285
109.980389,24,14.706495
160.395714,38,14.801435
86.963593,19,14.847572
106.574666,23,14.903777
120.644638,30,14.991327
114.988992,25,15.053735
92.224183,21,15.113494
90.404334,20,15.170932
163.012401,36,15.271974
79.891481,18,15.317471
93.91784,21,15.366548
148.308761,31,15.436353
186.28359,39,15.532012
130.274788,29,16.301613
117.130739,27,16.368916
76.172295,17,16.407631
155.592638,36,16.490529
191.607603,40,17.328331
116.784421,26,17.397475
95.001891,21,17.457455
102.821062,22,17.520434
173.492069,38,17.634926
91.43366,20,17.69858
86.314271,19,17.743172
200.71588,44,17.845956
84.408427,19,17.886167
222.055814,45,17.998984
158.278617,33,18.108523
148.929493,31,18.216877
149.271635,31,18.301072
228.287161,46,18.441312
86.831284,19,18.498083
111.655154,25,18.567896
86.486008,19,18.622626
93.138028,20,18.681102
128.766167,27,18.75771
110.144316,24,18.825692
81.319317,18,18.861695
76.401976,17,18.903769
213.968513,49,19.030885
75.968774,17,19.069308
148.002472,31,19.14084
144.679419,33,19.218547
194.428301,40,19.30848
166.822944,37,19.388335
84.270876,19,19.428113
86.166209,20,19.472472
189.839791,41,19.572616
157.729032,34,19.653954
75.851882,17,19.696737
120.899787,27,19.761423
92.209859,20,19.805553
182.114102,40,19.895603
127.379934,28,20.502914
146.754514,31,20.56889
89.581228,20,20.617975
100.687981,22,20.669417
71.862289,16,20.711112
76.147731,17,20.750663
198.656455,42,20.845648
90.494579,21,20.892646
121.045935,26,20.952248
149.206634,33,21.023707
155.099343,35,21.101667
137.234223,30,21.169897
113.795753,24,21.221153
158.57593,34,21.297055
157.184561,35,21.374539
100.911563,22,21.418374
200.706303,45,21.51943
136.545932,29,21.594794
216.409383,49,21.724537
195.633315,44,21.843472
180.985744,40,21.965757
92.456247,20,22.022096
91.153462,20,22.074125
105.904263,23,22.128444
133.696491,30,22.19415
230.349712,49,22.307724
116.166896,26,22.365628
163.599718,36,22.445972
90.996727,20,22.488706
149.116062,32,22.560234
100.042079,22,22.610876
124.733364,28,22.671898
177.753397,39,22.758072
218.853428,44,22.853193
166.278598,38,23.500898
135.13134,31,23.567229
201.12724,43,23.66411
138.61686,32,23.737213
146.259541,31,23.806631
81.533721,19,23.848108
255.698962,55,23.976665
152.777562,32,24.04838
197.985399,40,24.136052
125.713006,27,24.194632
90.928626,20,25.23241
258.16252,53,25.351021
192.011942,43,25.447335
120.597949,29,25.512342
141.114861,33,25.589465
290.629686,61,25.727473
138.331928,30,25.795477
159.273606,36,25.875221
161.682879,35,25.957107
216.895132,49,26.064871
223.258876,48,26.169521
140.274991,32,26.242581
188.69504,41,26.336361
198.553212,41,26.437961
103.497279,22,26.494532
87.886992,20,26.546087
215.164561,48,26.65575
168.966355,36,26.741819
232.642615,57,27.458549
146.71833,32,27.531408
254.927227,55,27.658371
165.634128,36,27.756958
216.973187,45,27.862517
118.509489,26,27.922419
281.166662,54,28.056689
329.707898,68,28.222113
80.986505,18,28.269183
177.014325,40,28.389898
178.57693,40,28.505153
212.305908,46,28.625437
148.489142,33,28.724526
162.562414,34,28.820476
149.458119,32,28.90522
110.628597,25,28.969012
112.699752,26,29.033864
111.414326,24,29.093955
180.263825,38,29.196192
157.777132,35,29.276333
198.417079,44,29.384725
142.778755,31,29.464026
183.231616,39,29.570535
110.789222,24,29.643757
147.038606,31,29.717829
180.885216,38,29.798771
133.567477,29,29.865907
95.640443,21,29.914976
149.519953,35,30.729442
106.459045,23,30.786143
107.05798,24,30.850422
284.424716,61,31.002325
254.05672,58,31.145671
89.503186,20,31.200224
198.726765,44,31.316855
110.540709,24,31.373811
106.120893,23,31.428911
138.25196,30,31.508604
143.644511,32,31.591784
258.828124,56,31.745245
168.774433,35,31.836771
230.648651,54,32.006304
337.816128,74,32.202573
146.273079,32,32.276618
388.569695,80,32.461533
130.067041,30,32.531065
133.476819,33,32.606045
166.213721,40,33.719654
245.254065,50,33.834741
214.15058,48,33.991078
180.034395,39,34.103671
265.503738,57,34.250992
84.023559,19,34.302541
82.642836,19,34.346398
222.861845,44,35.240456
183.067374,40,35.336468
112.768152,24,35.389692
236.525561,51,35.510555
126.072038,27,35.573246
97.733839,21,35.620474
281.412986,57,35.757354
366.37272,79,35.942649
173.446141,39,36.035074
234.740732,48,36.1503
301.108024,64,36.319736
288.307665,56,36.482603
256.000041,53,36.612539
221.358605,48,36.752372
263.639354,57,36.923419
115.316357,25,36.992801
263.709152,59,37.169086
247.75503,57,37.333186
222.26669,51,37.47449
179.878365,38,37.597939
112.706221,24,37.678165
218.68498,52,37.863273
220.903307,46,38.792374
160.204196,36,38.903401
252.978504,50,39.060929
348.965706,69,39.263097
118.677456,29,39.34185
182.470378,41,39.440767
295.665988,63,39.589295
151.326848,32,39.662623
196.148344,43,39.757832
296.480851,58,39.924012
113.606898,25,39.994998
380.443741,76,40.202978
164.268821,36,40.2977
160.945409,34,40.386493
214.816171,48,40.505224
146.308256,31,40.580012
173.241678,38,40.69042
274.724775,58,40.831191
188.421781,42,40.927733
218.913815,47,41.036938
214.43948,47,41.149597
185.608242,43,41.257725
359.434232,75,42.089079
191.104123,42,42.227942
283.766882,56,42.390903
229.983328,48,42.52776
240.566892,51,43.277197
189.248289,42,43.370639
261.405822,52,43.492097
264.583403,57,43.627458
259.222545,58,43.758391
274.457099,61,43.907488
356.989116,70,44.077167
163.902365,35,44.165549
386.580183,82,44.359611
253.284239,50,44.478403
288.521911,60,44.628519
259.916585,60,44.7796
115.87507,28,44.85005
193.210688,44,44.958824
193.887009,43,45.070718
435.832085,94,45.878129
340.700921,73,46.0854
320.97377,65,46.265536
357.3513,71,46.429347
174.47399,35,46.51053
276.140282,59,46.647282
288.351351,58,46.790917
269.850394,54,46.920697
182.179306,42,47.01267
247.878052,56,47.1401
346.059941,66,47.29419
386.84157,76,47.467039
267.834914,61,47.615622
239.937194,49,47.731946
160.453016,33,47.810797
414.920311,86,48.007356
294.066814,62,48.15898
144.098551,33,48.243417
221.502155,48,49.084442
216.831513,53,49.235491
384.321264,75,49.417916
299.685032,68,49.597138
167.809831,40,49.702096
296.262076,62,49.859532
262.489759,55,49.999217
351.866096,81,50.190362
275.658783,62,50.336402
309.932256,62,50.487233
217.37591,47,50.592843
386.784048,76,51.354783
203.85506,43,51.464569
105.166807,23,51.520133
247.142177,51,51.636893
398.56501,82,51.895535
262.059579,54,52.047843
324.774864,66,52.897655
370.723813,83,53.103892
256.974152,53,53.23424
176.650071,36,53.321488
396.498094,84,53.525688
328.835185,72,53.703375
240.476679,47,53.815774
367.465255,76,53.999388
402.821148,78,54.184294
309.451387,70,54.348537
403.180915,77,54.534364
256.401922,57,54.672503
451.425191,93,54.911199
221.256266,49,55.039447
529.895252,114,55.33162
249.604942,51,56.146264
367.786684,74,56.322586
274.506658,66,56.478753
483.498955,95,56.708089
324.665146,72,56.879462
351.71429,73,57.050656
327.373797,65,57.211957
260.170828,54,57.344403
119.61285,25,57.407018
248.559988,56,57.535719
342.077036,68,57.6977
256.485489,57,57.83842
423.036961,88,58.070222
274.34762,54,58.209501
159.846384,35,58.293465
393.296231,82,58.505857
311.502222,68,59.38074
331.916665,67,60.081538
253.749628,50,60.20267
318.640132,69,60.36661
322.095308,62,60.515704
337.986065,70,60.688301
305.033019,63,60.837355
249.359701,54,60.966664
317.206573,64,61.123446
226.101833,46,61.243651
155.410417,33,61.327345
390.527645,77,61.527868
292.390328,59,61.677267
260.515917,54,61.8178
237.510247,49,61.948873
338.086238,71,62.13644
315.164926,62,62.296624
260.764854,54,63.099447
348.29283,68,63.280308
278.165934,56,63.415653
470.63709,101,63.654231
412.93486,90,63.86705
288.607647,58,64.006654
270.302671,53,64.136266
300.010326,57,64.272145
326.208468,69,64.437425
324.222219,68,64.597672
265.678868,54,64.721976
360.916442,73,64.896584
297.824122,58,65.040826
321.249422,69,65.219078
336.239277,66,65.396774
268.97047,53,65.531094
303.474313,65,66.38965
179.78916,38,66.492889
394.628786,85,66.698402
273.830167,55,66.831543
423.272876,94,67.060421
300.712412,63,67.20803
381.656915,76,67.394674
406.496472,88,68.196531
295.116861,60,68.342145
200.781163,43,68.450333
426.423178,82,68.665407
371.212814,83,68.886369
271.125601,57,69.036681
282.425666,54,69.209476
325.014352,64,69.394627
401.479672,89,70.233226
304.60509,58,70.377834
329.731423,64,70.537223
411.757996,87,70.753191
465.418549,104,71.007701
400.204512,84,71.2113
515.346377,105,71.466405
208.554661,46,71.577224
266.56633,56,71.714297
248.693361,53,71.841074
524.509802,103,72.110977
346.945437,69,72.28379
241.04847,52,72.417753
394.76751,78,72.622841
399.744963,77,73.358669
312.856998,66,73.547217
358.015332,74,73.773967
275.784152,59,73.918504
333.021432,68,74.091621
314.579739,62,74.245666
291.841321,62,74.394731
262.256927,55,74.534015
292.464368,59,74.677484
257.849483,56,74.813543
319.15171,65,74.972305
372.101032,71,75.140101
289.839999,58,75.286586
411.090726,84,75.501426
354.802176,75,75.71189
294.128665,59,77.37076
348.70583,70,77.543629
392.775112,81,77.742536
297.042386,61,77.897142
387.955712,84,78.09841
361.672749,73,78.279032
382.946086,76,78.46597
363.889209,75,78.6553
410.216696,80,78.869431
279.01095,60,79.017941
467.902843,94,79.261514
398.04563,77,79.458334
539.862377,110,79.752308
379.789536,74,80.592218
310.203835,64,80.776816
390.891886,92,81.048334
386.110437,76,81.235196
318.740813,64,81.396441
354.066289,70,81.573056
345.453808,66,81.743905
381.049082,75,81.928895
323.59968,63,82.083482
325.064489,65,82.25158
246.702398,49,82.378376
319.122487,63,82.532713
374.84688,74,82.718834
469.053868,90,82.953954
286.305134,56,83.10024
390.89817,81,84.018084
487.890003,96,84.294566
336.286066,64,84.462701
324.037657,65,84.628577
275.855446,54,84.760681
381.836524,77,84.95494
343.731184,68,85.9911
299.238853,62,86.144923
270.021597,53,86.281161
476.246106,96,86.550445
573.4229,110,86.832923
607.425599,126,87.168997
324.641885,71,87.364589
563.057268,107,88.452045
465.678512,96,88.705616
296.744669,64,88.867659
400.075038,83,89.076122
311.206456,62,89.232621
384.515372,74,89.417613
262.839772,53,89.564813
298.673731,71,89.753677
369.728047,76,89.939082
381.563807,87,90.164984
387.406717,76,90.355994
399.490584,98,90.613079
370.106576,78,90.810798
473.811015,96,91.898652
257.925687,52,92.03754
413.224792,83,92.263526
401.648284,78,92.469551
504.950239,117,92.777259
298.053235,66,92.948606
649.688289,147,93.333974
364.03768,75,93.518001
342.552639,73,93.709574
250.778489,50,93.842479
359.111029,73,94.039588
290.436531,64,95.04594
303.491233,60,95.219469
271.449523,63,95.943649
359.092179,70,96.130026
372.606431,80,96.337988
391.678869,79,96.539833
259.112033,54,96.682989
469.395983,101,96.955302
354.921538,69,97.135473
360.325256,73,97.331556
256.738665,57,97.47189
404.20034,88,97.696347
424.954145,81,97.915979
302.728497,71,98.107385
494.138314,98,98.372887
316.741822,64,98.542813
360.146385,71,99.466563
224.477897,46,99.587527
368.981647,72,99.765046
331.549047,66,99.932192
545.424779,104,100.201577
414.254301,82,100.414068
191.691555,41,100.517421
258.086918,54,100.655787
453.52353,106,100.918531
801.08216,163,101.356396
594.292429,120,101.669545
298.377785,59,101.818723
246.375246,57,102.671803
405.950045,81,102.872419
332.089177,78,103.070369
278.35469,63,103.224134
359.267974,83,104.117188
469.68511,93,104.346071
532.03381,119,104.644028
353.219066,68,104.826734
332.192501,68,105.001581
302.824035,61,105.160051
300.765585,61,105.31715
400.389949,79,105.521694
307.566937,70,105.709728
355.865269,69,105.889577
304.544116,64,106.753782
436.875653,94,106.983545
331.187665,66,107.151748
435.121237,85,107.370458
293.250841,66,107.540448
330.148151,72,107.719944
404.105094,83,107.924536
525.537534,121,108.22081
333.981783,65,108.37723
438.35509,89,108.590407
539.288586,109,108.867307
344.029166,67,109.033895
349.52254,79,109.96123
400.722907,80,110.152375
302.880563,61,110.304498
283.743096,58,110.440376
368.983818,74,110.62272
288.730482,57,110.759466
342.846742,76,110.944038
374.546469,88,111.157711
515.762154,117,111.442536
230.916719,48,111.559868
411.001675,85,111.766441
329.481479,67,112.596858
494.757782,98,112.919852
532.1196,105,113.735265
389.985566,76,113.921763
294.194369,66,114.090687
388.827702,90,114.326302
223.85981,50,114.454236
567.844253,120,114.753048
351.01732,69,114.919599
488.302769,102,115.175458
560.197722,112,115.453465
320.765989,69,115.622839
285.46221,61,115.771899
300.92627,60,115.92269
317.033125,70,116.1039
378.172058,81,116.993158
347.878999,80,117.21553
466.762311,93,117.443859
308.26663,70,117.618335
371.263307,72,117.796046
387.051948,73,117.970271
373.079096,78,118.162222
586.446287,120,118.467953
246.922884,56,118.606121
356.252962,80,118.81282
240.503804,49,118.935501
430.150791,88,119.170891
380.308424,75,119.373828
327.060124,66,119.54077
313.166319,61,120.362916
479.484926,92,120.602181
374.619643,78,121.410478
427.356892,93,121.641489
539.903983,107,121.903538
320.208765,61,122.056375
385.660436,73,122.231751
402.12019,88,122.459414
412.908595,90,122.69745
294.460375,61,122.857782
439.373975,85,123.072643
342.249906,79,123.283627
453.403949,92,124.116522
348.253242,69,124.315682
330.668266,65,124.484422
334.068607,68,124.650966
396.291921,85,124.867076
339.93093,78,125.065423
357.017313,70,125.240935
513.4532,101,125.50154
365.0956,86,125.733801
248.301679,52,125.863411
354.608415,81,126.063311
293.054733,63,126.216029
321.177877,77,126.413861
416.074973,81,126.610871
344.464593,74,127.375928
269.418357,63,127.560348
415.060874,84,127.782744
255.963241,60,127.932308
342.552463,71,128.106417
408.834817,91,128.326863
336.477651,67,128.487804
331.68525,67,128.653642
353.600103,67,128.812729
526.407176,106,129.744915
320.911186,72,129.926422
433.061603,97,130.173216
309.023534,63,130.360543
307.296256,70,130.575628
440.372241,88,131.375144
596.621066,134,131.710171
346.538605,68,131.881212
309.006952,62,132.038038
393.05133,93,132.268235
260.557705,61,132.414634
495.418004,101,132.661241
416.975336,84,132.867784
384.831834,78,133.062648
323.471443,63,133.233516
439.502561,86,133.458392
524.716712,108,133.747866
603.528876,124,134.638968
411.73384,82,134.86264
251.062633,60,135.005936
317.103322,70,135.173955
278.304955,65,135.333269
467.83193,92,135.55605
497.830911,114,135.835056
424.940589,93,136.0612
646.337154,134,136.393657
387.575556,74,136.568651
378.558291,76,136.755538
594.05323,116,138.354435
462.042457,100,138.601509
352.111318,80,138.80683
557.310923,128,139.127843
482.45318,103,139.390759
409.529473,90,139.630325
432.782779,98,139.887276
314.589552,71,140.081987
351.240351,70,140.265819
432.621515,86,140.488469
425.795275,83,140.706222
405.476886,84,141.634887
594.786982,115,141.971042
471.849239,97,142.209928
419.848493,81,142.41838
388.645338,91,142.645773
436.620254,96,142.880389
439.683021,101,143.128496
412.909499,90,143.351228
357.136291,71,143.520482
346.495319,69,143.690624
444.380201,86,143.913958
395.85604,77,144.10845
355.469382,81,144.907936
358.061618,70,145.111122
531.459793,106,145.375684
356.368056,73,145.559869
315.590948,70,145.729525
468.76667,96,145.971272
265.635843,53,146.845094
332.738428,74,147.028493
377.274561,73,147.215546
287.923143,60,147.369679
317.877531,63,147.520479
327.484677,74,147.716087
384.282736,78,147.958379
277.270407,65,148.739101
678.953242,134,149.079103
372.471897,90,149.305279
413.528767,87,149.516153
380.081986,88,149.736683
412.58509,80,149.92916
352.032436,68,150.094425
633.463408,121,150.395146
258.504787,59,150.53915
731.636915,146,150.903934
753.893853,149,151.806989
427.366749,82,152.032731
372.033913,74,152.247258
357.241148,70,152.445703
557.261691,123,152.749186
307.793162,61,152.903617
502.771014,110,153.174185
436.031714,86,153.387851
343.321836,77,153.578537
478.349804,96,153.818691
389.318618,84,154.03264
387.348062,79,154.228606
418.997265,84,155.903502
578.372817,116,156.191149
270.527971,66,156.346212
350.408507,72,156.534564
518.009742,100,156.782529
405.690376,79,156.980963
349.291075,67,157.14761
284.468416,56,157.284623
383.891812,75,157.473715
601.984277,116,157.765396
650.521306,133,158.098178
424.963553,88,158.322767
307.102856,63,159.0079
370.829813,84,159.222647
468.576882,103,159.521236
292.886279,61,159.692146
606.43489,139,160.029263
419.576754,97,160.2631
279.384931,58,160.401502
353.364654,79,160.597959
509.434866,101,160.849415
304.984178,72,161.023534
460.701601,93,161.259433
314.854896,62,161.411133
452.626805,100,162.192167
418.816661,82,162.405852
300.499704,68,162.605888
501.501144,97,162.88834
326.314181,63,163.04263
362.157003,85,164.046201
573.903097,132,164.373072
362.88723,77,164.571156
526.558651,108,164.844669
391.92652,76,165.033007
303.565234,61,165.186113
479.516898,99,165.435889
372.086918,75,166.175965
406.932344,80,166.36826
444.184527,85,166.60444
460.104935,106,166.911952
437.348341,87,167.131407
342.147733,82,167.328176
534.120137,103,167.570436
341.449505,79,167.764002
309.968686,71,167.938608
295.6907,63,168.093577
625.1858,123,168.399897
388.888904,84,168.610703
497.355359,101,169.37017
404.758297,79,169.557707
232.083321,49,169.691101
461.368747,93,169.946161
585.82293,130,170.304636
317.643626,63,170.459056
403.602529,87,170.672425
330.416939,64,170.82691
325.694121,70,170.997958
384.507592,77,171.188695
483.29017,107,172.22336
423.15686,85,172.438766
338.403267,81,173.210968
374.307921,76,173.422436
387.585934,76,173.632355
315.428401,64,173.782588
399.923494,81,173.980045
364.051739,75,174.166067
386.567997,75,174.344374
401.779913,84,174.554746
418.060891,93,174.783234
437.141249,85,174.995913
316.786375,62,175.148713
307.864242,61,175.298292
303.773932,66,175.462488
397.977515,85,175.680383
261.878055,52,176.323813
493.017254,98,176.562807
421.693163,89,176.776124
417.245274,83,176.971923
357.161373,82,177.170772
481.407212,96,177.429364
313.285416,64,177.606326
495.230811,99,177.882381
676.03447,137,178.227082
345.75984,70,178.394505
297.685882,70,178.56315
421.564301,82,178.762845
317.092495,63,179.416725
490.113228,98,179.650966
513.725999,101,179.903534
396.059811,80,180.963445
510.758045,100,181.236516
390.689232,80,181.433074
328.129872,64,181.602668
378.530638,86,181.808287
384.416281,79,181.998574
310.586791,68,182.16158
395.984575,80,182.355784
396.338777,76,182.543348
359.027021,71,183.235049
385.231839,90,183.452482
390.504922,78,183.645913
311.329696,73,183.831588
396.090223,92,184.062998
459.400566,94,184.297842
452.7459,91,184.525821
359.415043,83,184.738625
271.645441,57,184.905357
499.599857,100,185.197796
391.424472,75,185.411864
301.828454,69,185.579272
436.112041,83,185.793165
390.184861,78,186.502286
497.972165,101,186.747412
405.694968,85,186.952744
373.580528,72,187.128153
325.242505,64,187.284707
466.341458,90,187.503232
414.152756,88,187.720717
514.401545,116,188.001149
452.555826,97,189.136298
281.024904,56,189.269564
419.51281,83,189.465962
369.353654,72,189.63733
372.681849,74,190.310791
487.243947,103,190.556644
391.847991,80,190.753885
369.284089,74,190.935045
361.255996,73,191.111738
423.212254,84,191.316232
369.79743,71,191.512875
506.401301,110,191.812932
372.245473,73,192.011829
531.119549,119,192.302663
519.291021,107,192.557448
485.333729,92,192.784143
521.251178,106,193.619543
337.107695,67,193.781407
393.265978,77,193.978961
336.367406,66,194.139962
453.07554,89,194.354812
286.815527,59,194.497159
346.993592,67,194.661295
321.103437,64,194.814172
485.351312,100,195.058104
402.832226,94,195.294031
557.66517,111,195.621121
462.190026,91,195.876377
339.675001,70,196.5675
320.563663,71,196.744353
335.874301,73,197.788038
419.082232,81,197.997633
362.081334,79,198.188281
434.482049,88,198.405021
367.094112,79,198.606361
434.580486,85,198.846112
446.570285,87,199.09925
333.216041,71,199.298453
342.727669,71,199.477118
533.79321,111,199.751429
708.991831,155,200.789856
332.132598,66,200.948247
489.540097,106,201.211479
317.211567,63,201.367636
415.176772,81,201.571996
376.508292,85,201.782139
366.190824,78,201.976029
397.167243,77,202.167629
684.040222,141,202.513635
326.121118,64,202.676001
508.687596,102,202.945246
456.360923,103,203.264869
318.435343,71,204.146066
388.671851,80,204.341547
326.11599,64,204.499157
435.012085,86,204.712803
398.751665,89,204.936175
330.000352,65,205.100584
376.047105,89,205.317044
385.391983,75,206.363181
512.694625,101,206.679509
376.535967,78,206.896206
327.251232,66,207.075191
453.606379,88,207.297665
343.272984,71,207.474772
406.494488,78,208.163975
470.81113,91,208.388802
431.948803,98,208.62128
497.807868,98,208.869165
379.933293,73,209.045123
288.032791,65,209.202107
599.651709,119,209.498555
371.807905,86,209.752941
429.983812,83,209.98777
448.810479,100,210.229057
337.758333,66,210.389881
424.694792,85,211.15221
308.027696,60,211.297461
589.664063,116,211.582344
369.37029,72,211.760412
432.553877,87,211.973546
389.767971,77,212.160992
361.899093,70,212.332151
388.292399,75,212.514047
403.381982,86,212.729581
524.6845,101,212.992008
420.696327,80,213.193341
515.854657,100,213.443415
443.827864,86,213.681479
323.998178,64,215.326515
484.972221,96,215.559321
403.674254,79,215.757169
546.38549,105,216.011829
403.910074,78,216.202075
461.016825,89,216.424703
503.718959,98,216.672053
495.185443,113,217.009423
371.502808,75,217.219424
441.537806,89,217.470569
550.365789,107,217.729403
578.457319,115,218.514777
410.046674,89,218.733568
403.71713,89,218.945043
305.253241,74,219.123978
405.454459,79,219.317901
380.770866,74,219.5026
565.756992,112,219.787236
515.776396,118,220.084436
336.968954,70,220.269123
448.786021,89,220.506027
373.753817,85,220.716845
452.701143,105,221.733746
310.804215,75,221.929431
564.249604,110,222.196747
298.984378,68,222.364294
440.871326,102,222.614989
422.394976,82,222.812912
261.150586,61,223.799393
470.264675,112,224.099012
348.023499,72,224.287696
423.793415,94,224.578507
526.158883,113,224.931747
403.453515,88,225.162934
466.198604,91,225.922808
352.564392,81,226.114589
501.993162,100,226.357179
439.705099,85,226.567416
377.196143,72,226.740433
441.7838,90,226.958562
494.247896,110,227.224997
672.968315,135,227.565714
408.153806,89,227.848361
487.393844,103,228.142995
324.089938,62,228.295695
325.079519,62,229.110466
401.034117,93,229.335321
417.052295,82,229.541967
364.6972,75,229.720007
500.402567,99,229.959397
462.543594,90,230.178133
440.642883,82,230.3812
395.177159,91,230.602434
495.119908,99,230.854697
358.221843,70,231.03962
451.356583,92,231.264164
601.001093,131,233.202873
499.720064,111,233.475131
468.392707,89,233.694314
374.090004,84,233.897749
435.895582,85,234.105971
456.136525,85,234.314327
405.74726,82,234.513406
487.256015,106,234.771012
544.047747,105,235.057912
588.829798,117,235.413386
574.22927,129,236.41179
443.656063,91,236.631064
331.165781,76,236.820507
589.704101,115,237.107916
405.2218,78,237.300855
489.645104,110,237.577053
421.805408,85,237.793059
519.347644,104,238.055228
354.143586,70,238.222039
333.06147,65,238.385828
368.558935,72,238.572244
430.480138,83,238.779041
372.387613,82,239.725746
427.87377,83,239.946122
429.695098,95,240.179529
471.02976,91,240.402083
492.247583,95,241.537474
662.161706,129,241.865477
385.583999,77,242.064759
494.850471,95,242.308745
638.658101,130,242.685018
527.294302,106,242.992383
522.164532,119,243.966882
316.62789,62,244.12014
482.321997,96,244.359593
632.094237,136,244.694034
504.440358,113,244.967033
440.615868,91,245.190051
514.883041,101,245.435399
537.274949,104,245.693864
487.651836,100,245.951638
428.57376,85,246.171465
417.973355,86,246.40242
371.292971,75,247.397682
469.238763,93,247.637665
415.802099,80,247.840685
485.661454,95,248.069755
392.915234,76,248.260994
484.321687,93,248.488434
416.149886,82,248.682765
381.789089,73,248.864482
580.924752,117,249.16028
406.862082,77,249.365063
409.879335,80,250.521406
496.112713,95,250.756132
535.108285,109,251.603409
326.285373,63,251.768076
521.248433,113,252.061849
599.957285,128,252.376401
531.520054,104,252.637442
409.781855,93,252.871098
340.729147,81,253.072922
572.942508,109,253.389114
445.146484,85,253.629737
325.681211,77,253.841312
491.427664,97,254.579485
350.019454,74,254.764602
578.552538,109,255.043386
570.263779,130,255.369483
347.860392,68,255.541309
474.02327,92,255.77944
710.480439,141,256.127176
337.926822,78,256.320209
367.834006,83,256.528687
548.483062,118,256.830325
556.224852,115,257.127815
388.934735,78,258.03682
362.153998,72,258.227121
576.905576,113,259.362067
430.444241,85,259.573071
547.16712,112,259.856896
377.181167,75,260.051854
390.951838,76,260.251871
355.389055,81,260.461143
427.951896,91,260.697824
379.63505,74,260.933743
354.029478,78,261.160616
391.579671,79,261.381163
519.674923,101,262.285155
315.637466,64,262.443178
434.24332,98,262.687268
479.901125,95,262.919676
380.727152,75,263.10328
480.173235,96,263.334226
479.047349,95,263.566059
407.374122,85,263.775386
298.88491,69,263.954752
512.958582,98,264.217388
383.500909,83,264.43642
711.122295,147,265.526934
367.289563,83,265.74078
343.47279,67,265.905911
513.438257,99,266.144769
377.318661,74,266.320344
460.344904,93,266.550206
345.527081,76,266.73973
404.62264,82,266.935749
421.744969,94,267.962592
574.655855,120,268.280537
485.188728,94,268.575724
504.505434,100,269.371642
514.208492,102,269.622243
568.581146,110,269.900659
425.972788,91,270.128662
444.302264,88,270.345584
504.070481,98,270.58915
317.875423,75,270.770919
351.375854,80,270.972509
526.234185,110,271.260955
530.19931,106,271.527021
399.471915,77,271.763687
609.583574,131,272.809953
468.352265,90,273.028922
334.634811,76,273.218242
486.31447,94,273.47457
550.822101,105,273.738662
717.831788,149,274.11286
395.399568,89,274.327749
460.50715,90,274.555343
577.445844,114,274.859282
447.006952,86,275.073635
535.622012,101,276.029549
491.974381,99,277.238621
484.089146,103,277.49094
573.595013,113,277.760648
505.608637,111,278.032881
301.708404,73,278.209784
431.188971,83,278.426162
389.842,80,278.633167
449.167438,85,278.852883
434.196641,102,279.154492
349.955598,77,279.383277
456.079624,92,280.127282
531.921177,102,280.372581
484.630255,94,280.598594
496.607391,107,280.85529
361.806127,69,281.023977
499.659143,96,281.256809
544.691415,102,281.507171
483.919418,93,281.737982
598.588072,117,282.04197
492.573652,95,282.291367
442.931903,83,282.495292
423.146135,84,283.365988
389.423719,80,283.595686
583.916917,119,283.907837
336.47349,66,284.069393
462.619324,109,284.347808
525.956174,101,284.592194
450.46041,96,285.784257
481.940489,93,286.02098
395.962098,82,286.241147
399.532963,79,286.470657
506.563602,111,286.807979
808.625508,161,287.730018
480.98447,96,287.964732
534.168262,104,288.220345
374.010232,71,288.392005
385.251619,87,288.614159
396.414044,77,288.796904
418.772463,81,288.997688
580.808828,123,289.293651
357.597831,71,289.475199
759.06763,152,289.946918
398.048001,75,290.657302
564.78617,107,290.92224
414.671031,94,291.16436
296.364676,69,291.337087
500.359023,104,291.595624
769.167708,149,291.958987
366.687575,85,292.165876
497.602866,93,292.396241
384.565092,76,292.591232
610.515368,123,292.903368
383.25765,75,293.090389
752.013247,165,294.961218
336.421225,66,295.114564
339.81646,66,295.278141
522.665292,108,295.538305
649.849606,130,295.854247
560.076259,106,296.112106
580.29939,117,296.408074
286.783868,68,296.589627
662.585453,130,296.924163
354.101674,69,297.138497
529.320313,107,297.998821
393.118182,91,298.228275
489.223796,100,298.474053
413.831359,94,298.703606
418.666917,85,298.909832
325.674416,65,299.069934
349.226943,69,299.241914
391.935547,79,299.43815
707.946103,137,299.790341
358.868345,83,300.006529
555.177921,108,300.284724
571.959028,110,301.094768
500.429241,112,301.387843
395.997731,78,301.61458
362.288326,72,301.816055
610.870755,122,303.166069
346.764333,67,303.325125
487.978181,95,303.551517
563.534777,116,303.841895
322.2849,73,304.023844
605.246487,116,304.316108
406.823056,79,304.570034
503.872046,109,305.426953
436.820693,91,305.650122
406.388672,78,305.838468
451.815391,89,306.057755
467.702878,89,306.273899
731.966594,142,306.611336
473.727304,94,306.839691
607.276855,131,307.171667
515.535212,117,307.476501
585.795144,121,308.457793
428.366843,81,308.658097
624.518051,142,309.009617
359.857655,82,309.21233
441.278924,100,309.451098
390.351611,92,309.676624
447.373678,85,309.888954
450.906351,86,310.09528
651.068723,125,310.40253
427.937059,93,311.64326
503.107388,99,311.937662
380.169805,74,312.732497
436.776096,90,312.953344
660.903551,129,313.265109
429.90575,80,313.458423
426.742175,93,313.687148
399.500172,80,313.882473
413.559716,81,314.077833
405.90279,78,314.280274
471.68955,91,314.512065
364.764706,70,314.683589
541.998936,105,314.956218
687.425709,138,315.945487
448.556414,84,316.147605
430.748101,88,316.356964
382.543614,88,316.572247
679.438301,136,316.912875
388.022174,79,317.10657
769.166339,153,317.48539
425.476033,81,317.694452
425.413464,85,317.908143
714.076043,138,318.25716
654.194986,134,319.094786
532.568892,105,319.369564
429.641554,84,319.614217
421.369001,81,320.880081
442.962047,90,321.102217
484.111735,110,321.37255
336.188637,67,321.527037
385.672782,75,321.714879
417.552259,87,321.931894
557.780879,112,322.220211
476.106697,95,322.493986
591.767888,116,323.389162
436.09277,85,323.589744
405.898054,86,323.796226
576.703042,127,324.100559
752.984186,163,324.494148
541.52851,113,324.762585
548.129145,111,325.045548
480.74985,100,325.298421
459.264321,88,325.524762
363.255041,80,326.282612
474.667894,100,326.523546
484.405737,96,326.794353
365.24923,84,327.042512
598.097197,116,327.335471
334.888812,68,327.497879
474.478833,90,327.721139
436.744556,100,327.962247
594.971211,112,329.19447
479.855987,96,329.439311
643.268349,145,330.461872
448.08666,103,330.71304
308.309013,72,330.885257
414.253818,80,331.079827
522.717988,105,331.332475
641.933238,128,331.644116
665.280574,129,331.955405
443.611148,104,332.211189
487.94361,95,332.447209
471.696489,91,332.676422
456.334511,95,333.59673
528.586967,103,333.840272
397.099806,78,334.03248
384.363387,87,334.243379
404.110427,91,334.465494
377.320639,73,334.641792
844.769342,172,335.073904
855.60373,189,335.544297
513.199454,99,335.792989
579.737002,113,336.091375
538.40251,103,336.854956
443.359332,83,337.050617
708.917383,141,338.501409
481.576725,116,338.784583
452.907426,87,338.993317
504.399153,94,339.223953
556.679603,119,339.516394
447.940534,99,339.769336
574.075094,112,340.043988
495.722055,94,340.914271
564.803615,115,341.22358
491.845033,94,341.450368
592.466144,121,341.748103
525.179052,112,342.021562
779.511906,163,342.417798
588.346805,124,342.72288
498.696285,97,342.952308
509.164963,109,343.225667
502.590376,113,344.064671
392.831352,78,344.253141
477.803474,91,344.474325
320.711124,75,344.653046
561.649286,126,345.020006
426.479646,82,345.236795
592.746678,113,345.511076
551.138547,124,346.794916
411.034244,80,346.990996
475.610554,92,347.227709
530.226568,100,347.484192
397.941668,90,348.348702
341.546626,77,348.539745
396.788889,92,348.765245
594.672563,113,349.039901
478.366342,93,349.262682
501.42794,96,349.487996
347.693001,79,349.671699
541.894351,114,349.946022
437.531855,97,350.182837
598.671458,121,350.485122
516.326045,107,351.358394
550.893987,113,351.663821
528.243073,110,351.943997
464.942096,90,352.160284
380.31306,76,352.349819
625.605162,132,352.677474
380.622601,90,352.899021
586.508219,132,353.229377
624.00671,131,353.564587
548.788517,106,353.834754
535.181233,108,354.615125
434.61754,87,355.845412
504.321705,101,356.137718
475.285733,106,356.398541
508.045903,107,356.657865
422.913068,98,356.893282
668.163791,134,357.213551
433.191418,83,357.4181
378.886635,85,357.623391
461.422979,96,357.856018
600.975775,113,358.639825
426.533375,81,358.855521
443.015234,88,359.111921
599.890073,118,359.420754
476.637042,97,359.651583
394.464567,76,359.839068
391.80206,74,360.01399
340.770511,78,360.204925
414.494071,81,360.400675
505.945927,99,360.637468
317.924385,72,360.815039
272.835955,66,360.975326
364.994184,72,361.710827
508.029066,115,361.995121
364.440924,71,362.168357
361.466073,69,362.343805
504.392913,103,362.596771
540.342731,118,362.881398
767.717524,167,364.699603
571.913149,107,364.967881
683.693014,137,365.298449
769.523596,163,366.215249
688.897684,136,366.607183
419.634597,94,366.857329
474.730222,108,367.115944
399.982836,77,367.300287
482.52104,98,367.536268
551.691725,110,367.805483
509.373133,100,368.051291
473.500861,106,368.313908
389.562253,76,368.494485
734.386553,138,369.419787
409.022784,86,369.684165
511.736944,97,369.980132
425.785027,85,370.204054
361.903167,68,370.37809
321.757309,76,370.574866
639.757548,127,370.907851
554.186327,108,371.186829
775.744691,163,371.602279
386.231113,76,371.792108
523.608443,103,373.856167
634.441469,133,374.21472
494.805516,100,374.506829
578.970314,118,374.839028
582.629546,127,375.167986
805.266347,166,375.607847
563.207422,111,375.88883
424.423315,92,376.123023
543.816499,115,376.413983
558.164923,126,377.356278
740.734995,147,377.791983
503.795477,101,378.065213
347.341004,78,378.259793
737.048874,147,378.626965
414.067828,83,378.835454
601.980682,119,379.129066
411.330309,93,379.357224
399.274671,84,379.563689
402.454508,91,380.372957
362.798064,83,380.575816
573.682232,122,380.877717
366.338924,84,381.086658
463.762276,88,381.302696
463.811085,88,382.678413
497.827849,105,382.933064
547.646388,109,383.201566
475.552576,108,383.463918
441.969491,82,383.676018
489.074093,103,383.927681
656.850265,135,384.918935
666.066797,129,385.302575
878.806005,183,385.767687
463.389892,92,385.993232
630.552253,126,386.289753
449.637839,85,386.490129
393.124844,87,386.703396
523.125184,118,386.9853
480.068632,94,387.862988
504.102716,98,388.111278
547.693786,115,388.402402
523.021412,99,388.650315
331.160549,75,388.841684
441.015329,87,389.064629
576.85394,114,389.356942
274.390963,62,389.512313
421.694273,81,389.754376
478.629479,94,390.027363
513.340793,101,391.316943
543.918203,114,392.078847
532.096234,107,392.342906
673.873154,131,392.660269
621.520978,133,393.051222
678.934833,137,393.412164
515.357674,100,393.659796
475.577064,93,393.89203
565.375586,122,394.192437
590.273924,116,394.474881
690.258644,134,395.304751
362.081038,73,395.476053
514.288023,98,395.71787
368.635448,86,395.946645
632.645345,137,396.340983
515.985438,116,396.628869
573.494587,107,396.905632
541.705308,108,397.172009
744.120963,143,397.520237
619.199675,119,398.476895
492.298227,104,398.735424
380.674802,75,398.919931
383.329999,88,400.109258
759.83727,145,400.491616
530.539186,102,400.773123
836.976964,155,401.222915
412.891097,90,401.452126
393.309717,76,401.631836
480.298638,93,401.860527
676.73136,148,402.900959
491.411006,102,403.151208
574.599664,107,403.415914
510.921384,101,403.659832
807.990432,156,404.063852
525.283345,100,404.341425
685.983611,129,404.681834
481.783603,92,404.90617
483.010037,94,405.136637
602.454621,115,406.078479
436.268984,98,406.318989
529.186762,101,406.562742
654.070182,125,406.866524
490.471483,109,407.138893
480.66966,92,407.373788
548.23911,107,407.646765
572.784586,109,409.118831
493.878648,106,409.418329
444.982716,84,409.640492
517.636714,101,410.534828
520.680273,113,410.817015
460.031641,87,411.026145
414.560373,98,411.26458
321.642509,74,411.443733
371.012919,86,411.650429
486.053794,96,411.880895
433.544882,85,412.09308
470.599744,90,412.368431
443.123139,85,412.618716
445.417973,86,412.830655
506.807627,106,413.651815
386.420447,74,413.833966
511.346031,102,414.080574
322.184015,74,414.264236
472.05332,99,414.508621
600.722846,118,414.790411
605.97641,118,415.084137
581.591528,114,415.386852
361.793694,71,415.595144
447.237703,101,415.876746
603.783947,123,416.670896
527.987369,118,416.96658
408.455372,77,418.185778
526.622636,98,418.430555
549.61829,115,418.714154
638.748183,124,419.034049
484.319663,104,419.302121
390.281127,76,419.495838
492.697001,96,419.743523
467.654106,90,419.973757
528.449586,107,421.022948
361.979775,74,421.214393
623.951933,127,421.535644
409.496501,98,421.782465
388.657507,76,421.962826
492.468531,101,422.205117
684.75809,135,422.538156
612.024283,123,422.832372
416.430539,84,423.060794
547.159939,125,423.392132
830.065177,164,424.49018
495.137584,99,424.726216
677.513403,141,425.07452
439.04974,86,425.282758
560.393319,111,425.555213
903.783449,185,427.141663
513.425915,102,427.405199
524.18883,101,427.6657
493.892081,99,427.913703
559.162112,105,428.905971
572.393523,111,429.186646
584.286656,112,429.458243
503.198174,99,429.705917
604.608219,124,430.008152
469.108945,104,430.26367
397.680422,93,430.491623
634.945494,128,430.808736
521.845584,109,431.08451
591.174919,114,431.976084
696.790334,139,432.348407
452.954819,97,432.58936
730.37488,141,432.925363
489.059491,111,433.208513
576.553453,113,433.488147
619.030017,121,433.795467
407.547772,90,434.023007
437.921043,95,434.27379
577.033025,128,436.173099
328.86602,77,436.368937
509.645325,106,436.635432
576.682219,108,436.901013
712.606481,147,437.267401
366.919575,82,437.475178
302.507812,71,437.656234
590.517088,117,437.96322
483.777094,110,438.241206
466.143175,94,438.48532
446.698923,91,439.222564
565.374593,108,439.482685
543.22267,113,439.782026
563.517953,124,440.152889
590.796683,113,440.436607
472.187311,96,440.677094
460.534316,94,440.9078
716.664298,155,441.28793
608.704659,138,441.627573
360.513003,85,442.331049
569.480254,114,442.606594
940.782479,186,443.113728
486.290951,99,443.388071
672.297865,138,444.802022
559.364217,114,445.086747
543.84032,103,445.349783
432.206424,101,445.611753
714.451068,157,446.678246
535.846894,109,446.945371
588.75869,115,447.257476
599.946764,121,447.605764
609.719641,118,447.886741
706.638852,139,448.232478
453.343777,103,448.47973
570.886116,111,448.751455
562.099619,119,449.042039
577.221972,111,449.806811
470.474219,102,450.062315
509.78281,99,450.321984
555.706407,125,450.700939
767.78248,146,451.110572
463.688775,94,451.349416
699.396538,138,451.709376
425.423138,100,451.966457
557.066995,120,453.164745
422.973953,96,454.05119
398.561157,93,454.327496
443.618596,97,454.578246
452.958563,98,454.836957
466.195724,91,455.076225
533.400798,110,455.363828
484.554267,93,455.613387
535.39525,106,455.886616
416.184564,94,456.131793
487.131414,105,456.425176
452.594803,95,457.302434
516.662198,99,457.559138
539.989063,124,457.882268
680.968912,145,458.269762
578.856831,119,458.624919
547.956315,106,458.933324
497.192351,109,459.214431
453.680153,96,459.459368
626.011051,123,459.781783
376.650028,89,460.656079
712.283498,134,460.981415
633.048278,124,461.28513
540.07895,106,461.544778
532.285706,115,462.988953
595.919397,132,463.318084
483.734527,104,463.58064
521.22311,99,463.825983
451.428378,85,464.045889
738.897135,146,465.110627
588.237787,119,465.43494
442.1031,95,465.691002
501.668427,97,465.945117
526.802263,114,466.289365
774.197287,161,466.751265
679.772418,129,467.075898
521.527799,100,467.322173
577.828351,111,467.58926
574.522562,110,468.379538
508.74896,98,468.627797
450.312384,93,468.855092
672.258871,126,469.156754
401.820864,77,469.371081
522.769605,101,469.652794
573.962153,117,469.961157
473.313131,103,470.215845
420.348899,90,470.433701
578.768583,121,471.576953
515.451571,109,472.361688
873.562885,176,472.805185
606.941544,113,473.091305
520.943686,104,473.352818
670.743181,134,473.68854
584.866853,114,474.002018
486.545776,91,474.258947
484.65243,111,474.549286
612.254246,124,474.844386
472.661824,96,475.755639
618.301075,119,476.048473
1036.185684,202,476.543896
512.584253,100,476.788105
656.555357,125,477.132883
625.257012,121,477.487629
599.25281,115,477.771623
501.421481,115,478.058309
488.087271,106,478.817283
562.603373,104,479.059729
624.643362,136,480.461498
564.858604,117,480.792363
702.643044,138,481.133425
651.885789,140,481.476784
744.492128,149,481.849529
512.644659,102,482.101968
575.645585,107,482.915358
532.820487,107,483.180983
376.662918,85,483.389206
551.618839,115,483.670361
796.022969,163,484.069321
562.962858,107,484.32917
447.528192,85,484.539329
561.049133,108,484.861188
546.871731,127,485.221249
555.215121,111,485.97774
557.57466,113,486.256655
854.815789,172,486.676419
614.093584,115,486.960484
500.796142,98,487.197955
597.547398,109,487.457448
891.237043,179,489.01305
487.840592,110,489.287454
542.184998,116,490.143506
523.70562,99,490.385856
472.843716,88,490.603414
484.664794,95,490.84291
658.275522,125,491.175725
596.644186,115,491.463824
584.551112,114,491.754571
499.411154,100,492.002152
573.233455,118,492.363199
495.566095,104,492.65956
579.732967,109,493.430817
498.60724,108,493.699581
389.96513,90,493.924462
474.776551,107,494.187486
492.72255,113,494.46909
642.559512,127,494.774687
439.483065,95,495.011987
747.056302,149,495.434467
662.86367,126,495.807861
634.53123,129,496.622024
537.904197,109,497.972676
666.380686,128,498.305864
579.832734,116,498.650683
538.818917,101,498.95311
651.719561,132,499.272127
656.673849,123,499.571974
538.772192,116,499.86702
473.53648,90,500.0931
487.227651,102,500.895432
734.836455,147,501.248139
513.052819,108,501.510311
520.526392,107,501.773368
559.547819,114,502.059561
361.350654,79,502.250085
651.884622,130,502.571074
573.63396,112,502.924008
803.501171,161,503.853743
420.098368,96,504.09787
690.507189,128,504.416586
362.790223,80,504.618
614.234572,119,504.907304
577.218496,108,505.169476
563.154593,116,506.74453
621.322572,128,507.057401
593.17838,114,507.334818
635.296481,126,507.643307
454.05165,88,508.513029
609.894219,134,508.853516
624.271322,126,509.170459
672.163702,130,509.497112
573.497738,113,509.777828
734.256085,148,510.146958
434.428357,82,510.389103
597.948109,118,510.753469
572.161058,111,511.5216
487.989792,106,511.786446
473.798091,90,512.009567
411.364538,95,512.244874
683.005641,132,512.587804
363.983247,86,512.807909
473.498485,99,513.054902
461.995725,106,513.325139
526.017027,102,513.639449
716.938465,139,514.046562
729.297064,157,516.160728
635.892571,131,516.483088
531.329359,107,516.779199
395.900883,76,517.025054
567.315616,108,517.328395
608.746962,123,517.630941
633.597283,123,517.944637
430.929338,82,518.149723
904.323554,175,519.161829
592.07824,126,519.473761
690.421792,134,519.799277
510.602629,100,520.047222
523.221091,102,520.297086
590.329523,104,520.551225
371.525961,86,520.75929
438.280692,90,520.979468
831.639997,161,521.451342
768.441359,147,522.511181
627.18452,120,522.812844
592.237143,120,523.103092
519.512462,99,523.3572
509.173402,118,523.648693
603.572769,124,525.248223
514.021302,112,525.523184
596.318361,127,525.837162
344.546395,77,526.02835
560.733979,114,526.847778
609.436177,114,527.136716
696.169766,133,527.486068
641.343404,123,527.805079
852.282777,151,528.184628
374.802907,72,528.357527
490.439612,113,528.648602
769.43393,148,529.10112
574.781656,108,529.396288
388.704623,75,530.073584
386.441061,89,530.291139
613.57385,118,530.581448
505.646158,103,530.837597
457.364347,87,531.047756
389.250457,84,531.252024
481.5324,95,531.483765
538.014173,108,531.746896
500.20565,92,532.013615
415.228905,86,532.282886
791.952624,146,534.376444
485.042866,106,534.636813
401.400768,81,534.840265
463.409765,92,535.072263
520.904936,107,535.38883
504.464898,115,535.703772
650.46579,131,536.036793
480.768759,107,536.305161
588.009933,115,536.595068
505.666054,107,536.87001
605.502689,122,537.70796
651.683491,131,538.032579
375.942362,85,538.24053
450.734653,89,538.458085
507.559319,105,538.716032
487.681026,101,538.958302
414.181201,94,539.19927
507.263359,103,539.459761
613.222619,120,539.842768
773.780147,156,540.905218
702.661865,138,541.249269
535.615356,117,541.541456
579.245762,110,542.959727
497.25354,93,543.220416
547.549283,124,543.528047
530.640961,101,543.779567
508.532218,99,544.032192
525.156278,101,544.285349
535.044096,105,545.092999
621.684841,137,545.443752
629.757585,129,545.771667
591.799064,118,546.070736
667.187857,123,546.362486
677.444936,129,546.685835
364.08643,74,546.866767
359.197499,83,547.087
495.833934,92,547.360786
400.890206,93,547.640922
576.112617,113,548.414912
465.622027,89,548.627899
752.871427,154,549.009174
600.861285,110,549.286298
884.504915,177,549.727288
444.813675,92,549.949024
432.546839,89,550.168064
732.790517,138,551.826271
752.605904,140,552.845881
597.992064,117,553.133768
632.7469,137,553.466564
394.239869,79,553.665229
593.31097,113,553.94738
700.018906,140,554.301028
725.114197,143,554.667648
443.453662,94,554.928509
682.536322,154,555.396575
601.427669,132,556.381591
710.003376,145,556.734205
595.981592,111,557.005876
571.254172,107,557.272295
639.116345,132,557.598178
623.941524,126,557.913585
687.40383,148,558.365784
426.820338,81,558.58564
577.14845,110,559.523721
523.353656,99,559.770901
598.665283,116,561.286575
731.483184,149,561.716892
483.39044,92,561.947342
404.639991,77,562.138903
621.493595,123,562.445443
511.816411,98,562.688476
603.03548,117,562.992732
697.231324,136,563.983493
690.6537,132,564.307556
670.86747,141,564.653361
368.005269,73,564.835362
500.221889,95,565.06535
570.415556,113,565.343261
593.037502,110,565.636625
626.579573,120,565.992436
664.962267,125,566.318062
640.516613,127,567.290904
589.795916,117,567.571095
595.470229,111,567.833439
613.228068,118,568.13006
378.814594,71,568.300576
602.37264,114,568.589812
435.031163,103,568.874517
566.306037,112,570.273665
499.797872,96,570.511582
518.342973,103,570.764529
550.7912,104,571.66853
650.859212,127,571.991315
571.346376,112,572.275568
469.544245,100,572.53054
698.506982,137,572.87147
486.367547,93,573.103044
540.516969,102,573.374363
570.300462,115,573.728014
539.253768,104,573.984866
1030.681884,209,575.17154
750.561766,142,575.521944
777.312925,151,575.896354
728.873879,141,576.243349
745.208422,153,576.667324
576.507428,109,576.967299
667.456381,133,577.294393
456.373647,89,578.149063
505.328732,106,579.411428
458.093855,94,579.670012
640.952933,119,580.01841
396.787474,76,580.211203
418.508482,94,580.44173
470.422521,89,580.669984
685.082525,130,581.001474
626.349438,122,581.310891
744.857411,148,581.686064
541.9806,103,582.620188
684.852833,135,582.945372
611.966102,128,583.253833
719.561432,139,583.60191
590.439955,126,583.914456
955.420841,185,584.448863
522.554707,95,584.681979
463.364682,92,584.911029
611.540896,112,585.834424
536.993706,108,586.104662
934.05976,178,586.548799
542.042636,107,586.827946
477.341996,93,587.074936
377.489183,74,588.35515
744.993059,143,588.709281
533.592194,98,588.945592
570.709774,123,589.246441
672.286419,133,590.13571
557.469786,112,590.41792
488.601504,110,590.698825
556.698941,129,591.015545
446.030416,87,591.226678
435.562657,98,591.472449
599.889517,118,591.843987
720.003252,136,592.203454
605.712155,110,592.474471
770.202717,161,593.522702
616.849336,119,593.810285
602.168755,118,594.098593
646.920204,117,594.393387
504.028983,96,594.640372
589.044009,134,595.037942
637.290012,127,595.362249
564.208601,118,595.656091
362.126038,78,597.399244
564.676003,112,597.673831
653.876536,127,598.02822
588.032836,130,598.386176
464.468427,92,598.612282
388.770236,75,598.814777
478.099103,89,599.039581
631.234951,117,599.338377
440.474845,86,599.555765
828.877759,162,600.45339
499.765666,91,600.681566
542.841511,108,600.947523
612.192186,112,601.22869
557.286743,127,601.536709
597.222786,127,601.857658
744.506279,146,602.210816
613.763383,129,602.606087
412.693481,87,602.83628
502.243937,109,603.771548
480.080703,97,604.004313
430.489834,83,604.204825
359.953526,68,604.374835
901.221066,160,604.763783
657.695345,129,606.305663
472.796981,89,606.522911
589.357826,119,606.81829
578.616673,114,607.093652
538.288359,102,607.346568
659.179451,128,608.263695
539.523262,104,608.524399
562.084514,107,608.796708
403.916593,80,608.996832
480.254321,106,609.255809
560.050289,119,609.536882
676.020636,127,609.850996
665.335515,142,610.291029
594.55536,122,610.613337
405.844041,78,611.470869
645.067276,121,611.785552
454.312849,97,612.02573
568.032563,102,612.289179
490.53319,107,612.572752
528.522546,108,612.865155
531.920639,96,613.139164
504.968484,114,613.515259
525.425944,108,613.816308
584.602597,114,615.338522
600.78043,112,616.268001
785.506579,153,616.693513
707.073677,159,617.140635
592.926412,119,617.4477
717.450457,150,617.835221
527.407311,109,618.116204
495.535359,102,618.387518
589.782846,123,618.703319
462.845834,103,619.510427
479.308994,103,619.767521
562.866433,112,620.057835
689.985767,130,620.388079
453.502988,97,620.641956
499.638565,97,620.898645
653.716461,128,621.230744
555.534763,110,621.565787
432.892006,87,621.83481
764.625944,150,622.74103
712.602149,153,623.12936
573.179085,121,624.573272
574.530101,109,624.928934
541.379495,102,625.217133
415.331575,81,625.420622
685.04151,134,625.761396
609.322798,118,626.056576
571.070393,112,626.344445
860.803922,168,627.434902
504.377972,117,627.735519
598.266247,133,628.07113
544.100479,101,628.321625
681.360772,134,628.667106
397.366833,78,628.861259
499.857552,91,629.1004
608.065372,112,629.43811
574.943899,109,630.41556
604.330126,115,630.705456
547.348189,104,630.962755
542.485819,118,631.255385
723.866798,141,631.607788
660.410402,120,631.900618
551.752272,99,632.154346
548.342689,104,633.709438
550.696582,113,633.983638
805.351384,164,634.890667
899.296391,185,635.352978
640.626785,117,635.660081
790.737412,172,636.115812
694.173118,133,636.463783
542.195535,104,636.738158
448.564507,104,637.013177
537.533374,126,637.415366
661.701073,124,638.389066
565.533474,120,638.69322
568.484259,119,639.004314
511.616603,96,639.236195
421.451859,90,639.455433
579.568587,116,639.751973
552.985816,110,640.030375
419.65085,95,640.316015
540.282381,117,640.664261
553.174087,102,641.423957
455.890915,84,641.628752
458.025889,86,641.838988
586.744637,120,643.201768
605.767254,115,643.56367
410.320948,82,643.803542
503.810815,100,644.075956
522.386578,111,644.359235
708.928168,140,644.709293
819.909128,166,645.678597
520.12074,110,645.961588
440.222371,89,646.18681
528.457871,99,646.432819
772.445543,168,646.852796
677.665973,125,647.164085
409.122174,76,647.353954
749.414115,150,647.745717
584.667249,125,648.106359
694.893028,135,649.077791
462.405918,85,649.286124
546.672648,105,649.541411
677.414115,127,649.854589
550.318319,107,650.119278
1314.165836,254,652.006914
573.288761,125,652.315246
585.282611,111,652.588203
695.819368,134,653.407483
499.833446,100,653.657294
637.874377,119,653.951747
688.754707,136,654.295506
532.400703,105,654.561294
664.228611,122,654.873355
454.17342,99,655.135131
618.731597,126,655.473622
469.03063,91,655.70909
583.496648,108,656.552599
558.897082,102,656.832032
551.957604,104,657.085643
595.411144,115,657.365531
518.150084,109,657.635773
660.727925,125,657.95202
701.244487,129,658.265402
718.243852,136,658.607666
774.755429,146,659.539462
564.781616,110,661.086535
428.533581,80,661.279574
575.200617,111,661.558407
846.44845,155,661.958083
549.325968,106,662.238631
493.844958,113,662.524755
327.455145,64,662.730184
806.308391,156,663.196368
902.149364,194,664.198346
618.45087,118,664.499694
715.907944,146,664.877878
584.819442,123,665.188771
727.11849,145,665.562596
828.284426,155,665.957022
522.655312,94,666.192866
690.645528,143,666.553272
499.062952,95,667.30105
731.100804,146,667.696598
531.838608,119,668.032522
675.120241,135,668.369897
504.380616,102,669.763355
642.550329,122,670.064743
615.141859,117,670.37131
599.437259,109,670.64821
602.717855,110,671.582927
581.123303,118,671.879024
994.721642,196,672.369334
956.334265,193,672.851204
575.909641,109,673.127147
545.344374,113,673.424058
576.947267,114,673.729539
551.599889,112,674.027233
635.905505,126,674.995755
738.386596,149,675.382891
720.059236,142,675.77905
680.492124,126,676.126191
568.153925,108,676.392697
595.221022,120,676.690418
460.659075,90,676.911127
727.723239,147,677.283793
660.772787,120,679.670009
534.835427,99,679.922227
600.467123,117,680.215514
856.436014,156,680.600809
630.242622,126,680.91183
869.53844,163,681.321748
587.071848,112,681.617557
666.971481,121,681.931578
557.217256,105,682.98221
713.352471,141,683.339799
549.672365,106,683.608121
448.151045,95,683.844243
639.780752,123,684.159789
462.107174,90,684.390879
705.579764,136,684.728163
625.642255,123,685.045966
565.044118,107,685.323685
478.947931,98,686.086798
682.941355,132,686.413973
534.575607,100,686.670989
682.025075,135,687.009784
764.711074,143,688.620698
553.577667,103,688.866721
458.940629,86,689.075422
653.818537,148,689.441217
508.530335,93,689.683886
611.181363,120,690.729823
491.408556,96,690.987959
806.92964,152,691.372242
754.229637,155,691.75017
470.477623,93,691.980017
506.640449,102,692.231976
473.205087,94,692.469296
574.447252,107,692.74459
612.795443,117,693.06051
499.251554,101,693.852648
572.312025,108,694.115096
566.801378,108,694.386539
638.769317,123,694.694341
802.736047,145,695.122955
725.969742,136,695.482675
500.000814,96,695.717055
592.28516,135,697.382155
533.041071,107,697.664798
689.603741,144,698.777084
539.048011,105,699.060059
638.712486,117,699.357016
482.784757,90,699.579901
905.764329,164,699.998889
748.398847,146,700.362651
783.522383,153,700.756547
603.899014,113,701.052344
521.663158,97,701.854978
769.631372,136,702.204544
599.693335,109,702.483396
751.374488,149,702.862705
462.187195,89,703.113391
704.700821,131,703.488343
614.233055,123,703.806066
723.856713,143,704.169106
769.784676,147,705.01832
719.69315,134,705.354785
565.382533,126,706.93709
758.956825,158,707.357143
1055.161602,193,707.848933
576.53204,111,708.118381
552.670195,108,708.38354
488.796842,98,709.292692
740.618685,138,709.663557
625.993959,117,710.013426
572.898371,108,710.291195
550.951407,107,710.554683
496.64635,97,710.795078
725.631974,137,711.136946
712.663922,138,711.493115
618.106217,126,711.812176
488.885193,96,712.741452
586.260946,111,713.021331
567.288243,108,713.294387
688.438827,127,713.615315
710.758228,147,713.978389
678.969906,128,714.317737
702.807981,143,715.99269
565.939534,107,716.253373
526.646952,114,717.200542
539.26906,102,717.472906
680.876546,130,717.863077
760.039748,140,718.214033
509.626149,118,718.510879
530.393703,100,718.761085
556.205283,130,719.089442
622.240699,135,719.426211
601.811252,134,719.77226
792.003455,177,720.882975
904.812155,162,721.295783
1022.684586,189,721.775659
569.688355,110,722.050807
644.811699,131,722.403036
636.234371,143,722.851519
544.976846,100,723.112371
548.78212,114,724.047088
458.364635,92,724.27498
653.701116,126,725.84712
543.797085,121,726.201413
602.510559,118,726.49159
531.585843,100,726.740264
466.328726,87,726.960292
674.99178,129,727.286278
360.358463,76,727.477301
689.126893,153,728.497102
630.676341,125,728.816615
1011.005305,201,729.402743
518.447026,106,729.678179
536.270158,100,729.935387
565.841321,108,730.208316
547.201506,103,730.471269
527.561248,100,730.730388
374.562333,72,730.917886
571.579793,109,731.75974
530.809545,100,732.009486
545.592687,102,732.263809
790.680101,151,732.640117
517.358633,106,732.899983
725.302029,137,733.251469
610.519987,132,734.827272
518.378529,100,735.077009
859.781778,168,735.985158
676.1704,128,736.301604
590.790089,133,736.628565
447.034409,86,736.843102
586.210059,120,737.179433
721.568185,134,737.563382
691.730998,133,737.908087
435.797043,98,738.159548
581.479713,135,738.499549
634.040808,138,739.354142
650.478104,122,739.666371
457.150241,106,739.933878
599.071036,111,740.218874
549.842758,103,740.480735
764.309432,145,740.854678
766.941499,165,741.298261
512.485001,104,741.569917
555.334663,104,742.526805
557.539069,124,744.158737
657.507723,132,744.529572
588.752994,111,744.851145
507.79763,99,745.124012
574.892173,110,745.443462
616.731221,120,745.803853
407.789129,90,746.028595
545.468004,102,746.281742
583.048195,111,747.220985
668.467736,131,747.555818
586.144596,109,747.848979
532.095331,100,748.103021
467.138481,89,748.330996
576.001044,130,748.695865
463.469039,83,748.949198
366.298141,75,749.155625
559.711148,106,749.434836
455.854443,86,749.654663
527.716989,120,750.643781
704.443447,137,750.995441
538.137879,115,751.294523
1276.714316,263,753.185766
458.932206,91,753.424725
611.207534,113,753.780939
797.973162,178,754.259905
543.064108,107,754.529657
733.646065,153,755.580579
687.196453,145,755.946554
531.453299,96,756.174966
632.398099,123,756.478758
578.525483,124,756.828118
458.486516,87,757.089944
908.862322,181,757.542278
729.273523,142,758.572348
498.510276,92,758.799716
413.075867,95,759.0434
713.153805,139,759.403323
628.809811,114,759.719121
738.233502,141,760.085245
468.91719,110,760.379271
721.102883,134,760.733305
574.636006,106,760.997841
685.82091,138,763.073525
647.555342,134,763.417434
587.908304,113,763.69066
964.812436,188,764.164339
518.382569,96,764.400478
828.858189,164,764.875538
586.111469,118,765.187379
444.282965,84,765.396212
520.207919,106,766.145237
571.616549,110,766.410729
645.762435,120,766.716713
435.600678,84,766.927967
764.494151,142,767.28417
584.637626,107,767.561105
873.357006,162,768.035683
709.44781,137,768.395571
717.632243,153,769.346362
784.37128,150,769.733071
585.141873,121,770.041524
558.588567,108,771.486714
437.148576,103,771.763858
595.508394,130,772.115599
472.634501,86,772.33443
631.917513,130,772.684634
664.677101,127,773.084732
656.421265,137,774.098073
686.561108,131,774.424705
696.482878,137,774.770695
628.689687,120,775.069387
584.337374,133,775.408824
667.809694,128,775.73153
517.056146,97,776.029004
647.713093,132,776.413119
596.754057,118,777.200858
878.26828,164,777.60298
695.24564,140,777.965296
589.164013,115,778.255061
625.16935,115,778.551763
580.803955,113,778.84091
689.758134,135,779.20578
704.513028,134,781.123694
601.149488,133,782.042147
716.413283,133,782.376049
735.221197,151,782.750775
893.273577,159,783.176473
514.06802,96,783.40996
539.788662,123,783.724776
618.56699,115,784.035427
629.486268,112,784.377126
618.125478,131,785.311537
788.328268,148,785.677121
845.142791,166,786.091932
532.431466,124,786.408916
579.473393,108,786.67369
963.934502,180,787.146285
622.344895,124,787.480286
519.764686,101,788.310737
444.349744,86,788.53083
788.128225,157,788.92837
424.878592,98,790.491509
480.560193,95,790.726163
664.983928,140,791.090663
623.817138,125,791.41583
587.92222,109,791.710947
568.880116,125,792.044776
1304.262083,250,793.381108
716.14617,153,793.771332
560.410585,105,794.035678
793.058568,155,794.415467
453.209784,82,794.62451
572.29471,113,794.909246
653.903438,127,795.238045
538.28488,101,796.214122
711.333235,154,796.603124
722.930347,150,796.998101
477.703307,105,797.265664
579.390833,111,797.55109
492.129503,99,797.806494
595.560731,117,798.106432
541.033271,122,799.654212
596.643551,116,799.943229
752.087983,150,801.031588
582.201254,121,801.352663
507.600079,102,801.612344
797.117418,154,801.994058
703.719014,137,802.33366
910.864825,171,802.761707
763.636222,152,803.156135
584.268501,134,804.22037
693.365154,129,804.560486
1057.155446,212,805.090306
726.381675,138,805.434243
869.441271,161,805.841973
618.503037,126,806.157516
1016.786523,186,806.65769
677.197993,139,807.670155
596.699978,120,809.481704
516.029943,98,809.728261
541.874615,101,809.980594
759.605171,149,810.375466
705.514694,152,810.76873
788.880741,162,811.188213
864.266796,163,812.29947
579.379784,107,812.623319
726.877933,140,812.981946
696.702232,130,813.312867
705.493385,136,813.660649
609.504114,120,813.969693
803.582577,162,814.379868
654.306336,148,814.764569
562.674766,103,815.745324
647.695403,113,816.066706
541.129945,102,816.326728
749.613996,147,816.692924
482.737082,94,816.93559
537.005152,99,817.190382
651.712755,119,818.968011
654.097688,126,819.282712
611.761352,114,819.575057
675.833639,124,820.592536
643.996718,148,821.026663
501.315003,99,821.270919
643.437627,127,821.590884
746.229525,145,821.956887
763.422175,143,822.311766
764.676968,143,822.671026
571.719171,128,822.997373
492.069644,112,823.963731
655.125887,139,824.336519
596.645171,114,824.619219
785.918888,151,824.987843
1000.158407,191,825.459606
963.062961,205,825.98282
875.108928,173,827.082899
781.242375,141,828.898044
677.333193,131,829.217835
573.726078,115,829.506564
608.177554,112,829.779272
1074.562869,202,830.294034
594.524477,132,830.625793
532.085064,113,830.911026
667.998786,127,831.963887
478.019948,98,832.198101
559.610244,126,832.507512
937.694428,181,832.95536
610.079839,117,833.251063
520.104358,96,833.493921
755.161194,136,833.846136
551.141392,105,834.110422
908.637305,171,835.203564
417.716626,96,835.442801
644.568922,123,835.751045
717.767971,135,836.092273
521.139421,103,837.627005
574.2199,115,837.917798
611.7266,118,838.222848
621.445861,116,838.512604
683.491714,137,839.333976
668.297204,130,839.656766
592.489586,122,839.978748
666.302487,127,840.348318
314.839078,62,840.499202
454.76623,89,840.727289
645.55699,122,841.034158
1122.073296,217,841.577131
1026.461066,207,842.743132
504.929681,98,843.002685
733.056627,137,843.403386
857.61787,165,843.811918
629.771618,120,844.118896
860.506824,178,844.564063
555.631089,115,844.856464
679.335025,127,846.402094
645.510657,123,847.387827
719.805433,132,847.738672
854.34725,167,848.24236
648.719909,147,848.637384
760.921823,147,849.038223
636.608507,117,849.357073
512.502844,116,849.665065
682.069534,133,850.659523
1513.639962,293,851.484833
819.497005,174,851.918183
573.509181,112,852.204223
675.581547,144,852.573537
593.944451,122,852.874045
904.563747,196,853.888824
687.342313,129,854.238575
533.261656,101,854.534467
656.170566,128,856.076056
647.728544,128,856.404966
835.909727,162,856.830267
478.966155,106,857.114996
531.38235,100,857.363763
552.962282,107,857.651957
702.97805,141,858.506264
714.626606,134,858.843614
716.814455,134,859.176308
847.733654,164,859.589849
571.583737,121,859.92974
653.889172,127,860.26755
724.926844,141,860.622451
720.452875,137,861.586069
770.480292,143,861.944134
492.493953,93,862.169069
967.007676,194,862.646718
386.970832,75,862.838493
525.867567,100,863.120565
387.918468,91,863.381599
642.120684,119,864.822135
903.477899,183,865.829802
801.805918,156,866.224715
407.203393,80,866.428754
463.70163,94,866.656852
656.912777,124,866.96411
612.368625,114,867.247466
769.160821,154,867.649607
668.147039,126,868.029085
515.032961,117,868.346325
683.419915,130,869.150638
492.18786,111,869.429429
635.314887,119,869.73312
755.67061,145,870.096709
596.918268,110,870.369855
905.888139,167,870.798163
625.0338,131,871.191656
493.555121,94,871.455761
517.74434,111,872.222196
621.092364,116,872.519122
706.022245,142,873.907888
557.330218,123,874.235223
666.36589,128,874.578033
724.781393,141,874.952585
613.826583,135,875.309989
884.812733,168,876.26996
429.684528,86,876.51374
734.812781,136,876.898592
574.118442,110,877.167141
714.883628,131,877.495739
800.753916,160,877.894399
569.619838,110,878.160249
544.094601,110,878.43876
714.430233,141,878.80327
779.869733,149,879.718372
468.840037,106,880.018959
747.682809,138,880.374855
723.070233,151,880.757463
661.451659,125,881.072153
432.328498,82,882.318512
545.569066,120,882.640179
750.013709,143,883.055935
564.313836,118,883.923364
587.549699,112,884.199901
574.612042,104,884.457983
658.624234,127,884.779632
898.271298,181,885.245365
645.39888,125,885.571058
553.085872,103,885.845677
634.332541,122,886.162302
761.851816,142,887.160718
599.108423,111,887.431992
659.145242,143,887.779727
946.361665,186,888.256518
515.300012,101,888.5476
543.336089,127,888.897097
465.127741,88,889.1123
590.752512,112,889.394043
837.987976,152,890.271244
498.063048,97,891.730182
512.198868,94,891.996899
694.806845,136,892.34491
559.332109,103,892.598265
495.087824,91,892.824014
436.691912,83,893.026399
508.414574,94,893.259763
535.115549,102,893.517662
527.798355,107,893.778574
583.380696,135,894.764883
823.275491,158,895.168552
670.416362,127,895.489794
562.184913,107,895.760441
699.987761,136,896.109249
495.12843,113,896.395183
661.982562,124,896.705782
628.733365,118,897.072509
561.571112,111,898.015919
744.302222,144,898.381336
702.621037,132,898.71528
902.085949,174,899.156741
617.405235,116,900.75236
431.349834,86,900.957981
509.719184,107,901.22094
562.970985,118,901.520289
731.159677,139,902.51518
648.44528,119,902.80896
819.334803,150,903.182201
527.096574,121,903.530036
822.585337,165,903.972113
866.229297,163,904.376638
1093.756047,215,904.920919
894.730142,164,905.965672
627.698688,122,906.274675
505.820215,96,906.517461
463.976141,87,906.741807
504.115757,92,906.965887
585.719528,116,907.254029
891.726044,173,907.694739
472.17111,88,907.920066
882.085306,169,910.291645
914.407912,182,910.74321
561.7439,106,911.03539
669.964674,123,911.342345
381.909014,90,911.583351
564.984379,107,911.875415
560.679216,107,912.206144
592.055682,113,912.510025
843.541604,158,912.905344
641.6863,122,913.848331
691.916838,133,914.17445
543.713805,125,914.490497
854.491706,185,914.960294
597.196012,118,915.265845
506.892054,98,915.532513
462.992461,84,915.759736
654.364478,119,916.078389
591.630248,127,917.033779
678.004445,127,917.380333
666.185799,123,917.726011
962.275823,192,919.530972
629.821098,134,919.888055
518.258362,99,920.148712
492.826637,95,920.397304
959.773529,180,921.596009
459.898625,104,921.882204
978.456466,192,922.418614
755.889491,147,922.813581
625.400813,134,923.178175
531.830042,103,923.465614
799.850186,147,923.898578
635.072852,144,924.362749
640.708066,117,925.265161
737.806434,139,925.632144
673.959851,124,925.960881
500.512409,94,926.216228
1124.910938,211,926.792594
454.733606,86,927.034897
694.758258,141,927.425258
554.3028,104,928.969204
609.697854,115,929.923505
775.528565,153,930.379493
512.051302,97,930.634993
658.251981,132,930.974051
515.332895,98,931.226873
602.735016,128,931.555052
584.459429,106,931.819896
503.960244,96,932.062737
596.619791,118,932.37778
464.810359,97,933.149938
492.431257,94,933.423807
801.119013,155,933.843327
786.366107,145,934.196582
484.36821,109,934.468327
1026.317139,206,934.979048
784.310865,152,935.365633
550.550009,102,936.169113
499.124988,96,936.412014
806.668994,142,936.766564
758.902777,143,938.432951
816.693347,172,938.942671
559.705078,103,939.213573
518.825152,97,939.456837
601.12704,117,939.743887
572.625691,112,940.020963
696.025525,129,940.832721
717.752633,134,941.15733
596.856123,126,941.463964
891.001141,172,941.903572
530.989186,109,942.214107
617.852789,128,942.556801
813.91346,172,942.982118
486.468449,115,943.759231
526.201242,118,944.068595
663.984691,121,944.365211
545.743526,106,944.638372
914.120081,179,945.085376
506.068106,94,945.355109
586.265858,112,945.677136
1098.43537,209,947.688109
681.712359,123,948.545457
738.864515,136,948.88294
678.321198,126,949.201498
513.518309,99,949.448444
696.676023,139,949.794297
755.45873,138,950.146508
547.29759,105,950.42364
658.665117,135,950.778842
563.089113,110,951.837796
694.525968,135,952.172397
769.9326,158,952.570039
524.978823,103,952.82494
830.163209,151,953.209594
700.767562,123,953.516101
766.814998,167,953.941764
751.065957,143,954.366594
570.378967,108,955.347757
750.412655,139,955.691671
625.367548,119,957.61883
679.197447,123,957.940049
557.258871,106,958.214764
503.890818,100,958.469795
666.445119,126,958.804268
516.231718,115,959.102156
683.311768,136,960.151811
767.28027,146,960.546678
529.406824,102,960.802368
538.667283,117,961.09171
600.085213,115,961.392361
679.233387,125,961.69396
636.461913,132,962.014838
638.693949,122,962.323974
468.477493,91,962.565635
580.989459,110,963.450122
676.711123,146,963.830925
605.425212,114,964.114432
1195.765454,223,964.681471
518.288399,96,964.928292
609.2419,127,966.653012
621.215075,118,966.969832
693.608972,135,967.856651
638.37031,124,968.164651
588.989978,115,968.49551
925.812214,175,968.964001
919.465409,173,969.404371
664.657389,132,969.719767
604.608049,117,970.015545
1060.746167,225,971.079422
481.370621,93,971.312913
571.642661,108,971.620572
594.490985,115,971.951303
525.895183,101,972.209564
803.68679,150,972.590972
642.196547,128,972.900054
769.955135,154,973.2764
837.237806,156,974.174407
619.973131,122,975.911721
585.558908,111,976.191351
756.490258,146,976.565171
517.094195,102,976.83094
639.06875,125,977.164386
572.458911,105,977.441528
814.563828,167,977.888476
607.8927,111,978.184055
870.150827,166,979.217361
754.600699,145,979.576322
727.682161,137,979.909873
841.307319,160,980.374579
636.155921,116,980.670491
798.953753,152,981.051273
725.067925,136,981.389674
661.630482,143,982.236137
760.881413,140,982.580035
545.179067,109,982.855206
603.755345,137,983.215272
1082.187756,197,985.063524
696.369302,130,985.390626
762.406297,161,985.813373
658.786125,125,986.712044
571.920029,126,987.041991
953.042437,176,987.490361
721.658679,139,987.8408
601.907503,114,988.118479
1052.237294,197,988.7008
879.304651,154,989.073807
718.273791,155,990.097634
657.467008,123,990.419433
633.421503,117,990.706501
654.887891,147,991.073506
757.539927,153,991.476978
547.269488,123,991.843631
658.280105,121,992.139532
831.307905,179,994.449654
620.935115,118,994.789294
613.876502,112,995.099465
710.786356,148,995.468659
689.459548,125,995.780993
569.226361,109,996.053967
979.385825,182,996.518878
758.682866,154,996.914727
566.338752,117,997.780692
839.795085,157,998.167397
888.924696,166,998.579067
910.229216,171,999.004427
733.430981,141,999.356609
844.036955,179,999.873055
700.269067,130,1000.713804
506.040538,100,1000.962214
896.114687,194,1001.452813
672.300168,131,1003.243435
725.270803,132,1003.574644
1005.051564,190,1004.057721
724.642625,138,1004.405222
734.862878,142,1005.295626
555.820714,112,1005.590346
650.928095,148,1005.970871
592.354698,114,1006.26593
719.134854,140,1006.629117
987.10249,195,1007.135238
677.620936,144,1007.512484
560.955205,116,1007.821662
724.412639,155,1008.867106
872.552258,176,1009.303469
569.503743,123,1009.625987
510.621494,99,1009.869592
843.472991,154,1010.246026
748.873748,146,1010.609027
594.743095,109,1012.248961
663.769748,146,1013.086496
582.532936,109,1013.363522
814.253596,152,1013.739155
679.839825,127,1014.056136
660.181785,140,1014.400333
732.063134,138,1014.783306
855.23558,181,1015.256105
546.711169,113,1015.538817
716.005274,138,1016.431156
584.545108,119,1016.735999
798.69093,156,1017.133238
1058.843144,201,1017.632902
620.714889,121,1017.928109
781.21842,147,1018.304902
746.890256,139,1018.663829
554.638029,110,1019.523057
821.365117,172,1019.946561
427.615875,91,1021.719106
723.624228,149,1022.084681
673.374168,139,1022.436465
479.07779,105,1022.716461
863.509374,172,1023.161883
703.874362,128,1024.162772
708.943608,139,1024.502809
813.215943,165,1024.903237
521.408564,115,1025.185368
841.918953,166,1025.604103
942.505705,192,1026.106916
578.932174,108,1026.401304
870.242212,159,1027.373222
628.485677,122,1027.681464
422.441218,82,1027.894154
697.983251,143,1028.252971
733.753362,144,1028.614844
544.967681,102,1028.87533
738.084671,145,1030.772773
792.459848,162,1031.18895
395.687955,87,1031.897345
604.686678,117,1032.190611
491.584332,94,1032.455632
1190.342242,225,1033.053798
643.884001,128,1033.370263
579.391252,126,1033.681395
498.406347,96,1033.923438
876.711266,186,1034.381409
1158.192778,228,1035.441892
817.440236,156,1035.833607
698.12526,137,1036.181933
923.4666,180,1036.636191
574.337727,118,1036.943696
1328.61106,264,1038.267585
678.624644,125,1038.604493
496.062256,111,1040.466247
556.019265,126,1040.808733
1077.35897,194,1041.36785
656.809456,126,1041.703022
512.993113,96,1041.940771
1109.992623,200,1042.438299
707.219585,132,1043.250946
812.060483,154,1043.625391
859.282753,175,1044.064836
1031.048237,197,1044.612668
644.737518,135,1044.966694
713.812034,136,1045.308711
824.067836,169,1046.235314
575.348354,131,1046.576345
556.176547,108,1046.846119
651.577807,120,1047.147804
876.793679,170,1047.576103
664.665796,125,1049.513262
684.320302,131,1049.890424
836.388684,150,1050.318011
803.269261,167,1051.222929
527.663751,100,1051.456757
643.627245,124,1051.756813
899.151101,168,1052.164804
1682.370849,349,1053.111068
649.731755,121,1053.452696
756.891614,135,1054.273821
1539.768153,286,1054.974959
607.1807,114,1055.260935
1037.973916,197,1055.744005
462.814627,107,1056.027423
888.524166,174,1056.505421
601.945706,112,1057.449669
649.144402,134,1059.416137
694.560507,141,1059.772444
1203.797538,221,1060.319058
597.93385,126,1060.625643
672.11016,122,1060.933702
512.933036,113,1061.245923
654.960392,124,1062.305105
592.940558,131,1062.650044
608.44858,123,1062.950841
652.977257,141,1063.302042
523.053112,109,1063.575776
820.118364,157,1063.96695
734.606222,162,1064.38517
688.402313,133,1064.715528
557.561109,106,1065.6196
621.93521,123,1065.9314
379.495471,87,1066.144238
868.781063,169,1066.552084
1033.441904,187,1068.762208
620.250309,118,1069.066559
745.081531,147,1069.425274
675.557862,144,1070.286052
993.539038,180,1070.735914
781.891389,158,1071.175402
888.809246,165,1071.603695
503.289434,99,1071.844244
735.859117,144,1072.194228
584.919593,112,1072.463088
659.933102,127,1072.769831
518.326877,110,1073.523218
586.805664,131,1073.840463
934.664506,197,1074.416996
850.299136,168,1074.843417
607.070173,113,1075.114879
610.250781,120,1075.401175
779.122521,170,1075.817701
545.151599,119,1078.469691
831.061973,174,1078.908621
578.961796,134,1079.253322
805.405814,174,1079.684179
602.420186,110,1079.974169
611.855689,134,1080.363812
849.075492,185,1080.818163
1215.957015,246,1081.907091
640.351674,124,1082.205439
620.568715,134,1082.531788
983.124701,187,1083.000375
637.390474,120,1083.335134
587.909276,111,1083.635665
508.213644,97,1083.876392
582.915477,107,1084.617386
993.945855,186,1085.087832
520.647141,119,1085.382417
1022.447995,198,1087.562851
641.937261,119,1087.863007
983.150264,198,1088.362983
663.866229,148,1089.281749
1104.233483,233,1089.865172
1025.039809,197,1090.35145
837.823785,166,1090.762077
788.525589,150,1091.133592
784.330632,153,1091.524826
554.625922,106,1091.794005
796.51535,158,1092.768363
837.519739,158,1093.170976
793.480624,149,1093.532431
762.717687,145,1093.884233
714.652042,143,1094.238604
843.768529,167,1096.362883
564.317558,111,1097.11577
919.380486,178,1097.551449
660.824503,117,1097.843235
792.938922,155,1098.233533
931.753622,171,1098.657093
620.667348,138,1099.013429
864.437686,168,1099.455621
1044.671293,197,1100.508412
730.688106,145,1100.874417
517.214831,112,1101.158946
702.892117,152,1101.566028
960.27351,192,1102.096291
690.808707,130,1102.413317
628.079496,120,1102.702428
707.999329,143,1103.532574
606.001464,120,1103.83007
588.046097,123,1105.924572
603.556779,125,1106.238031
566.6927,123,1106.555884
857.068304,189,1107.034622
624.832993,120,1107.3516
805.790351,156,1108.435373
456.997674,89,1108.654077
1141.5725,214,1109.18846
779.063857,151,1109.565913
785.859413,148,1109.938609
842.175461,163,1110.343604
801.153564,158,1110.758605
753.167425,160,1111.698021
648.936942,123,1111.998964
701.9384,136,1112.329567
995.815391,192,1112.802223
843.443455,179,1113.241188
648.085613,127,1115.085411
1011.417157,214,1116.092478
460.613407,89,1116.304513
690.894008,137,1116.639344
501.788032,94,1116.874598
565.810678,109,1117.180926
636.308023,136,1117.554807
987.683775,205,1118.046101
981.214438,196,1118.528088
684.945032,140,1119.392474
595.752195,132,1119.727702
662.467154,142,1120.084591
1407.161095,280,1120.78803
482.237622,89,1121.009809
639.091161,132,1121.358897
795.758454,167,1122.294694
695.283766,149,1122.656281
822.571136,152,1124.722202
1031.423439,204,1125.218174
543.827508,110,1125.498561
735.145562,139,1125.844257
511.782587,118,1126.152651
744.360074,138,1126.577425
733.718679,141,1127.424345
736.343912,135,1127.751108
678.11511,130,1128.075853
747.045572,157,1128.456147
1178.744087,225,1129.012682
485.755211,92,1129.244203
704.969123,144,1129.627071
657.760732,123,1130.490851
598.787985,111,1130.768488
664.365989,136,1131.113065
626.714755,123,1131.418822
864.559687,159,1133.348593
614.740022,118,1133.642639
758.798427,155,1134.020454
703.269752,132,1134.844601
568.456238,110,1135.115376
654.718482,130,1135.469584
766.251636,140,1135.861113
584.524557,115,1136.144785
639.000797,120,1136.438112
676.050054,132,1136.75988
595.375204,135,1137.092959
605.208652,112,1137.362829
720.480501,133,1138.163004
790.390555,147,1138.546778
779.494427,174,1139.027001
789.32508,155,1139.403817
555.506482,121,1139.695122
459.991921,90,1139.914929
680.79745,136,1140.270794
430.415634,83,1141.013604
537.922992,120,1142.912478
690.499189,131,1143.248765
535.955159,101,1143.512025
853.511741,160,1143.919599
843.998,155,1144.31527
542.721805,121,1144.63195
799.872661,150,1145.008011
626.979496,132,1146.061177
440.011073,85,1146.285442
722.130128,136,1146.626003
860.991591,169,1147.045496
586.091532,128,1147.366731
917.591291,178,1147.818886
641.683205,130,1148.142794
554.329516,120,1148.459249
745.833809,156,1149.557017
854.580003,188,1150.024107
882.639209,171,1150.452136
669.404954,131,1152.417851
995.301497,180,1152.885922
476.102791,108,1153.167243
604.060193,127,1154.166359
1060.58447,205,1154.699861
1214.473335,231,1155.313428
625.191005,116,1155.59276
574.141802,109,1155.868939
608.235247,122,1156.171537
796.625007,157,1156.54673
940.962515,169,1157.596434
742.371336,136,1157.972353
577.210788,134,1158.344605
438.01293,86,1158.560375
803.63268,155,1158.947205
556.857916,103,1159.201427
787.543873,150,1159.567642
881.492141,166,1161.964529
756.685177,148,1162.319896
1004.170061,194,1162.807607
719.920935,130,1163.133094
476.051228,89,1163.356172
822.950214,151,1163.735193
508.161617,98,1163.990912
570.977884,127,1164.325944
632.420105,127,1165.237604
723.00164,144,1165.590227
649.533987,146,1165.9572
960.29663,209,1166.47474
625.827011,118,1166.766258
560.268222,112,1167.059152
595.949339,133,1167.475693
696.349236,147,1168.345918
561.821737,108,1168.61155
763.067392,149,1168.973634
580.846397,131,1171.265629
616.85047,118,1171.554248
800.804734,169,1171.97263
774.328618,162,1172.380141
775.141597,141,1172.721609
936.033743,180,1173.801233
556.143577,124,1174.112856
779.771157,152,1174.490363
440.602427,84,1174.699462
806.432224,156,1175.09069
700.248212,134,1175.445668
929.860871,198,1175.966596
582.150244,124,1176.96462
602.728805,136,1177.333648
1130.212987,226,1177.896895
1249.771732,249,1178.514776
575.88493,122,1180.413792
624.57311,135,1180.74684
503.369511,96,1181.487958
931.433892,199,1181.979523
855.642307,156,1182.35733
573.37527,116,1182.638155
909.683811,172,1183.084951
771.253076,146,1183.494835
539.438481,112,1183.794227
647.813615,138,1184.685195
533.686929,116,1184.981472
474.93569,93,1185.215752
1205.519364,224,1185.779132
479.61466,95,1186.02213
485.266525,94,1186.262161
526.51981,121,1186.580755
888.899418,191,1187.068285
492.792673,112,1187.860343
830.098989,177,1188.29987
851.400301,163,1190.421349
573.780678,126,1190.723666
680.800689,128,1191.038346
599.224826,127,1191.355952
602.797658,130,1191.693441
597.876013,117,1192.656692
523.145065,115,1192.956552
594.92976,109,1193.232301
689.809524,129,1193.552925
809.403956,177,1193.997248
719.54428,148,1194.37404
802.916215,147,1194.761951
931.175623,171,1195.861738
602.746515,128,1196.187152
500.180926,109,1196.462219
437.961326,93,1196.698558
559.717951,104,1196.96957
1341.176837,257,1197.612619
482.961997,106,1199.80034
503.879566,99,1200.041919
1113.240645,208,1201.188597
740.565346,147,1201.559664
541.13511,103,1201.831638
546.533398,126,1202.187619
554.341344,118,1202.497728
1050.908714,216,1203.030199
632.777631,121,1203.323036
598.154243,124,1204.154636
807.312194,152,1204.534279
829.818526,181,1204.992316
613.986358,139,1205.407169
864.668056,171,1205.8542
648.596854,127,1206.17815
707.761726,139,1206.527351
617.10232,132,1207.413085
1407.846816,272,1209.520936
631.5569,126,1209.837635
529.451622,106,1210.101114
1343.376995,255,1210.756972
1082.270662,199,1211.311383
689.344779,147,1212.379472
843.257149,165,1212.79263
750.091491,157,1213.18965
921.690249,174,1213.627177
848.35854,164,1214.057197
974.069196,183,1214.571558
1013.631986,187,1215.632018
858.861443,162,1216.029267
503.968158,99,1216.277514
847.313395,171,1216.714499
500.646082,113,1218.63097
560.043349,114,1218.919804
760.133964,138,1219.273044
480.791563,107,1220.190198
858.75526,156,1220.57934
1301.736016,247,1221.233633
594.453663,117,1221.554657
672.835237,132,1221.877497
721.589393,147,1222.244236
877.81092,170,1222.656364
586.64924,106,1223.544594
548.229457,102,1223.794017
542.260641,114,1224.080842
563.81766,121,1224.423406
517.851088,96,1224.691729
971.930691,180,1225.137704
675.233286,144,1225.491055
905.841231,165,1225.891857
1706.081906,337,1229.042691
567.336012,121,1229.358611
989.786328,175,1229.812714
624.91818,129,1230.199661
777.545462,142,1230.597115
570.504493,128,1230.906504
680.975476,132,1231.854716
604.240218,131,1232.175967
778.06041,159,1232.57445
503.483261,113,1232.854616
571.650376,112,1233.137168
729.702534,136,1233.518576
574.863799,115,1233.831815
927.591684,180,1234.79769
571.223075,108,1235.059194
751.211722,153,1235.444122
524.343839,118,1235.753754
525.845826,123,1237.505409
1022.241389,193,1237.9836
838.414359,181,1238.428536
707.959907,131,1238.759863
709.758929,136,1239.642478
586.478016,110,1239.922188
620.190938,119,1240.222616
745.68063,135,1240.559354
622.993484,117,1240.849611
896.955753,157,1241.253459
584.971663,114,1241.545307
668.621337,126,1241.873559
616.426489,134,1242.72084
748.2017,145,1243.093175
825.21002,158,1243.561325
667.211391,132,1243.897813
698.512409,126,1244.209691
709.677252,132,1244.536991
770.745264,148,1246.312075
592.753019,112,1247.248895
466.776392,106,1247.513338
603.456357,128,1247.833672
469.30456,97,1248.08112
1021.718024,186,1248.543279
1069.526748,194,1249.023976
1020.396932,213,1249.577117
761.972752,147,1250.616997
638.655542,124,1250.93657
611.558179,124,1251.263069
572.361746,106,1251.5286
748.878223,140,1251.879868
594.347636,116,1252.181648
1018.600872,208,1252.746415
664.848097,143,1253.772267
820.537782,159,1254.15989
647.819714,128,1254.480869
926.296837,173,1256.734589
822.630092,180,1257.199377
610.106621,121,1257.506543
872.871832,163,1257.906866
752.758424,146,1258.752762
589.583055,110,1259.016958
484.631227,94,1259.267543
857.887672,165,1259.739486
771.340512,153,1260.121193
862.245037,168,1260.538646
812.377869,145,1260.903292
949.401869,173,1261.885003
709.425907,136,1262.230764
865.638954,172,1262.659853
626.040557,118,1262.952861
1291.252172,238,1263.55697
746.504242,159,1265.585527
754.131307,139,1266.601684
643.336926,132,1266.950869
734.499654,161,1267.338587
625.175099,137,1267.671494
833.183901,172,1268.106913
513.584178,118,1268.402151
880.114223,168,1268.843622
835.008831,166,1269.961001
1003.358012,196,1270.471828
490.39269,114,1270.758204
1144.567233,213,1271.279258
1003.638933,202,1271.781673
662.823747,124,1272.106064
739.794453,146,1273.04155
911.06367,184,1273.504471
1027.645101,203,1275.782701
748.784473,136,1276.163193
938.642978,183,1276.671986
770.832972,143,1277.029404
703.743161,141,1277.367714
626.974386,140,1278.220847
598.480714,114,1278.49645
801.126495,154,1278.862315
618.867803,118,1279.15291
893.201519,198,1279.709214
586.762232,134,1280.043665
944.187308,182,1280.495673
1177.396287,231,1281.71727
774.835581,152,1282.118214
559.268322,123,1282.429102
1010.776784,197,1282.995472
644.653121,122,1285.058735
955.704271,179,1285.528432
584.389229,123,1286.425215
1003.035207,190,1286.912714
439.416324,97,1287.154358
622.395738,124,1287.464401
1236.039064,231,1288.044344
744.929542,141,1288.413418
707.413295,131,1288.747871
705.453843,130,1289.839396
789.864403,158,1290.231552
698.239232,136,1290.572535
482.550741,111,1290.851456
583.608226,120,1291.152868
906.46372,169,1291.588566
619.298301,119,1291.895872
578.813138,119,1292.945407
554.681052,115,1294.644353
457.953595,109,1294.931418
917.714414,201,1295.453861
651.963726,144,1295.840755
414.315914,96,1296.096622
702.550777,139,1296.466374
446.709884,90,1296.706307
530.708055,120,1297.59142
993.693547,181,1298.046651
989.741988,178,1298.489226
591.643179,111,1298.774567
665.711382,136,1299.161474
610.830001,121,1299.489295
730.40449,134,1299.819077
716.504507,136,1300.158935
864.719775,167,1301.085974
586.823152,124,1301.401921
685.289886,138,1301.738896
774.559,150,1302.143008
936.062577,169,1304.170633
752.035014,161,1304.590216
608.83257,135,1305.570938
649.001826,129,1305.92207
754.659631,162,1306.330647
792.998827,150,1306.70628
788.109446,160,1307.107483
679.21083,138,1307.457936
864.518015,168,1307.911911
683.048975,140,1308.916543
420.885566,98,1309.163889
614.860392,121,1309.462451
738.613583,141,1309.81765
738.219487,159,1310.214005
645.443832,130,1310.537316
785.184117,147,1310.90439
522.674387,121,1311.215281
685.343139,139,1313.613864
594.693143,114,1313.901295
589.80523,118,1314.213799
852.727503,154,1314.610596
534.718139,103,1314.925061
1007.798116,191,1315.441339
528.049183,120,1315.73793
566.002141,123,1316.043046
520.607785,103,1316.832145
726.216668,136,1317.169149
667.179948,125,1317.482059
610.549874,128,1317.805111
701.100535,131,1318.132902
752.470079,153,1318.526361
647.12938,124,1318.853281
663.170807,125,1319.186105
625.730324,133,1320.030343
899.47106,173,1320.4574
880.845911,182,1320.950507
777.561941,151,1322.840528
1001.580402,185,1323.31493
502.346315,96,1323.553761
1034.020758,200,1324.764833
598.945879,110,1325.033125
877.291453,166,1325.447549
499.437486,98,1325.688845
545.293351,111,1325.956844
940.838554,185,1326.4087
626.00576,132,1326.743759
583.456308,117,1327.043845
478.33171,94,1327.827426
522.717357,109,1328.100786
674.266428,127,1328.421052
1108.021718,219,1328.98277
910.054933,177,1329.432423
981.036993,179,1329.908661
645.058225,122,1331.800063
856.253371,162,1332.717811
925.754072,168,1333.130105
954.436055,173,1333.560972
593.841115,113,1333.842169
1014.255187,183,1334.306736
548.370574,97,1334.606858
554.537441,103,1334.885582
709.249707,132,1335.70286
496.013124,98,1335.945727
784.603367,165,1336.374758
593.140995,125,1336.678611
644.724503,130,1336.998661
1100.046766,196,1337.510065
982.821196,174,1338.036048
731.857009,138,1338.905523
848.68752,165,1339.322463
585.104303,116,1341.229733
667.279614,126,1341.54915
1065.356635,181,1342.005795
645.319352,146,1342.380966
602.515364,127,1342.710804
701.791804,135,1343.629003
871.072926,172,1344.055343
803.082407,176,1344.500447
663.936929,127,1344.811164
625.669055,118,1345.105872
568.154625,105,1345.375218
811.720986,174,1345.890798
793.670535,155,1346.913001
608.193128,114,1347.193974
627.232392,125,1347.504313
530.416316,100,1347.755286
586.873858,120,1348.053897
700.898624,136,1348.382246
756.390283,138,1348.766552
719.93942,137,1350.906159
788.929056,144,1351.929264
976.608225,183,1352.395912
807.328028,155,1352.796638
797.317996,168,1353.22407
1185.060841,231,1353.811673
1044.673661,197,1354.335222
912.121737,170,1355.399951
572.138536,130,1355.758608
669.517723,139,1356.133874
691.397377,135,1356.46395
649.475516,125,1356.774833
920.333125,175,1357.206705
734.971928,124,1357.520903
802.414502,168,1358.578458
683.892355,132,1358.937605
584.296138,116,1360.858573
1163.894647,200,1361.36939
703.511106,139,1361.723565
675.069914,127,1362.063752
703.973223,135,1362.481081
782.475795,171,1363.537995
594.598185,113,1363.823977
966.416867,179,1364.278333
660.639784,142,1364.639608
808.611253,149,1365.01272
946.249901,203,1365.552006
839.119544,177,1366.582615
898.294436,161,1366.987202
885.690912,167,1367.406124
796.727084,144,1367.769225
741.704422,157,1368.163187
790.067258,145,1370.152092
706.636249,139,1370.555712
688.708717,132,1371.435313
879.944453,176,1371.869605
804.825671,150,1372.23029
926.0032,177,1372.662835
775.804407,144,1373.026555
926.182102,188,1373.499033
442.371095,95,1373.78419
541.929523,120,1374.690406
831.158,161,1375.090241
743.207777,132,1375.413036
529.799337,99,1375.652086
883.911577,195,1376.150397
906.187948,163,1376.57372
1213.174906,230,1377.721999
953.19281,173,1379.882981
916.715147,182,1380.350533
947.570811,178,1380.809721
881.809021,166,1381.236891
868.79375,167,1381.682662
700.937062,135,1382.088001
651.880686,124,1382.963773
802.265757,159,1383.356888
573.543013,109,1383.621639
933.524038,199,1384.109706
674.057049,126,1384.425506
947.420477,182,1384.905168
728.026181,128,1385.292579
763.674636,149,1386.224982
703.212055,131,1386.550086
691.412877,129,1386.867607
449.753232,102,1387.119572
872.804583,164,1389.16736
578.434703,107,1389.434174
733.10384,135,1389.785025
785.865201,162,1390.833027
844.959909,171,1391.280362
694.185266,136,1391.628425
926.4616,176,1392.068652
534.27332,121,1392.373206
505.522733,95,1392.6174
590.003571,110,1392.910893
857.986698,166,1393.928571
902.559966,167,1394.346404
813.103951,159,1394.741657
594.27031,126,1395.052854
634.375661,119,1395.349326
890.166473,168,1395.760574
914.784457,181,1396.250959
670.318129,133,1398.837414
859.698913,152,1399.213234
995.437974,180,1399.666892
570.763317,108,1399.933783
944.226445,189,1400.402856
845.429882,168,1400.907089
757.979179,144,1401.296834
641.42868,135,1402.119192
629.61137,132,1402.45241
849.130486,178,1402.900897
621.044323,109,1403.175413
776.505693,156,1403.568764
953.447981,191,1404.067551
829.903396,166,1404.506517
587.546566,121,1405.417826
596.420492,122,1405.724083
819.914929,158,1406.124402
658.958992,132,1408.086581
581.317749,110,1408.357674
664.640115,131,1408.676516
1005.188338,181,1409.120086
558.941323,122,1409.907336
494.061257,95,1410.139657
802.372696,150,1410.504998
1074.995331,206,1411.067641
786.362602,146,1411.454074
802.569823,158,1411.843954
650.399198,138,1412.194958
605.969505,115,1412.990218
828.662388,161,1413.378851
684.884829,141,1413.720946
792.077025,150,1414.115101
666.372034,127,1414.475063
645.037602,118,1414.775229
734.436936,137,1415.124996
960.761279,179,1417.733668
653.501667,148,1418.111333
835.685432,170,1418.538904
580.601163,124,1418.854637
811.056999,151,1419.241719
673.820667,140,1419.59676
589.491249,109,1419.873975
511.177293,112,1420.168972
861.461209,159,1421.206154
583.866341,120,1421.505712
654.825047,121,1421.799605
859.010618,168,1422.210803
917.534609,184,1422.755905
547.584509,101,1423.004649
876.281514,166,1423.413626
653.247764,126,1424.256926
601.095574,136,1424.587965
1036.695784,211,1426.778585
630.269998,118,1427.068929
594.636139,111,1427.350767
782.710447,144,1427.715573
746.241671,139,1428.079654
691.743789,132,1429.024421
987.642962,185,1429.493566
725.133058,137,1429.841263
969.192215,195,1430.338812
1051.60942,215,1430.8906
572.160254,105,1431.168867
936.97408,190,1432.230195
964.381093,195,1432.732357
607.118584,115,1433.012905
734.561983,137,1433.342924
549.21983,122,1433.634301
737.890439,157,1435.75642
491.911562,95,1435.983943
409.584637,80,1436.177939
740.612949,131,1437.101822
821.70112,168,1437.582762
762.465598,147,1438.013633
793.97568,149,1438.38153
586.882891,134,1438.717299
477.200081,92,1438.939447
501.432117,98,1439.172584
731.990987,140,1439.520512
575.035033,105,1440.384837
860.173508,191,1440.87565
745.758574,137,1441.22314
419.622377,83,1441.430631
591.444864,126,1441.759978
653.553743,121,1442.066953
721.944738,140,1442.450802
1129.678395,208,1443.644117
767.054336,143,1444.008502
1021.253539,191,1446.238247
759.140096,146,1446.61402
714.220844,137,1446.961339
1499.390613,306,1447.843341
507.71052,93,1448.575943
695.252092,128,1448.879476
780.667224,153,1449.249081
709.778536,144,1449.596602
792.511886,163,1449.996717
1216.908087,229,1450.631279
839.385944,158,1451.047991
1250.07956,260,1452.331067
655.390013,119,1452.605986
1060.781908,204,1453.09566
600.07315,116,1454.829229
695.828321,132,1455.166512
682.557294,137,1455.507167
614.584845,131,1456.403435
788.376978,153,1456.78449
663.144677,130,1457.107625
937.780121,175,1457.544019
661.673763,134,1457.881393
1221.537853,238,1458.496732
756.074124,140,1458.864707
1008.777796,193,1459.873848
617.556007,136,1460.202193
1042.022371,208,1460.713163
640.584537,124,1461.015767
802.680505,151,1461.449332
582.515252,116,1461.7548
814.091935,155,1462.740224
755.107833,141,1464.604723
678.959408,129,1464.942133
738.717408,144,1465.305023
682.256014,144,1465.662157
651.054383,119,1465.957443
502.852716,98,1466.200762
982.510629,176,1466.629817
737.52405,137,1467.611713
793.804594,175,1468.051052
1057.057271,221,1468.614854
762.930717,141,1468.961913
1060.977628,200,1469.486371
855.296974,157,1469.899135
599.987996,105,1470.712059
654.706915,128,1471.030948
1027.261104,205,1471.550911
1074.43512,195,1473.691279
832.389206,174,1474.114929
893.765093,169,1474.527468
774.105301,172,1475.431772
972.151306,179,1475.856755
776.680364,135,1476.179077
1029.261966,192,1476.705123
635.447432,116,1477.011285
723.658029,151,1477.386215
1052.452138,216,1478.462384
645.376435,116,1478.747143
797.091865,154,1479.121464
697.212151,134,1479.450161
810.6999,159,1479.876963
1436.874732,268,1480.576003
913.000937,173,1483.286406
495.309711,108,1483.561841
723.323968,155,1483.948554
1156.966501,220,1484.497815
679.622701,139,1484.858259
791.043895,150,1485.252548
1030.322301,193,1486.261203
861.572101,185,1486.712308
563.979804,113,1486.981984
594.19479,113,1487.300105
532.998763,103,1487.580993
844.752868,159,1487.979302
725.155875,132,1488.304246
1001.263024,196,1488.775002
705.087011,136,1489.595714
535.872452,107,1489.866052
544.925516,120,1490.174141
529.646172,100,1491.780177
524.039831,113,1492.053843
571.608049,126,1492.355702
618.511374,132,1492.701155
1103.352289,215,1493.916671
915.817025,164,1494.326339
702.435083,147,1494.696912
948.398522,194,1495.17564
928.249024,181,1495.631368
701.195461,131,1495.973459
535.606052,100,1496.236737
560.058336,104,1497.163888
641.861136,144,1497.51421
586.189201,111,1497.821932
660.559908,137,1498.186552
739.59896,142,1498.535797
993.793355,206,1499.050815
608.811687,119,1500.990396
735.709219,145,1501.387756
837.615148,154,1502.393743
962.559017,180,1502.83635
736.43808,142,1503.195879
870.165344,177,1503.643839
466.352953,106,1503.928568
918.126524,181,1504.45259
577.957133,127,1505.392343
813.068393,150,1505.771299
574.622825,111,1506.052107
660.741307,126,1506.366586
820.115452,156,1506.763721
978.316011,175,1507.203955
849.183411,163,1507.631944
927.425691,170,1508.725315
582.83742,108,1508.998731
624.691478,119,1509.312089
913.701151,163,1511.241571
856.444476,161,1511.65538
1066.360872,219,1512.278835
446.907272,90,1512.53605
545.246284,107,1512.793203
695.56086,127,1513.726737
698.646749,132,1514.058349
755.306143,153,1514.432771
770.53255,149,1514.794032
805.977247,143,1515.150103
860.101529,157,1515.605553
643.140464,124,1515.908135
797.063906,154,1516.923899
648.264014,129,1517.241805
977.523073,179,1517.688289
788.630616,170,1518.12163
716.686561,139,1518.471042
652.973947,122,1520.361784
658.595062,137,1520.706485
516.030742,102,1521.603534
774.170438,156,1521.98751
735.109731,142,1522.329391
963.061135,190,1522.800889
696.445557,141,1523.210224
740.384658,135,1523.574558
860.596882,185,1524.026128
773.602314,134,1525.001411
891.603539,164,1525.406856
732.989541,148,1525.7875
807.949312,156,1526.216507
729.484202,134,1526.577394
551.889098,110,1526.856777
527.01773,119,1527.163573
463.789709,96,1528.011749
657.043493,128,1528.333584
754.429175,134,1530.254504
973.100609,193,1530.750061
812.716568,149,1531.135499
1264.233146,268,1531.834238
844.251467,163,1532.801974
628.66143,115,1533.088448
1071.935437,189,1533.578722
746.848174,137,1533.923302
609.492024,120,1534.243508
725.182652,137,1534.632143
743.766394,162,1535.033124
837.364158,151,1535.876373
584.979277,106,1536.132496
569.077903,111,1536.409861
963.162428,184,1536.853888
313.707605,65,1537.01786
658.458988,131,1538.983282
799.969465,150,1539.34901
1123.417722,202,1539.843555
760.375724,163,1540.830117
666.162068,129,1541.178373
830.997813,167,1541.594158
1362.995212,282,1542.285393
680.806746,127,1542.609148
969.989835,180,1543.081038
768.423013,156,1544.03801
1127.73086,210,1544.570601
734.759657,137,1544.916299
794.608968,156,1545.307061
1329.984292,254,1545.96088
740.635037,137,1546.31872
529.370437,98,1548.685737
693.404569,142,1549.038483
596.887472,111,1549.326875
641.668159,121,1549.638114
1240.33134,239,1550.34335
783.353551,154,1550.729813
739.250021,134,1551.061753
956.494551,178,1552.141311
747.669723,143,1552.483491
777.274615,142,1552.833824
562.711238,126,1553.149565
720.714832,138,1553.496697
859.627242,162,1553.910975
822.125999,146,1554.297065
836.195484,176,1555.387154
761.836658,141,1555.73855
1217.824199,228,1557.961794
643.97729,119,1558.249185
550.466026,119,1558.544782
571.257063,119,1558.845979
808.916284,178,1559.898624
826.406523,169,1560.311305
1087.420128,205,1560.857562
544.548063,117,1561.178471
604.284166,113,1561.44994
1000.005735,192,1561.933737
792.156564,155,1562.311998
479.254321,108,1563.20432
732.919585,149,1563.578532
1207.270218,243,1564.254075
1030.132892,187,1564.704912
899.519424,192,1565.188951
604.269283,112,1567.087773
771.151937,140,1568.064489
766.521401,148,1568.431431
617.867334,116,1568.727265
645.522326,116,1569.013567
658.220636,149,1569.392058
657.88982,149,1569.774017
732.382466,149,1570.150768
730.467511,133,1571.124864
763.402199,155,1571.549145
1201.925381,240,1572.192074
726.722687,145,1572.544423
842.034346,151,1572.911119
723.47332,142,1573.253448
720.531397,145,1573.60653
861.745681,157,1574.655956
447.222272,94,1574.920459
384.488641,74,1575.129239
530.535778,99,1576.953651
1067.251948,208,1577.493244
943.839976,165,1577.927885
821.745899,158,1578.345689
1219.308834,212,1579.451724
445.673414,102,1579.711572
831.915314,166,1580.127478
1014.230241,190,1580.610773
555.637846,103,1580.868932
873.739883,153,1581.270944
549.671992,102,1581.543064
597.245323,131,1582.452668
731.294339,142,1582.81221
1061.962159,205,1583.323398
1140.529159,242,1583.945237
1192.865231,229,1586.097941
986.83056,193,1587.154071
715.666185,139,1587.541678
803.85227,157,1587.933537
1034.352004,210,1588.448157
560.971013,107,1588.703142
503.881443,96,1588.931383
840.759964,165,1589.327249
1006.84116,187,1590.320052
835.734284,154,1590.750031
1010.021591,205,1591.267328
832.192825,152,1591.650204
844.777038,158,1592.05024
558.288591,106,1592.318648
1093.191253,199,1593.390049
690.229023,133,1593.723426
827.161545,156,1595.824938
780.866098,142,1596.185509
701.579867,133,1596.517704
419.334323,99,1596.772002
798.093064,177,1597.232284
712.91738,137,1597.589895
766.023302,161,1598.632325
575.44071,108,1598.895572
751.71874,137,1599.224756
555.926603,102,1599.474139
667.425037,123,1599.81095
855.067797,161,1600.244033
975.51467,178,1600.676241
416.419627,91,1600.898265
873.965008,163,1601.793497
795.344345,157,1602.180231
760.613849,152,1602.570631
804.876068,166,1603.024458
877.969735,165,1605.029263
1023.146263,198,1605.550637
1017.291292,185,1606.57096
901.654484,179,1607.019027
863.089911,154,1607.403328
899.140409,175,1607.841133
864.922959,161,1608.249927
1044.956372,204,1609.331396
606.537096,122,1609.638342
815.558598,167,1610.05932
888.568438,164,1610.457793
634.84486,129,1610.769001
919.484409,181,1611.244328
954.676274,178,1611.735648
808.78527,152,1612.592301
880.594035,164,1614.368846
527.572276,117,1614.715692
1409.353951,260,1615.389771
809.489164,161,1615.782337
789.0691,150,1616.146591
556.263377,107,1616.889122
883.460653,190,1617.363543
635.049641,125,1617.702072
866.637167,159,1618.138868
842.569882,165,1618.547412
764.747203,161,1618.951283
909.651002,169,1619.371262
1315.954813,249,1620.551833
943.187493,174,1620.992369
604.541754,112,1621.275713
572.39322,103,1623.279559
646.715449,117,1623.57429
738.750642,138,1623.920531
1030.327944,187,1624.940026
732.497558,137,1625.281032
1107.637198,225,1625.851353
1305.525783,249,1626.456064
585.693797,109,1626.715149
1006.671425,193,1627.199155
814.140805,154,1628.107765
834.779902,154,1628.531446
646.987231,117,1628.841447
676.722619,126,1629.152054
885.044583,166,1629.553791
850.699457,162,1629.943831
666.755365,130,1630.25903
909.101699,178,1632.831509
1078.207044,199,1633.305199
960.768822,180,1633.748184
671.315132,149,1634.13997
807.408977,173,1634.601418
811.46287,155,1635.0075
734.205611,155,1636.058939
573.892087,117,1636.350531
531.958971,96,1636.59159
715.475037,140,1636.944067
759.208882,147,1637.312353
683.23261,128,1637.633057
716.218863,133,1637.972849
850.223838,152,1638.377309
953.506109,184,1639.495931
1034.60623,204,1640.031091
801.389978,146,1642.096071
1034.029717,197,1642.604084
653.322379,125,1642.921108
1036.022076,213,1643.544772
890.302591,166,1644.597342
651.2257,129,1644.910682
762.258095,151,1645.290357
968.172913,202,1645.785134
887.66346,172,1646.215473
880.225702,179,1646.690118
795.799495,152,1647.707649
819.11782,169,1648.130862
808.810336,148,1648.495856
597.836286,120,1648.796844
589.615439,115,1649.086066
881.713759,184,1649.563003
681.4248,134,1651.515571
568.4678,121,1652.4474
1025.922325,208,1652.967455
875.92379,170,1653.38848
1129.159195,224,1653.949453
635.143497,127,1654.336089
826.377879,163,1654.76442
781.946599,148,1655.774414
755.839099,146,1656.136223
828.101951,161,1656.525543
752.265587,148,1656.888362
856.077036,160,1657.28746
890.980542,170,1657.777354
586.691651,123,1658.088777
1137.093278,204,1659.221997
999.113839,187,1661.401259
663.358818,130,1661.738866
1325.385168,251,1662.361681
1265.588683,236,1662.971103
761.488325,141,1663.870789
917.378154,178,1664.318686
763.410905,164,1664.730096
847.656734,164,1665.14102
539.936014,125,1665.460344
779.647827,143,1665.834685
1489.135244,304,1667.16531
858.361187,156,1667.554297
1134.958689,218,1668.105381
1108.168776,226,1668.67678
824.966145,153,1670.549055
648.458967,126,1671.33566
716.757355,132,1671.658419
784.437598,164,1672.056757
469.211903,104,1672.317064
809.514528,149,1672.685637
899.509831,200,1673.220383
876.366908,179,1673.728078
1283.849136,251,1674.840084
693.226843,138,1675.183825
841.861448,154,1675.564922
645.87256,128,1675.886925
1109.426166,195,1676.387715
709.612823,135,1676.74547
830.409974,162,1677.797738
897.805422,167,1678.216866
972.981899,192,1680.476545
700.314201,132,1680.815053
640.259902,122,1681.125392
635.757533,144,1681.509781
969.678802,178,1681.986175
821.418682,155,1683.020502
774.279562,147,1683.384551
1117.760112,208,1683.944918
1119.566301,222,1684.524243
555.002681,102,1684.764348
992.243834,190,1685.252548
745.084526,147,1686.248901
1009.217954,195,1686.728424
691.622902,128,1687.066165
814.273018,149,1687.487344
906.770069,157,1689.254615
868.712848,176,1689.712907
1215.338303,225,1691.049969
686.451355,128,1691.36177
758.522829,152,1691.742923
625.173472,120,1692.043062
758.584689,147,1692.416091
863.818434,168,1692.856077
500.221477,114,1693.162841
814.811229,162,1694.229318
445.288949,92,1694.463665
899.895363,175,1694.914739
745.395383,132,1695.259357
901.534482,168,1695.681541
798.731447,160,1696.103276
734.516192,143,1696.484917
719.393548,132,1697.45178
1458.215987,258,1699.68841
769.160314,147,1700.055989
640.909331,128,1700.375468
655.29226,140,1700.720406
603.882004,129,1701.042645
930.811032,178,1702.135482
912.208545,184,1702.622542
597.135213,115,1702.946319
680.040143,129,1703.264395
1202.775075,208,1703.774581
954.337975,187,1704.235005
757.172157,142,1704.58554
1168.341733,215,1705.619968
755.980379,153,1706.074455
704.143083,127,1706.410917
818.22715,159,1708.147439
788.172337,149,1708.540751
933.808669,167,1708.98149
744.724719,140,1709.872026
1062.916559,199,1710.374623
783.239619,151,1710.745906
745.686348,140,1711.097096
1218.052956,230,1711.686807
725.536775,143,1712.067364
560.083637,125,1712.972099
961.915647,173,1713.401904
839.995208,161,1713.808742
593.362485,117,1714.100835
873.000036,171,1714.534213
856.28492,179,1714.999488
1503.832235,288,1717.854499
694.621593,135,1718.185206
826.480089,166,1718.588913
859.56763,160,1718.983332
658.401716,129,1719.300243
922.259097,165,1719.723057
860.056629,169,1720.219869
765.886581,145,1721.084179
806.682974,147,1721.441289
557.692766,127,1721.753797
580.897805,108,1722.010192
724.392949,134,1722.340935
648.70427,124,1722.638889
923.284704,183,1723.128127
829.260793,167,1724.248616
572.423996,127,1724.569136
520.323103,118,1724.864796
797.379423,163,1726.965549
458.577691,96,1727.213636
727.757526,130,1727.540615
964.717381,175,1727.985127
846.829925,149,1728.988086
803.911905,154,1729.379832
687.783797,126,1729.692583
790.011261,152,1730.081118
1079.330492,215,1730.61315
1175.433823,223,1731.181961
552.216331,113,1731.467172
1133.06311,227,1732.656791
711.778892,135,1733.028924
852.597488,163,1733.463129
860.212626,166,1733.865833
458.837104,89,1734.077273
745.592349,134,1735.856627
818.258424,139,1736.953785
1094.868779,199,1737.430708
705.812724,138,1737.762789
831.866252,170,1738.190706
1127.461028,213,1738.734308
637.114702,116,1739.045306
714.382706,155,1739.454791
1004.443964,204,1740.514504
941.808672,174,1740.961113
816.503436,155,1741.353765
868.205911,170,1741.790871
1145.633607,214,1742.339709
765.561568,146,1743.37639
726.180654,146,1743.736368
491.861019,113,1744.021425
961.237998,185,1746.236402
832.520971,154,1746.630848
946.058297,178,1747.074221
707.039918,138,1747.444348
1018.798496,180,1748.721719
730.681603,146,1749.112169
913.742723,172,1749.55306
614.290396,115,1749.848938
786.980332,149,1750.230009
700.811557,135,1750.576641
1167.849604,226,1751.87095
663.295744,130,1752.193141
1086.767968,195,1752.674603
621.617735,120,1752.969866
707.995366,130,1753.296888
990.789724,181,1753.767026
755.936595,143,1755.72114
634.116315,120,1756.030269
769.924919,140,1756.956649
912.161407,161,1757.371425
658.677053,139,1757.723034
668.135317,122,1758.026138
1189.962354,217,1758.580693
913.441335,165,1759.008676
854.840271,171,1760.031691
757.308682,145,1760.396096
682.917582,136,1760.74137
612.183511,117,1761.040107
950.245723,179,1761.491231
909.882738,170,1761.926665
711.873641,145,1762.31088
928.896523,187,1763.391223
991.333169,192,1765.437397
653.24191,139,1765.783368
693.904805,142,1766.135826
580.517273,109,1766.394641
694.454366,127,1766.697694
617.688065,128,1767.023453
712.733524,125,1767.998879
941.937812,170,1768.451526
623.109215,119,1768.741379
1398.594262,279,1769.421475
637.985422,126,1769.735505
1037.058608,192,1770.21521
869.608571,158,1771.268838
581.416144,117,1771.564282
1031.851951,208,1772.090392
939.467565,189,1772.563918
511.742081,96,1774.490722
853.413623,182,1774.95911
894.668398,165,1776.01254
831.242315,179,1776.498728
857.32803,154,1776.883561
732.765809,138,1777.222122
613.214962,115,1777.492059
552.554045,125,1777.807837
712.34678,143,1778.17822
669.707919,132,1778.529095
507.080193,109,1779.483199
730.610056,140,1779.820061
725.731992,134,1780.137352
850.320749,171,1780.549415
759.153204,146,1780.895672
713.395378,135,1781.238007
1159.924097,220,1782.434572
700.179558,127,1784.214946
539.289746,115,1784.512217
850.336133,158,1784.909653
490.112325,113,1785.215613
531.479057,108,1785.503982
566.894503,116,1785.805518
939.442159,174,1786.262344
666.027412,135,1787.172563
888.317957,167,1787.595463
1358.522123,244,1788.212789
914.816761,185,1788.674803
651.729015,132,1789.011024
1125.467754,206,1789.553948
632.635897,131,1790.538526
832.290981,164,1790.947386
738.911866,130,1791.266806
825.484002,152,1793.274617
940.465437,167,1793.69189
1079.039806,189,1794.169672
639.766688,123,1794.497599
667.460951,135,1795.348577
723.549911,139,1795.737034
806.956017,148,1796.11915
886.675892,162,1796.508186
992.33248,171,1796.912356
734.181983,142,1797.254178
1328.363345,274,1798.406455
787.824868,145,1798.805727
988.316402,183,1799.287162
592.205364,132,1799.613849
1029.635812,195,1800.093249
1138.342358,214,1802.266437
626.598372,131,1803.140874
578.932166,113,1803.425848
623.514779,117,1803.728393
856.011112,183,1804.195115
818.928819,177,1804.644687
923.45452,176,1805.101514
698.807488,140,1805.468688
975.565615,178,1806.52953
701.005558,139,1806.873544
841.045432,158,1807.263561
792.338714,149,1807.638
1045.948676,193,1808.125729
1201.311373,234,1809.370428
616.066651,111,1809.63434
913.770972,173,1810.069857
666.454717,150,1812.184692
431.735757,83,1812.382402
672.430136,149,1812.757921
839.65276,150,1813.124981
1172.900836,222,1814.465492
888.789491,159,1814.869158
671.054889,127,1815.199824
806.01061,144,1815.552977
916.046834,164,1815.951546
623.880161,139,1816.29611
638.492813,134,1816.64924
884.394544,189,1817.683789
893.262153,163,1818.095599
623.198011,118,1818.38161
723.992203,140,1818.727611
987.816566,182,1819.177238
678.868182,133,1819.515756
1182.912433,197,1821.662471
909.419215,159,1822.67802
1249.12086,241,1823.292621
891.946214,168,1823.720109
837.961179,162,1824.146795
1045.957668,201,1824.687723
721.150998,132,1825.646396
826.888619,167,1826.062915
877.914604,164,1826.472867
1432.213103,263,1827.137303
668.095915,144,1827.558673
716.187641,144,1827.910563
692.836146,132,1828.874537
857.699801,170,1829.289317
892.471399,163,1831.547326
578.707399,126,1831.847607
802.255074,146,1832.200577
711.747607,138,1832.532865
909.946471,190,1833.025807
606.835977,109,1834.085999
712.971879,134,1834.415364
693.853897,141,1834.763571
404.771069,80,1834.963916
853.458683,161,1835.378022
664.030752,124,1835.689691
921.824644,175,1836.137563
908.951611,161,1836.55537
755.2924,137,1837.449735
851.310327,160,1837.843883
720.043841,129,1838.161215
690.928788,144,1838.525113
755.555122,140,1838.87546
1143.315958,219,1841.178938
996.657871,184,1842.266103
709.274097,134,1842.644001
829.110014,160,1843.063493
881.475929,185,1843.53053
1001.92981,188,1844.001149
1165.039212,228,1844.595929
667.925874,143,1845.71021
963.662879,187,1846.290634
1235.102319,217,1846.88401
822.972483,161,1847.285686
735.198513,147,1847.646551
526.999696,102,1847.906799
603.380631,114,1848.192624
581.915421,126,1849.293228
1583.827223,300,1851.825983
1434.191381,274,1852.582073
645.556077,121,1852.906698
782.353049,159,1853.337352
926.000899,187,1854.395678
722.241504,141,1854.762633
943.26663,186,1855.241768
647.627002,126,1855.557873
657.347233,143,1855.925515
769.867896,139,1856.304213
706.895357,136,1856.673946
646.245885,138,1857.607551
1005.171309,198,1858.129048
883.823536,159,1858.542804
621.935717,118,1858.850792
899.916439,196,1860.784196
987.037187,184,1861.340667
734.022664,139,1862.224154
1253.420064,239,1862.831929
630.045674,122,1863.144676
594.52353,123,1863.454588
608.204193,116,1863.743984
968.114274,177,1864.199111
580.087206,109,1864.541427
641.652868,137,1865.479282
572.931986,133,1865.825174
654.045129,124,1866.14767
794.74948,156,1866.546746
885.434358,174,1866.986689
742.177614,154,1867.398746
1252.118252,230,1868.634021
890.682289,172,1871.063012
787.797904,141,1871.433559
951.820636,180,1871.907429
854.509082,163,1872.338523
674.517346,122,1872.658289
676.251992,132,1873.004889
733.236322,136,1873.922261
745.160103,136,1874.266171
740.996819,153,1874.669927
958.240476,184,1875.135408
678.617167,143,1875.499669
587.954298,115,1875.789805
665.672395,128,1876.117937
891.017477,162,1877.033752
875.43503,160,1877.434785
677.320947,132,1877.753898
872.586628,168,1879.777901
782.289499,148,1880.142437
680.341549,127,1880.468879
1077.724268,231,1881.105138
742.906068,140,1882.195702
742.710454,148,1882.560772
652.107265,125,1882.86475
530.303612,110,1883.133377
1223.766217,233,1883.716516
845.110977,161,1884.144822
1093.237654,202,1885.341433
1094.244885,195,1885.835137
662.093495,124,1886.146235
564.519062,106,1886.414087
839.810922,156,1886.802749
885.92082,167,1887.249874
535.47307,107,1887.534871
1164.667712,213,1890.431557
684.943987,128,1890.750992
1329.86929,247,1891.450024
1166.829916,222,1892.017534
792.85455,166,1892.42859
832.509903,161,1893.472478
835.499667,184,1893.922635
1295.79216,239,1894.591646
805.228496,166,1894.998505
932.160396,182,1895.438398
1218.968164,226,1896.628693
481.847329,107,1896.893593
1003.967603,185,1897.362319
793.790813,162,1899.420804
636.41269,127,1899.737659
764.10065,146,1900.111958
1599.387241,307,1901.564806
815.107016,145,1901.927281
1301.19725,239,1902.520944
1400.814448,242,1903.13596
1369.357178,254,1903.803459
999.530413,180,1904.931638
879.141793,166,1905.358558
1093.814933,219,1905.910173
784.080784,161,1906.303946
774.824993,147,1906.661579
719.177898,126,1908.700927
1164.714335,235,1909.999835
1211.759995,228,1910.560903
466.172888,104,1910.821119
738.139339,146,1911.171208
516.615887,93,1911.398718
1238.180743,239,1912.051918
791.025593,158,1913.028753
761.31641,142,1913.375905
535.931985,104,1913.625703
566.95647,116,1913.91262
757.70746,154,1914.29839
745.238872,142,1914.653728
670.746203,133,1915.004335
473.485679,108,1915.294137
777.693689,160,1916.378171
700.159087,143,1916.740083
607.384447,131,1918.723405
809.410118,159,1919.141446
1276.048069,243,1919.751563
698.902859,128,1920.078009
933.211086,176,1921.080836
861.248444,172,1921.490741
822.416151,148,1921.841754
1146.963263,209,1922.400212
693.829805,145,1922.792791
637.280598,121,1923.084822
758.269471,140,1923.423495
993.411047,188,1924.397681
786.780228,159,1924.785937
670.54694,130,1925.105566
1047.652717,189,1925.626311
682.850862,148,1927.492005
940.202234,169,1927.917757
741.516661,142,1928.964945
1079.537293,208,1929.487583
648.572834,144,1929.855792
880.957716,163,1930.268394
868.784656,168,1930.693149
776.513901,153,1931.103843
1108.824243,200,1932.21262
951.728333,180,1932.661319
991.693848,192,1933.137905
801.838556,148,1933.509851
1281.179761,232,1934.104119
708.377877,153,1934.509545
769.410851,143,1935.555974
770.217109,148,1937.786475
1126.580639,205,1938.285995
662.692459,126,1938.603483
718.88162,135,1938.938819
1351.118522,246,1939.549777
807.547378,146,1940.669008
967.1923,182,1941.130537
846.629917,168,1941.550052
512.752426,94,1941.786241
741.380436,146,1942.147721
866.166834,165,1942.561301
985.247296,180,1943.034956
618.000826,119,1943.975188
804.573565,151,1944.379135
696.956057,129,1944.696715
1100.281829,237,1945.283019
960.520606,172,1947.490615
1001.524796,185,1947.969784
852.106488,166,1949.064549
670.193579,133,1949.402055
880.303568,183,1949.870812
610.69864,122,1950.171628
873.459141,165,1950.586102
829.800502,156,1950.997383
574.008902,108,1951.284526
803.655665,178,1952.414272
994.830035,191,1952.896217
602.336392,135,1953.228767
922.742259,174,1953.675231
722.37376,139,1954.067474
775.949469,136,1954.415276
618.956949,118,1954.719647
481.105752,106,1956.858521
641.510942,138,1957.239882
788.19931,155,1957.664109
1060.576707,215,1958.193881
616.424563,124,1958.494769
815.591224,173,1958.915873
416.675937,98,1959.154036
1086.909571,198,1960.169816
793.230393,161,1960.574211
688.248665,122,1960.879397
518.196966,112,1961.159114
635.527923,127,1961.480299
1481.852717,273,1962.199436
804.128533,149,1963.146927
1155.987186,220,1963.703594
648.629898,116,1963.995577
991.236732,190,1966.22803
1226.340871,245,1966.86133
645.849535,127,1967.201397
897.550614,157,1968.13612
564.702084,113,1968.423712
1153.324703,225,1969.036433
918.586808,171,1969.453301
583.056941,127,1969.766699
800.162965,166,1970.177878
1037.139895,189,1971.210783
641.537001,134,1971.542691
870.316374,161,1971.966434
432.913406,82,1972.193059
793.839705,159,1972.606409
623.892259,135,1972.939347
1010.951315,186,1975.043362
521.132006,105,1975.949023
627.670497,118,1976.232771
865.320178,153,1976.622524
1022.15615,181,1977.079071
650.54938,131,1977.407627
829.502224,176,1977.863348
648.59654,127,1978.201509
1170.282276,215,1979.395721
626.813639,111,1979.670177
707.664438,136,1980.015887
732.922487,136,1980.355809
740.415575,163,1980.771491
634.205854,126,1981.094865
630.513227,132,1981.444111
828.773028,164,1982.468865
501.75057,109,1982.742925
631.179185,124,1983.058814
1064.791782,199,1985.017725
600.952087,110,1985.305839
726.692721,144,1985.744412
527.191808,112,1986.053479
1038.629081,200,1987.059916
772.701313,149,1987.423185
958.017962,174,1987.844571
532.183739,115,1988.120034
853.261676,166,1988.528529
709.775332,152,1988.948976
907.9551,167,1989.385797
940.21675,174,1990.300268
725.043026,153,1990.672687
874.696106,176,1991.119618
572.374063,125,1991.444147
798.215481,144,1991.803247
839.414347,156,1993.787764
796.575574,144,1994.154
688.640651,130,1995.017936
1358.979022,229,1995.585581
551.429491,110,1995.861434
711.850858,131,1996.194083
864.393184,165,1996.624736
519.871854,113,1996.923596
736.916158,135,1997.274497
639.142136,137,1998.192121
617.36051,117,1998.482374
560.509508,103,1998.742056
772.785114,145,1999.109158
1469.630068,275,1999.794458
684.363767,138,2000.149558
866.290704,189,2001.338275
1046.240657,200,2001.832208
526.385288,115,2003.589641
722.981719,133,2003.943601
632.035464,140,2004.38101
1123.132928,209,2004.905356
976.869051,182,2005.359861
936.2287,181,2006.326596
591.608098,108,2006.605514
697.646058,139,2006.950668
602.532194,112,2007.234703
954.272843,180,2007.740922
704.370713,133,2008.077174
949.73275,166,2008.495747
660.093505,146,2009.40949
567.185189,127,2009.737521
801.048889,155,2010.133011
835.278249,152,2010.511056
1168.900595,220,2012.674626
691.722644,156,2013.076534
823.809815,166,2014.041278
1094.277935,216,2014.587691
892.716735,171,2015.018005
899.09829,163,2015.420161
722.827483,132,2015.746503
1005.499745,194,2016.240863
759.914206,142,2017.101357
1007.131313,183,2017.554642
1146.600101,226,2018.189816
1112.705617,237,2018.799829
967.132845,190,2019.271315
775.206445,142,2020.112037
482.212898,109,2021.907812
821.57772,153,2022.28264
818.051639,150,2022.64321
633.026782,123,2022.941979
707.796642,133,2023.274441
1066.624356,205,2023.810656
712.150355,157,2024.891925
1066.067944,209,2025.417641
794.101445,161,2025.821836
604.522255,115,2026.110008
572.013262,125,2026.427091
997.79378,183,2026.896675
861.172842,173,2027.349136
1021.957896,185,2028.479929
806.77634,161,2028.893196
712.520736,128,2029.214049
1010.941892,175,2031.30944
628.436469,136,2031.647542
634.093547,116,2031.942538
1227.729108,228,2033.346822
1246.731966,239,2033.930606
602.915814,118,2034.226496
695.753286,139,2034.569707
966.527956,189,2035.046458
502.54787,97,2035.292899
545.085041,105,2035.593368
541.334238,100,2036.572061
999.70402,189,2037.033041
708.922021,153,2037.414203
1119.937838,239,2038.010302
866.025895,172,2038.436545
868.9115,159,2038.852502
737.429023,141,2041.556402
864.436789,187,2042.030453
547.795204,99,2042.291459
708.871143,136,2042.638551
1614.735901,330,2043.489663
941.777092,170,2043.943055
1026.989015,197,2045.012524
921.569052,181,2045.464032
905.111761,168,2045.894407
775.515031,163,2046.311142
946.729311,199,2046.891372
872.864631,166,2047.849207
924.801179,166,2048.253091
746.125881,138,2048.592588
1098.66229,212,2051.046935
629.61973,118,2051.344375
1003.591392,198,2051.825626
929.156074,168,2052.229986
858.515354,173,2053.158022
736.716511,155,2053.600277
826.884546,160,2054.014145
779.10616,159,2054.40497
1145.517209,222,2054.954715
806.149522,148,2055.333014
627.052054,131,2056.340496
839.196355,171,2056.769336
714.751067,129,2057.095952
1053.72909,205,2057.611991
628.42207,121,2057.92504
728.399733,140,2058.29241
626.08287,130,2060.644283
861.858712,165,2061.648446
662.452199,128,2061.977541
979.621674,198,2062.482605
728.860766,156,2062.875581
806.25492,161,2063.270245
663.325456,128,2063.648758
495.078604,113,2064.652568
670.943509,121,2064.950593
867.402064,164,2065.35112
427.151825,89,2065.571206
840.990001,158,2065.954736
601.784498,124,2066.257177
511.028268,98,2066.501064
906.086891,190,2067.053859
461.901646,89,2067.845057
961.467623,177,2068.282175
658.634916,131,2070.136385
891.074572,177,2070.598166
511.949627,108,2070.879292
664.347464,127,2071.199591
850.465324,184,2071.678903
902.316488,183,2072.825976
990.685261,214,2073.3738
754.566646,160,2073.778219
724.114954,164,2074.205276
973.209082,193,2074.70849
835.374442,175,2075.171411
548.956748,110,2076.195513
569.102152,112,2076.505847
523.2036,101,2076.778845
1117.248217,209,2077.362798
789.906427,149,2077.748507
1226.992797,232,2080.311055
739.749269,138,2080.669841
1113.558071,205,2081.883908
1471.355449,264,2082.571278
660.552841,124,2082.912838
886.97485,166,2083.381436
605.471596,108,2083.648471
688.126671,129,2083.971174
992.902162,183,2084.952912
647.299843,132,2085.290359
921.060484,168,2085.710608
942.263038,179,2086.177105
756.925522,152,2086.616156
575.587375,129,2086.95141
689.810126,154,2088.027126
859.622898,178,2089.989128
1253.474913,250,2090.643741
685.717701,135,2091.000685
1195.445837,211,2091.561875
614.956376,116,2091.887247
1066.848105,212,2093.061037
441.45802,103,2093.331817
522.664237,102,2093.596691
727.791901,155,2093.997968
654.756342,133,2094.343765
436.946429,102,2094.616083
847.45915,164,2095.050579
644.161657,145,2095.454458
827.023133,155,2096.39471
1214.758747,230,2096.96573
650.262492,125,2097.279442
537.309696,104,2097.538207
837.635699,167,2099.551775
860.802863,163,2099.97215
711.227379,138,2100.944773
728.713019,143,2101.341897
698.889877,136,2101.732074
1007.906222,195,2102.228491
798.389557,151,2102.629692
730.825229,146,2102.981172
763.169176,150,2103.364598
896.93532,184,2104.476384
716.983892,131,2104.811465
794.257894,149,2105.210633
812.13327,181,2105.676946
996.247201,199,2106.21096
687.534266,148,2106.615783
786.244583,137,2107.553948
907.233885,163,2109.481089
1149.628867,219,2110.062694
801.318247,178,2110.543757
1341.886331,263,2111.268372
885.711654,164,2112.407569
635.345157,127,2112.745316
659.971693,135,2113.078994
706.410928,138,2113.421743
553.642141,119,2113.720797
751.496142,139,2114.067685
1017.264545,180,2114.527106
743.537733,142,2114.903573
870.454525,157,2115.990162
804.00692,150,2116.362514
554.439162,122,2116.680266
856.397339,187,2118.670674
569.725511,112,2119.031352
1153.607001,211,2119.597272
614.027344,107,2120.447034
686.612554,147,2120.821064
834.178367,151,2121.217581
661.016402,124,2121.53654
618.30976,110,2121.826189
527.610104,97,2122.094589
698.573856,152,2122.511855
576.829482,114,2122.826294
582.536901,132,2123.820058
521.217928,118,2124.125232
808.97321,152,2124.528582
1811.070813,335,2125.399419
648.356407,120,2125.704138
1017.616861,196,2126.25066
635.606263,139,2129.057392
1164.509703,212,2129.612017
791.268661,151,2130.005559
1463.111804,250,2130.655576
602.778387,112,2130.995485
741.495416,139,2131.364479
1038.037285,204,2132.413306
1441.116057,265,2133.082625
700.526963,133,2133.4303
847.467557,174,2133.903829
834.862335,177,2134.447734
659.036088,144,2134.814762
535.241664,100,2135.575397
808.271429,156,2135.970635
840.402048,166,2136.415357
682.8219,154,2138.958229
757.264323,133,2139.301354
962.036548,187,2139.794854
690.318796,126,2140.135894
1261.846717,236,2141.331478
591.911484,120,2141.64445
722.779573,145,2142.019771
962.36974,205,2142.561726
718.508165,129,2142.909711
969.507208,172,2143.375571
779.126346,149,2144.388719
756.575457,153,2144.783779
780.322225,161,2145.200604
776.686032,143,2145.563625
999.930408,196,2146.133147
650.080157,123,2146.449815
945.597722,176,2149.029782
514.573393,98,2149.324027
809.944913,168,2149.765415
675.550761,131,2150.110958
1088.651082,217,2150.671929
688.304604,127,2150.983977
783.957987,159,2151.386603
1590.819816,296,2152.805949
546.584031,121,2153.134351
436.095387,97,2153.403377
681.025619,141,2153.774498
763.949333,149,2154.172937
828.703455,159,2154.573781
713.547396,138,2154.94953
1192.328412,222,2156.119039
1402.580909,262,2158.518315
818.835879,156,2158.934368
871.049217,178,2159.419287
481.980062,93,2159.673269
1058.732324,222,2160.866472
983.581692,179,2161.326344
794.815104,158,2161.737142
1122.938094,222,2162.309781
1428.279258,259,2162.984992
595.29666,131,2163.325982
543.91142,105,2164.216241
867.113325,163,2164.634722
1067.741036,238,2165.257927
509.905807,111,2165.540922
726.792101,139,2167.88044
518.624145,108,2168.149684
917.525739,177,2169.103492
1156.582466,210,2169.644569
668.699244,124,2169.969382
742.267887,139,2170.334444
1028.70364,190,2170.839765
1002.483565,197,2171.400074
918.28643,172,2172.453543
703.692107,134,2172.795236
739.615323,139,2173.156229
537.310313,109,2173.445011
718.399423,143,2173.821332
829.608364,147,2174.203372
667.38415,136,2174.571637
584.198208,128,2174.923422
496.643474,93,2175.75802
672.961387,131,2176.086836
481.936549,92,2178.123142
650.766277,130,2178.456733
1020.791799,194,2178.939837
1414.713217,289,2179.674279
577.047006,114,2179.969959
826.272858,156,2180.988489
598.763404,116,2181.293624
1492.091747,280,2182.00203
722.897679,136,2182.333362
634.28411,120,2182.647662
552.623691,127,2182.983668
1081.182818,206,2184.115001
1173.415253,209,2184.653814
691.045766,131,2184.99182
591.109811,114,2185.291159
714.449537,146,2187.90269
644.080822,127,2188.243331
1437.228231,283,2189.626733
612.825845,120,2189.954714
651.097324,136,2190.307259
637.705884,119,2190.604591
1008.251848,198,2191.129371
848.373321,173,2191.597214
1017.748143,197,2192.132141
711.829616,131,2193.06444
500.027725,110,2193.384833
664.909176,125,2193.74385
659.200345,147,2194.106527
1031.550877,194,2194.617399
1500.362219,281,2195.343643
1217.619422,220,2198.174309
775.362006,172,2198.606157
1480.956049,273,2199.349034
888.032865,167,2199.811202
743.71616,138,2200.236733
754.482966,147,2201.141172
765.544772,153,2201.544142
754.26357,140,2201.909376
802.622098,148,2202.2953
673.921262,134,2202.64118
1081.646778,208,2203.199302
948.753623,177,2203.684396
665.924025,117,2204.587204
1052.308641,219,2205.150453
543.017107,102,2205.411896
608.589524,116,2207.410919
657.102827,128,2207.74482
818.341149,140,2208.10266
560.836171,107,2208.384207
873.807959,165,2209.385038
886.032968,175,2209.841823
1100.044961,232,2210.449457
595.478288,112,2210.739554
586.842166,114,2211.032661
664.487603,135,2211.387484
594.215596,115,2211.69316
917.16758,192,2212.910574
913.257758,173,2213.349045
984.627515,181,2213.823226
867.627859,161,2214.239842
863.876842,179,2214.695529
947.524214,175,2215.161942
552.810306,113,2217.874403
589.97501,108,2218.143208
935.447643,164,2218.558301
1013.167273,196,2219.068505
596.065696,113,2219.358919
811.121858,148,2219.748085
648.860463,121,2220.077122
774.066997,145,2221.122683
704.277707,141,2221.490858
957.537544,169,2221.9243
868.099463,187,2222.40675
760.070458,139,2222.770678
1752.294734,305,2223.593146
1033.748373,224,2224.865759
1245.944627,240,2227.120974
727.71203,138,2227.51424
872.144178,185,2227.990214
893.204107,186,2228.458275
470.154858,96,2228.699156
994.15293,182,2229.690214
705.70337,137,2230.030335
850.12804,159,2230.49501
1016.037941,201,2231.0272
660.591042,125,2231.3374
1006.235238,198,2231.835504
1008.309878,189,2232.836188
605.859044,122,2233.142182
831.379233,168,2233.612165
589.604941,108,2233.93279
753.917149,152,2234.317826
821.839937,153,2236.82811
698.510096,133,2237.177958
1063.103516,208,2238.304548
771.03287,154,2238.713395
1170.276744,234,2239.328249
555.085954,121,2239.65344
641.284626,115,2239.967312
778.285429,149,2240.375413
1011.166163,171,2241.404429
898.061959,160,2241.811278
857.918749,161,2242.236679
1069.466758,202,2242.762112
961.540975,200,2243.299675
643.831839,128,2243.647264
844.928144,176,2244.728782
601.35929,127,2245.04611
970.472857,184,2247.552577
1012.802894,191,2248.044921
900.038993,174,2248.491567
663.845276,135,2248.840822
977.331993,202,2249.95949
327.95324,78,2250.184632
910.46992,196,2250.714714
1111.151704,212,2251.258153
825.031149,157,2251.664969
860.639352,165,2252.093107
1088.666125,204,2253.223645
1122.19232,225,2253.805079
1542.758509,298,2254.590944
869.901713,185,2256.968004
657.828049,132,2257.309764
687.311902,137,2258.331887
1191.519412,231,2258.927671
624.826254,130,2259.267831
574.053743,116,2259.56527
617.581361,141,2259.925119
546.1442,122,2260.26353
742.322924,139,2260.635362
823.08817,180,2261.767282
759.953468,152,2262.161625
612.275907,114,2262.454585
828.38158,153,2262.845152
575.455016,110,2263.12553
804.165762,149,2263.557647
771.298564,136,2263.920475
610.457421,117,2264.227953
465.063263,102,2265.134413
1124.949043,234,2267.532047
996.103568,185,2267.999815
985.305775,186,2268.471407
1110.607645,203,2268.99928
919.968619,170,2270.070188
591.779136,106,2270.383121
880.948963,173,2270.829947
756.131171,151,2271.229919
510.605294,98,2271.483898
655.256952,118,2271.786812
621.594429,120,2272.090069
871.196105,171,2272.544544
907.999377,192,2273.737066
1171.148715,238,2274.359663
612.762123,135,2274.711006
1451.27131,278,2277.32624
901.741636,161,2277.769245
459.862475,103,2278.613361
1552.11653,287,2279.343211
786.422101,148,2279.730659
849.265182,167,2280.156039
889.742743,172,2280.601263
615.416268,118,2280.918257
1137.617911,193,2282.079631
860.542603,167,2282.499781
1116.162306,207,2283.017302
713.826553,153,2283.443988
994.004332,177,2283.941061
1153.46116,227,2284.52038
611.094004,139,2287.053979
739.09264,137,2287.40102
642.646931,144,2287.763978
807.793419,159,2288.163515
862.763934,161,2288.583805
621.234071,126,2288.929069
1610.328042,301,2290.334677
613.292378,125,2290.660598
537.764521,108,2290.94286
658.840632,133,2291.294208
653.67437,134,2291.637018
1103.387243,217,2292.211144
718.240669,131,2292.560942
767.329118,143,2293.520651
1374.928422,248,2294.156492
1197.643597,223,2296.667771
658.523791,140,2297.055284
788.216556,157,2297.463201
949.101745,177,2298.48877
852.816678,165,2298.913747
847.261246,154,2299.354815
500.364908,103,2299.629334
838.41791,157,2300.033327
674.976686,124,2300.345953
764.001227,168,2300.771834
618.087212,129,2301.095645
670.838938,135,2301.977775
2407.765508,452,2303.239862
1237.083384,253,2303.884638
798.22894,149,2306.014287
817.895555,158,2307.018813
901.067493,167,2307.445467
1245.68524,236,2308.045758
1437.83238,275,2308.768688
481.299593,103,2309.043817
664.154066,126,2309.378668
717.643499,163,2310.415085
1180.741279,229,2310.996469
653.913909,120,2311.301201
897.471459,186,2311.775034
738.919856,160,2312.219064
814.573363,157,2312.642635
580.276065,113,2313.536424
1061.633899,203,2314.086188
967.11858,189,2316.19238
731.002339,147,2316.567245
931.993361,183,2317.043633
503.246118,108,2317.336438
685.301964,129,2318.371457
837.719817,163,2318.797013
943.926376,189,2319.286185
741.005975,145,2319.654095
825.002114,153,2320.024937
985.357906,209,2320.555434
769.848322,158,2321.643443
1182.650468,219,2322.204892
598.732406,114,2322.490708
983.000622,182,2322.93496
719.417363,164,2323.357606
592.613453,124,2325.594133
1130.14371,201,2326.656302
533.964453,109,2326.93275
893.22796,171,2327.362797
793.135345,149,2327.74169
846.837728,167,2328.183818
970.14738,178,2328.648662
922.217732,189,2329.154585
660.128054,127,2330.038097
567.725692,104,2330.29997
814.371851,151,2330.675555
723.536273,143,2331.032212
509.792222,94,2331.270359
689.938019,126,2331.589271
728.598046,143,2331.954297
1048.750406,214,2333.024705
708.733835,135,2333.364876
1124.291835,216,2335.449804
771.347886,155,2335.836691
1591.953686,297,2336.61461
594.445479,117,2336.975398
829.292443,164,2337.93851
686.881578,153,2338.323564
868.426035,161,2338.722727
1004.928764,187,2339.193313
701.717714,137,2339.530377
593.914425,127,2339.865576
849.540936,152,2340.274293
953.339459,187,2341.327684
877.538908,165,2341.75281
960.069979,182,2342.212209
689.681418,132,2342.541603
961.645855,177,2344.705173
1042.293546,199,2345.224562
817.36277,157,2346.281379
657.393159,128,2346.60187
869.802396,154,2346.986559
731.321498,161,2347.396311
672.951886,139,2347.747292
1237.535206,238,2348.38378
873.887305,166,2349.566415
533.789397,110,2349.837048
680.607227,149,2350.209065
648.728498,137,2350.549868
937.85949,183,2351.012399
522.71529,96,2351.266112
848.178957,175,2351.714242
619.562296,114,2352.650475
715.753739,144,2354.349845
686.988541,126,2354.662705
547.807105,115,2354.952036
530.775828,106,2355.236123
475.56939,96,2355.500394
579.151734,115,2355.865862
521.825495,116,2356.172346
1053.168932,190,2357.304419
763.352379,142,2357.686378
730.407983,144,2358.059206
667.177652,128,2358.390766
654.375471,125,2358.711995
839.822222,161,2359.138825
869.240892,186,2359.641543
931.214003,188,2360.703459
803.187457,164,2361.130145
976.397156,183,2361.597261
642.91774,131,2361.933488
779.058006,147,2364.15496
769.487792,149,2364.53177
632.068009,121,2364.835954
749.735114,149,2365.839764
1042.068359,189,2366.330144
866.507425,168,2366.754944
829.422351,174,2367.208873
1008.130791,202,2367.719443
658.360828,130,2368.062239
1042.748108,193,2369.276667
715.042718,140,2369.635376
554.690211,123,2369.955648
1060.002873,196,2370.429674
679.769721,145,2370.792655
553.969724,104,2371.077002
666.535807,130,2371.455312
447.832699,84,2373.791147
552.13113,106,2374.054384
638.925756,135,2374.400928
1029.274579,191,2374.883969
806.284347,164,2375.306199
1010.968169,183,2375.789657
1166.848324,214,2376.961394
440.41443,82,2377.169788
769.729503,157,2377.573
719.764602,136,2377.917229
1081.420583,211,2378.460538
829.453948,157,2378.861801
909.685028,169,2379.314977
971.334628,184,2380.361466
670.299951,143,2380.730521
786.317805,179,2381.193674
709.783476,150,2383.302346
737.331322,155,2383.750906
963.344382,187,2384.233779
832.830538,153,2385.105012
917.659804,177,2385.541205
944.897289,169,2385.963151
806.502443,147,2386.333018
1037.603328,200,2386.883519
740.066289,162,2387.318157
1031.857356,193,2388.307722
692.64751,128,2388.635027
1060.781516,215,2389.165046
952.807838,200,2389.663371
661.818124,131,2390.029029
931.548558,205,2392.362732
730.545297,139,2393.261889
853.682529,166,2393.684995
457.466771,91,2393.916957
871.067036,169,2394.355784
844.365307,150,2394.731178
884.585709,179,2395.196205
749.175314,155,2395.609718
579.25253,105,2396.454129
850.44075,181,2396.916028
686.922488,130,2397.244118
832.088677,156,2397.639753
942.313588,193,2398.129958
884.671885,184,2398.616104
585.062111,111,2398.909203
682.20216,136,2399.824776
859.589136,160,2400.226724
852.066976,162,2402.282769
779.555895,147,2402.744279
614.704844,116,2403.041121
636.938995,123,2403.352647
802.052912,172,2403.789587
873.077519,165,2404.695796
592.153526,114,2404.991657
1384.655253,266,2405.689385
737.123795,139,2406.083956
701.343905,137,2406.42494
550.425359,106,2406.685301
951.608602,206,2407.697896
751.763872,141,2408.053975
694.169101,135,2408.394897
1414.509313,266,2409.067466
1169.94305,237,2411.491207
762.936506,141,2411.848109
615.689585,115,2412.684592
1355.690125,263,2413.351651
1249.516382,254,2414.016509
962.919103,204,2414.550551
679.160248,135,2414.911485
703.010629,135,2415.839005
1283.529948,255,2416.488198
549.099185,110,2416.773419
672.432746,130,2417.107335
579.748486,130,2417.438725
525.630306,102,2417.694098
823.336836,157,2418.11448
1196.629996,219,2419.354525
681.083092,146,2421.389244
672.823772,126,2421.732115
658.072677,128,2422.129224
734.646311,132,2422.47893
930.067455,174,2422.909893
741.217047,138,2423.247296
551.266083,121,2424.032654
608.948963,128,2424.349072
881.856192,173,2424.781116
527.940173,108,2425.067878
776.184782,147,2425.509598
744.554686,132,2425.831464
1123.848786,220,2426.39151
946.145142,182,2427.427755
894.675429,198,2427.943746
743.597564,138,2428.293743
860.911159,164,2428.710643
1107.460221,215,2431.100171
850.690265,157,2431.497515
796.131003,162,2432.552626
745.457659,145,2432.919847
1101.321779,207,2433.438227
727.999419,137,2433.788612
889.283165,168,2434.227322
554.678597,102,2434.504453
714.733914,141,2435.540998
652.122079,128,2435.858005
769.594995,150,2436.223821
675.91229,147,2436.585666
639.16577,122,2436.893666
935.138167,175,2437.399854
886.146633,190,2437.868351
879.718479,167,2438.945059
1034.286794,193,2440.922398
839.279833,153,2441.299541
945.080463,177,2441.740947
1693.630694,329,2442.584964
933.732012,176,2443.712429
862.357204,168,2444.138261
645.639265,126,2444.458709
688.705888,132,2444.788244
688.748693,128,2445.108912
875.076565,163,2445.544441
775.977986,164,2445.987708
948.818458,188,2447.137685
1618.399918,303,2447.908266
919.938825,175,2450.314369
950.543639,192,2450.808058
993.288544,184,2451.287248
522.530418,96,2452.167849
886.687934,173,2452.59354
575.279439,118,2452.940736
929.022164,184,2453.415496
667.06467,122,2453.714207
739.292566,139,2454.065282
836.169249,157,2454.454149
876.767057,162,2455.519699
814.913017,150,2455.897375
782.893718,153,2456.332081
506.386265,114,2456.633394
966.863198,192,2457.104747
951.932326,191,2457.579737
936.156283,193,2460.509834
715.254047,151,2460.887415
1092.284536,201,2461.398594
885.635111,170,2461.837788
1167.181618,220,2462.408842
768.303685,135,2462.773113
680.351302,133,2463.789074
601.058634,119,2464.091029
743.607946,141,2464.470372
960.633982,173,2464.911386
770.495726,149,2465.298445
468.158488,93,2465.535066
507.263519,106,2465.821418
1795.204187,345,2467.397279
478.185273,88,2467.620045
566.759713,127,2467.951688
804.025769,163,2470.117694
897.826287,171,2470.561868
580.828792,103,2470.844574
634.844828,132,2471.21334
620.663996,125,2472.181237
933.59693,169,2472.705871
1063.956913,226,2473.286535
989.268367,196,2473.788713
620.748613,129,2474.129819
954.321259,180,2474.606073
710.831526,134,2475.528727
453.305791,96,2475.819131
610.349045,125,2476.182685
519.020951,104,2476.448325
512.991722,98,2476.701128
877.817261,159,2477.103203
725.102102,137,2477.453098
1029.794206,208,2479.766184
974.673397,179,2480.810429
879.559032,167,2481.241036
804.858884,155,2481.641493
791.771938,158,2482.04867
712.165079,149,2482.439863
720.674858,165,2482.886849
904.579882,171,2483.980538
587.306784,127,2484.330611
948.684842,209,2484.871241
1036.602617,211,2485.409225
751.599443,145,2485.786684
990.959928,217,2486.366453
1496.484184,282,2487.596611
752.675914,155,2489.668791
1234.379308,243,2490.285781
769.331428,140,2490.643946
1291.1397,248,2491.355861
689.415878,135,2492.376853
593.179073,115,2492.658228
736.950118,149,2493.023353
878.340184,168,2493.448498
880.859309,166,2493.861427
609.37509,136,2494.228575
1562.705614,293,2495.692732
905.088657,174,2496.135788
970.609478,188,2496.621545
873.040194,163,2497.038746
815.094416,166,2499.183769
789.750068,143,2499.548224
506.151089,115,2500.409812
570.506803,115,2500.715114
844.891248,184,2501.188525
934.902496,185,2501.65948
766.860769,140,2502.019996
1103.035268,211,2502.590761
764.492605,143,2502.968692
690.502839,153,2503.927645
1030.299661,210,2504.556886
683.865042,128,2504.874761
945.380879,175,2505.303447
855.274817,165,2505.713037
1005.952827,183,2506.187591
491.865597,113,2507.040006
980.019591,196,2509.27016
768.261922,147,2509.650263
736.277098,166,2510.095458
600.008261,131,2510.450353
500.5417,112,2510.81034
1166.38985,233,2512.095008
776.120438,165,2512.531003
791.486637,149,2512.912743
935.038556,186,2513.390268
778.247411,160,2513.799105
941.992036,178,2514.27205
500.732062,100,2514.53368
746.020229,139,2515.564034
509.217794,96,2515.808401
652.810069,117,2516.10439
558.592488,103,2516.366613
920.938428,157,2516.765312
953.602269,177,2519.161389
851.256305,164,2519.586632
613.730534,130,2520.486278
598.129489,120,2520.798692
522.219831,99,2521.043339
1064.547177,203,2521.563948
726.287704,148,2521.938761
834.626314,163,2522.367897
668.270548,127,2522.754502
715.068374,150,2523.880452
841.588235,161,2524.274778
854.831373,175,2524.715455
1056.869367,190,2525.179629
913.542481,174,2525.613394
838.439219,153,2526.052697
760.818051,135,2526.439184
1086.122051,208,2529.108869
628.259695,116,2529.430342
1021.513876,198,2529.975613
974.061458,185,2530.470025
704.352077,131,2530.821794
790.813075,158,2531.258904
659.420635,124,2532.25553
939.608921,175,2532.694674
1132.740684,220,2533.25107
1076.02316,217,2533.815706
775.386617,161,2534.256544
567.977861,125,2534.605048
1012.427644,191,2535.776987
1062.841337,217,2536.349133
828.255698,162,2538.768202
1020.320452,179,2539.22208
663.012664,126,2539.538424
1040.880285,183,2540.057576
791.009156,133,2540.993399
892.073504,170,2541.428737
947.6789,186,2541.90409
606.861813,117,2542.198341
1067.244581,200,2542.707542
757.392651,158,2543.152335
550.830605,126,2544.211385
875.60662,163,2544.616047
622.659818,140,2544.963634
830.100415,156,2545.353924
772.019421,162,2545.774216
906.658156,172,2546.230686
1061.918125,224,2549.120165
649.442135,135,2549.465726
533.409476,121,2549.774037
716.159022,132,2550.108579
788.039982,149,2550.493283
1034.065334,194,2550.999237
811.523666,162,2551.440838
722.965767,159,2552.437558
1006.690212,220,2552.997547
522.204096,98,2553.246848
620.230781,124,2553.565864
725.830328,131,2553.895087
537.465303,98,2554.145755
978.506964,191,2554.655494
789.747682,142,2555.597464
675.82383,149,2555.982518
521.792516,114,2556.283815
640.34677,137,2558.27227
611.15173,114,2558.556901
840.064207,161,2558.975855
1109.54179,222,2559.564416
1098.54931,207,2560.733332
1471.923644,283,2561.442136
919.114363,174,2561.879768
1088.21767,198,2562.38124
987.881888,199,2562.905815
1111.085951,213,2564.176592
727.863746,153,2564.569572
604.579533,135,2564.908588
967.641797,181,2565.362539
1078.156324,212,2567.564
847.203396,162,2567.980989
894.908854,170,2569.07346
1073.10537,203,2569.59122
576.605108,122,2569.902821
935.662678,180,2570.373963
889.112387,185,2570.883714
1467.785475,286,2572.316887
837.000179,152,2572.712703
685.19205,131,2573.048107
1194.007783,228,2573.637396
1090.193039,226,2574.230879
1018.529557,188,2575.400645
693.531951,139,2575.760715
1259.308805,256,2577.921093
779.742204,148,2578.304915
662.619339,138,2578.650655
936.558574,178,2579.092041
711.689408,146,2579.456743
1061.539131,198,2580.588808
1149.958559,245,2581.242558
716.105246,143,2581.596831
1135.632117,212,2582.117435
912.395786,182,2582.574809
947.605613,180,2583.569642
633.402094,131,2583.938847
750.20077,136,2584.307213
651.545205,125,2584.616627
544.821622,121,2584.923451
363.332521,88,2586.812796
443.914862,100,2587.074917
600.559386,133,2587.423158
595.098159,113,2588.332429
889.630715,158,2588.726081
801.745928,161,2589.139726
853.645198,178,2589.597248
583.627404,121,2589.905868
618.794763,136,2590.275
377.373678,87,2590.512031
753.124775,141,2591.565391
878.111143,168,2591.998628
575.045559,106,2592.266515
631.48902,140,2592.632893
1049.732307,219,2593.204483
768.278141,157,2593.628185
738.864236,144,2594.00999
824.681438,179,2595.117558
561.881482,104,2597.059425
742.429612,141,2597.448908
778.232591,142,2597.794248
1458.704128,278,2598.465242
606.490742,121,2598.771196
1004.077006,188,2599.754583
711.09636,132,2600.099758
1370.207245,272,2600.827418
444.922017,99,2601.074214
464.577223,89,2601.291663
827.175624,160,2601.685159
634.091015,121,2601.991302
672.016138,125,2602.859697
760.845663,149,2603.239414
1532.427995,292,2603.980644
1201.755651,218,2606.224322
467.015704,87,2606.44729
810.806992,157,2606.856072
1104.691354,211,2607.938054
1010.617963,192,2608.423947
475.101724,107,2608.700377
1003.444492,193,2609.181469
652.674936,124,2609.503078
669.65482,125,2609.838238
848.943229,175,2610.970378
495.384166,113,2611.264861
949.708905,176,2611.741294
925.244665,170,2612.168526
1042.613414,186,2612.637982
608.046589,115,2612.926382
829.032378,179,2613.442384
440.303475,99,2614.390932
1225.460358,214,2616.38628
765.757291,155,2616.862909
757.034777,160,2617.288511
1172.705677,225,2617.847359
619.199213,136,2618.191835
951.1088,181,2619.275336
539.537626,123,2619.588914
739.105892,136,2619.932218
1107.498584,203,2620.458201
628.257306,122,2620.770206
768.019687,151,2621.169765
800.79184,161,2621.602376
1186.736866,233,2622.89932
748.088166,142,2623.266168
364.482532,83,2623.480972
659.86548,121,2625.532665
726.928066,148,2625.911495
661.625976,143,2626.285888
1017.210967,192,2626.786803
652.43268,132,2627.790344
771.785774,145,2628.155114
713.960576,142,2628.511741
1034.946174,189,2629.013901
819.601239,150,2629.431308
690.514522,126,2629.732027
562.584835,127,2630.045568
873.543563,170,2631.139421
1008.352717,184,2631.596044
871.873648,180,2632.055865
588.058206,133,2632.456148
635.730098,126,2632.771959
688.53809,149,2633.138659
676.768989,149,2635.664623
1199.301904,230,2636.253731
455.855538,100,2636.508959
735.130117,149,2636.873797
679.853729,146,2637.25295
854.792401,161,2637.667522
1357.536194,254,2639.015507
1112.48021,194,2639.510401
1322.282468,252,2640.147787
405.495079,81,2640.350419
1018.875927,191,2640.848048
826.053835,150,2641.24743
669.3473,139,2642.291611
464.140045,90,2642.517781
1239.070178,237,2643.117323
815.603064,154,2645.313395
802.239032,142,2645.678445
767.372625,152,2646.060289
683.391043,128,2646.395374
549.216141,98,2647.241502
584.615366,117,2647.524111
1181.00363,215,2648.044452
923.414281,171,2648.474071
722.716528,136,2648.876911
621.22101,115,2649.185002
524.930225,103,2649.437042
932.542059,172,2650.369273
791.636137,164,2650.772127
972.551573,195,2651.264902
840.256129,178,2651.706728
679.279603,122,2652.037035
1142.248536,215,2654.007229
601.945821,112,2654.286295
614.003883,124,2655.120372
857.458135,157,2655.511948
538.323898,119,2655.820563
644.229419,133,2656.163387
968.906247,183,2656.630772
1349.368824,255,2657.311705
708.876104,152,2658.377286
663.770819,129,2658.707942
756.589928,165,2659.128076
818.53441,153,2659.512742
1055.566588,215,2660.060398
737.554047,139,2660.419627
518.07435,100,2660.673386
770.092832,146,2661.745584
611.32114,118,2662.055493
1112.427954,204,2664.365065
688.352776,149,2664.750015
1374.480964,285,2665.524525
1157.998753,216,2666.721706
744.82425,163,2667.132275
741.485991,137,2667.468774
993.176359,189,2667.943813
1059.603016,202,2668.507285
1115.117486,200,2669.006229
438.953462,102,2669.763793
633.188656,118,2670.051363
842.674947,162,2670.439602
699.395611,129,2670.767626
704.575747,147,2671.148058
804.098474,149,2673.108742
1123.825212,214,2673.655864
519.869161,116,2674.516638
1545.556392,300,2675.280949
519.130217,98,2675.525779
452.781679,86,2675.741712
1053.425969,204,2676.252508
785.954504,156,2676.683809
682.632689,127,2677.023533
628.958592,136,2677.936163
766.346245,139,2678.293038
732.859299,152,2678.682429
827.621824,154,2679.066882
631.568648,116,2679.360635
980.557551,193,2679.874268
728.25037,135,2680.230447
977.278829,178,2682.929943
771.349999,140,2683.281626
644.857341,120,2683.589717
803.901636,146,2683.966752
588.640305,112,2684.237753
753.370786,142,2684.617683
591.199113,114,2684.941787
980.625085,183,2686.130499
931.734356,173,2686.548774
948.199705,190,2687.025887
1019.198236,183,2687.486262
606.307439,110,2687.758003
764.836119,142,2688.163844
835.494742,159,2689.28751
1513.502107,291,2690.10871
538.293919,109,2690.416012
771.667271,148,2690.792376
510.208129,98,2692.910872
716.689959,143,2693.294451
984.912234,212,2693.87881
588.654769,132,2694.850388
649.333904,141,2695.22095
683.078146,134,2695.580797
1248.598334,232,2696.195315
668.331945,122,2696.522378
586.997797,114,2696.835808
762.542686,141,2697.236585
807.268694,146,2698.246982
683.531763,124,2698.565718
1247.020558,236,2699.183018
913.279114,187,2699.677747
839.963385,158,2700.126897
925.624702,183,2701.201521
876.025876,188,2703.391562
971.165724,196,2703.884291
498.356385,91,2704.105535
823.940315,170,2704.547624
659.452217,120,2704.866458
926.36042,182,2705.355891
872.568267,168,2706.539115
838.528471,160,2706.945788
1269.484683,229,2707.50966
655.721057,133,2707.836885
669.891634,126,2708.14593
1094.471533,204,2708.677246
1148.509578,217,2709.92681
540.611132,99,2710.175809
811.982691,151,2710.564587
818.7234,178,2712.731343
893.0352,161,2713.162241
906.208891,190,2713.676451
1002.686041,191,2714.763821
696.347291,136,2715.114269
684.899119,135,2715.464764
684.075801,127,2715.783946
959.893598,184,2716.266044
840.805407,158,2716.681565
659.634966,127,2717.019334
855.549631,170,2718.028895
1266.55849,259,2718.694144
623.314531,120,2719.008087
1088.747907,220,2719.567445
756.864483,150,2719.973951
700.254276,133,2721.839446
982.72761,189,2722.804757
995.727575,199,2723.325547
1283.941312,274,2724.022839
604.029987,113,2724.29692
746.952225,145,2724.692686
974.562328,185,2725.748908
1466.4558,283,2726.461173
712.229146,128,2726.788662
738.168293,153,2727.170776
728.936439,148,2727.553265
792.615704,146,2727.942568
1046.579788,217,2729.123927
1044.705486,205,2729.668439
818.989915,173,2731.909274
544.475356,114,2732.209658
883.65689,159,2732.627363
1025.384626,217,2733.204978
1008.801699,191,2734.370421
638.529096,120,2734.687533
567.486997,111,2734.965126
850.840018,159,2735.365326
697.378968,129,2735.69561
588.396071,117,2735.995811
981.490773,179,2736.469164
660.111757,122,2737.464812
1011.690611,201,2738.019348
644.604944,131,2738.344104
710.023296,141,2738.695309
1159.566219,200,2739.181202
722.267786,134,2741.157007
1330.924293,248,2742.389369
777.654392,152,2742.765965
818.99101,148,2743.131615
692.247324,149,2743.503868
1099.474416,207,2744.021411
1322.925164,249,2744.739356
534.780661,109,2745.659166
472.429552,100,2745.911915
1116.514122,195,2746.406517
1035.061349,214,2746.955879
904.345804,172,2747.396554
586.791259,106,2747.6704
1447.984294,257,2748.910198
655.841568,133,2749.244343
753.678957,143,2751.255469
1361.160287,273,2751.959825
687.159246,136,2752.323563
951.604668,175,2752.789595
524.483481,111,2753.739146
843.857565,165,2754.14783
693.351828,127,2754.464795
927.751236,190,2754.945054
751.66933,147,2755.308484
740.933351,136,2755.651721
1383.34335,256,2757.054652
824.5859,146,2757.430137
817.852831,150,2757.805301
621.22978,115,2758.094179
864.287819,169,2758.510489
534.930799,104,2760.455635
678.138268,127,2760.770095
666.474465,129,2761.099365
584.361183,121,2762.041415
793.86975,166,2762.474128
1015.138099,173,2762.915701
754.149253,151,2763.307429
1316.942558,261,2763.988975
924.645327,174,2764.451459
849.112428,160,2765.519129
1029.046781,221,2766.101351
764.433272,150,2766.481704
1065.64347,197,2766.980419
489.674959,106,2767.254558
963.892676,178,2767.725241
577.188637,117,2768.708607
1068.599559,202,2771.01056
545.396817,103,2771.271883
588.568598,112,2771.574794
728.46321,141,2771.962049
991.63835,183,2772.457051
1241.132351,245,2773.740399
560.333648,109,2774.051732
650.217847,126,2774.396739
741.572957,143,2774.7583
730.734269,136,2775.101491
739.221781,156,2775.483614
666.017561,123,2775.790795
1009.526902,187,2776.262241
670.317559,127,2777.135752
649.492829,120,2777.504477
601.550324,128,2777.850923
998.649292,199,2779.901547
710.837351,137,2780.26504
784.286181,147,2780.66098
801.733191,151,2781.057018
655.891746,126,2782.016001
902.711366,166,2782.455676
1102.769021,203,2782.969597
674.879127,131,2783.311296
890.734386,188,2783.806879
1013.79186,207,2784.363537
817.797003,157,2785.432304
725.347175,159,2785.836597
814.406846,150,2786.212486
836.664495,159,2786.613642
801.729301,156,2787.006445
627.687447,140,2787.383626
956.037886,185,2790.035326
859.684199,169,2790.463812
956.504717,197,2790.993321
912.337371,195,2791.52924
555.193575,123,2791.844547
592.342495,132,2792.167455
901.744214,182,2793.292642
902.607008,184,2793.76966
1164.885444,214,2794.371057
619.407365,116,2794.687528
990.31599,199,2795.199017
866.368347,165,2795.601914
809.632348,148,2796.460066
694.421747,132,2796.801641
811.384503,157,2797.183558
949.741385,188,2799.264812
629.053874,122,2799.5726
921.813399,174,2800.020177
616.178716,113,2800.317442
1195.909239,225,2801.579647
541.899152,114,2801.865152
562.213205,121,2802.169718
1259.187596,234,2802.757548
931.96669,168,2803.191181
820.029911,159,2803.609601
1655.346557,320,2805.140778
675.63468,129,2805.467679
605.580574,122,2805.782603
589.620086,117,2806.080653
630.000281,125,2806.396587
879.643207,174,2806.866429
589.77471,113,2809.052781
743.625479,145,2810.078707
641.272667,120,2810.375834
741.905367,142,2810.726668
836.264498,158,2811.136358
978.144753,190,2811.672225
808.161818,146,2812.037511
718.814077,133,2812.364583
835.361382,155,2813.405536
640.579184,130,2813.721492
1347.698127,252,2814.378858
834.756621,149,2814.803864
954.542731,173,2815.23702
768.970914,154,2815.622145
593.670576,111,2816.550266
972.29374,197,2817.045058
924.68657,176,2819.243122
1175.004066,212,2819.792214
1230.242493,237,2820.406736
894.500177,173,2821.436424
787.923392,144,2821.801394
633.927747,128,2822.126637
932.094679,174,2822.566893
728.412177,143,2822.936462
949.907189,173,2823.384178
899.364625,180,2823.866083
523.384194,107,2824.710498
739.035667,145,2825.073755
822.278344,149,2825.44686
1051.332151,192,2825.936143
807.851719,159,2826.334142
551.37862,122,2828.252848
533.387728,102,2828.498194
1124.947697,223,2829.547297
698.122761,126,2829.853192
525.448447,115,2830.142719
643.313765,121,2830.445983
1406.307042,294,2831.268111
591.599845,115,2831.550539
767.473578,145,2832.413246
715.301274,130,2832.733907
895.61081,176,2833.190147
698.581894,132,2833.509232
645.273298,129,2833.836835
714.911571,135,2834.211904
904.218184,179,2834.693845
1176.915555,212,2835.761396
994.325403,192,2837.922627
764.289191,153,2838.314065
838.759791,152,2838.69864
615.931965,113,2838.991208
525.605222,102,2839.25826
833.6015,152,2839.659625
586.700272,106,2840.605356
775.427569,158,2841.007065
851.752415,160,2841.415108
906.481085,168,2841.849954
808.55539,148,2842.225463
510.173664,98,2842.478556
423.22515,99,2842.747183
765.127749,140,2843.119223
565.26338,119,2843.993932
742.997477,136,2844.331342
704.739185,148,2844.712163
702.331701,129,2845.038262
527.286663,96,2845.277528
777.420706,153,2847.048093
797.137836,148,2847.467821
654.245128,128,2848.371787
1130.077485,211,2848.890478
746.031568,160,2849.297961
788.926609,150,2849.667777
828.333133,160,2850.063399
914.703857,172,2850.505978
784.069966,172,2851.579187
1182.275882,234,2852.15049
697.902467,151,2852.523549
669.780979,119,2852.815223
711.72615,127,2853.136989
513.206786,101,2853.388925
734.243597,142,2853.763051
808.474188,151,2854.731001
714.390968,136,2856.727428
852.941722,151,2857.11445
1545.846682,305,2857.912377
749.846027,140,2858.277732
1152.543933,216,2858.847798
503.898933,98,2859.78214
983.149046,182,2860.249204
505.786135,99,2860.510206
1174.068367,231,2861.093407
1411.095084,266,2861.78272
742.661375,138,2862.145598
1197.901703,227,2863.454696
1324.145932,274,2864.147428
1056.911862,207,2866.295342
576.583617,122,2866.60273
647.758298,123,2866.903305
594.492126,125,2867.226447
930.206642,182,2868.270605
809.531464,152,2868.677491
620.640896,117,2868.962706
900.617749,177,2869.399491
895.357692,164,2869.802521
756.847551,140,2870.164074
671.392793,121,2871.068792
891.285148,179,2871.558094
546.549512,119,2871.900458
532.017586,102,2872.152652
892.388481,162,2872.549858
761.363414,136,2872.910522
719.707824,150,2873.294774
1257.930628,238,2876.258435
732.93305,138,2876.602681
806.238566,159,2877.007084
668.865795,129,2877.335287
937.426896,180,2877.790988
1269.334682,243,2878.436632
708.106601,136,2879.372396
644.226619,125,2879.681691
699.646913,145,2880.045779
459.577536,105,2880.31455
590.194604,118,2880.613726
873.935691,162,2881.02732
1346.229688,251,2881.690021
865.724394,159,2882.675013
564.736402,112,2882.958592
987.036874,189,2883.418759
434.417351,99,2885.001097
651.890953,124,2885.373481
981.156286,181,2885.863055
627.803198,140,2886.213077
1088.736952,196,2887.216114
1021.163426,183,2887.669574
1033.46634,187,2888.137901
771.892462,161,2888.54054
968.224585,189,2889.079585
716.338506,127,2889.386645
550.117213,99,2890.171215
537.494327,119,2890.475657
540.592893,119,2890.774796
649.149241,143,2891.14689
550.827273,112,2891.438903
565.70239,107,2891.714536
735.487827,143,2892.078694
853.114029,161,2894.126287
886.406017,166,2895.10514
690.491212,134,2895.443167
797.465029,147,2895.815846
766.96896,144,2896.182821
741.133238,152,2896.573386
1121.999052,212,2897.126711
1188.164264,229,2898.38831
896.979495,162,2898.818302
718.758017,141,2899.201007
926.024638,177,2899.676051
779.878996,141,2900.047397
512.323084,111,2900.360419
891.006331,181,2900.858221
1315.450158,245,2902.205039
1288.218738,222,2904.094114
532.464287,119,2904.401911
573.347818,118,2904.730767
1346.45664,238,2905.422623
863.008225,165,2906.499487
672.100232,133,2906.836672
526.573438,95,2907.077732
628.293037,117,2907.36297
709.641776,134,2907.68886
703.779,138,2908.027441
768.8022,156,2908.499635
834.777394,176,2909.009937
734.4548,146,2910.126608
822.035522,163,2910.602453
792.108042,145,2911.0156
947.681207,174,2911.504952
634.60829,113,2911.82445
759.146151,134,2914.070371
1130.77159,215,2915.307647
576.330348,123,2915.635037
1121.872642,198,2916.184977
890.433007,155,2916.621001
790.511874,152,2917.068505
746.067813,136,2917.451508
704.003125,131,2917.83468
694.960186,136,2918.845164
736.567675,149,2919.219391
1444.673925,276,2919.93076
853.660814,161,2920.339881
826.809271,148,2920.735817
1057.813535,205,2921.286425
692.724198,133,2922.396511
1068.281104,199,2924.435629
543.96607,105,2924.710016
659.7651,130,2925.131552
688.940703,134,2925.504147
872.051342,162,2925.907183
561.010522,116,2926.213157
738.813074,141,2927.160666
661.531654,120,2927.479503
646.759623,126,2927.833043
1253.475394,233,2928.477826
639.967823,133,2928.833377
701.747668,137,2929.217301
853.537249,163,2929.681329
815.743517,178,2930.765733
1188.460467,220,2931.350249
729.819298,132,2931.693109
500.755098,99,2931.944652
633.282078,121,2933.957669
639.010951,136,2934.318629
668.796502,125,2934.650886
696.605617,128,2935.685489
706.125212,130,2936.017619
468.688522,109,2936.305566
993.195436,190,2936.796645
774.501649,141,2937.155525
823.388723,153,2937.545359
867.710118,159,2937.962646
785.209093,148,2939.043598
581.54797,114,2939.362049
1032.968501,190,2939.825994
543.839485,103,2940.070185
750.585353,147,2940.429987
639.962196,125,2940.734599
613.332538,132,2941.059315
625.112372,126,2941.389749
559.189861,114,2943.804784
737.383515,136,2944.140233
850.476814,163,2944.539582
953.863989,206,2945.079
775.794506,146,2945.449176
897.958158,173,2945.904817
605.767445,113,2946.193515
713.374556,135,2947.08759
721.719958,154,2947.474341
957.289939,176,2947.917599
538.33674,104,2948.191635
735.451155,132,2948.531357
819.193195,147,2948.932544
821.437599,164,2949.372085
524.33557,121,2950.304497
648.27543,118,2950.604753
725.398978,137,2950.966035
1009.270261,197,2953.100843
1095.263527,193,2953.582758
640.406485,128,2953.912148
758.003194,134,2954.256475
1109.814268,206,2955.461341
499.444742,110,2955.751528
797.439413,155,2956.157021
1047.328369,198,2956.726841
522.5159,111,2957.000128
887.39983,164,2957.403372
503.202655,91,2957.626756
639.083696,116,2958.571703
576.517352,114,2958.858643
658.687585,117,2959.143819
682.856213,139,2959.5082
759.796176,153,2959.948
711.686858,135,2960.275942
652.886122,121,2960.58054
653.348974,121,2962.364674
779.453642,144,2963.392624
671.555195,139,2963.728346
973.177254,183,2964.17809
732.448215,138,2964.522532
654.806173,127,2964.837682
653.670887,120,2965.146399
940.308904,195,2966.238459
1298.248115,259,2966.901196
1040.592097,201,2967.416388
708.021474,140,2967.771773
808.089806,164,2968.199539
686.08234,127,2968.541082
874.05397,169,2969.572052
841.643153,166,2970.007669
537.366366,97,2970.264595
934.728706,187,2972.406238
885.632805,171,2972.842665
994.002138,180,2973.319123
722.258984,154,2973.726356
635.365942,118,2974.634109
1064.507075,197,2975.126499
505.664919,96,2975.359372
566.120785,117,2975.643134
851.511385,161,2976.03064
616.884313,114,2976.308865
831.713397,158,2976.744128
977.195816,178,2977.922091
1034.712043,230,2978.498023
528.15803,103,2978.751193
1290.221783,244,2979.361178
633.773846,120,2979.655929
919.401537,178,2981.728877
843.515455,177,2982.811175
453.341996,83,2983.017869
1015.321567,186,2983.492289
900.658808,175,2983.943386
665.755667,135,2984.29668
720.893557,141,2984.666383
604.741272,119,2984.982685
893.723564,164,2986.03106
596.077807,113,2986.313594
519.53524,117,2986.612716
1037.234451,207,2987.137819
836.214813,178,2987.594496
770.353572,137,2987.954858
694.807,129,2988.296291
608.337733,117,2989.175896
723.319675,128,2989.495423
917.240104,169,2991.609156
646.590896,135,2991.979224
872.104526,176,2992.46788
544.677571,99,2992.73979
807.742451,173,2993.218779
856.142337,170,2994.407667
1126.168081,226,2995.008876
813.898328,152,2995.391637
781.967256,153,2995.773844
825.661445,170,2996.220427
713.663198,134,2996.566021
666.094282,127,2997.600635
799.902431,172,2998.041164
509.007953,96,2998.277092
773.585448,148,2998.647549
1002.143817,190,2999.113869
928.80029,161,3001.179699
841.215006,150,3001.557737
780.507424,146,3002.481412
614.131729,120,3002.780166
798.251495,157,3003.17401
522.598552,102,3003.428599
679.422686,127,3003.752652
485.904889,93,3003.992166
879.664609,161,3004.412867
744.362825,142,3004.795379
822.302148,150,3005.749176
588.890313,107,3006.026675
673.601911,123,3006.339653
695.931218,126,3006.658371
724.241302,143,3007.024806
800.738441,143,3007.381472
591.833609,111,3007.675703
621.440354,118,3007.987039
476.548835,92,3008.786166
894.646787,169,3010.781395
780.845027,151,3011.191599
600.645028,123,3011.521784
703.437837,144,3011.899877
730.502807,144,3012.278101
606.130938,131,3012.615341
832.634972,153,3013.651994
771.835982,149,3014.026197
711.562679,137,3014.411184
701.525847,135,3014.78875
536.715794,124,3015.106105
567.035738,110,3015.382827
676.078041,127,3015.704263
795.554718,149,3016.08438
683.830842,120,3016.919127
722.562666,134,3017.279597
752.68174,135,3017.679503
770.313544,145,3018.10175
597.533654,120,3019.989212
620.39649,130,3020.333995
854.581835,158,3020.763209
598.364597,118,3021.076066
807.6827,153,3022.028209
1010.837521,176,3022.46855
727.621019,136,3022.80847
733.839742,137,3023.156867
850.914607,175,3023.610727
799.175259,156,3024.022302
689.184423,128,3024.935527
574.161195,108,3025.210461
729.806971,135,3025.557599
868.129389,167,3025.978021
927.532004,182,3026.44613
771.169993,174,3026.894029
1169.222894,217,3027.465479
948.365713,174,3030.206404
730.444472,125,3030.526638
647.569771,122,3030.826591
671.788842,128,3031.227449
685.771377,122,3031.554528
738.355036,137,3031.890777
954.222143,183,3032.328649
889.46165,165,3033.223347
824.858724,168,3033.640065
633.374553,122,3033.936111
489.995966,93,3034.175446
811.67489,153,3034.626781
616.4847,114,3034.940547
593.273232,113,3035.230145
561.228265,106,3035.498544
1403.914522,259,3036.687758
710.281452,131,3037.01667
1063.191146,202,3039.069573
758.563387,140,3039.430696
600.832001,119,3039.734433
497.287945,94,3039.976451
957.385166,179,3041.025514
991.262143,186,3041.505202
1258.934592,236,3042.119876
747.52592,142,3042.485345
894.617328,159,3042.900772
725.227538,136,3043.268791
635.278424,123,3044.179904
512.621147,103,3044.444103
681.455188,142,3044.81969
559.728298,127,3045.154872
1101.48527,195,3045.652934
786.197233,144,3046.037648
1139.569055,204,3046.590309
1100.935087,203,3049.289184
902.468153,167,3049.70094
764.067856,144,3050.058482
613.558268,117,3050.347681
980.062555,191,3050.820609
628.526311,111,3051.163763
813.325395,165,3051.619817
581.881183,121,3052.412605
639.149341,119,3052.707665
573.414899,106,3052.9685
978.772033,182,3053.418377
541.617037,110,3053.692974
538.769586,98,3053.93734
1126.293893,200,3054.512066
649.427496,117,3054.840446
556.345214,102,3055.662663
835.144799,159,3056.048143
683.871339,123,3057.827478
954.55303,177,3058.282499
604.361466,112,3058.569518
696.015489,132,3058.93465
718.230464,120,3059.257412
820.384489,157,3060.239434
709.561046,131,3060.576702
887.976895,171,3061.020411
524.968121,107,3061.3072
1186.266723,210,3061.850429
558.836762,99,3062.111944
760.591671,139,3062.48702
532.796393,97,3062.750058
680.83304,129,3063.676351
526.641281,97,3063.91863
722.738857,138,3064.274872
876.350111,173,3064.719341
667.239915,134,3065.05773
1137.789682,209,3067.071847
673.074635,129,3067.397141
878.141292,177,3068.489664
934.752867,170,3068.91002
817.972984,155,3069.290273
710.680134,132,3069.613868
716.276506,139,3069.965478
635.311018,117,3070.248533
747.192981,134,3070.590303
730.697749,165,3071.764884
574.471088,105,3072.040962
956.032292,177,3072.477168
502.240915,96,3072.705493
1008.549853,198,3073.187285
732.271992,142,3073.540448
767.209363,143,3073.908609
632.031348,117,3074.768117
492.794679,104,3075.073351
1385.659456,264,3077.248378
785.564242,147,3077.621141
609.072629,107,3077.895465
796.459357,144,3078.268385
605.613823,113,3078.558476
458.058982,86,3079.455183
507.533117,103,3079.715381
718.58321,132,3080.048356
795.9407,141,3080.399008
647.68998,129,3080.724425
699.32509,147,3081.11219
837.943982,154,3081.524538
955.79923,176,3082.010899
1423.043818,290,3083.436423
729.799273,139,3083.786472
494.571975,94,3084.021339
879.57552,166,3084.442571
641.594654,116,3086.413694
715.313899,136,3086.753393
537.506726,103,3087.633311
706.281834,137,3087.974221
672.811692,127,3088.296418
669.259762,122,3088.629203
739.782559,154,3089.065325
1042.072036,193,3089.529163
646.62738,124,3089.831
988.104473,191,3090.958517
586.011572,106,3091.221323
573.087646,128,3091.540185
797.650787,168,3091.995677
651.221343,139,3092.382731
757.198518,143,3092.730382
966.950767,183,3093.189467
758.211232,136,3094.075841
528.076792,100,3095.815405
544.443674,121,3096.123125
813.021087,151,3096.508838
673.293174,131,3096.855702
737.242502,134,3097.213751
677.907727,122,3097.535383
646.749774,120,3097.851753
515.942356,121,3098.178185
568.484252,119,3099.161745
1019.831065,179,3099.609283
1481.929103,261,3100.264317
541.122391,105,3100.531306
933.291329,173,3100.974694
551.578236,111,3101.275995
666.598737,121,3102.265338
450.440092,93,3102.503723
600.543852,111,3102.788058
582.873742,110,3103.067274
965.001434,171,3103.504719
644.172338,122,3105.370602
720.143185,132,3105.764841
702.861562,132,3106.136217
603.241446,136,3107.115783
796.888708,152,3107.529797
820.707501,149,3107.915673
688.433427,123,3108.217972
712.141575,127,3108.535802
836.581032,154,3108.914444
674.354717,126,3109.307122
1036.505495,193,3110.456705
703.207897,122,3110.755562
694.850292,127,3111.068367
882.677081,162,3111.471973
965.341736,178,3111.916147
824.236143,142,3112.273501
496.445172,106,3112.559229
558.938019,105,3112.83565
532.583961,121,3115.496423
1081.884692,200,3115.992454
1091.598707,211,3116.523958
887.641833,153,3116.914032
1008.379402,198,3117.432024
690.097172,128,3117.770858
760.311273,144,3118.715173
640.456671,131,3119.048679
646.161798,124,3119.357167
1084.037587,181,3119.812891
685.023358,126,3120.145196
634.515681,122,3120.462718
767.870057,139,3120.833631
919.969528,174,3121.965581
606.789775,117,3122.264162
647.443851,117,3122.560702
676.596055,122,3122.88592
787.155901,144,3124.891079
526.831391,96,3125.126614
912.054766,176,3125.586912
1801.168665,347,3127.239535
436.704877,82,3127.4516
804.952414,155,3127.859811
985.480593,184,3128.323851
410.151567,80,3128.514037
832.02397,152,3128.891583
761.792719,138,3129.253436
782.600107,145,3130.33055
939.585888,186,3130.809604
801.599056,149,3131.188573
605.504428,119,3131.496781
580.551548,119,3131.801629
696.997308,134,3132.14417
522.091897,106,3132.435295
842.415071,164,3134.439733
780.090213,141,3135.407339
704.620585,128,3135.736882
1197.347204,233,3136.321624
1210.51377,226,3136.901143
679.704272,125,3137.233101
896.926597,166,3137.672841
718.463063,140,3138.608227
908.21436,173,3139.046535
720.128087,131,3139.383173
804.489352,167,3139.808386
1151.181965,208,3140.350335
874.227766,154,3140.74449
700.58818,127,3141.58268
1005.871915,172,3142.008081
471.449731,106,3143.716877
837.526816,155,3144.099792
1190.879672,222,3144.679547
788.726163,173,3145.148086
430.098306,87,3145.36897
827.995449,160,3146.45881
384.205422,92,3146.685468
1080.327112,198,3147.187197
757.812685,160,3147.585879
661.01485,137,3147.941767
636.086005,121,3148.262023
1040.593124,203,3149.374265
1149.506607,207,3149.896796
515.48017,103,3150.16715
634.918651,124,3150.487976
905.770915,171,3150.925374
1266.982214,261,3153.390829
747.431608,152,3153.776708
631.016349,120,3154.640171
737.129055,160,3155.048615
925.734627,173,3155.499663
960.831008,183,3155.961493
660.093158,125,3156.28802
508.556426,97,3156.548108
891.595929,163,3156.986675
751.749633,137,3157.880126
855.774749,158,3158.310324
675.408003,120,3158.65616
482.789745,106,3158.929806
508.841549,96,3159.165438
743.359826,143,3159.516298
818.159969,155,3159.898508
759.663846,145,3160.924417
636.521144,117,3161.21616
796.673587,150,3163.158808
1133.514152,211,3163.731883
592.586968,107,3164.014034
703.103886,122,3164.353221
1170.396138,197,3164.927019
746.763675,146,3165.877331
608.396904,115,3166.173612
689.382918,127,3166.493711
636.17355,119,3166.801404
1148.897942,239,3167.43595
738.96614,139,3167.82028
637.987502,120,3168.153269
430.84906,96,3168.411528
917.066164,180,3169.443598
665.033194,126,3169.767102
626.912326,110,3170.049112
1018.451655,178,3170.501842
489.496433,109,3172.731001
927.088317,188,3173.213031
1083.48248,202,3174.285133
803.192418,149,3174.669759
768.230706,150,3175.064615
1151.99816,214,3175.609285
957.541072,207,3176.165031
1264.887731,255,3177.338686
1012.703142,205,3177.861198
729.190035,140,3178.252678
871.0118,163,3178.698507
710.253508,131,3179.019179
1120.679279,209,3179.530443
754.864441,157,3179.9206
723.40658,136,3182.225553
804.24806,151,3182.603418
935.194732,171,3183.042193
1028.317408,192,3183.527709
653.203986,121,3183.84177
771.082129,151,3184.246608
697.062884,129,3185.135735
1095.587424,200,3185.642241
789.429567,148,3186.011696
419.060467,78,3186.205573
681.085649,122,3186.507654
729.626008,132,3186.839403
643.227467,119,3187.146496
1288.941874,239,3188.367723
1258.679098,227,3188.948371
709.903491,132,3189.287961
789.517475,163,3191.231385
801.906573,148,3191.61279
1053.233978,194,3192.113919
457.581519,89,3192.344642
612.630183,117,3193.252756
696.790126,143,3193.616488
727.544711,134,3193.956657
822.178493,148,3194.371696
390.635314,73,3194.573456
574.769167,105,3194.823381
852.928001,159,3195.207574
801.750918,146,3195.557614
779.034362,143,3196.396462
695.01695,129,3196.715993
653.146584,116,3197.001749
637.796012,115,3197.290878
727.006879,133,3197.66017
1069.829226,197,3198.173747
1111.035976,209,3200.25739
841.163655,162,3201.396739
794.754647,149,3201.761556
835.577063,172,3202.198715
924.192176,177,3202.646163
871.609493,156,3203.042436
612.888348,128,3203.389267
567.848819,104,3204.332338
815.6387,161,3204.744678
407.654255,97,3205.004019
669.384328,135,3205.345575
576.39281,130,3205.677248
793.463335,163,3206.090667
941.877899,187,3206.592486
606.088822,106,3206.87889
858.19168,156,3207.934986
1035.505562,191,3208.420636
1233.44989,242,3210.652844
1178.797382,226,3211.232666
785.577242,151,3211.621031
835.903431,155,3212.544045
724.020063,144,3212.901986
527.705985,120,3213.198288
792.941006,142,3213.55116
1159.069892,213,3214.108658
693.551388,131,3214.464714
632.262429,125,3214.849683
594.62355,107,3215.670824
875.407318,166,3216.075361
824.865105,156,3216.460334
569.166261,111,3216.737569
1351.447489,257,3217.364724
912.88201,163,3219.354075
629.330993,117,3219.648578
828.964694,154,3220.626969
444.623124,81,3220.825431
712.475258,133,3221.165069
708.594665,136,3221.508628
504.35294,104,3221.77529
701.263959,131,3222.110004
918.356062,175,3222.572502
803.264352,148,3222.958909
1121.745315,229,3224.137113
689.365616,134,3224.475441
973.751427,183,3224.933407
692.021724,128,3225.255463
704.559877,131,3225.611338
516.403884,104,3225.894081
855.328263,163,3226.911086
1373.382219,245,3227.571864
616.939059,121,3229.595383
1017.713092,186,3230.064522
1054.634633,192,3230.553826
509.697765,105,3230.811332
631.413471,112,3231.0904
1099.035085,207,3232.189257
592.528841,106,3232.470477
541.473212,123,3232.779648
544.205598,108,3233.046335
885.047598,166,3233.461214
750.288581,165,3233.861676
527.021518,103,3234.129317
690.770849,133,3235.030374
627.859663,123,3235.377612
1107.209377,219,3235.95835
731.456645,140,3236.303894
1351.695792,284,3238.562585
572.166255,124,3238.903201
631.071507,120,3239.791842
596.264513,114,3240.085434
1263.019092,219,3240.637969
1042.254467,223,3241.213392
901.635286,179,3241.679479
864.992173,161,3242.120948
490.413198,113,3243.000935
793.238885,150,3243.380472
788.337133,149,3243.756684
672.622674,129,3244.083469
734.678843,133,3244.417864
759.10342,140,3244.780359
893.315287,169,3245.234648
570.684549,124,3246.271258
1095.38485,192,3248.348542
682.419834,154,3248.787215
762.976226,134,3249.160212
879.325779,174,3249.60719
847.188063,163,3250.025389
1122.10541,199,3251.087357
1050.971387,200,3251.585614
673.783546,118,3251.900444
666.43027,129,3252.279697
626.153374,124,3252.589768
810.709521,142,3252.93722
540.882639,126,3253.252367
676.549128,127,3253.565082
621.96938,139,3254.431235
623.315425,138,3254.787893
606.580169,111,3255.098362
735.560966,136,3255.501755
828.86806,163,3257.337783
780.618065,146,3257.728309
504.023469,94,3257.971839
736.992115,138,3258.326788
649.327018,133,3259.229127
652.64607,127,3259.552564
465.255375,101,3259.809928
662.557335,131,3260.148076
674.749228,121,3260.456038
769.947478,149,3260.849883
865.307423,155,3261.265554
815.252679,162,3262.260605
880.663467,163,3262.672399
722.882975,137,3263.02147
576.998988,105,3263.29168
927.236201,175,3263.747195
805.861607,149,3264.153074
785.026828,146,3264.551246
920.96726,169,3267.110266
1222.621639,227,3267.707192
652.919184,135,3268.062096
802.349221,151,3268.500597
613.609133,112,3268.816495
987.911049,176,3269.258231
712.669835,142,3269.621567
951.623474,168,3270.543549
838.638174,182,3270.997093
957.75948,180,3271.469879
831.965436,154,3271.9053
618.607837,114,3272.217843
903.385679,176,3272.653507
577.315958,112,3273.428673
748.839721,140,3273.787486
988.430995,190,3274.252391
814.249304,144,3276.166761
847.629088,155,3276.559249
541.716577,104,3276.824912
791.848909,156,3277.230244
699.062874,129,3278.108331
732.741412,144,3278.469888
605.746986,131,3278.800645
942.801041,200,3279.310962
774.219976,146,3279.677814
408.495338,90,3279.913441
555.954069,129,3280.267018
826.076304,153,3281.234448
745.400164,143,3281.601671
861.066897,161,3282.016729
716.164518,138,3282.360851
869.088482,152,3282.742295
925.276483,195,3283.240792
1127.162743,203,3285.238648
577.128522,112,3286.145228
523.849299,121,3286.448982
840.762186,183,3286.905891
663.564065,125,3287.211023
1040.297047,193,3287.696437
1002.689248,181,3288.161503
568.120607,130,3288.514132
605.405009,115,3289.496841
723.703824,140,3289.843563
540.100244,123,3290.148372
634.1995,143,3290.505915
1283.353161,241,3291.100692
737.512056,145,3291.483922
792.062439,143,3292.519052
907.656523,172,3292.96507
1055.901596,206,3294.9942
713.499213,140,3295.348314
644.626867,122,3295.664648
668.488124,140,3296.032549
996.428213,172,3296.484654
537.313125,102,3297.310923
645.796129,118,3297.605274
605.628538,124,3297.938715
640.009286,124,3298.25692
625.65601,117,3298.557553
837.35178,152,3298.948248
837.523993,162,3299.379073
883.751248,194,3300.470418
655.464134,119,3300.777014
657.684538,119,3301.077666
983.714164,204,3301.601343
774.010045,167,3302.029056
697.530306,131,3302.358814
757.205405,148,3304.459089
650.482679,141,3305.36479
827.709509,163,3305.771344
644.106835,117,3306.05459
532.141368,99,3306.294128
882.161774,162,3306.694948
914.345555,165,3307.095097
788.189926,144,3307.466625
641.159885,130,3307.861556
692.585347,125,3308.762138
500.688428,96,3308.992704
855.127424,165,3309.397689
779.822537,148,3309.783631
527.941181,112,3310.06108
872.786645,179,3310.521163
1105.655422,209,3311.085249
784.879952,137,3311.99814
646.187621,121,3312.306637
836.942442,158,3314.216691
720.047272,132,3314.557363
658.952739,144,3314.935564
830.357603,149,3315.325004
708.669744,143,3315.707954
659.810037,149,3316.661087
524.659249,118,3316.961326
813.144059,154,3317.344074
927.610797,173,3317.7843
711.795961,137,3318.14253
563.791437,107,3318.420246
824.844727,151,3318.823186
936.863967,174,3319.803081
632.851023,118,3320.135445
818.087266,158,3320.567531
549.108591,108,3320.8354
731.226378,137,3321.170833
647.204773,132,3322.957175
1073.005873,226,3323.63066
628.687951,127,3324.458632
1083.578823,200,3324.950433
759.082876,160,3325.358272
1171.628506,217,3325.888306
778.917437,154,3326.289424
714.044302,128,3326.674559
754.455158,140,3327.572548
837.805319,161,3327.978027
585.892789,119,3328.274683
718.497856,131,3328.605576
942.755489,179,3329.067483
566.284274,126,3329.397624
790.056745,153,3329.811378
965.285843,194,3330.887375
798.919089,150,3332.823185
838.277755,155,3333.227901
646.246391,125,3333.545652
673.611212,143,3333.924826
793.873402,150,3334.32851
622.096201,116,3334.635658
766.075607,148,3335.584778
549.703722,97,3335.82928
882.877186,166,3336.247274
655.14325,119,3336.554468
1121.899938,200,3337.056937
698.38737,132,3337.385799
645.875203,118,3337.682184
948.673615,177,3338.660801
1193.945981,227,3339.243312
777.12487,143,3339.664725
1088.827443,203,3341.694494
778.861573,144,3342.060489
819.070385,183,3342.574565
1560.265419,299,3343.921458
1151.77304,202,3344.418544
446.156347,104,3344.684954
588.769508,134,3345.031832
892.645023,169,3345.467551
914.763558,174,3345.929752
955.1883,178,3346.951339
1070.976536,199,3347.451494
804.457078,145,3347.818126
682.570302,151,3348.217381
890.974713,165,3348.640337
704.869481,134,3348.997559
754.203648,141,3351.522647
532.064527,101,3351.779985
686.333806,126,3352.095175
1106.711963,205,3352.625932
653.890996,136,3352.980194
1356.529225,248,3353.632041
707.8034,159,3354.617907
1140.230357,200,3355.119553
515.110493,113,3355.403516
757.872226,135,3355.727884
1238.823386,222,3356.28498
569.31613,121,3356.631412
945.552891,171,3357.059304
1184.843441,214,3358.080767
889.827315,161,3358.474367
1047.305949,190,3360.460071
707.348192,143,3360.815065
890.360953,164,3361.217225
617.003845,116,3361.511441
1160.74992,225,3362.56036
603.55148,127,3362.877271
649.289637,116,3363.214598
1466.651853,282,3363.954191
718.834998,135,3364.292052
626.019303,119,3364.592512
1076.972303,202,3365.647149
635.219968,115,3365.930632
706.665219,130,3366.261476
940.431197,174,3366.698732
743.818361,151,3367.081314
800.113,143,3367.459541
728.29755,140,3369.646421
724.08585,136,3370.553486
960.787953,184,3371.02401
931.215245,181,3371.481644
721.051865,127,3371.79999
915.588699,161,3372.207138
457.814025,85,3372.429616
520.846068,98,3372.690775
825.760092,158,3373.60094
905.766439,181,3374.047566
563.150243,109,3374.317426
772.365276,160,3374.712392
735.156452,137,3375.045391
688.423803,150,3375.483427
977.923187,174,3375.950522
602.276906,127,3376.927555
719.615243,138,3377.257325
953.419917,173,3377.688272
599.418037,108,3379.619858
770.215823,140,3379.967979
461.672832,103,3380.224661
604.060737,113,3380.499915
910.781705,161,3380.910061
551.067768,103,3381.826272
816.261101,160,3382.236061
806.600025,146,3382.605476
751.590331,142,3382.967401
441.20347,103,3383.234539
720.641759,143,3383.607664
704.394927,140,3383.992348
1013.884721,184,3385.04298
675.390223,133,3385.37605
692.935847,125,3385.687839
523.644521,95,3385.925291
572.779216,107,3386.195784
904.013198,168,3386.620517
596.954215,113,3386.914999
1003.244251,188,3388.902122
832.914621,154,3389.803155
676.759521,125,3390.113862
736.248041,131,3390.437159
875.450925,168,3390.914664
765.518992,145,3391.294417
489.903341,109,3391.565068
903.964964,179,3391.999992
772.297121,136,3392.981485
598.745574,133,3393.310595
804.058338,150,3393.676591
767.081603,142,3394.069876
978.494501,173,3394.539317
762.583433,138,3394.87803
765.834938,136,3395.211666
1120.810112,200,3396.256662
704.367748,131,3397.931138
702.184903,128,3398.258832
696.943972,139,3398.607006
699.133026,126,3398.938223
435.276991,86,3399.158883
717.106441,124,3399.484841
832.219235,150,3399.879033
1002.121229,186,3400.922627
722.417247,133,3401.261835
1196.842024,234,3401.882671
820.76026,146,3402.2568
843.304348,154,3402.687011
1262.164885,254,3404.037922
1356.557345,253,3404.700228
1532.64722,306,3405.505624
563.627669,112,3407.424685
563.829495,128,3407.753019
559.130971,105,3408.027267
621.929325,117,3408.875764
587.86596,105,3409.177088
751.593975,139,3409.597246
759.901831,138,3409.954402
1003.972586,175,3410.410815
619.420934,131,3410.760412
782.489229,143,3411.150976
805.966588,165,3412.272416
977.565797,185,3412.788434
839.636189,167,3413.24545
866.204696,167,3413.657361
631.396596,142,3414.016574
525.489339,101,3414.264516
498.710262,97,3414.506543
743.329139,138,3415.539574
1193.068966,233,3417.88789
810.10535,154,3418.298822
1145.764867,208,3418.847231
942.042786,178,3419.313062
859.633245,159,3419.736351
762.047992,140,3420.783415
599.160936,125,3421.098635
735.021806,154,3421.50755
923.390341,185,3422.000028
1371.679718,267,3422.731305
572.235734,104,3423.005372
855.71618,154,3424.049692
793.967237,149,3424.418721
943.875749,179,3424.857693
718.760779,127,3425.217038
837.600181,174,3426.983994
742.5384,140,3427.352502
738.91005,138,3427.720876
745.551706,141,3428.765654
569.464313,104,3429.031125
640.263333,121,3429.324687
545.557541,102,3429.573773
1425.473811,284,3430.272854
1045.246714,198,3430.757756
595.02545,116,3431.063772
566.401641,102,3431.884932
698.105599,127,3432.207224
718.059928,132,3432.544533
966.736164,198,3433.046618
919.673862,167,3433.465359
761.971247,142,3433.835506
949.060804,168,3434.298125
610.493528,115,3436.934091
462.397874,87,3437.153846
1321.671807,264,3437.827584
733.733091,137,3438.169203
717.110939,128,3438.500599
665.768027,124,3438.843056
953.463311,175,3439.334675
639.609098,113,3440.180382
557.253532,108,3440.452662
765.921283,139,3440.803049
848.770902,149,3441.174433
1114.241586,215,3441.727676
1246.408445,219,3442.323851
480.145726,89,3442.541302
807.885929,151,3443.414533
707.360669,140,3443.751696
527.013463,99,3443.99745
1108.232506,212,3446.130467
674.182948,151,3446.532017
909.024362,163,3446.947664
427.737941,82,3447.149903
589.195205,109,3447.944171
1015.383091,193,3448.504853
653.993613,123,3448.820266
1202.355475,232,3449.425208
1150.166579,207,3449.972133
726.269595,127,3450.318909
495.510359,108,3451.199775
674.142072,129,3451.525461
714.159981,146,3451.887585
993.636525,187,3452.358566
532.041339,103,3452.611103
580.149975,111,3452.88675
566.806914,119,3453.192739
933.589599,179,3455.343951
893.994632,188,3456.458957
1366.091137,255,3457.119876
632.44129,115,3457.407887
855.948623,176,3457.86097
594.65655,112,3458.153843
1235.932781,231,3459.436983
634.278137,116,3459.716157
976.982057,178,3460.156512
537.101176,100,3460.415479
959.395917,170,3460.832789
1274.889559,221,3461.459624
680.91402,126,3461.82861
816.218635,146,3462.700782
893.773045,187,3463.166607
724.262348,134,3465.202297
554.740162,103,3465.462929
744.247835,133,3465.787623
563.198781,127,3466.099812
727.908022,136,3466.437622
580.414969,105,3466.707747
699.042719,130,3467.602093
675.139836,141,3467.980867
648.436882,131,3468.317993
1382.692059,249,3468.954637
606.887028,116,3469.250888
570.094711,118,3469.561078
507.945286,95,3469.816594
754.144082,146,3470.871643
714.551351,132,3471.206301
724.316922,150,3471.589322
693.422843,129,3471.921723
1180.847969,221,3472.489669
755.414533,151,3474.580557
743.331385,136,3474.923468
909.588369,167,3475.897312
552.304008,128,3476.21769
520.782664,98,3476.455356
654.026898,120,3476.811757
990.472983,202,3477.330248
560.941948,107,3477.585437
795.047861,148,3477.963907
740.009483,131,3478.96455
911.997139,171,3479.393012
506.732636,94,3479.621672
790.787671,147,3480.039108
767.324254,146,3480.427754
1017.761472,187,3480.887809
499.952199,96,3481.119029
683.335201,124,3481.421561
1213.505601,221,3482.466775
1324.103121,261,3484.451307
1254.452296,230,3485.042757
830.889959,159,3485.464377
933.641646,193,3486.553745
754.850991,151,3486.94696
545.870314,104,3487.213292
693.135769,125,3487.529144
679.510022,144,3487.895057
945.75891,172,3488.327597
680.795643,130,3488.678443
680.96184,123,3489.01026
639.4887,115,3489.875771
753.42674,161,3490.294169
631.885304,121,3490.611284
786.700807,138,3490.984476
698.027466,141,3491.35436
964.714158,172,3493.394179
687.988596,125,3493.705972
777.216054,145,3494.604613
900.295402,166,3495.016568
633.771428,113,3495.334207
861.010119,163,3495.77728
1103.058908,212,3496.333023
996.15503,169,3496.795169
492.757101,96,3497.036746
951.698041,177,3498.012858
921.676655,173,3498.458808
785.89622,151,3498.898121
838.166937,152,3499.272462
1807.423251,351,3500.158952
845.411146,150,3501.073227
734.354581,139,3503.015435
575.452815,106,3503.284776
848.409294,156,3503.701711
942.011177,181,3504.185574
741.117828,137,3504.547057
669.136226,122,3504.875443
661.450846,121,3505.194528
748.914246,136,3506.097753
495.596721,92,3506.330911
1128.788751,228,3506.90986
729.443042,134,3507.247215
932.798464,206,3507.784073
715.088128,142,3508.170188
725.647615,135,3509.077762
797.179988,151,3509.456976
1133.523987,199,3509.956621
747.484427,138,3510.305872
499.70911,95,3512.120864
807.196673,146,3512.499005
541.545234,101,3512.756856
903.373007,158,3513.836227
831.787792,172,3514.252743
601.858379,111,3514.523577
724.094699,136,3514.91149
910.456377,165,3515.341486
812.94482,141,3515.685163
546.788778,98,3515.92376
755.401364,142,3516.271961
650.634265,124,3517.246296
553.172286,109,3517.519331
588.694282,115,3517.791394
892.561791,170,3518.276865
515.678765,119,3518.596378
583.977168,121,3518.900412
799.499931,142,3519.250129
644.584505,116,3519.544549
1129.704249,226,3522.557782
1391.413803,253,3523.195331
919.54239,172,3523.631775
603.007975,116,3523.921644
659.838482,135,3524.274517
915.183448,161,3524.707798
877.488771,165,3525.792322
564.285505,117,3526.091496
825.520686,179,3526.553539
729.682649,134,3526.894786
889.063177,162,3527.303869
820.655702,146,3527.694239
565.155656,115,3527.994962
847.579154,157,3529.044907
576.509361,118,3529.340279
512.746905,114,3529.614442
722.079595,143,3531.65968
893.061897,165,3532.065003
841.831521,162,3532.461294
1139.910962,213,3533.592395
563.729793,120,3533.886931
845.678874,173,3534.314511
1087.810065,209,3534.905369
760.621069,143,3535.291194
741.489395,142,3535.661958
732.985975,142,3536.135821
871.997936,159,3537.234935
834.392251,166,3537.671139
1040.462635,213,3538.211725
775.809871,138,3538.567059
915.795626,164,3539.000941
441.803954,83,3539.224684
615.821216,122,3541.118936
926.704166,168,3542.245917
758.987306,170,3542.691427
1073.091926,201,3543.205564
1122.17083,224,3543.776219
788.248178,143,3544.158642
641.170623,120,3544.47003
1238.681595,231,3545.732789
611.278683,109,3546.006799
804.393058,157,3546.400635
457.594586,87,3546.611822
689.193056,133,3546.937726
759.791617,137,3547.285434
606.476453,110,3547.619283
617.735122,114,3548.606663
637.166212,114,3548.8824
867.016522,156,3549.259701
1047.86759,192,3551.486104
547.614974,108,3551.756058
990.198089,178,3552.188401
890.654175,157,3552.582265
574.103983,103,3552.839705
1279.290791,219,3554.032592
558.420076,103,3554.29146
963.110298,210,3554.836136
1002.977669,192,3555.323399
972.57351,205,3555.867074
997.336552,189,3557.027149
1052.691658,196,3557.510792
553.181762,98,3557.75091
836.212759,147,3558.115658
677.097556,142,3558.480643
1037.988084,211,3560.905642
743.896037,136,3561.261585
454.816501,85,3562.056577
1128.627953,219,3562.620342
618.578831,116,3562.916717
661.036215,132,3563.254264
935.447162,172,3563.710133
574.993409,130,3564.07674
639.620318,119,3564.378621
737.756032,135,3565.362459
744.622686,152,3565.741665
680.706416,125,3566.061377
955.288348,176,3566.505358
611.824075,125,3566.811381
611.450038,115,3567.135821
641.683125,113,3567.454486
502.990181,89,3567.679106
700.277497,132,3568.679954
737.616337,138,3570.706741
755.722243,129,3571.049083
791.019559,139,3571.396879
616.978513,111,3571.667898
692.107919,131,3571.994164
688.143562,128,3572.322215
648.161549,118,3572.620651
468.415267,103,3573.460353
1036.743472,198,3573.956873
648.631247,123,3574.263622
605.936211,115,3574.551926
540.804852,101,3574.810997
745.662856,139,3575.161443
868.407815,181,3575.645464
1035.994767,203,3576.861822
651.058128,119,3577.168771
807.941259,142,3577.52433
609.84238,118,3577.826339
1237.258568,245,3580.094414
1149.142791,223,3580.658672
1116.50723,216,3581.892984
1011.175439,199,3582.405816
475.187169,90,3582.629123
466.232358,96,3582.870117
820.305721,154,3583.243697
1001.599902,183,3583.711683
913.120613,193,3584.95169
1163.79803,213,3585.461772
710.112739,129,3585.770964
782.822089,144,3586.127316
496.678066,96,3586.357719
649.265777,144,3586.705994
802.486731,147,3587.079914
998.140443,198,3589.90274
1064.870153,196,3590.433392
782.114416,148,3590.830785
627.464327,136,3591.196246
421.464568,82,3591.41464
1352.905496,258,3592.085929
714.026164,142,3592.456142
539.839506,104,3593.386797
715.656678,143,3593.748381
1076.237488,205,3594.25679
634.388073,138,3594.607194
599.78057,113,3594.886691
998.818993,184,3595.361828
672.328736,129,3595.696644
651.960445,125,3596.665679
707.618033,138,3597.013672
626.497549,112,3597.29676
863.134155,167,3599.200413
585.024083,110,3599.483289
1004.719266,186,3599.964377
621.531553,116,3600.274559
646.273002,110,3601.195548
759.274474,154,3601.586544
748.300039,146,3601.945395
507.704624,102,3602.200754
476.519299,92,3602.424557
663.706724,123,3602.729646
539.979643,102,3602.981262
993.443374,185,3603.466043
609.022784,119,3604.438858
598.899391,118,3604.739365
977.555594,177,3605.184977
926.676641,183,3605.633851
780.430937,144,3605.990486
1108.916593,202,3606.498667
879.376469,155,3608.450732
744.049314,158,3609.400957
1469.283919,301,3610.175071
982.377152,178,3610.62243
739.725158,134,3610.978327
499.964127,113,3611.284469
652.931892,123,3611.61262
718.511614,153,3612.579406
877.878877,167,3613.014459
613.139381,114,3613.301422
504.95494,93,3613.533639
781.988135,150,3613.912918
755.025007,137,3614.27601
865.324418,172,3614.743659
1093.590716,201,3615.836005
898.434088,166,3616.255816
862.71391,169,3618.243925
895.085755,176,3618.698498
1357.064458,260,3619.348615
686.024655,127,3620.19902
1233.762089,228,3620.756008
493.044611,91,3620.994319
807.805042,179,3621.500615
883.433031,163,3621.908641
1153.687761,209,3622.424327
992.436227,185,3623.385927
1084.917199,198,3623.870169
915.533692,168,3624.288028
1247.387943,230,3624.925112
805.065185,183,3625.387158
935.185711,179,3627.262258
1083.397555,203,3628.349826
875.490928,180,3628.810465
952.701926,178,3629.261719
756.101744,138,3629.616242
880.611865,195,3630.136982
605.553758,111,3630.433032
1233.082133,222,3631.580359
1106.455597,222,3632.138981
656.950404,120,3632.439091
923.968382,174,3632.880473
665.559617,133,3633.228679
641.56038,126,3633.563752
662.637325,131,3634.459121
1132.952143,214,3634.997461
916.273921,170,3636.898171
962.147967,171,3637.384893
536.966354,96,3637.654789
1238.462265,221,3638.204828
751.886213,144,3639.055007
616.696197,122,3639.368191
715.54251,134,3639.708296
806.560959,159,3640.101102
1019.34303,185,3640.605935
453.98344,84,3640.840899
707.25548,135,3641.177261
792.536452,153,3641.557577
587.741669,110,3642.337302
1155.457955,204,3642.845804
864.205027,167,3643.26253
813.362085,148,3643.648189
1014.808176,207,3645.659056
561.278186,102,3645.918428
988.355429,180,3646.933619
659.568665,117,3647.227495
1215.435581,229,3647.811507
630.038442,120,3648.113393
544.641967,101,3648.368346
670.197085,129,3648.710069
750.247497,139,3649.071375
815.667311,146,3650.010431
965.83695,184,3650.475805
777.99372,143,3650.839009
607.805282,121,3651.148071
643.336875,133,3651.489406
934.243631,166,3651.92447
608.827364,118,3652.239021
740.351843,143,3653.180765
629.381014,116,3653.475789
1093.081097,207,3655.569064
865.085148,164,3655.97966
766.116454,156,3656.382041
590.750782,106,3656.712844
1211.867152,228,3657.328177
902.849165,169,3658.239782
908.449136,181,3658.688432
1015.856359,201,3659.183765
701.999843,134,3659.522193
641.171543,128,3659.859975
804.661767,155,3660.330451
909.201707,191,3661.32561
702.775409,156,3661.719492
705.241674,140,3662.063392
1138.954373,209,3664.151662
1043.288456,195,3664.646484
891.002448,170,3665.07612
845.377504,154,3666.008572
859.87575,160,3666.415926
1516.716455,280,3667.121855
889.898212,166,3667.544824
780.503367,144,3667.931434
919.719957,177,3668.964244
638.643346,121,3669.271861
882.352434,175,3669.724226
865.748339,162,3670.140846
568.168187,131,3670.476993
876.426746,165,3670.905489
835.235825,153,3671.301788
1095.908294,197,3673.765876
870.762005,163,3674.174952
932.344185,173,3674.606729
1086.759212,215,3675.162637
1023.214653,200,3675.73016
667.679352,126,3676.074814
1198.019392,218,3677.124739
637.776465,131,3677.44439
1156.247358,208,3677.961
663.171479,123,3678.272417
1029.078252,202,3678.81242
1403.912789,268,3680.114331
765.84829,153,3680.50489
935.494484,205,3681.033172
1199.828713,215,3683.359163
735.51049,151,3683.750072
489.33315,93,3683.996424
806.917784,169,3684.991237
636.264159,111,3685.270475
708.750076,144,3685.633177
531.751735,119,3685.934232
809.136707,151,3686.316804
1331.382689,233,3686.90653
569.16326,114,3687.214504
833.848269,166,3688.20928
913.560668,186,3688.688602
880.485358,157,3689.08145
753.75417,140,3689.43751
557.252003,102,3689.690223
724.871045,137,3690.042849
874.805026,169,3692.275872
761.299217,154,3693.3354
886.229153,174,3693.767196
1188.742652,222,3694.321526
564.113269,105,3694.58274
832.749066,162,3695.030149
685.368917,143,3695.426207
851.375535,151,3696.341589
1213.424844,230,3696.94682
844.664781,171,3697.387027
537.010962,101,3697.644003
713.665928,131,3697.983605
804.692332,147,3698.379782
869.514425,157,3698.814811
1057.301379,191,3699.919308
556.125394,105,3700.18593
902.319589,174,3702.190244
726.913049,129,3702.515517
734.450414,135,3702.861618
602.305615,116,3703.175391
937.299524,185,3703.690191
1166.972625,224,3704.847656
372.062008,71,3705.029243
682.467385,131,3705.364827
639.223555,121,3705.674685
596.257179,113,3705.96534
794.47023,147,3706.337764
705.522788,152,3706.755856
804.27075,151,3707.807148
656.307548,123,3708.14116
585.478008,121,3708.4588
669.619581,141,3708.890561
683.933611,126,3709.254195
697.795881,149,3709.659669
1018.258211,202,3711.735487
905.112077,174,3712.832653
755.997814,129,3713.15578
826.380826,163,3713.565775
933.860814,183,3714.027664
885.365507,171,3714.445947
1085.233402,221,3715.03718
410.052374,79,3715.239505
929.775884,183,3716.307552
885.465984,182,3716.789394
738.483538,126,3717.113605
986.13936,194,3717.612958
863.623901,160,3718.050134
901.806097,166,3718.496681
591.041133,110,3719.468928
1075.277036,215,3721.731649
695.312856,129,3722.073305
691.677402,141,3722.44083
755.652632,142,3722.808071
1087.124186,222,3723.40144
700.995233,132,3724.410357
836.09479,160,3724.82407
639.100182,117,3725.137038
866.681395,175,3725.600697
1252.212892,247,3726.313335
1343.044447,258,3726.977163
828.392328,165,3728.044847
873.163497,187,3728.520977
615.478208,114,3728.803158
960.302607,182,3729.320134
511.643423,115,3731.379299
1479.654375,282,3732.124215
726.892724,138,3733.257805
745.480668,153,3733.646633
539.91094,112,3733.923138
616.624691,137,3734.276493
714.263603,138,3734.63043
1076.399047,201,3735.157862
645.00009,119,3735.468522
558.329021,104,3736.424662
782.42733,157,3736.830146
535.283026,105,3737.093096
678.308879,127,3737.407394
987.56284,182,3737.86237
882.678115,160,3738.278965
486.128682,94,3738.530671
694.981493,127,3738.876774
873.122572,170,3741.654108
1221.281143,231,3742.250776
1137.922036,217,3742.815157
681.014502,125,3743.139923
1110.177508,241,3743.782743
1344.837134,266,3745.20355
775.623837,141,3745.580718
722.657964,139,3745.917683
854.630092,155,3746.294899
798.482077,156,3746.674343
492.962608,112,3746.951601
498.620766,96,3747.186874
1217.239342,220,3748.291007
560.359043,101,3748.583763
572.653759,123,3748.922871
910.533529,193,3751.079695
624.706532,143,3751.457114
1210.042434,232,3752.069159
566.594864,126,3752.956341
912.109001,177,3753.411081
956.610181,171,3753.86428
1214.623121,223,3754.438449
692.336349,143,3754.813853
604.442335,113,3755.115258
768.242584,143,3756.085226
675.212028,128,3756.412093
816.934251,162,3756.829036
1008.40757,196,3757.327292
655.621748,119,3757.628596
812.660814,154,3758.026161
1044.784571,185,3758.512796
363.679806,72,3760.858335
1631.457735,334,3761.744489
999.163476,197,3762.247621
553.97598,99,3762.492625
633.149639,117,3762.788634
488.374884,92,3763.029107
665.899781,132,3763.374439
587.250531,126,3764.278668
974.432922,186,3764.790816
1184.451168,238,3765.384197
1074.057547,198,3765.877674
781.76498,151,3766.249751
482.865561,108,3766.52467
568.475633,103,3767.318561
578.939971,108,3767.59133
515.198387,108,3767.904917
701.422487,139,3768.27183
695.440066,143,3770.132654
488.957864,93,3770.370932
689.340367,128,3770.702815
806.527829,154,3771.103718
717.339582,159,3772.080169
1190.197017,222,3772.640154
640.02902,144,3772.999866
808.006903,164,3773.417142
1118.763923,205,3773.940939
905.432392,179,3774.418339
592.569453,115,3775.279522
752.026844,148,3775.657924
780.289698,168,3776.08532
609.094406,140,3776.446664
1310.802786,228,3777.02639
1096.829636,199,3779.158364
857.960046,156,3780.076298
486.013204,91,3780.293728
1387.101608,278,3781.072731
396.256566,75,3781.261909
895.465943,164,3781.664515
1068.77567,204,3782.169462
792.335159,149,3783.041142
472.338325,108,3783.307517
569.859928,118,3783.597947
645.904462,132,3783.967033
600.635817,116,3784.304673
638.703081,125,3784.610403
598.632593,113,3784.884441
837.242534,150,3785.253142
602.123206,111,3785.540857
379.18178,90,3786.273313
1288.384083,248,3786.900228
610.061402,118,3788.759544
710.834503,134,3789.096331
526.460125,117,3789.399138
444.256952,83,3789.607002
692.84496,128,3789.932649
726.57669,137,3790.286879
631.233277,134,3791.240152
838.942105,159,3791.667525
578.116931,109,3791.941471
783.074572,151,3792.326838
1689.266488,314,3793.156199
805.4133,166,3794.151511
735.281359,132,3794.478654
867.469928,143,3794.830879
829.835843,159,3795.270012
774.231753,136,3795.631705
844.546811,152,3796.011014
1074.750687,214,3798.014557
720.168244,131,3799.052894
1115.40387,199,3799.54197
1087.882572,199,3800.024887
750.73239,147,3800.392543
779.915122,146,3800.755472
775.576111,153,3801.149353
486.813524,92,3801.395955
677.12326,135,3802.388887
1674.808983,316,3803.182743
505.596782,101,3803.437109
911.090617,168,3803.856435
602.54178,113,3804.135286
783.521874,150,3804.521137
665.099276,148,3805.499818
1003.634779,193,3807.510866
860.608029,175,3807.954497
600.612622,114,3808.242835
685.658134,142,3808.609506
680.615753,153,3809.013791
841.612575,181,3810.056157
784.065953,152,3810.441245
814.324291,147,3810.814723
829.735719,159,3811.220479
912.866205,176,3811.665034
1132.006367,229,3812.265626
1298.638351,242,3813.41481
693.570999,132,3813.746467
954.77634,181,3814.195316
417.645283,96,3814.432748
649.217833,125,3814.761031
1108.500479,205,3817.142455
599.675901,114,3817.441099
979.534685,183,3818.513237
1006.422273,184,3818.992112
874.806622,168,3819.403279
1062.416905,191,3819.875455
941.835602,174,3820.302713
774.364377,146,3820.691949
730.666545,143,3821.730442
719.921158,147,3822.105711
911.805771,167,3822.525164
610.222955,134,3822.866845
748.23451,142,3823.222009
608.477926,110,3823.510617
727.020428,140,3823.878546
442.02796,99,3824.147244
843.794949,160,3826.794406
968.026145,189,3827.27044
904.676899,195,3827.774212
573.979855,119,3828.08586
936.827239,195,3828.601093
909.289166,193,3829.666186
735.136013,138,3830.01016
633.328007,129,3830.336011
717.156254,140,3830.681896
1923.860654,330,3831.502867
670.407659,118,3831.834564
736.312329,142,3832.206126
803.364717,142,3833.056523
1168.811103,229,3833.632756
719.304358,137,3833.974211
900.518945,171,3836.013014
957.573852,179,3836.450188
1077.628581,207,3837.463125
1067.588777,225,3838.024645
1164.319755,227,3838.649284
726.305971,141,3839.017641
940.15104,178,3839.469941
752.392422,140,3839.828916
644.347752,120,3840.77452
815.261066,156,3841.182777
792.565596,153,3841.572874
855.957356,166,3842.010139
1629.577981,313,3842.836302
683.086863,140,3843.213863
998.926755,188,3846.026171
766.98424,139,3846.384389
497.94624,95,3846.633924
618.772234,118,3846.930906
1135.236497,219,3847.486149
783.315852,149,3847.886801
697.523089,130,3848.223536
870.615515,171,3849.29444
969.794563,187,3849.75341
902.563664,182,3850.208215
640.890789,126,3850.536248
841.182843,152,3850.975093
690.39396,130,3851.316395
754.024012,147,3852.328523
677.311836,131,3852.649826
812.931807,158,3853.041471
1065.314948,213,3855.267444
662.289356,116,3855.554203
1032.643952,198,3856.072359
1085.435692,195,3857.261908
1075.200436,202,3857.776158
831.66668,152,3858.159578
853.505724,166,3858.589649
574.69939,119,3858.892966
852.530002,169,3859.349453
679.578133,126,3859.696354
1063.621166,202,3860.901338
745.334765,155,3861.29338
921.583446,173,3861.734706
762.221491,161,3862.146545
548.740463,110,3862.443352
828.297179,156,3864.599048
947.483852,182,3865.731194
715.429395,134,3866.06171
763.28131,142,3866.41331
549.843619,110,3866.687327
464.858109,90,3866.93684
443.292705,89,3867.195409
592.354212,137,3867.558137
765.947901,136,3867.890996
598.451496,130,3868.214506
723.206182,131,3869.182301
903.502228,176,3869.61013
488.121228,98,3869.869757
681.669562,152,3870.273014
457.742534,85,3870.518323
613.527672,119,3870.841795
492.946144,114,3871.134127
709.356607,135,3871.465341
570.404415,113,3872.3991
768.933115,152,3872.776458
466.825414,90,3874.350186
916.34157,196,3874.859403
560.251235,106,3875.134571
627.463078,117,3875.43586
1055.768629,200,3875.97293
855.238535,169,3877.102915
832.577032,154,3877.492831
1240.138655,245,3878.126159
517.954948,96,3878.36837
564.654421,102,3878.62914
578.87057,131,3878.9837
554.169332,99,3879.25128
460.35639,86,3879.48192
859.581878,161,3880.552996
864.773536,155,3880.942384
699.50843,146,3881.31831
689.258297,132,3881.666165
667.379635,129,3881.996109
479.299045,89,3883.893772
988.387164,182,3884.351103
618.415764,138,3885.355165
941.030002,172,3885.776269
665.853459,126,3886.086456
760.478322,148,3886.455843
654.842699,120,3886.784519
540.428816,98,3887.072062
857.726567,172,3887.508872
1017.48291,192,3888.627882
679.038998,122,3888.931949
645.89416,122,3889.230767
705.280427,131,3889.555978
679.056498,123,3889.875496
669.871678,119,3890.218688
581.87022,106,3890.516806
631.591996,121,3890.82033
1043.526499,202,3891.992817
665.741884,134,3894.301803
809.651302,148,3894.687031
652.815769,123,3895.013211
841.01066,152,3895.410486
698.984456,124,3895.731717
573.164661,112,3896.052984
832.582813,152,3897.127575
502.573465,96,3897.385922
954.04623,176,3897.853938
806.827068,147,3898.235213
789.396264,145,3898.617172
533.579858,99,3898.872747
586.093373,111,3899.179683
983.747984,188,3899.705522
573.504828,109,3900.647738
848.385407,166,3901.064223
669.375784,127,3901.374127
575.466498,132,3901.698582
633.341088,125,3902.006864
705.607808,142,3903.8601
920.452105,171,3904.289189
433.484416,83,3905.141037
993.926709,176,3905.579778
786.476411,155,3905.966734
951.089788,171,3906.47162
553.353405,101,3906.723713
832.831914,150,3907.094373
784.880558,152,3907.483954
715.897425,140,3908.482088
941.318858,187,3908.961832
846.200226,168,3909.38832
614.997075,125,3909.704515
756.253291,146,3910.073942
888.063187,163,3910.502585
672.990001,134,3910.86156
752.605433,142,3911.889298
668.718442,126,3913.654186
864.243804,178,3914.124923
927.897553,174,3914.569708
842.766578,159,3914.990723
629.780119,116,3915.303112
624.601432,119,3915.6247
598.569666,117,3916.606355
515.778014,107,3916.875223
451.680922,95,3917.121816
948.56366,190,3917.60146
905.605708,174,3918.03889
708.783827,138,3918.411465
1199.620375,231,3919.061908
648.808983,141,3920.063089
653.947002,139,3920.418881
682.772745,129,3920.731788
721.511796,139,3921.075629
730.64567,138,3922.763279
697.651303,128,3923.085777
683.665386,125,3923.399129
436.795278,84,3923.610137
842.330768,151,3924.636515
1075.449372,207,3925.193496
549.618305,109,3925.504089
614.733707,115,3925.788207
616.646769,112,3926.066884
649.247626,128,3926.397094
420.942104,80,3926.599544
1076.482145,202,3927.682868
494.31535,112,3927.974039
453.955441,104,3928.242502
567.031453,108,3928.518135
1199.023332,242,3929.131614
565.94818,126,3929.450402
861.074954,175,3929.916284
700.831373,134,3931.954487
721.102784,138,3932.88295
715.944815,137,3933.241201
654.410157,118,3933.541562
592.540021,110,3933.821156
671.903168,123,3934.125323
650.493975,119,3934.428602
794.768524,157,3934.839067
704.841214,158,3935.789554
448.018685,99,3936.03586
757.911859,155,3936.486783
492.558781,93,3936.737879
816.06371,156,3937.132326
968.653473,185,3937.590272
599.452344,116,3937.879647
911.640548,175,3938.318125
846.227526,187,3939.432708
944.808922,179,3940.007883
1327.576627,253,3942.209681
564.398733,107,3942.510001
694.575186,132,3942.880875
1016.594204,183,3944.006659
655.872848,121,3944.334998
561.932353,125,3944.66288
661.354858,118,3944.982224
608.229303,117,3945.297477
1049.525412,212,3945.892587
579.00707,128,3946.25
937.080391,195,3946.834061
503.36233,116,3947.901147
533.456552,103,3948.190654
600.707697,108,3948.485867
942.201666,171,3948.960373
729.156631,140,3949.347866
775.600358,150,3949.757592
673.356612,123,3951.832761
651.185589,140,3952.852815
796.463127,156,3953.244283
568.693414,116,3953.598821
732.791453,140,3953.989911
921.906162,188,3954.491894
712.228524,132,3954.836571
865.216908,160,3955.232437
867.389819,162,3956.304909
765.089953,140,3956.669185
859.32498,163,3957.141995
468.465778,92,3957.370095
745.212431,137,3957.712303
1005.445815,190,3958.175475
876.015719,167,3958.590496
796.892939,153,3959.637808
746.967911,136,3960.049062
739.81959,155,3962.100712
774.239677,149,3962.489184
553.852918,103,3962.753184
943.258073,191,3963.255442
614.572644,115,3963.565214
926.255694,167,3964.676218
816.158124,161,3965.085816
737.399599,131,3965.421187
1013.508511,180,3965.886723
825.151612,156,3966.299322
1027.959441,186,3966.801766
754.472321,147,3967.868838
588.582814,110,3968.154109
597.104095,116,3968.459173
637.446835,120,3968.778524
1130.321447,191,3969.270467
736.540898,138,3969.628155
578.158373,103,3971.31852
769.354037,159,3971.741246
654.31873,148,3972.703682
673.430302,129,3973.086309
449.083019,91,3973.329355
935.716074,177,3973.771632
549.398758,99,3974.021137
880.519238,157,3974.41978
634.782437,117,3974.704334
598.192255,111,3974.981668
599.573186,130,3975.887867
993.912736,185,3976.436402
1223.557476,238,3977.05211
743.297748,144,3977.41205
395.510511,79,3977.606765
795.143145,166,3978.043668
1158.444069,215,3979.20767
791.80421,149,3981.37056
569.172892,109,3981.667117
500.151384,113,3981.995426
1213.110164,215,3982.586747
792.871935,147,3982.999045
816.206412,162,3983.445305
658.620416,138,3984.387364
1066.318445,198,3984.896257
801.134326,146,3985.268466
835.59285,150,3985.645543
638.590152,117,3985.945649
519.967427,102,3986.222153
844.159237,170,3986.685291
671.134944,130,3987.63979
717.263146,129,3987.980258
692.643159,139,3988.34143
998.075254,182,3988.803234
742.436492,142,3990.717164
869.154466,148,3991.089015
604.567292,128,3991.410714
793.13205,141,3992.269579
731.912538,141,3992.640941
772.416936,145,3993.014112
568.409934,108,3993.330477
703.937474,145,3993.73356
637.186917,125,3994.050387
714.484725,132,3994.386824
686.246408,131,3994.707992
475.541404,98,3995.480546
1038.240144,199,3996.025243
899.239342,173,3996.491628
689.404521,128,3996.837267
902.504349,173,3997.284429
676.561946,131,3997.641374
1064.180695,192,3998.753596
998.205637,198,4000.881625
592.961072,116,4001.187103
560.620718,110,4001.475808
598.343154,112,4001.772214
696.08761,131,4002.129235
818.552653,159,4002.553972
1074.334666,199,4003.649989
635.921605,125,4003.988272
554.80337,114,4004.295714
660.482924,130,4004.652184
411.152208,80,4004.864312
938.816274,201,4005.391194
697.458669,137,4005.76562
707.73067,136,4006.164611
873.811942,161,4007.288722
628.93345,142,4007.636901
846.114411,181,4008.092298
579.136356,117,4009.877286
1082.527754,199,4010.402091
774.041196,157,4010.788575
1044.252488,191,4011.784639
960.820171,196,4012.282266
537.152466,101,4012.545654
660.137571,124,4012.850615
821.001979,162,4013.330155
1227.6956,237,4013.925533
900.076599,155,4014.311559
1124.941969,208,4015.402848
873.318192,171,4015.843626
768.718699,143,4016.202776
496.585858,92,4016.434126
835.516232,160,4016.850512
543.50246,104,4017.121345
749.395333,142,4019.160052
588.904577,109,4019.975203
901.961971,162,4020.396635
394.714543,87,4020.61421
993.821726,181,4021.06887
532.965366,105,4021.341029
962.785538,195,4021.854999
948.242398,168,4022.301361
725.963053,133,4023.21427
870.612555,189,4023.689616
1309.025307,266,4024.358355
808.4034,163,4024.789388
740.30307,139,4025.181229
734.823029,147,4025.563098
884.737937,189,4026.548108
523.448078,102,4026.795512
705.734308,141,4028.832322
527.251846,95,4029.064313
844.900249,163,4029.468975
869.375495,165,4029.872105
1302.269964,251,4031.027734
825.994655,157,4031.428124
615.590692,128,4031.763831
542.86829,116,4032.065228
1337.951053,247,4032.710715
828.334939,169,4033.193858
658.061499,133,4033.556684
643.96579,124,4034.44532
575.015569,130,4034.779464
880.060818,158,4035.186043
690.707206,130,4035.53363
651.5085,123,4035.845488
907.160751,168,4036.298362
978.998083,165,4038.191398
704.104504,142,4039.10708
724.61545,138,4039.462448
1204.709052,230,4040.051036
783.690089,152,4040.437731
576.297223,107,4040.715621
833.8831,152,4041.11688
822.475206,154,4042.144217
576.07699,132,4042.514171
844.617023,148,4042.88306
720.810463,141,4043.233433
574.415971,111,4043.501303
524.256975,102,4043.762571
1061.272364,194,4044.226503
531.119793,96,4044.47472
746.908426,135,4045.413751
1078.696061,210,4047.358005
1113.517301,201,4047.879546
987.713544,192,4048.371665
862.940574,163,4048.867766
888.932734,163,4049.290693
730.71155,164,4050.214212
669.058995,123,4050.522213
696.99945,137,4050.873518
717.386641,140,4051.228971
592.16887,113,4051.512091
877.156087,156,4051.911273
588.169214,116,4052.223833
824.509012,154,4053.191075
671.007244,133,4053.530963
983.659623,187,4054.018606
1102.992113,212,4054.559833
605.365223,125,4054.884899
655.869727,126,4056.654998
554.935121,105,4056.942016
675.572871,141,4057.914805
663.525516,130,4058.247993
827.905013,155,4058.64081
616.730423,121,4058.946682
1006.551196,184,4059.408263
752.436509,159,4059.823734
490.694088,101,4060.087302
776.836626,157,4061.13801
462.711459,105,4061.452673
1387.537046,257,4062.12198
968.487016,177,4062.553013
439.085558,97,4062.801642
813.980694,146,4063.17689
788.587661,151,4063.568155
726.782053,141,4064.490654
1230.210364,225,4066.332633
620.857372,125,4066.64453
707.685427,126,4066.954449
718.421314,136,4067.314711
889.616136,179,4067.80395
1072.564603,206,4068.934732
828.630946,149,4069.309339
1209.764281,209,4069.831898
844.107755,178,4070.289304
598.019425,112,4070.571725
1219.065379,205,4071.109847
766.444988,143,4072.049656
851.707026,161,4072.458444
500.821716,99,4072.702523
1062.454789,193,4073.196867
933.395281,170,4075.148394
990.617399,197,4075.667076
816.415025,160,4076.085008
812.901126,140,4077.036239
717.950306,142,4077.403634
695.933308,156,4077.792451
859.327692,159,4078.226049
715.435934,136,4078.627346
1035.184832,190,4079.11547
741.23181,130,4079.444279
985.696956,176,4080.419838
419.312178,80,4080.625368
474.106613,93,4080.860222
921.337416,182,4081.319473
592.822906,121,4081.681912
835.913459,158,4082.084587
550.799224,127,4082.40637
1078.538907,203,4084.933861
587.569469,128,4085.256723
970.326682,198,4085.754379
848.987858,172,4086.1908
962.709448,181,4086.674317
787.866865,154,4087.089988
648.146282,123,4087.982974
996.618738,175,4088.432496
1036.006138,214,4088.976565
909.18569,174,4089.421203
645.9009,119,4089.725512
889.599606,165,4090.163336
781.227036,152,4091.163753
632.417728,135,4091.507959
487.496267,92,4091.740472
1341.223615,261,4094.056696
685.61033,134,4094.397137
474.559242,98,4094.653058
647.825636,123,4094.967096
818.219938,156,4095.377736
936.677551,167,4096.368158
603.802086,110,4096.659837
753.695741,149,4097.03159
389.130664,80,4097.232483
1159.846281,225,4097.811931
730.234958,144,4098.177754
893.180065,173,4099.144262
823.212125,149,4099.563561
752.485114,170,4100.026332
802.964791,168,4100.444482
702.794687,130,4100.788427
709.2136,134,4101.13704
540.986778,121,4101.452164
843.928067,159,4104.074572
880.662859,174,4104.515759
1255.268686,227,4105.096374
1329.435397,257,4105.75873
662.170365,137,4106.124851
674.656928,126,4106.458865
942.698689,178,4107.482006
1177.647101,216,4108.037057
591.43494,108,4108.309823
905.635967,196,4108.814495
1396.620658,266,4109.515146
843.204765,154,4110.491107
1227.031104,225,4111.063313
937.181495,175,4112.831156
1066.392132,195,4113.33677
506.872059,118,4113.636793
993.124398,183,4114.097279
849.86821,167,4115.046083
1448.372832,285,4115.781644
763.784897,141,4116.196661
1003.641882,186,4116.659035
853.194879,159,4117.056048
664.683201,125,4117.371943
1255.450062,243,4118.49711
738.474886,139,4118.838781
691.450539,153,4119.294084
502.806339,102,4119.567183
741.695446,151,4119.947532
744.29657,138,4122.090045
624.224826,114,4122.3766
688.038822,135,4123.28815
686.74616,137,4123.640952
721.080983,140,4123.999276
1091.466207,217,4124.571995
779.737668,152,4124.959176
722.045471,149,4125.354328
854.278918,160,4126.351887
951.625743,205,4126.88464
820.866705,151,4127.273713
784.810452,173,4127.727473
511.33966,117,4128.033643
997.527625,175,4128.487331
558.043403,110,4128.789868
744.616084,165,4129.756509
777.647427,160,4131.867131
550.286679,116,4132.198162
624.62913,109,4132.470051
706.512592,127,4132.80074
725.399078,125,4133.098771
712.248385,137,4133.438473
862.635942,158,4133.844712
1645.295438,306,4135.234351
878.668227,162,4135.634235
1074.031507,197,4136.154562
776.633795,151,4136.526214
805.65037,168,4136.959543
1109.930225,223,4138.113539
831.271801,176,4138.566687
645.680173,120,4138.876061
994.937865,195,4139.380427
754.168554,139,4141.279484
901.201751,166,4141.70906
1310.91352,243,4142.886994
447.848304,93,4143.123216
671.005923,122,4143.429813
771.829566,152,4143.821693
724.371491,129,4144.152644
760.659125,140,4144.51941
521.263377,97,4144.77747
867.113139,158,4145.753338
889.883262,182,4146.208187
1524.505801,270,4146.87722
633.221509,126,4147.19366
783.643619,153,4147.644814
543.435154,111,4147.937928
1104.099298,209,4148.958296
594.343196,138,4150.81205
590.056957,108,4151.105514
755.818731,142,4151.446357
686.128038,136,4151.807593
598.233548,122,4152.118306
571.900663,107,4152.389909
1341.147769,261,4153.572029
669.106438,124,4153.880973
947.769616,194,4154.374686
766.120868,149,4154.752298
539.899828,125,4155.080148
940.281003,179,4155.55838
504.524762,98,4155.823174
705.663662,143,4156.778814
607.614676,122,4157.093214
750.180212,138,4157.443867
422.742553,99,4157.705791
784.218974,144,4159.862947
619.267384,131,4160.20903
453.564281,101,4160.477578
844.330649,178,4160.938756
543.795621,104,4161.759806
993.382522,198,4162.265732
1181.580326,225,4162.905333
569.165659,108,4163.170984
618.674403,117,4163.46856
545.257757,124,4163.782798
885.174326,161,4164.18053
957.804886,178,4165.147972
2297.127253,413,4166.251999
628.197926,143,4166.62765
1182.751809,246,4167.250787
747.722523,145,4169.675223
480.536372,107,4169.950629
622.947039,144,4170.316642
784.961891,152,4170.701076
824.723801,166,4171.119742
918.436268,174,4171.576803
872.708407,170,4172.035101
773.993408,160,4173.015586
902.022048,182,4173.484459
997.109767,190,4173.967283
751.327198,169,4174.40197
969.986213,190,4174.902621
1171.155779,237,4176.111356
949.417643,180,4176.563026
824.235832,146,4176.927397
606.228527,120,4179.107545
789.890677,157,4179.501544
878.712206,169,4179.932567
907.892275,174,4180.386463
685.955749,148,4181.291333
981.018316,193,4181.857077
518.358493,114,4182.158092
788.72092,152,4182.539279
582.081218,127,4182.847704
745.205301,156,4183.233298
387.263649,91,4183.462901
862.29655,166,4184.424531
588.602345,117,4184.765389
711.724212,132,4185.127246
730.798749,138,4185.471228
569.95766,127,4185.789702
1057.070806,210,4186.311963
787.787824,144,4188.410915
977.46549,184,4189.465415
720.867649,150,4189.845195
674.537397,136,4190.194779
600.900124,121,4190.504597
676.20949,129,4190.83774
722.560787,140,4191.206362
801.242221,156,4191.626826
1549.198517,278,4192.907837
676.562686,128,4193.230516
1176.921877,222,4193.813797
793.732703,163,4194.239875
728.190158,140,4194.617038
1217.636846,225,4195.780511
619.777273,139,4196.132989
839.292222,160,4198.055606
1119.99627,214,4198.662368
769.171997,170,4199.092824
827.73832,160,4199.498515
718.36475,133,4200.352548
603.397711,111,4200.633858
830.365972,156,4201.018552
1304.435947,226,4201.631946
872.910399,167,4202.063405
966.414604,185,4202.518835
684.997028,136,4202.856415
928.303744,181,4203.821062
747.081986,140,4204.191647
964.921462,184,4204.696128
751.533889,137,4205.076703
1124.263022,210,4207.372574
928.719351,169,4207.825153
767.393102,144,4208.755277
1136.397202,211,4209.291735
875.299352,181,4209.785965
850.75653,166,4210.255439
810.69869,145,4210.659833
710.988085,145,4211.098902
840.626989,164,4212.139571
911.076228,173,4212.58214
815.800615,149,4212.968275
1044.827781,201,4213.491325
866.477685,176,4213.956422
865.600027,171,4214.418404
1033.694455,206,4215.488239
1017.751609,187,4217.639345
651.501598,121,4217.963048
823.343147,166,4218.385474
556.580153,105,4218.64759
1006.823873,199,4219.164279
807.671649,146,4220.242263
835.245,160,4220.635911
752.909094,170,4221.06594
557.031724,107,4221.322222
624.682452,117,4221.614116
1115.825376,212,4222.191206
1328.377215,254,4223.442747
847.967525,166,4223.864781
686.787773,138,4224.221953
704.09381,134,4224.568514
1373.522895,268,4226.823418
793.052273,147,4227.198308
970.625711,188,4228.257595
840.742475,163,4228.678735
596.355571,110,4228.959029
535.677137,101,4229.215684
656.881465,124,4229.534221
655.976843,126,4229.857111
887.440509,178,4230.336011
762.548716,141,4230.709526
932.03114,196,4231.790324
495.382934,97,4232.033695
422.410877,98,4232.291237
654.578865,132,4232.616112
659.851098,120,4232.916175
796.222675,151,4233.378009
703.854247,136,4233.723136
919.297988,167,4234.671962
903.913141,185,4236.702097
1361.62955,279,4237.390288
347.671818,67,4237.558375
600.657107,119,4237.852978
706.150876,131,4238.183211
671.101993,136,4238.531189
749.302211,136,4239.419568
736.356384,138,4239.83997
633.004092,121,4240.168348
629.786816,127,4240.498041
993.767836,177,4240.954582
634.102312,124,4241.273286
1052.863192,191,4241.765615
1464.132849,275,4243.064617
597.600856,112,4243.357026
784.14576,168,4243.793177
850.094241,171,4246.121548
831.477475,152,4246.527856
985.595363,193,4247.033806
659.956737,128,4247.939832
1209.498368,227,4248.52288
574.823254,124,4248.840767
892.760637,164,4249.251627
757.079589,149,4249.653085
777.827858,149,4250.061597
664.144264,122,4250.95218
1122.768252,207,4251.477207
659.718528,133,4251.815084
461.192887,88,4252.031613
1357.810388,253,4252.663226
627.855929,132,4253.004571
562.315369,108,4253.323463
665.17573,129,4255.862761
678.145802,130,4256.188171
959.313072,198,4256.73281
448.63688,106,4257.020734
484.82674,93,4257.2544
602.281565,114,4257.541578
1017.025628,213,4258.094727
741.078,138,4259.004878
585.491147,113,4259.294104
807.15801,166,4259.740728
786.432866,150,4260.124479
558.018899,127,4260.454156
745.038997,136,4260.811317
409.132324,83,4261.037726
885.098819,169,4261.487208
846.705028,167,4262.515621
734.648819,151,4262.9122
916.655552,204,4265.131348
757.784329,156,4265.530899
489.499479,113,4265.828773
556.624933,106,4266.103151
636.129541,113,4266.388441
904.91023,182,4267.531538
954.31712,191,4268.027115
589.253695,113,4268.308159
589.462043,106,4268.570125
768.842315,153,4268.964061
383.58049,77,4269.166671
1716.830046,304,4270.668436
581.594162,110,4270.945463
1148.332204,220,4271.493934
800.355625,150,4271.871009
590.824739,114,4272.158056
828.773357,161,4272.634987
737.693675,140,4274.48802
1072.209675,224,4275.681934
779.48375,150,4276.136456
698.652459,127,4276.473261
460.734859,90,4276.705753
1030.046146,192,4277.193675
730.495393,149,4277.574967
718.184904,133,4277.914375
840.740418,156,4279.002603
549.687863,107,4279.296208
711.089178,138,4279.656067
652.690739,120,4279.968527
637.911631,144,4280.34251
1298.788914,253,4281.045683
796.55269,149,4281.457814
724.358403,141,4282.501838
718.358073,147,4282.894418
1060.457958,204,4285.199368
781.820751,146,4285.588042
590.50877,112,4285.901975
889.59297,168,4286.358654
671.561474,127,4287.334386
614.623273,122,4287.646276
690.950906,128,4287.982437
732.490236,134,4288.308602
684.220353,125,4288.621477
614.734677,114,4288.89645
631.483049,138,4289.266535
634.047665,120,4289.617561
814.173792,155,4290.706441
791.217977,151,4291.082396
837.144623,164,4291.493713
687.595884,132,4291.82082
484.994995,97,4292.067424
989.94153,192,4294.054198
810.174886,144,4294.412046
778.522075,144,4295.434693
617.859731,115,4295.737486
668.428235,131,4296.07715
529.204278,100,4296.340286
565.974491,122,4296.656862
936.093144,171,4297.097854
966.118009,191,4297.623387
795.26828,154,4298.035688
450.915782,104,4298.994487
767.330385,152,4299.392564
485.452282,91,4299.621574
1245.464444,238,4300.224463
656.949721,143,4300.593022
790.215753,151,4300.998191
985.709585,205,4302.221318
616.420537,113,4302.520526
641.206911,134,4304.449683
690.660273,123,4304.768767
689.954043,129,4305.094216
1184.035608,226,4305.700859
497.184292,97,4305.960057
991.277557,215,4307.284706
993.95993,182,4307.735959
712.070643,142,4308.084538
999.897836,208,4308.61024
610.499568,114,4308.88404
667.577845,125,4309.203016
742.603715,153,4309.608954
668.832973,124,4310.691173
826.81628,151,4311.063962
563.045558,127,4311.383741
904.154043,170,4311.807177
432.7158,84,4312.02978
370.448422,73,4313.655498
1012.390313,193,4314.153392
430.296934,99,4314.411824
761.389951,146,4315.418695
785.865743,152,4315.802656
656.514342,131,4316.141352
900.235056,176,4316.595935
926.80256,175,4317.047782
641.745368,117,4317.35853
703.673011,137,4317.723073
564.946718,105,4318.658197
932.841954,170,4319.087222
570.454042,110,4319.368345
627.93158,126,4319.69236
893.364384,176,4320.14034
834.378345,148,4320.522231
753.684516,138,4320.889165
608.937786,112,4321.838375
753.156275,155,4323.975914
759.949595,153,4324.375497
888.329694,179,4324.82142
824.862258,152,4325.203584
574.155816,108,4325.469155
717.367164,149,4325.863871
534.540284,123,4326.914716
630.500323,120,4327.239144
658.918882,124,4327.539526
634.475546,136,4327.87927
546.562013,124,4328.198095
951.369534,199,4328.704161
583.495823,127,4329.022893
913.882642,166,4329.457875
729.966922,130,4330.506691
718.784223,141,4330.86609
1047.07385,219,4331.433205
600.563821,117,4333.38668
994.746267,188,4333.870582
676.992477,131,4334.207088
703.691659,133,4335.232428
1018.354703,199,4335.74514
691.082746,127,4336.074195
596.534285,113,4336.37619
683.788086,143,4336.751555
641.476355,124,4337.081353
1131.704528,206,4337.640199
964.717504,181,4338.803463
874.963528,172,4339.246358
824.101951,155,4339.651226
870.551436,164,4340.066554
880.362822,186,4340.571319
586.210117,106,4340.853734
851.579441,155,4343.709718
861.740083,159,4344.108557
514.678197,116,4344.40316
849.404078,145,4344.759067
1325.186283,237,4345.336915
1216.164232,225,4345.927273
918.201006,172,4347.170665
487.754084,91,4347.394439
562.545646,110,4347.68039
553.222708,103,4347.931656
611.907747,113,4348.21596
683.061076,129,4348.538349
963.685921,177,4348.967721
627.477116,129,4349.303553
779.700922,157,4350.375658
1074.846763,198,4350.890852
1170.522432,229,4353.041585
551.036325,109,4353.321406
644.241022,131,4353.663564
639.58325,120,4353.983976
1135.173924,209,4354.536158
742.259705,142,4355.55249
743.736968,147,4355.928611
792.319219,152,4356.320393
839.057589,158,4356.722863
1287.021858,246,4357.374827
774.456702,166,4357.824546
465.549088,90,4358.709347
1052.788804,212,4359.253922
535.444531,100,4359.502244
601.688712,120,4359.810135
485.447953,111,4360.107829
514.054405,97,4360.397308
1014.023476,188,4362.413944
688.346746,129,4363.458909
660.154508,118,4363.801718
735.342769,136,4364.159774
931.699253,168,4364.576114
1057.222322,212,4365.110845
1171.476507,216,4365.642771
1097.405258,182,4366.636376
624.908857,118,4366.954199
656.811532,126,4367.31543
878.756047,160,4367.714885
1044.501829,194,4368.204892
712.184447,145,4368.57833
612.455686,119,4368.885576
802.907107,166,4369.876019
692.225452,131,4370.20579
835.202826,155,4372.431609
538.256159,103,4372.695864
643.337097,122,4373.008741
885.521623,161,4373.439257
650.534107,138,4373.803537
335.537606,68,4373.98098
745.438294,144,4374.961231
719.696854,132,4375.295301
614.404306,136,4375.64908
740.550145,160,4376.060954
840.942412,150,4376.446013
809.744951,148,4376.828948
948.992555,183,4377.316011
771.059729,144,4378.207584
773.477625,138,4378.549302
718.909834,159,4378.938081
676.832926,137,4379.286288
1625.018937,294,4381.636422
941.805199,170,4382.068935
906.678913,182,4383.25627
1066.512248,206,4383.801613
768.665989,148,4384.17656
712.756002,134,4384.504956
816.370888,160,4384.904363
880.996717,170,4385.346987
773.022716,158,4386.435678
1128.279419,215,4386.980107
783.832291,166,4387.412161
356.705799,71,4387.590819
689.443875,143,4387.956966
872.395085,188,4388.464935
792.916749,159,4388.892831
449.744864,102,4389.860927
732.312772,155,4391.928429
1032.386595,199,4392.44305
572.471922,108,4392.727638
1121.216938,210,4393.281549
1222.06374,222,4393.90236
785.845632,165,4394.96967
922.969616,181,4395.417831
931.056045,187,4395.935181
1255.662913,221,4396.514927
560.549616,123,4396.8215
603.480533,119,4397.116459
1034.669303,219,4398.179095
682.574957,144,4398.543785
565.325901,125,4398.857366
816.528947,148,4399.275479
733.441216,150,4401.197502
743.841958,132,4401.544171
1098.105975,206,4402.778802
683.552055,142,4403.161998
804.279013,161,4403.579184
809.30335,156,4403.975697
769.745794,154,4404.372432
1039.037107,181,4404.837811
1145.321129,225,4406.100143
801.032444,154,4406.494909
965.289947,205,4407.019621
754.761832,147,4407.407861
970.917263,189,4407.89045
630.44449,128,4408.236105
889.173855,165,4408.681457
715.730171,137,4411.249469
1235.464961,242,4411.870187
612.438233,122,4412.186522
676.201219,137,4412.549038
851.079667,162,4412.968962
654.361027,134,4413.320773
796.093417,158,4414.352419
781.500479,146,4414.736063
1046.072317,211,4415.269459
646.698189,134,4415.592233
1127.146003,215,4416.208634
720.629367,140,4416.555922
820.499197,162,4417.609789
848.810076,159,4418.004992
623.230572,119,4418.292525
824.324452,158,4418.694334
732.922239,140,4420.459277
666.210528,131,4420.781683
794.874186,156,4421.166968
621.209977,127,4421.502075
752.858001,148,4422.533371
763.854155,159,4422.936781
605.186692,119,4423.247026
956.459094,179,4423.710603
772.917532,166,4424.150176
579.038805,126,4424.493053
917.941908,177,4425.561688
697.426889,153,4425.968053
961.488793,178,4426.432585
802.662223,153,4426.830428
642.833938,133,4427.17758
799.960734,151,4427.587031
1010.628756,199,4429.881827
711.742756,133,4430.892907
974.404133,196,4431.398457
695.334346,134,4431.728689
1144.096048,213,4432.264935
643.504295,118,4432.558647
943.920107,180,4433.105263
1153.710775,217,4434.266009
911.359479,170,4434.698907
788.261288,154,4435.096602
662.300347,139,4435.452074
722.175066,143,4435.824184
564.912326,103,4436.123612
1038.634105,187,4437.213945
907.611859,185,4437.669513
906.422388,178,4439.555485
711.048816,132,4439.960392
456.843466,93,4440.204905
547.763837,116,4440.498699
789.414787,153,4440.886369
817.220797,151,4441.940313
499.855625,94,4442.185513
911.95212,175,4442.639972
698.206168,136,4442.997121
890.7603,182,4443.466057
882.899495,179,4443.941145
627.81093,122,4444.282656
693.84551,130,4445.306961
801.758747,150,4445.696854
792.647187,161,4446.114042
750.077335,147,4446.495903
605.454846,118,4446.793225
901.999764,180,4447.259417
779.995377,145,4449.309266
743.964978,157,4450.310167
789.889696,144,4450.665946
724.829385,149,4451.057294
1031.585311,206,4451.576031
484.15792,93,4451.806691
1145.298552,229,4452.417059
635.068005,122,4452.738926
694.202014,131,4453.740046
635.856216,130,4454.064593
1142.232657,206,4454.566618
719.677138,134,4454.912741
600.304624,119,4455.204485
1266.82848,238,4455.823945
836.557287,171,4456.845062
787.288435,149,4457.25603
1254.946474,233,4459.310149
853.647072,155,4459.715925
789.859709,137,4460.081268
421.877525,80,4460.294617
1012.467541,198,4460.820982
1337.517319,233,4461.967946
744.436485,138,4462.310976
673.601405,129,4462.636612
734.168562,145,4463.005994
1301.82779,253,4463.661535
808.167945,180,4464.731653
570.072134,109,4465.003773
704.755348,141,4465.37262
733.612674,136,4465.724606
1007.269083,195,4466.212503
727.106285,138,4468.227089
573.243596,109,4468.512545
787.817724,148,4468.90263
586.230025,109,4469.833747
951.87125,191,4470.305262
1075.781179,210,4470.87756
834.3163,175,4471.336424
838.004574,162,4471.745084
845.345863,176,4472.185302
877.94602,168,4473.117901
771.977397,159,4473.52391
876.224284,160,4473.923566
912.907624,161,4474.381493
705.022644,137,4474.731669
804.810214,152,4475.110933
875.333202,163,4476.186016
792.538651,174,4478.08724
989.79511,184,4478.563643
1156.909334,209,4479.103214
1331.251045,243,4479.740582
564.779807,108,4480.020066
626.097467,126,4480.938435
902.293567,176,4481.387029
762.109064,136,4481.733869
544.882248,113,4482.016617
933.179233,189,4482.506011
647.536624,122,4482.828934
638.715394,126,4483.165847
794.626419,142,4484.104656
711.683168,156,4484.501427
725.265303,154,4484.89342
1364.923624,246,4487.121675
709.405744,156,4487.578525
714.868036,138,4487.926312
838.330869,174,4488.848282
705.97681,137,4489.18013
878.664745,182,4489.639659
840.089049,177,4490.0683
626.453589,132,4490.416589
743.628221,148,4490.85301
718.344933,149,4491.234016
1062.989929,204,4492.243542
482.850583,107,4492.513651
929.62348,180,4492.961237
908.92018,167,4493.367678
765.330684,143,4493.741581
677.218244,137,4494.146213
717.057341,155,4496.840314
782.929939,148,4497.216
856.781774,151,4497.60013
804.135136,155,4497.996511
653.975532,129,4498.341839
848.237098,175,4498.813149
859.438517,174,4499.285017
875.776506,154,4500.377025
665.96655,131,4500.721398
657.790114,139,4501.077186
634.023375,120,4501.387902
692.721036,133,4501.728652
511.556821,99,4501.99307
917.721121,172,4502.456968
748.28184,162,4503.57165
782.047933,155,4503.978539
536.621977,113,4504.28485
715.695911,128,4504.611171
757.881085,152,4506.561025
663.421674,139,4506.980672
871.222796,152,4507.391403
701.217645,129,4507.704887
575.382386,114,4508.65066
576.859174,123,4508.964385
625.801454,115,4509.254467
1026.829576,194,4509.743842
860.029491,160,4510.186025
639.858546,114,4510.497077
644.450064,146,4510.865359
527.728323,98,4511.79418
577.522974,110,4512.06372
683.960132,138,4512.414342
1010.549176,185,4512.893625
557.574378,101,4513.149822
770.91002,143,4513.520892
641.748694,124,4513.858636
927.878449,177,4516.132637
645.329845,135,4517.123468
682.12575,139,4517.486178
608.207087,118,4517.790769
992.970038,202,4518.317285
1239.095611,233,4518.932261
796.704139,164,4519.375588
577.993706,107,4520.341455
789.168996,147,4520.721052
694.845095,129,4521.05831
432.44687,83,4521.272818
928.160141,188,4521.762465
794.700863,168,4522.206477
880.888065,180,4522.669232
697.201076,153,4523.8654
1199.72776,227,4524.430549
654.574143,136,4526.318009
1419.359462,279,4527.111952
904.356378,168,4527.524481
713.337546,135,4527.853073
622.072382,128,4528.82754
559.071769,105,4529.08618
966.242541,193,4529.571905
930.240036,189,4530.128712
476.651859,88,4530.345335
947.144311,193,4530.839022
781.113354,145,4531.878466
773.018641,159,4532.284241
803.916369,144,4532.648294
634.619581,127,4532.978846
1306.400444,239,4533.596769
666.560983,125,4535.533338
551.696818,109,4535.816286
954.418808,174,4536.909811
491.730485,100,4537.162511
572.61612,103,4537.420441
1028.036259,204,4537.946541
840.829419,165,4538.377222
1251.548204,234,4538.987292
657.947915,146,4539.384429
780.895935,153,4540.410946
684.847956,132,4540.742713
843.534246,161,4541.14535
508.309382,99,4541.391924
693.731865,127,4541.703869
684.038613,130,4542.037075
645.977756,137,4542.399613
749.679287,155,4543.532367
1054.178231,206,4545.419062
1012.402012,178,4545.890489
1050.151816,196,4546.3954
734.42179,143,4546.839171
810.736777,155,4547.27345
463.551617,88,4547.493808
983.744706,188,4548.64958
1130.495758,212,4549.216849
600.883077,133,4549.574734
724.874984,135,4549.935408
682.190658,129,4550.289434
795.357864,156,4550.729425
635.471981,119,4551.719213
512.355258,96,4551.978123
568.604897,113,4552.270435
788.410302,153,4552.659411
912.05449,160,4553.085793
929.317502,179,4555.088388
965.498801,174,4555.550488
730.713278,133,4556.566344
694.442487,133,4556.927206
768.101806,146,4557.313387
1132.714491,202,4557.847176
481.319723,114,4558.155527
931.520724,169,4558.600507
1004.480935,196,4559.145982
674.846703,129,4560.266837
698.644358,148,4560.658152
794.697021,156,4561.056079
1561.086006,306,4561.842502
831.266845,166,4562.28389
865.949708,161,4563.488353
671.394286,131,4565.419711
621.218196,115,4565.734731
1045.87984,209,4566.361401
424.973963,83,4566.573329
533.628677,108,4566.848708
817.364657,155,4567.241423
612.985402,113,4567.523115
725.278617,139,4568.528481
969.543491,182,4568.997142
471.418128,104,4569.261876
861.1469,167,4569.705081
905.606316,162,4570.115402
844.797554,152,4570.520451
749.426067,150,4570.921545
728.414726,140,4571.972093
839.687131,168,4572.409148
779.622153,141,4572.77862
1276.730082,238,4575.102009
746.909771,135,4575.435246
784.600516,144,4575.779518
793.957014,158,4576.807549
1185.121678,208,4577.320025
1068.581831,205,4577.878848
658.801984,122,4578.225878
770.991521,149,4578.597903
654.819804,149,4578.986958
869.670444,166,4580.034389
787.69326,143,4580.394945
1323.10982,243,4581.051471
616.00577,120,4581.4076
1288.331109,226,4581.971217
735.245287,134,4582.297899
901.511083,178,4584.973197
494.570139,96,4585.213369
549.88746,110,4585.497635
790.635109,149,4585.879187
932.154591,186,4586.367011
946.832087,176,4586.832416
944.225035,189,4587.346501
655.991475,129,4588.349171
714.333667,132,4588.68064
662.87345,122,4588.986927
622.254395,122,4589.301825
782.070163,154,4589.692643
862.498611,172,4590.136525
694.117463,137,4590.510063
916.342573,172,4591.640657
534.150598,119,4591.949833
1065.011681,205,4592.473027
1141.527922,234,4594.574062
778.699401,144,4594.928737
1089.717549,206,4595.475872
747.689983,141,4596.537609
621.116388,140,4596.937976
662.458856,122,4597.244982
706.627836,143,4597.600133
832.961051,175,4598.043437
630.892481,143,4598.403478
696.374845,137,4598.759532
661.21107,126,4599.765503
658.085565,126,4600.092859
431.128671,85,4600.310021
764.488824,166,4600.740207
951.503108,184,4601.210105
630.823718,118,4601.527114
851.891895,167,4601.983414
629.421633,127,4603.924944
943.737374,162,4604.993329
941.04427,175,4605.443768
707.667938,130,4605.773109
599.804188,109,4606.045823
1090.45084,208,4606.582646
741.282311,155,4606.996384
714.218627,139,4607.933
775.077881,148,4608.313915
870.884335,175,4608.799994
1113.663322,224,4609.416982
429.935474,96,4609.660225
961.409411,172,4610.091136
804.975118,167,4610.511932
923.996759,195,4611.539314
861.793514,165,4613.746954
695.054714,128,4614.062959
468.664477,89,4614.283438
811.178908,177,4614.763419
844.560455,154,4615.160166
807.238314,145,4616.170752
436.162082,88,4616.387908
712.606245,133,4616.723516
782.063275,161,4617.135843
1048.012117,192,4617.634171
686.793179,134,4617.996958
667.212171,133,4618.363328
1379.136787,274,4619.659782
654.96421,134,4620.003645
691.010652,133,4620.342197
640.074077,129,4620.678344
1031.766035,200,4621.210411
848.909613,171,4623.427606
760.722103,153,4623.817083
566.662711,125,4624.701801
1080.125364,215,4625.255567
859.510096,167,4625.679154
1143.90461,210,4626.216083
898.534868,168,4626.657295
736.83419,149,4627.126311
654.332116,130,4627.968642
821.726493,162,4628.371122
708.235044,143,4628.721193
776.901979,156,4629.112974
367.113496,72,4629.288554
779.762756,152,4629.687273
500.464502,93,4629.957771
729.876338,132,4630.913297
899.442966,164,4633.20664
734.083903,153,4633.610509
776.471321,162,4634.04962
1106.461157,224,4634.647888
826.998596,159,4635.072765
887.923644,171,4636.102759
604.263817,125,4636.427291
950.998906,192,4636.924876
723.894255,142,4637.300312
855.672005,178,4637.825088
627.187488,119,4638.179141
949.481329,172,4638.709069
669.92324,121,4639.629899
625.713021,125,4639.953889
1343.65084,253,4640.635312
839.221603,162,4641.069767
938.204721,204,4643.356602
674.302628,133,4643.712763
861.295927,166,4644.7118
607.228575,114,4645.022834
814.477417,156,4645.498385
530.287383,108,4645.769706
834.567208,159,4646.171155
1107.071621,200,4646.695036
1065.279186,201,4647.240243
697.321178,142,4648.167405
660.707789,123,4648.530024
548.699989,115,4648.875705
863.763633,162,4649.307117
929.20351,176,4649.764868
401.981541,82,4649.981495
562.550134,109,4650.268718
626.667615,119,4650.569997
843.745431,157,4652.948763
1486.215364,258,4653.64719
583.990412,115,4653.952669
736.175301,155,4654.380549
720.54902,132,4654.750176
624.869989,133,4655.117863
1106.412511,215,4656.359063
854.518449,158,4656.782313
943.062906,175,4657.239862
736.467184,160,4657.661878
793.076669,156,4658.09628
796.455937,163,4658.562227
764.580214,142,4659.617206
633.928677,143,4659.988483
866.627376,190,4660.473461
614.927009,120,4662.43289
742.752933,136,4662.819407
747.701031,143,4663.208017
492.631919,92,4663.451947
729.151582,137,4663.8207
808.610465,161,4664.888412
763.404482,155,4665.319151
831.33735,159,4665.799557
603.899592,131,4666.142182
758.229656,141,4666.520447
768.319663,138,4666.865493
846.584465,164,4667.846153
678.985229,151,4668.261318
1300.78948,246,4668.914432
827.951795,177,4669.424163
708.042147,146,4669.843019
1032.269136,197,4670.385794
726.836352,137,4673.301935
791.936116,156,4673.708237
1099.917041,223,4674.319775
616.106293,141,4674.698408
1261.478229,235,4675.352304
480.979893,110,4675.657069
912.596999,181,4676.86674
414.537381,95,4677.129285
574.499149,126,4677.460273
636.543909,119,4677.77743
741.644149,158,4678.193288
742.946984,144,4678.638331
1325.471429,250,4679.313587
681.12513,141,4680.21836
749.610111,140,4680.586883
757.326745,140,4680.930356
702.765343,134,4683.148744
509.053371,108,4683.452573
587.951953,131,4683.813528
785.331043,153,4684.247691
769.272261,155,4685.364111
1002.513444,179,4685.886298
833.188776,167,4686.317691
692.498082,139,4686.682034
646.377345,133,4687.035363
763.770936,144,4687.426584
540.26411,118,4687.753281
535.546363,105,4688.058773
697.545557,128,4689.084459
733.173924,137,4689.44228
825.501467,147,4689.830362
1160.045018,217,4690.411963
805.341984,169,4690.879631
634.063054,112,4692.96132
943.526819,200,4694.063677
652.159423,140,4694.441665
780.614873,157,4694.856288
634.813515,121,4695.174636
1262.731646,235,4695.782363
697.99712,138,4696.150962
681.239596,148,4696.572133
963.990114,197,4697.662835
763.490353,146,4698.106997
691.979935,125,4698.427242
711.918505,158,4698.848145
601.147631,127,4699.17302
1130.493841,229,4699.782225
563.12315,111,4700.634268
889.001473,171,4701.094744
927.948398,182,4702.986884
676.439147,130,4703.322169
816.814131,179,4703.815833
712.028966,138,4704.191943
758.704676,147,4704.607052
783.178965,160,4705.653014
554.920636,108,4705.935608
1089.70808,230,4706.557833
742.954369,152,4706.958827
740.544296,139,4707.334654
601.665698,115,4707.644417
879.466114,169,4708.699785
1202.344635,258,4709.389461
506.533409,114,4709.694014
774.662733,145,4710.074136
648.589271,132,4710.424239
651.395181,131,4712.587018
632.184493,129,4712.925387
