#{"t_start": 1787570597.0040064, "env_id": "Humanoid-v5"}
r,l,t
105.024188,23,2.654432
76.894712,17,2.684911
80.063008,18,2.716552
75.966693,17,2.746038
75.686524,17,2.790445
197.5179,41,2.908886
89.614691,20,2.949114
81.66886,18,2.983346
71.504578,16,3.013543
77.784992,17,3.045463
120.757851,26,3.094168
131.394991,28,3.14388
69.798569,16,3.172137
116.713429,25,3.217796
79.782519,18,3.249471
107.083974,23,3.290854
81.657383,18,3.323027
106.845603,24,3.36617
85.134833,19,3.398653
116.653992,27,3.446031
74.072437,17,3.476522
132.011257,29,3.527346
136.394753,30,3.581256
108.024876,24,3.626215
80.990327,18,3.65821
79.485319,18,3.689686
91.9176,21,3.72687
75.057916,17,3.758148
94.293401,21,3.796018
133.551264,29,3.847996
90.070701,20,3.884067
76.496845,17,3.91427
93.252609,20,3.949354
148.263068,32,4.007071
90.627291,20,4.044093
86.206422,19,4.077837
70.804918,16,4.105596
71.612833,16,4.133389
80.722944,18,4.164277
75.270899,17,4.193161
113.11956,25,4.238185
80.309401,18,4.269852
70.60523,16,4.297851
80.864355,18,4.328456
121.328352,27,4.378115
76.359738,17,4.408903
196.144731,44,4.490698
133.667969,31,5.583594
128.143125,27,5.631043
139.497456,31,5.687795
129.084977,28,5.74458
76.246895,17,5.777455
106.364694,23,5.821744
134.254146,28,5.877312
92.498267,21,5.925367
90.757019,20,5.96523
133.412694,29,6.021141
76.162164,17,6.053506
97.976755,24,6.097537
115.620172,25,6.144377
82.296807,20,6.182119
116.912768,25,6.230098
178.987444,40,6.30366
72.788581,17,6.335224
87.476788,20,6.370044
131.671391,28,6.420188
69.022345,16,6.446604
70.261028,16,6.475271
82.695404,19,6.509009
81.155406,18,6.540843
81.035191,18,6.572669
93.98438,21,6.610219
109.247726,23,6.651622
105.323812,24,6.6944
90.766253,20,6.728675
101.213097,22,6.76891
84.080422,19,6.803818
119.635315,27,6.853893
79.204589,18,6.885587
129.015355,29,6.938857
70.792383,16,6.966421
70.110542,16,6.99383
99.830513,24,7.036443
89.537849,20,7.071386
74.604949,17,7.101032
131.89176,29,7.152702
120.513674,26,7.197722
71.349501,16,7.224985
70.76218,16,7.252644
132.024034,29,7.30563
81.466764,18,7.338302
121.874557,26,7.386106
103.944078,24,7.994455
71.408518,16,8.021931
83.781802,19,8.056412
112.137809,28,8.107965
76.144841,17,8.139145
107.861339,24,8.182868
89.437514,20,8.217907
102.334858,23,8.259088
80.664237,18,8.291897
93.775071,23,8.332566
80.177744,18,8.364101
104.158074,23,8.405227
121.91758,27,8.452507
115.308257,27,8.499683
79.169366,18,8.530565
102.178476,23,8.569422
123.880013,27,8.617148
75.710946,17,8.6465
130.859402,28,8.696108
92.251184,20,8.732894
76.579885,17,8.762665
105.678277,23,9.170645
105.945803,23,9.211051
90.751377,20,9.24686
94.729588,21,9.283427
83.521427,19,9.317436
76.301105,17,9.347226
91.452131,21,9.38499
84.054041,19,9.41924
76.080916,17,9.450054
138.150682,30,9.50442
74.749135,18,9.537425
145.779209,32,9.59828
81.070866,18,9.631959
72.979205,17,9.662493
71.335113,16,9.691488
103.23471,24,9.736978
97.107817,21,9.776773
97.845934,22,9.816761
91.227606,20,9.854001
85.491036,19,9.890871
76.318541,17,9.93234
86.301206,19,9.976474
110.404967,27,10.027015
162.489997,35,10.092364
107.654729,23,10.135197
81.373033,18,10.168608
76.234483,17,10.200925
76.158988,17,10.716577
135.326393,30,10.777011
94.122367,21,10.83572
91.292039,20,10.878865
80.465392,18,10.912839
85.065792,19,10.949112
76.354929,17,10.991867
95.389108,21,11.034142
199.82763,46,11.125998
96.073424,22,11.169375
135.718731,29,11.227897
93.338758,22,11.270146
75.711296,17,11.302805
76.322861,17,11.335132
135.181713,28,11.389126
76.503991,17,11.420653
133.29142,30,11.480072
188.694891,43,11.56321
85.103419,19,11.60043
99.813681,22,11.644263
70.369482,16,11.676544
79.577967,18,11.711318
81.305708,18,11.744636
158.499742,35,11.811251
133.893705,29,11.869983
83.230773,19,11.908574
126.944114,28,11.969368
75.423857,17,12.004161
84.306692,19,12.042348
80.40308,18,12.079618
95.961128,21,12.126155
118.150285,27,12.182736
88.113542,20,12.233869
76.409545,17,12.270088
115.110029,25,12.328063
75.250127,17,12.360963
190.564091,40,12.44846
86.968225,19,12.487848
104.112077,23,12.53634
85.902524,19,12.575465
71.304771,16,12.611912
92.788766,21,12.656119
76.541928,17,12.689193
87.750923,19,12.73183
114.417447,24,12.785838
85.148008,19,12.830164
70.476155,16,13.541455
146.595387,32,13.608378
110.692972,24,13.661666
129.869761,28,13.724565
104.491343,23,13.772567
77.530896,18,13.813168
164.310485,34,13.886955
81.624468,18,13.92571
153.480204,33,13.994425
81.585046,18,14.031362
166.422146,35,14.10326
180.277274,44,14.192286
168.507227,36,14.269475
206.984294,43,14.35721
107.635723,24,14.405296
79.912909,18,14.441588
79.735927,18,14.475266
79.159923,18,14.510619
131.754357,28,14.56576
76.456458,17,14.599412
76.634411,17,14.641643
130.862656,30,14.716977
219.36117,46,14.831461
107.197934,26,14.895067
102.85384,22,14.960026
110.02505,24,15.022896
100.904164,22,15.080297
152.649199,32,15.173335
153.652505,33,15.26564
158.041781,35,15.351356
80.811662,18,15.391387
121.881971,27,15.451057
135.041502,28,15.523218
126.133031,28,16.289205
89.589167,21,16.343752
172.009003,37,16.432482
76.460264,17,16.469878
76.449193,17,16.506845
108.095443,24,17.303159
100.402039,23,17.367464
103.032215,22,17.42913
85.255368,19,17.482534
183.685057,41,17.601829
186.60321,40,17.719886
141.868248,30,17.794078
110.120445,24,17.846742
87.250146,21,17.891144
71.121222,16,17.934104
98.432963,22,17.986403
143.129071,34,18.097517
194.887284,43,18.240178
243.943369,53,18.395776
76.425644,17,18.446504
74.24149,17,18.497273
190.504608,42,18.615567
118.464948,26,18.690829
224.172513,48,18.82656
71.880678,16,18.857963
89.868237,20,18.906894
109.793375,24,18.969808
119.025137,29,19.042724
131.996161,30,19.111361
80.022365,18,19.153849
186.141835,42,19.252552
89.438935,20,19.295169
110.179358,26,19.352594
76.385218,17,19.388311
313.643747,66,19.537583
80.726848,18,19.582041
89.232713,21,19.633095
75.530247,17,19.674891
126.810622,29,19.746274
209.379925,45,19.846978
109.976328,25,19.903175
75.66942,17,19.939506
80.030601,18,20.523332
181.627735,39,20.614433
151.990622,34,20.696582
132.721901,30,20.766178
125.30103,27,20.827614
155.791688,35,20.906381
111.192469,24,20.962599
76.315711,17,20.997345
75.994108,17,21.036961
220.814039,46,21.13829
129.083219,31,21.205751
119.63154,25,21.26208
90.665061,21,21.310618
131.772132,29,21.372875
76.402832,17,21.407027
121.869663,28,21.464072
156.510459,33,21.546335
227.018136,48,21.672489
121.095355,27,21.74391
80.682949,18,21.791958
263.805285,61,21.973913
98.790628,21,22.031718
99.171531,22,22.088598
185.887171,43,22.183268
161.045113,36,22.266749
169.077301,42,22.361954
107.596781,24,22.417097
285.373986,59,22.54467
138.734878,33,22.620884
81.641989,19,22.661394
98.201859,22,22.70988
114.683282,25,22.764153
174.976706,39,22.849582
205.749486,43,23.507668
212.545914,45,23.60603
167.496921,36,23.686672
110.995816,26,23.746183
172.282868,39,23.833804
146.308146,31,23.903069
120.123718,26,23.966997
219.510512,56,24.091647
148.452374,31,24.15841
231.701705,52,25.264912
296.107785,63,25.410535
197.505922,40,25.496144
99.673041,22,25.548446
144.370006,33,25.623953
188.556235,41,25.716214
125.816911,27,25.778681
105.095776,25,25.831375
140.549143,30,25.902201
163.111264,35,25.981744
142.508169,30,26.046898
113.838381,24,26.101093
131.228711,27,26.159062
241.968297,48,26.267707
180.217619,42,26.364403
123.80203,30,26.442863
111.487533,25,26.506238
235.339785,52,26.630374
209.299895,50,26.74813
212.392055,47,27.440798
253.945744,52,27.559384
167.631444,37,27.645508
102.537085,22,27.710158
203.778505,43,27.813232
161.658081,36,27.894075
182.871637,41,27.993097
158.701584,35,28.083658
286.707916,57,28.221211
224.366705,48,28.359215
247.293514,53,28.512032
220.066819,51,28.648839
120.970717,26,28.726947
214.885095,45,28.852046
343.005262,70,29.030241
153.148535,33,29.112516
192.401512,41,29.221308
136.260371,30,29.291834
278.63201,56,29.428932
74.865764,17,29.474957
156.072963,33,29.564043
84.789183,19,29.625212
263.737803,62,29.766788
80.39324,18,29.80513
194.256229,42,29.903993
271.025887,55,30.766232
91.897755,20,30.820698
182.768844,39,30.923946
280.914201,60,31.066454
89.138797,20,31.11498
150.35744,34,31.206593
183.848355,38,31.308157
209.385822,44,31.411028
373.563241,78,31.618633
313.460355,62,31.786266
201.19731,47,31.925927
213.650525,46,32.064539
189.113764,39,32.167169
248.222483,52,32.285597
325.617388,67,32.438302
235.110537,48,32.551258
218.516271,48,32.664313
149.72811,33,33.757594
343.955098,71,33.964895
248.216534,50,34.106069
216.064317,45,34.223753
194.961703,45,34.337312
306.825774,60,35.270974
186.434852,42,35.368145
230.577693,52,35.491855
225.852789,50,35.606363
436.973276,86,35.811472
154.8659,35,35.892457
112.02004,25,35.949863
165.384698,37,36.038859
79.22153,18,36.081724
361.406826,76,36.274693
195.821541,42,36.399596
110.264928,24,36.466791
163.065107,35,36.550986
283.61479,58,36.709873
464.300597,92,36.980306
177.014334,39,37.089684
202.295473,42,37.220472
204.826698,46,37.350173
181.25929,39,37.458277
201.184244,43,37.599066
375.033392,73,37.851091
299.839526,66,38.843044
206.277644,43,38.978032
211.291164,44,39.114807
249.849995,55,39.272887
233.164503,51,39.405727
266.757912,54,39.531268
171.784088,35,39.611757
302.667545,60,39.746734
310.108616,67,39.938083
285.388585,57,40.097189
248.451191,51,40.232856
247.113055,53,40.372651
220.920317,46,40.487847
222.08867,52,40.626925
284.72443,56,40.76477
133.54284,29,40.836799
185.734436,41,40.930883
297.022765,66,41.082861
363.021584,73,41.266989
142.26981,31,41.352451
189.193163,41,42.092257
278.167134,57,42.276597
329.508595,69,42.473005
139.553327,30,42.557349
278.736071,57,43.312171
282.814639,61,43.455663
152.387552,34,43.532343
259.046455,58,43.668812
190.799573,39,43.757557
225.436487,48,43.873706
233.702876,49,43.995098
196.173046,42,44.095565
266.092418,56,44.236581
247.333814,49,44.349025
310.381229,63,44.498182
191.0872,42,44.604961
251.549617,54,44.739898
170.499514,40,44.84095
200.914265,44,44.950015
250.836282,55,45.090975
190.442342,42,45.20073
94.529415,21,45.816369
250.183287,53,45.964244
225.133191,52,46.111836
192.295568,42,46.231606
250.503717,53,46.356149
374.044656,76,46.530762
283.602216,65,46.684774
303.327976,58,46.826606
219.886928,49,46.943844
177.561451,37,47.02407
252.756208,51,47.140864
149.5613,31,47.214502
306.592839,61,47.355913
343.483739,73,47.526219
244.789693,55,47.656356
139.325708,30,47.728446
298.917564,60,47.869788
243.06336,49,47.981761
364.898114,69,48.147641
316.06822,65,49.026648
326.132603,66,49.214493
342.085768,76,49.40292
375.783001,77,49.603794
220.305207,47,49.726659
225.404207,47,49.84705
170.908696,39,49.945907
269.48379,57,50.083683
436.51372,92,50.299365
244.797648,50,50.420242
228.966586,51,50.539875
306.246229,65,51.270815
315.396256,63,51.430139
285.510727,56,51.561267
224.973082,47,51.679353
160.712294,34,51.789089
292.504044,59,51.969358
295.846086,62,52.138728
147.836293,31,52.894083
282.968902,60,53.043992
374.84104,71,53.218548
288.15858,58,53.360232
216.469889,47,53.473758
347.915616,83,53.677212
371.014919,86,53.88165
285.558033,55,54.014628
350.139352,71,54.185694
335.828273,74,54.357552
212.267223,46,54.468832
101.616684,22,54.523298
428.365006,89,54.737128
376.702411,73,54.932552
258.764124,59,55.08377
373.484925,82,55.293032
329.812838,64,56.142601
214.475518,47,56.255482
344.134106,74,56.430962
331.141534,69,56.593722
303.227351,59,56.738558
291.797533,58,56.875895
260.351792,52,56.998446
315.681946,63,57.151883
264.104308,57,57.291044
281.302469,58,57.432322
225.541121,48,57.54345
309.175511,66,57.700463
336.436532,71,57.878793
226.981669,50,58.015311
303.150402,62,58.172871
199.321511,47,58.286457
274.916025,55,58.429338
387.911414,75,59.326491
247.168354,52,59.450953
204.443653,43,60.095507
298.393957,62,60.240019
479.384605,96,60.474935
274.556965,55,60.609514
293.317762,57,60.744988
310.070995,68,60.906333
317.945441,63,61.059795
383.715583,75,61.25149
226.135623,47,61.371447
346.583609,71,61.556816
403.770073,84,61.77453
311.649943,65,61.94532
314.226386,63,62.111621
313.285546,61,62.26979
368.036322,72,63.119554
352.935896,73,63.3067
272.163063,55,63.441268
259.607475,60,63.581588
217.764111,45,63.688012
243.692375,48,63.802317
283.718277,55,63.936855
537.535608,114,64.210457
290.581838,56,64.34517
283.626827,55,64.475529
368.430766,84,64.670547
313.035401,62,64.81641
286.38505,57,64.958863
297.535719,60,65.106106
333.677995,67,65.280796
251.08815,57,65.436984
268.377485,55,66.25814
250.60702,52,66.402349
324.889457,64,66.56439
337.008169,69,66.73145
252.938665,50,66.853857
307.812679,65,67.011661
265.789379,55,67.142645
218.832994,44,67.247398
388.359187,77,67.438862
300.466395,58,67.577479
293.605685,60,68.312451
280.212716,54,68.446685
328.46069,63,68.61381
406.52116,80,68.82613
218.729797,49,68.947208
318.91929,62,69.135612
439.84699,92,69.406005
308.968083,64,70.181706
351.543411,71,70.359336
443.942609,93,70.590755
447.063769,91,70.816046
197.946593,40,70.911799
454.245002,99,71.157083
388.236854,86,71.363476
358.9824,71,71.534105
374.618829,86,71.744012
305.773621,60,71.888106
331.743992,67,72.065318
208.845233,45,72.180789
331.228872,67,72.349146
285.777982,57,72.504229
285.411065,60,73.184646
402.643594,81,73.409878
394.720212,92,73.684647
381.388628,78,73.89278
294.002733,59,74.042168
255.442074,55,74.177555
284.613981,58,74.319337
275.645296,54,74.448447
272.950592,52,74.580429
272.676732,54,74.7134
261.593709,52,74.839039
291.863965,62,74.989327
370.859998,73,75.16288
386.573281,74,75.35123
373.414653,74,75.54542
339.759904,72,76.46852
218.08363,43,77.362272
391.213554,82,77.563721
353.113903,77,77.75379
415.508007,91,77.979118
337.208874,70,78.150254
295.049921,59,78.293083
337.989561,67,78.459603
312.548715,68,78.632042
256.908535,51,78.761578
276.419437,56,78.913659
296.155522,64,79.073021
427.401409,83,79.289472
391.314316,77,79.488259
364.595962,73,79.68531
329.697304,64,79.849521
323.931761,69,80.686181
284.507237,57,80.853108
309.002214,63,81.038724
409.969816,86,81.249963
264.964476,53,81.385541
295.379334,57,81.529109
306.054981,63,81.694021
370.68192,74,81.875635
323.871269,64,82.03306
450.228745,89,82.259018
355.669939,70,82.437624
412.798394,82,82.643724
290.384736,58,82.78983
360.149637,72,82.978732
418.417222,84,83.195336
450.892044,87,84.145173
299.10359,58,84.309955
314.619345,65,84.476043
325.863963,63,84.638566
362.738616,71,84.81542
494.363018,98,85.926919
277.689671,57,86.064866
275.376093,55,86.203487
307.927422,67,86.386557
240.342329,54,86.540843
574.743912,130,86.875152
321.3095,63,87.040497
229.652322,48,87.172841
457.805586,91,87.425729
317.726342,64,88.391109
402.328103,92,88.639466
312.822183,62,88.798222
379.562097,77,88.99233
439.564844,87,89.210589
373.868804,76,89.399917
386.715873,80,89.618865
243.4829,60,89.778426
240.26118,55,89.911385
385.238232,88,90.137096
320.571807,65,90.301248
404.913841,78,90.502344
298.788359,59,90.654482
222.318349,45,90.771729
499.482366,101,91.870359
424.063478,92,92.123925
293.470947,62,92.286666
368.856001,72,92.477145
368.867305,74,92.67829
281.78667,57,92.826053
341.377087,69,92.999994
270.56218,58,93.151031
390.577847,80,93.361124
601.517329,131,93.692101
383.842766,77,93.90349
353.198498,80,94.938746
635.127986,124,95.286313
471.992378,93,96.098482
325.716654,64,96.262928
340.213785,67,96.437927
321.419577,63,96.603691
318.080549,64,96.767501
346.884131,76,96.975155
333.143613,64,97.14203
361.074671,71,97.332808
292.119346,58,97.476369
356.32801,72,97.660166
573.912565,114,97.964251
568.804816,114,98.273343
447.593431,97,98.53396
347.874868,69,99.45288
303.262824,60,99.605853
484.595996,102,99.864241
586.876105,120,100.175046
375.594385,75,100.363862
243.844171,57,100.511395
434.91221,94,100.747441
345.280473,67,100.914951
588.700615,130,101.259636
408.364434,80,101.472592
217.282646,47,101.598912
379.396496,77,101.796549
296.277408,68,102.674988
434.263045,87,102.890186
399.439177,89,103.1121
379.003309,93,103.345052
355.118788,71,104.208942
402.208528,81,104.406683
419.695673,82,104.61287
400.252796,83,104.833165
481.462493,111,105.120494
323.266963,74,105.310619
298.763017,72,105.497576
338.512152,72,105.68967
398.771855,91,105.928264
424.16638,86,106.843367
338.437721,67,107.007223
363.24743,72,107.189765
443.136295,96,107.440106
341.76688,71,107.619693
285.094683,57,107.758518
465.853113,104,108.013999
325.396426,69,108.187312
387.703492,74,108.364878
386.08417,77,108.547305
397.561899,77,108.738334
326.0673,66,108.906351
678.910339,137,109.978736
542.134663,119,110.272068
389.763768,79,110.456268
385.500718,81,110.655276
293.123731,61,110.802094
240.761586,50,110.92307
382.769129,76,111.107761
299.780589,60,111.256751
293.633244,60,111.399829
380.537836,72,111.575192
586.087799,123,112.532062
481.224592,110,112.890896
406.461927,79,113.120308
467.616038,102,113.896327
267.053658,58,114.042699
340.882349,65,114.210203
337.23219,77,114.412241
290.759766,57,114.556335
395.006889,79,114.751782
314.075837,61,114.899703
646.032816,128,115.217923
370.748218,74,115.399945
309.808076,60,115.550729
356.88169,73,115.727977
372.193259,72,115.908523
332.502862,68,116.084638
341.02658,69,116.257681
406.492658,82,117.17122
824.834398,192,117.64532
287.246318,68,117.812258
353.089038,79,118.006949
307.521033,62,118.156081
347.424207,70,118.331753
313.222948,62,118.490608
471.900189,95,118.730178
507.241537,110,119.019649
310.945765,65,119.191111
346.889353,70,119.378027
294.227902,58,119.524907
483.066857,100,120.456027
396.433877,80,120.649624
954.565007,194,121.745142
420.902299,81,121.946024
379.730738,79,122.14046
492.842763,95,122.378134
453.455708,95,122.630591
337.217067,67,122.806472
346.740309,67,122.978203
418.060512,88,123.204842
282.541538,65,123.379959
394.320411,81,124.190221
369.086201,72,124.394364
290.21529,58,124.53872
377.724152,87,124.756595
267.574915,63,124.913433
319.309213,67,125.084818
443.323816,93,125.320083
582.186511,118,125.637339
710.075477,156,126.026819
345.019052,68,126.192883
259.393598,61,126.344336
327.413123,71,126.521236
570.449772,125,127.416821
417.420201,85,127.66438
360.237934,86,127.879495
368.423612,83,128.083319
325.087555,65,128.23964
400.291713,76,128.424804
358.648243,80,128.620436
407.063753,79,128.809115
291.35246,60,129.631405
435.174399,91,129.857775
399.77319,81,130.056965
483.634197,109,130.366419
261.121459,52,130.528247
298.856837,60,131.268094
385.954364,79,131.460063
485.879239,100,131.711461
351.544915,79,131.910364
389.131751,77,132.106102
394.191828,78,132.294994
261.317675,63,132.44847
333.076404,64,132.604831
346.474781,80,132.801106
205.322255,51,132.926608
312.871091,66,133.092076
449.053283,85,133.322005
378.171149,73,133.515466
310.822296,64,133.685636
303.35273,59,134.375315
346.392663,79,134.612563
390.068835,78,134.830946
409.15794,93,135.050569
513.447857,102,135.300981
289.159853,59,135.4443
668.780965,138,135.780965
372.390588,71,135.95482
371.159386,81,136.152522
376.984318,79,136.347538
353.632409,68,136.510872
400.239159,85,136.719193
756.966423,156,138.414923
381.620666,77,138.605382
353.14297,71,138.786562
296.09078,59,138.934658
353.859088,70,139.11282
379.702119,75,139.302422
394.906882,84,139.521374
333.895117,66,139.696782
297.555811,64,139.864663
359.37921,87,140.101855
238.958108,53,140.241908
361.830578,88,140.470429
344.749,77,140.672554
345.339081,70,141.556346
552.104106,108,141.876895
455.331917,87,142.09554
366.47274,71,142.275987
497.748717,100,142.534312
446.51704,93,142.759941
356.505058,70,142.934482
431.379725,88,143.148707
385.234426,73,143.33033
368.762594,84,143.529998
296.147397,66,143.694831
431.521926,95,143.943029
302.160368,62,144.097258
327.5941,64,144.846029
463.356159,91,145.110507
301.894131,62,145.270601
361.765985,73,145.445779
369.177456,73,145.627427
295.57193,67,145.791014
628.924461,121,146.839109
549.501231,113,147.118638
399.23448,91,147.35544
276.227108,57,147.492317
281.870677,64,147.656589
463.244805,90,147.928977
288.716691,58,148.111641
496.558687,97,148.942105
494.707617,97,149.186426
335.466028,73,149.374382
312.788282,69,149.536129
383.140805,78,149.733116
322.974414,65,149.890143
328.001223,67,150.05131
403.632793,82,150.253559
383.10909,81,150.454088
388.213318,75,150.640519
353.066964,68,150.808735
426.119046,87,151.030026
261.155419,55,151.17444
388.179163,92,151.932371
292.034467,58,152.099352
472.685833,97,152.382006
331.281906,64,152.544587
389.884064,75,152.73003
410.062774,83,152.938445
408.283019,82,153.143153
395.008631,91,153.366958
348.413445,75,153.552716
432.423856,84,153.761947
400.348515,86,153.981539
510.875367,119,154.276004
617.221307,132,156.07178
329.343291,66,156.230578
405.059488,78,156.415255
376.890645,93,156.660278
488.371632,102,156.917754
600.178071,117,157.204191
510.056708,107,157.472394
425.375152,84,157.682088
329.557422,65,157.848003
336.988245,65,158.017129
287.24423,57,158.14953
278.899045,65,158.319191
553.12315,123,159.149708
441.708134,99,159.439184
347.284905,75,159.654688
328.162578,66,159.814022
519.558419,100,160.057444
345.812866,77,160.24388
391.33632,75,160.419815
417.669064,99,160.670839
389.532163,75,160.854687
370.270062,72,161.027868
397.795172,89,161.255871
313.478873,61,161.404734
326.336711,64,161.570597
347.767482,79,162.289663
447.427078,89,162.545182
319.182437,72,162.761286
384.251711,88,162.994612
352.25755,79,163.983035
437.66922,102,164.233133
375.478155,73,164.414727
433.757273,99,164.668757
365.862628,83,164.87989
362.090405,71,165.052906
514.111507,103,165.313472
289.552981,62,165.47165
450.964561,97,166.264045
349.870213,72,166.436541
541.426427,118,166.782564
506.391917,113,167.082643
342.754467,76,167.267388
300.871853,71,167.435102
412.487165,82,167.632169
417.349643,83,167.830894
366.864856,74,168.01496
403.283108,79,168.209845
419.424227,84,168.425462
510.872922,105,169.197155
371.312745,70,169.366535
359.288951,70,169.533721
342.354631,70,169.719725
295.280365,75,169.926251
400.5944,80,170.150154
343.202452,66,170.323611
341.709443,70,170.496438
370.889486,75,170.68108
284.712942,67,170.842629
372.947694,73,171.018704
470.061173,96,171.256512
481.004917,115,172.318816
374.88019,75,172.510964
287.659372,72,173.259605
334.073281,67,173.445529
401.372849,77,173.655087
351.601921,70,173.820472
573.129821,117,174.109176
387.84132,75,174.289488
465.288137,96,174.527931
486.018898,105,174.784405
359.855227,76,174.975325
402.119963,77,175.164138
351.816394,75,175.346863
428.541569,92,175.584213
474.73828,106,176.360485
417.018939,98,176.600663
295.21005,59,176.741493
445.500151,108,176.995139
271.502439,62,177.148319
342.626835,84,177.369684
554.81819,110,177.675714
393.835752,83,177.904141
509.566803,120,178.207379
426.632731,83,178.404899
565.796931,115,178.685739
374.791005,72,179.361327
446.017507,100,179.597652
551.812908,115,179.885762
415.80437,82,180.948506
346.901753,67,181.132921
478.205866,96,181.378912
418.171634,81,181.588261
285.764175,57,181.725946
309.491194,72,181.898973
386.774736,80,182.09291
369.897511,87,182.300158
380.776785,75,182.484407
823.036245,169,183.414862
391.177106,81,183.615737
303.225233,60,183.767293
418.004653,83,183.976252
540.568907,108,184.249461
523.091837,114,184.5317
412.868495,82,184.743297
392.282764,81,184.982273
558.49369,116,185.319911
406.240301,92,185.552969
522.693327,100,185.809028
285.723302,57,186.468686
443.706821,87,186.680048
391.24796,77,186.866608
626.978395,140,187.206149
485.537425,96,187.438303
363.799493,73,187.62026
393.969,77,187.804913
420.875175,84,188.008725
328.012339,63,189.061847
439.438775,96,189.292292
396.668505,78,189.475854
351.407501,80,189.667645
387.09452,79,190.350511
343.959316,80,190.544045
302.957553,68,190.710455
548.041626,108,190.979743
339.622977,79,191.165929
474.872491,92,191.402604
518.973622,103,191.68373
348.664801,69,191.870777
284.540176,68,192.050363
372.56604,74,192.231649
381.896304,84,192.431229
294.280456,63,192.586377
349.06482,70,192.757591
428.646808,94,193.56725
263.746105,63,193.716917
325.552365,77,193.909995
428.251474,84,194.119843
355.341798,80,194.312716
373.253281,82,194.510535
536.493686,118,194.795455
434.244577,88,195.010353
379.299857,79,195.206166
377.908049,74,195.39393
316.384201,70,195.617513
348.184219,82,195.850278
578.932811,113,196.646005
564.489032,114,197.795236
617.782496,122,198.103914
450.032977,90,198.319496
424.840132,79,198.520306
330.449994,76,198.714011
479.045261,108,199.041749
384.922654,82,199.269822
322.270716,64,199.436386
474.324629,92,199.658892
613.692152,118,199.955287
527.281563,107,200.871576
571.456696,116,201.157564
287.790306,69,201.327439
386.199218,82,201.534151
709.027939,139,201.876734
320.221689,74,202.062876
607.594387,115,202.341237
381.381689,73,202.524361
585.276098,130,202.860952
267.316329,66,203.057733
736.696482,144,204.156203
445.113466,86,204.368349
381.973704,80,204.566994
327.872825,65,204.727398
331.764635,64,204.887145
497.935059,98,205.132149
408.186043,79,205.325821
735.36932,150,206.614773
443.546772,87,206.865784
480.752946,106,207.139027
455.963121,92,207.374322
574.04762,130,208.193587
402.592143,78,208.385161
397.872012,76,208.563014
336.305618,65,208.724846
336.975157,67,208.89445
366.178346,75,209.07382
619.500616,128,209.38151
423.237042,84,209.618186
502.320895,99,209.912066
315.340045,64,210.073359
351.186278,71,210.242756
376.28633,83,210.445162
413.858768,83,211.200859
537.572619,111,211.473523
547.835651,104,211.731179
568.153642,112,212.00449
479.729584,97,212.24204
441.299272,86,212.449856
404.408775,93,212.677657
463.591211,92,212.915621
371.917041,77,213.115801
406.198286,94,213.349848
380.164398,73,213.528942
520.794119,118,215.334002
487.014042,96,215.566791
489.988443,97,215.810971
518.877713,98,216.049057
498.441353,97,216.286447
560.4289,116,216.575412
464.054272,91,216.816412
402.37304,78,217.064154
330.781563,73,217.264866
468.923743,92,217.520429
387.403275,87,217.727884
320.994088,74,218.398916
399.521489,83,218.617284
503.67817,101,218.86029
517.381312,101,219.103218
444.78965,92,219.328807
422.962922,82,219.534683
455.066648,103,219.795281
463.306654,99,220.046143
435.114309,88,220.275311
493.325956,98,220.536221
356.742162,80,220.733026
551.291125,113,221.776556
377.971586,74,221.96234
543.557752,106,222.217882
434.711721,85,222.431111
363.982595,73,222.608697
428.794499,98,223.672011
350.558202,70,223.859411
382.003317,87,224.09257
434.428863,84,224.313828
374.738785,76,224.55136
624.394472,123,224.937345
378.193446,81,225.148856
356.715901,71,225.857878
381.587,77,226.044859
483.170777,107,226.304145
583.945114,116,226.588472
359.966167,71,226.758857
363.103642,82,226.957339
479.340902,100,227.201052
443.022212,88,227.410875
339.987076,67,227.588953
347.925754,83,227.858129
612.96065,128,228.212957
304.455951,61,229.027168
341.420643,68,229.192559
468.463398,89,229.408665
367.547735,76,229.598445
338.529377,76,229.778534
324.1621,77,229.96597
307.19899,62,230.117965
458.627152,89,230.338355
514.332065,100,230.580403
424.996276,82,230.791302
392.644468,76,230.986938
449.678307,85,231.195843
471.584958,92,232.368406
558.205613,121,233.335257
415.664186,78,233.528764
347.946051,69,233.698406
268.417998,61,233.844273
342.506208,69,234.010707
500.588047,97,234.252125
401.822335,79,234.445442
510.975134,112,234.717046
448.53837,97,234.959941
427.204004,96,235.269092
310.709041,67,235.45731
672.628498,129,236.44835
554.247852,107,236.712397
480.082949,93,236.94147
509.565835,98,237.185549
560.774266,105,237.447156
355.123197,69,237.620689
617.927481,132,237.951267
357.526048,71,238.131953
387.955133,75,238.31753
439.165394,93,238.552023
274.51748,56,238.688071
336.768411,66,238.859437
457.851964,88,239.832283
311.784845,64,239.99088
384.25532,78,240.183036
723.080898,160,240.574396
539.966016,105,241.740989
363.296037,84,241.959567
420.601821,81,242.162832
485.7352,110,242.450104
364.565943,81,242.700296
311.051778,61,242.878562
366.580554,80,243.104936
568.835488,129,244.092571
431.20358,82,244.294836
494.446557,104,244.552705
431.020986,85,244.759278
460.848326,89,244.976688
324.093623,65,245.137388
406.159827,80,245.33047
467.514057,93,245.553797
354.968217,79,245.755478
618.201793,124,246.07554
500.37935,96,246.326603
460.072014,91,247.37059
900.656232,185,247.844826
368.445855,72,248.018578
599.724789,118,248.309572
399.754867,87,248.521524
563.176295,110,248.789237
424.890372,91,249.018101
513.653548,101,249.274071
390.87729,75,250.423476
458.717238,100,250.672777
456.587116,89,251.473997
366.665178,71,251.651633
417.069455,80,251.864638
355.312746,84,252.077101
464.801649,89,252.296073
493.27752,112,252.575511
414.320449,90,252.803221
434.120117,96,253.041812
438.081325,86,253.278719
333.729852,65,253.47411
423.706913,90,253.728157
632.979859,124,254.04505
474.63578,93,254.77284
351.236753,80,254.977421
531.297915,101,255.231405
705.096945,158,255.631482
398.225305,78,255.832223
680.093131,130,256.152166
396.907849,77,256.342908
514.963739,100,256.599704
522.080843,113,256.883737
488.285963,94,257.129864
602.302537,119,258.151412
606.731299,117,258.440011
481.276423,98,259.538863
397.57044,79,259.735569
684.912671,142,260.106661
429.449716,85,260.328271
492.326471,98,260.585659
502.892518,110,260.907175
428.439247,87,261.162816
435.798071,85,261.396363
1084.944638,228,262.616926
597.376901,122,262.916138
419.794034,79,263.109356
451.176652,89,263.323304
474.006187,92,263.547855
554.16782,112,263.822571
426.286336,87,264.054373
471.735014,93,264.301026
592.638752,118,264.608191
572.721812,110,265.611289
369.197899,85,265.820156
429.690228,85,266.023349
472.635004,109,266.288752
467.048525,92,266.512923
639.472077,123,266.820013
371.030693,84,267.020452
463.432389,88,268.03467
625.165664,123,268.384588
406.726534,80,268.629688
417.133773,84,269.376006
483.102672,95,269.608604
446.261888,87,269.831022
426.460828,83,270.034853
536.684877,107,270.303885
410.131872,80,270.502763
485.477638,96,270.735302
438.494722,83,270.944039
592.730757,127,271.274036
332.311895,75,271.459269
489.449076,104,271.770041
560.695114,118,272.782667
314.875777,62,272.930948
376.311781,76,273.117576
481.569404,97,273.377685
377.405175,84,273.593597
671.315828,132,273.928689
380.69476,74,274.111363
610.361681,123,274.406811
698.532366,145,274.795004
414.744287,81,274.997139
318.811863,70,275.178865
419.115246,85,276.098158
400.85343,80,277.250406
464.232009,91,277.473686
563.113017,120,277.759372
551.487921,122,278.057732
419.536024,99,278.306829
403.628697,91,278.542048
397.747864,78,278.742337
413.152934,93,278.989979
394.486619,75,279.22878
445.760309,88,279.488644
349.160161,71,280.158514
347.632991,67,280.322086
510.325626,108,280.580238
472.992589,91,280.799875
463.124074,104,281.049264
411.458065,93,281.278434
371.616658,74,281.460236
489.734911,96,281.697823
357.428177,69,281.871092
561.760529,118,282.183632
369.562051,72,282.372802
425.009299,80,282.562122
434.370892,93,283.469917
713.98372,131,283.8305
537.53413,122,284.132036
438.885845,84,284.346241
469.348044,91,284.565941
620.88139,125,285.828302
576.559008,113,286.11971
439.954266,86,286.351666
453.719728,87,286.634295
483.576768,94,286.901183
375.098558,74,287.601206
393.019363,82,287.80038
439.413263,84,288.003674
434.146129,88,288.221049
347.437117,72,288.395108
448.586543,87,288.616778
506.051802,113,288.892552
376.243985,81,289.088521
393.352817,79,289.278286
289.263528,58,289.427798
298.54434,70,289.62915
512.475047,101,289.946326
346.900413,76,290.658256
369.278343,74,290.84074
456.073834,89,291.069858
376.887038,84,291.279954
426.759802,89,291.503828
502.628941,97,291.739507
481.213813,95,291.970955
720.790601,144,292.324106
450.217132,88,292.547973
666.08993,129,292.877566
449.567306,87,293.095552
562.582587,108,294.826974
534.043179,116,295.101773
457.985416,93,295.327818
383.174209,74,295.507266
354.240309,80,295.705273
454.518815,87,295.915441
405.180935,90,296.13247
667.397906,130,296.465725
433.505068,97,296.714675
441.461705,86,296.938811
686.409462,137,297.920054
434.705238,87,298.138813
553.127923,109,298.408774
392.496322,76,298.594138
495.387968,100,298.837411
548.445487,103,299.088568
373.575574,74,299.27169
498.604717,94,299.506608
580.08031,115,299.805745
491.079336,100,300.06426
480.569101,95,300.308417
422.581811,88,301.063563
593.724317,132,301.40935
494.344547,110,301.732346
441.503108,88,301.95508
445.361588,95,303.23383
594.003794,116,303.511899
464.764644,105,303.765094
440.522069,93,304.004169
398.512234,78,304.200017
532.755265,102,304.495232
327.270054,76,305.287933
436.562994,99,305.53133
434.965563,83,305.734493
376.5026,89,305.950845
528.480427,102,306.203425
479.411969,91,306.41737
349.574585,68,306.580641
530.668164,102,306.825672
399.745797,78,307.018086
237.963723,53,307.156742
499.43287,109,307.44225
558.556571,110,308.39907
468.530387,92,308.625496
433.209594,83,308.829095
322.158512,72,309.008561
502.646901,98,309.250415
471.681037,92,309.471258
593.77882,113,309.750388
560.923302,114,310.027174
339.380243,76,310.206347
504.044755,111,310.483756
599.173244,120,311.810877
390.422417,84,312.663399
417.169585,96,312.896839
390.606029,78,313.08986
602.908377,129,313.400436
521.104248,103,313.652675
400.603404,76,313.839151
685.757352,136,314.165019
451.398705,101,314.429282
516.741104,97,314.672953
520.308162,102,314.934757
430.382835,87,315.806278
394.608828,82,316.00115
578.319973,114,316.274833
458.648083,93,316.500102
406.85767,91,316.724577
625.288465,125,317.037129
389.670263,75,317.221731
404.196189,87,317.436808
348.475943,78,317.635849
434.304778,93,317.871968
677.292761,134,318.209683
330.637535,72,318.904812
584.104112,115,319.176002
533.495845,113,319.493906
398.082173,93,320.809039
528.881915,116,321.09358
490.804673,111,321.366566
608.20543,137,321.696983
429.132122,83,321.904171
371.265727,72,322.08825
426.456729,94,322.323837
505.034556,96,323.217735
379.615372,82,323.410682
299.004287,61,323.556679
375.321124,83,323.755228
486.459294,94,323.976613
575.237178,123,324.282109
373.65166,78,324.46501
610.184354,120,324.749363
422.335099,99,325.003245
317.134723,73,325.181128
531.351124,118,325.490545
409.066305,81,326.249751
422.600593,81,326.445511
479.24109,92,326.689726
628.11869,130,327.065465
625.973152,124,327.374918
549.197687,109,327.646056
433.404684,89,327.857855
628.637675,118,328.141935
332.150051,77,329.301359
535.237695,123,329.604795
365.90142,71,330.445989
503.327525,101,330.692863
580.614335,112,330.960512
456.073871,89,331.176088
675.273075,132,331.495671
505.273174,112,331.763997
495.592966,95,331.997827
527.285642,108,332.261563
387.172267,81,332.466275
511.055804,97,332.71033
511.554703,113,333.671718
479.285343,92,333.892063
470.248266,94,334.120431
345.222909,69,334.286314
530.431501,105,334.544852
526.291724,101,334.792215
606.203741,122,335.098901
441.028727,85,335.303701
459.930965,100,335.562054
416.961516,81,335.766487
566.670436,112,336.060698
451.864624,90,336.79376
529.257645,101,337.033072
486.279377,90,338.350259
380.492924,76,338.5456
493.078642,99,338.785356
465.995766,94,339.011816
419.530666,83,339.215701
613.738325,123,339.517483
500.8625,101,339.774852
684.110542,141,340.131783
479.680991,92,340.999072
429.381332,83,341.217414
579.450293,116,341.49638
536.910284,122,341.800872
490.324467,114,342.077503
414.948813,89,342.294073
441.220521,85,342.498453
740.006333,147,342.855452
395.182172,89,343.070386
404.58749,80,343.27637
417.637262,83,344.039899
550.109569,103,344.289122
333.25745,76,344.4729
526.185595,108,344.746326
935.492186,189,345.271129
344.890391,78,345.460657
299.20192,68,345.62325
933.996711,190,347.072569
560.936146,112,347.360271
475.078913,92,348.219278
508.891825,108,348.504538
436.378173,86,348.716693
397.26421,81,348.90962
363.360873,85,349.120345
325.099096,79,349.309592
345.182649,68,349.46602
334.722313,74,349.637986
547.855004,110,349.899463
388.593889,90,350.121211
376.980102,76,350.307433
446.399718,95,350.542537
536.578144,105,351.421129
492.790518,100,351.692768
514.534535,97,351.934996
528.318252,102,352.180805
548.073518,107,352.447339
692.596761,133,352.777712
757.64825,144,353.135809
443.103068,82,353.34285
541.44245,126,353.667736
504.622224,100,354.432335
367.564334,73,354.611479
584.32551,108,355.901258
312.135276,76,356.123615
552.279331,109,356.392053
462.764894,100,356.633858
439.312513,91,356.854582
384.117318,76,357.032189
476.707932,106,357.293611
396.823304,87,357.503916
524.973581,107,357.764645
649.745943,124,358.576426
404.985822,90,358.802418
423.752644,82,359.042038
474.442037,95,359.30469
386.362625,74,359.482929
496.880073,98,359.717978
510.762622,100,359.96101
419.764515,80,360.155478
609.742404,136,360.485705
373.036702,78,360.669106
380.69613,90,360.88911
426.674472,81,361.648134
441.845586,101,361.897199
556.507084,107,362.159485
877.743205,176,362.597816
613.862809,123,362.893201
415.956759,93,364.536449
525.671645,106,364.796124
585.820812,121,365.0934
551.638181,108,365.350828
485.535452,107,366.133797
437.628497,86,366.365139
594.658409,115,366.700187
394.357759,78,366.89531
566.745608,109,367.155964
652.068297,127,367.458108
366.862675,83,367.661088
507.102233,97,367.898102
693.569344,137,368.24009
552.516386,109,368.500312
419.008372,93,369.309007
521.215698,101,369.600377
555.436362,104,369.921441
573.687716,109,370.211398
567.42401,114,370.50403
411.159521,93,370.74158
622.41424,120,371.068177
614.279525,138,371.418401
681.649113,136,371.760532
640.189525,130,373.891911
449.134683,93,374.13922
601.280803,132,374.52401
501.793816,99,374.794375
556.505086,106,375.086563
730.782534,156,375.479835
554.166113,114,375.782306
535.351995,112,376.071639
356.755084,68,376.233984
509.29388,103,377.119653
433.393894,85,377.340252
353.31535,67,377.531185
492.3533,96,377.825248
530.572228,120,378.1369
494.593899,96,378.380635
410.230283,92,378.607135
407.540338,78,378.796621
605.765933,120,379.097771
453.86784,97,379.335722
419.720445,82,379.539196
453.457599,85,380.33273
417.701245,98,380.572179
482.150978,94,380.806077
501.333755,97,381.044904
525.149232,110,381.316406
515.163987,99,382.718488
497.852692,97,382.952088
335.795888,77,383.145591
446.36845,87,383.356061
438.364428,103,383.610139
528.08578,103,383.871478
531.378625,111,384.793032
387.87691,78,385.01624
432.505534,86,385.267787
496.197435,101,385.536867
453.329645,97,385.773573
437.158293,98,386.011487
473.484196,99,386.247075
552.561007,107,386.497216
411.561265,94,386.727893
601.035045,129,387.038958
608.996754,119,387.983448
487.743901,92,388.212735
380.259507,76,388.406228
545.210976,104,388.666949
537.826488,104,388.932957
894.526558,192,389.420957
553.044682,111,389.739034
418.197048,94,390.013688
428.311148,82,391.254223
691.969857,145,392.09688
359.910867,85,392.305497
622.929578,133,392.626202
507.313998,108,392.939282
526.058267,102,393.228535
525.091965,105,393.491571
393.765995,87,393.704641
409.031895,80,393.905967
551.190653,104,394.159225
722.60944,136,394.491564
589.324257,111,395.266447
436.716657,85,395.467222
712.557631,158,395.859429
588.719833,127,396.230805
536.387046,98,396.4828
509.097226,107,396.751956
479.039793,89,396.984237
447.482368,89,397.200418
579.214659,113,397.47743
467.58382,92,398.368181
456.93851,87,398.582586
341.623002,75,398.768924
488.219201,94,399.000309
380.127562,86,400.187515
553.860891,112,400.484977
590.792763,116,400.810488
719.681351,135,401.200327
528.25891,100,401.45521
308.805358,73,401.628271
392.092779,76,401.814304
803.900431,162,402.889961
498.792305,93,403.116701
425.149511,97,403.361937
747.935217,168,403.766835
567.886362,112,404.063062
553.737899,105,404.353551
498.48743,113,404.653892
410.628065,78,404.842511
510.551834,109,405.113031
438.311887,103,406.025069
519.989401,102,406.272901
527.300042,110,406.539487
292.437092,68,406.704204
439.214215,83,406.90919
413.481069,83,407.115935
457.394915,85,407.331903
536.244443,102,407.587647
616.342524,120,409.087105
532.415999,100,409.372677
502.380165,105,409.650347
629.193446,136,410.632261
609.986699,124,410.9396
359.513358,83,411.142395
574.792753,129,411.451422
771.594714,149,411.811419
420.353223,80,412.005188
567.485773,107,412.31389
528.226934,102,412.617924
684.306595,137,413.517555
484.498324,93,413.74437
288.471965,68,413.911702
561.230085,104,414.164456
845.565369,170,414.584275
325.204159,73,414.755356
741.67749,138,415.09569
537.271869,105,415.377275
508.556613,100,415.668417
409.417797,87,415.906153
374.914138,80,416.099853
487.309125,102,416.846216
504.471025,97,418.11517
527.250679,104,418.376279
587.881125,126,418.688528
481.654324,96,418.92928
566.248432,118,419.240759
612.710567,115,419.53292
646.152321,140,419.896742
712.41359,140,421.02598
485.478519,99,421.284617
429.154384,82,421.488205
654.35823,142,421.843394
446.587707,92,422.059943
601.192769,116,422.345224
465.946289,97,422.583235
611.731539,133,422.908748
525.84919,100,423.176218
496.581915,94,423.424527
646.753667,125,424.429534
565.510604,107,424.684689
623.035413,121,424.97961
467.437194,106,425.240234
525.566653,117,425.527822
615.858851,119,425.821479
489.327113,97,427.191838
538.335851,124,427.515769
621.411858,123,427.825654
384.695806,77,428.722035
439.052387,94,428.989131
429.871229,82,429.189889
481.823882,109,429.454661
484.011785,93,429.685793
649.62173,128,429.999336
326.815419,67,430.162704
513.432097,98,430.408167
458.204621,90,430.623507
297.22545,66,430.790595
688.942721,137,431.142547
664.278737,130,432.081409
573.232596,118,432.384922
604.435411,131,432.704518
499.066013,111,432.980679
699.791942,139,433.324891
470.181504,92,433.558644
571.52841,130,433.885059
511.898421,111,434.169694
539.123169,117,435.045168
324.459243,75,436.238096
478.522508,105,436.504353
473.94983,106,436.767915
434.558009,86,436.978984
831.915753,168,437.402428
609.511189,116,437.698545
480.376193,108,437.978872
492.197999,117,438.281153
493.051686,109,438.553133
525.63874,107,439.331072
637.782008,127,439.643476
495.034479,115,439.978
528.195006,107,440.278107
673.04315,135,440.610714
537.504096,106,440.875579
549.481729,106,441.135714
593.781076,118,441.418858
766.95923,146,442.277827
516.367925,98,442.512991
546.290773,128,442.832143
570.738388,110,443.156336
545.909528,105,443.436987
583.161518,133,444.840313
536.938535,111,445.11752
551.362148,114,445.412333
526.863688,102,445.677209
670.653986,133,446.679586
352.662193,77,446.867984
550.746766,107,447.143168
475.7394,92,447.40975
411.680685,79,447.630374
681.057786,135,447.953976
1120.133472,235,448.527713
539.809457,105,448.787558
341.992048,78,448.980117
428.468308,95,449.703021
460.987968,86,449.916685
423.859977,80,450.114737
479.080573,110,450.421459
678.744965,145,450.863059
621.817466,127,451.194934
691.215563,142,451.560568
455.769741,90,451.79834
662.592214,130,452.125168
496.597903,98,453.887582
470.733173,94,454.170114
330.8452,75,454.382801
447.382675,85,454.603021
390.847405,90,454.840899
474.048605,92,455.08311
737.499637,144,455.461034
489.947689,92,455.704958
601.901573,117,456.010585
1278.022346,250,457.308734
476.064477,91,457.545272
553.473633,104,457.820125
437.578229,84,458.033122
622.576092,120,458.371468
453.16265,98,458.662255
531.847644,101,458.952652
914.919788,195,459.452697
642.064156,134,459.80229
430.92763,91,460.68214
435.957124,100,460.92324
724.300581,146,461.281652
301.311402,59,461.422755
443.134221,99,462.833273
558.057802,118,463.1248
508.213295,106,463.387366
472.197685,99,463.63555
726.206574,145,464.002333
479.043709,99,464.269574
544.140732,113,465.247133
570.979272,115,465.563802
429.39417,100,465.828531
478.392077,101,466.101994
338.646551,78,466.349717
474.109999,93,466.626763
702.579749,133,466.958738
574.846656,106,467.222944
424.117308,87,467.43314
386.640746,81,467.630304
461.251578,85,468.360807
657.72464,129,468.685697
478.557066,91,468.905756
654.16277,131,469.22823
658.505034,132,469.599859
848.200318,169,470.041832
528.512062,98,470.280385
633.033114,115,471.407409
451.58648,87,471.623507
452.839576,100,472.383502
678.467572,137,472.732863
703.185409,136,473.076029
368.421458,73,473.258712
425.044388,91,473.486881
510.376269,96,473.723655
850.645637,172,474.209191
458.797894,92,474.456996
501.208309,99,474.698566
510.135919,96,475.606271
391.577783,90,475.822836
368.19529,72,476.004914
794.179683,152,476.377912
594.920351,121,476.673702
582.195661,109,476.941966
511.016376,105,477.257496
509.988588,100,477.538159
366.961438,81,477.738375
596.487607,114,478.023589
508.675694,93,478.749836
501.214011,95,478.975541
803.900759,151,480.398166
525.83036,103,480.702368
631.840897,127,481.015926
651.901841,141,481.367608
444.49011,95,481.598123
589.836577,110,481.87336
459.844079,97,482.115434
707.143514,130,482.987497
517.963319,101,483.233579
409.795867,81,483.434006
515.806269,108,483.698988
495.445194,95,483.932901
525.476538,99,484.171965
471.581292,90,484.38777
696.603674,130,484.745761
466.212905,95,485.037013
404.398815,76,485.236594
408.647143,80,485.918491
563.51874,105,486.17534
718.97104,138,486.51492
347.831917,82,486.712922
405.740924,77,486.904365
629.339444,138,487.238597
337.836321,69,487.402533
570.287763,109,487.667294
603.581406,130,489.108213
518.178612,100,489.352357
525.840777,103,490.178444
614.28409,120,490.473162
647.293554,145,490.836331
632.538039,121,491.159279
546.735483,109,491.43291
730.456519,141,491.789056
611.27706,126,492.1083
390.26587,76,492.359643
400.044984,81,492.596998
529.337143,101,493.346298
542.715379,110,493.621593
543.18023,116,493.913016
727.285219,140,494.258842
713.710466,140,494.599418
396.06801,90,494.818504
409.418531,80,495.019678
480.291136,109,495.317192
698.476519,141,495.753131
616.46065,118,496.54262
615.779535,135,497.957486
520.351163,116,498.255958
403.315406,76,498.459743
495.280705,113,498.816938
490.079905,94,499.066726
579.552672,115,499.347123
610.019563,114,499.628185
500.864682,105,499.893919
870.953605,171,500.869189
638.597556,124,501.167146
568.687686,109,501.429348
712.446539,141,501.777371
500.777293,95,502.018074
586.969236,110,502.287064
382.900249,89,502.502298
741.243785,140,502.9266
611.549876,119,503.25474
750.459906,148,504.122972
613.348464,119,504.420083
751.633933,141,504.769648
473.641919,101,505.01703
589.812375,114,505.294421
635.778196,124,506.888013
520.341853,100,507.129848
471.448423,104,507.384741
496.72892,95,507.618494
671.020935,152,508.648786
416.181437,85,508.863653
706.630253,138,509.211186
479.620545,89,509.435445
292.340996,70,509.60958
555.664638,114,509.893591
570.616834,127,510.210774
430.376295,83,510.476219
838.724239,158,510.913048
701.493049,139,511.756906
419.751402,88,511.976572
461.096337,89,512.194921
864.800274,159,512.605368
521.358579,105,512.874018
480.447829,107,513.140029
402.19238,76,513.337771
483.889292,93,513.626064
810.647096,157,514.079881
638.04432,140,516.152138
613.094763,124,516.45788
421.294828,97,516.711516
645.32869,131,517.129883
520.482067,99,517.388646
517.288835,113,517.669784
385.488169,73,517.856762
726.495523,138,518.202378
422.945166,88,518.427342
438.64448,87,519.213188
680.242975,125,519.52223
647.628367,135,519.854453
515.086922,110,520.122295
521.426408,100,520.369877
403.059345,91,520.590353
436.198706,89,520.806146
680.14561,138,521.153565
598.442663,116,521.519045
364.275507,85,521.74658
412.417627,93,522.644653
829.058914,161,523.043897
544.222433,103,523.302229
381.569788,92,523.531919
384.137504,72,525.006776
666.787395,136,525.340934
483.537237,90,525.55655
662.31864,126,525.869888
760.069651,154,526.790252
560.06031,108,527.061933
687.082916,127,527.388146
378.949068,86,527.615633
584.962221,118,527.919657
610.837543,120,528.219657
792.386198,150,528.595773
860.870104,179,529.133743
552.770098,104,529.411419
560.155307,107,530.169532
613.998874,116,530.448014
438.0097,97,530.690678
515.050534,98,530.932697
476.766218,93,531.156894
523.328393,103,531.408558
488.874391,96,531.642586
459.234751,88,531.86801
476.98146,90,532.155519
448.868944,89,532.42292
431.031122,83,534.328853
509.866628,96,534.569749
486.771305,93,534.804227
496.092734,97,535.049599
667.521574,132,535.435091
540.995544,102,535.709916
507.939468,108,535.98437
498.931293,94,536.22151
627.755098,123,536.531555
775.34934,155,536.926318
528.566376,115,537.747467
568.769143,108,538.013692
583.453704,110,538.282242
835.275303,162,538.680684
722.262352,143,539.024031
613.811354,118,539.329202
469.414155,105,539.635314
486.43127,96,539.931977
647.669485,133,540.921308
463.025718,90,541.143441
537.854654,104,541.406774
699.0358,135,541.739494
497.035824,92,543.144775
698.5552,131,543.470767
602.226283,126,543.784036
514.667098,101,544.04042
482.927822,93,544.273953
522.687772,100,544.521975
641.150165,123,545.383673
642.619557,133,545.722271
494.467557,95,545.963988
519.224689,100,546.204128
574.260191,115,546.486056
726.59826,142,546.837888
460.743468,86,547.0655
455.345069,89,547.327681
413.17358,79,547.565686
762.371917,157,548.458022
436.789637,83,548.657782
547.898566,117,548.946105
515.175807,113,549.234356
473.740982,111,549.514486
492.853393,96,549.746666
453.38298,85,549.954187
537.852765,106,550.219329
585.96436,112,551.808495
587.359433,115,552.769662
590.07985,110,553.035135
477.836309,106,553.291627
616.612346,123,553.599152
514.70477,105,553.860404
659.785132,130,554.189306
790.121792,152,554.573105
569.340245,115,554.883357
612.279938,133,555.300692
661.580322,144,556.323894
468.187651,105,556.580667
475.7386,95,556.81218
486.52563,94,557.042807
506.756953,97,557.283161
665.347908,124,557.589648
672.345926,129,557.912184
986.614741,202,558.516159
607.208194,118,559.471568
581.587992,110,559.751328
430.993081,87,559.959349
433.259806,82,561.422606
459.336242,92,561.687457
401.043584,81,561.889314
491.4589,108,562.155894
731.704449,153,562.53693
644.602697,120,562.837817
444.420977,85,563.061964
398.242536,94,563.947995
459.445144,88,564.162769
408.968089,96,564.398379
476.511322,103,564.652064
686.015046,131,564.976036
425.562308,82,565.175316
466.116196,92,565.403462
420.092496,101,565.679887
595.565741,112,566.011144
461.722105,88,566.241139
568.354827,114,567.185016
481.073003,96,567.418332
606.834881,127,567.718414
734.7148,150,568.089329
657.667942,128,568.401652
532.175019,100,568.651505
546.814409,108,570.075657
485.807534,98,570.316497
935.510277,201,570.811372
578.556623,114,571.744718
625.509843,115,572.036573
595.57962,114,572.326237
569.158812,114,572.616713
550.36286,104,572.872358
464.983282,98,573.115146
346.175888,66,573.281285
485.890545,91,573.566464
722.830272,135,573.926938
595.618862,115,574.868136
709.344105,143,575.235793
488.508772,98,575.476735
422.816958,91,575.701627
440.042348,96,575.940938
568.992668,112,576.216799
534.081432,112,576.514612
565.053766,103,576.817969
419.748853,93,577.051841
430.065427,93,577.281651
624.813238,123,578.219985
702.290898,143,579.586999
650.690307,145,580.011901
792.812293,167,580.428582
424.045986,99,580.681028
559.115538,118,580.982751
702.739175,139,581.333817
685.855023,125,581.653716
456.162566,90,582.55645
673.129534,127,582.857916
702.413643,134,583.185127
696.097333,145,583.54666
683.002346,132,583.869677
637.612015,120,584.221124
380.15638,73,584.427111
641.286488,121,584.723508
587.752364,117,585.658867
711.774025,146,586.026842
648.90049,146,586.392462
457.648233,94,586.625012
455.421731,102,586.893092
732.956613,145,588.363516
485.081219,98,588.603764
505.313479,98,588.84571
579.002427,110,589.113704
531.794557,100,589.914599
712.660152,147,590.285471
526.188371,100,590.53825
680.690102,126,590.853378
614.634317,119,591.148045
558.10804,121,591.44587
740.413795,144,591.892626
732.210438,148,592.270108
446.747188,85,593.130688
1077.859829,212,593.655667
752.469821,161,594.044975
769.215322,154,594.428944
513.069788,109,594.721328
425.844707,82,594.964344
489.667553,91,595.213536
637.165485,123,595.5165
722.709526,133,597.39819
523.663054,101,597.646232
550.02781,112,597.951502
537.416167,106,598.264956
482.552015,95,598.495258
619.888938,132,598.838905
706.46713,148,599.215348
474.153933,92,599.448785
480.022971,95,599.690932
601.24732,119,600.479161
495.502846,93,600.708079
567.690782,127,601.024342
489.683136,92,601.252833
796.847155,167,601.663515
485.406198,92,601.897782
359.12731,79,602.088878
497.814096,98,602.353468
754.272907,147,602.782378
461.947237,104,603.042123
584.694408,128,604.012452
525.091122,101,604.256268
449.718101,89,604.478587
513.346844,105,604.73472
486.472178,108,606.22213
777.455527,148,606.587312
554.822358,111,606.859425
438.428353,84,607.065053
750.235391,153,607.443383
455.019407,84,608.250518
450.030391,93,608.48234
837.353553,175,608.92858
502.441324,91,609.147694
594.890492,109,609.409972
673.833181,127,609.717385
901.199614,170,610.216256
441.82865,84,610.454596
544.610972,123,611.42606
562.454251,107,611.702593
564.03238,116,611.993644
562.666714,103,612.258144
694.120494,122,612.579299
415.14685,78,612.79253
1009.998394,196,613.385158
522.132965,100,613.686201
789.737571,146,615.29726
574.196294,129,616.267004
568.373262,106,616.552469
662.951715,125,616.927363
487.31769,92,617.166643
622.555752,113,617.459691
689.00271,124,617.780828
554.905373,109,618.061779
467.86357,100,618.327565
630.647755,125,618.649781
809.808565,164,619.606173
668.881224,133,619.944362
505.658541,101,620.208781
751.604487,133,620.549026
485.217771,95,620.799904
669.268447,132,621.139756
460.808341,91,621.391569
766.360413,139,621.834066
748.169626,152,622.744462
670.328781,123,623.054892
668.8122,124,623.363243
488.740876,97,624.80951
820.77071,168,625.290301
490.685788,95,625.526142
459.417557,85,625.74378
498.222704,97,625.988824
813.825815,161,627.056846
822.215016,157,627.462536
618.789968,115,627.75663
579.450785,114,628.044106
531.193163,112,628.32302
521.670189,114,628.617947
479.68088,97,628.860037
594.611827,112,629.149275
638.647072,130,629.559835
565.860176,112,630.517494
565.536352,107,630.787539
556.292008,107,631.056721
619.99785,133,631.38309
437.603047,86,631.598799
1005.59106,206,632.112483
352.241943,68,632.290309
630.3581,116,633.865093
518.192921,103,634.115221
695.545753,146,634.978247
444.848127,99,635.220068
656.557418,128,635.556781
539.287424,123,635.883475
345.917635,66,636.057186
570.258173,102,636.325307
570.066883,119,636.637667
557.919363,107,636.913714
590.765622,114,637.269706
561.444499,106,638.221816
519.116855,100,638.476331
541.765517,102,638.733817
588.548596,122,639.049764
401.460776,79,639.241928
320.677937,73,639.420326
584.122239,112,639.705807
616.994846,116,640.000596
559.322295,108,640.318121
679.76573,125,640.685061
510.99209,99,641.436667
625.859407,118,641.724509
540.512218,100,643.030074
488.319877,103,643.304289
890.415985,171,643.835407
625.750247,130,644.1814
400.544723,89,644.404998
800.536926,155,644.793659
585.627981,105,645.609518
537.358398,116,645.906064
473.609657,86,646.124432
528.335822,111,646.404282
522.707356,96,646.64218
815.635329,169,647.062486
498.009322,104,647.325039
549.931899,108,647.597058
527.759797,114,647.900324
632.275292,125,648.888531
625.600227,122,649.191675
536.902588,102,649.439076
520.116734,107,649.704732
446.511635,88,649.917666
462.626865,88,650.137359
537.986687,119,650.441909
738.067797,161,652.086479
566.52378,123,652.389977
1093.24833,208,653.394608
640.584774,126,653.706024
568.31731,106,653.969665
560.843401,111,654.251453
426.183497,82,654.461331
560.512725,107,654.730062
561.215563,112,655.022364
545.804717,117,655.336413
596.892325,116,655.643044
521.360108,107,656.472169
569.370717,119,656.807912
398.821253,80,657.002306
576.981165,111,657.269959
1024.299802,184,657.728304
595.480613,118,658.024376
654.108496,127,658.334031
638.23974,118,658.63002
710.917374,149,659.578987
636.987111,121,661.144176
648.07763,123,661.445285
474.343853,91,661.674849
594.822316,124,661.996418
680.077869,125,662.326043
930.518585,179,662.855485
453.791343,88,663.108703
518.95124,103,663.377256
754.418184,137,664.234648
807.503241,157,664.640025
661.966452,124,664.95757
472.943576,91,665.187548
742.279457,154,665.582792
595.852353,111,665.863938
575.696816,105,666.132149
654.469253,122,666.436306
551.409045,109,667.22087
765.728598,157,667.64049
628.692736,116,667.968268
513.850358,99,668.22092
767.216398,150,669.737386
695.494512,134,670.065834
1016.069051,191,670.562529
765.850601,145,671.58394
680.863947,132,671.914383
452.296418,89,672.142239
480.690622,90,672.362894
687.325082,135,672.698233
669.976939,122,673.002879
641.329286,121,673.318346
893.350093,183,673.807231
470.413405,91,674.04966
530.106793,111,674.979862
419.609456,81,675.198577
499.520813,102,675.452168
635.520979,125,675.809109
653.32974,129,676.159073
489.576151,104,676.415162
604.427989,118,676.708171
553.804624,109,676.978453
511.341707,108,677.253764
898.146682,171,679.767235
731.495648,132,680.100553
457.526024,87,680.319897
617.678448,116,680.603983
529.724766,100,680.853243
554.242625,110,681.12501
625.451166,125,681.448554
556.606009,108,681.729796
575.376369,120,682.04848
930.013945,174,683.265509
583.855046,110,683.543682
534.945414,110,683.819029
459.060867,88,684.0452
521.789511,117,684.343555
598.944308,119,684.641511
726.669909,136,684.98682
505.836747,93,685.227328
580.414356,117,686.032943
554.136605,112,686.321151
581.593708,109,686.595407
680.785278,138,686.934715
518.890953,97,688.445283
775.589251,157,688.82552
656.40729,129,689.139079
657.769322,119,689.432558
392.452835,76,689.625034
540.040957,124,690.681222
485.103742,107,690.974557
623.903244,128,691.29517
635.941328,122,691.597522
1064.465845,210,692.115371
604.391455,111,692.394772
576.053371,118,692.69275
691.207042,140,693.069775
541.657435,106,693.871916
444.735098,90,694.09058
546.07799,122,694.3971
488.204435,98,694.644561
473.955456,111,694.96032
520.682222,103,695.263231
952.877827,180,695.707588
617.48812,120,696.007112
734.80965,149,698.460617
610.153995,120,698.776057
665.013989,128,699.116884
693.654723,138,699.461222
710.731371,136,699.815648
518.176261,99,700.063354
621.612407,122,700.363814
550.430141,114,700.64985
444.440977,82,700.867125
721.231547,141,701.788333
582.269016,112,702.077815
633.369501,118,702.382082
683.098152,143,702.745429
543.679584,104,703.024822
487.117127,102,703.313444
531.100947,116,703.636882
530.085073,97,703.882545
601.123824,109,704.157854
675.015168,143,704.998216
615.330104,116,705.289806
658.652654,141,706.90708
488.832099,103,707.174902
645.809411,129,707.516966
432.901042,99,707.769221
555.874335,109,708.03493
644.119548,134,708.364227
682.703404,135,709.380989
552.914529,110,709.668635
383.865175,74,709.892324
663.677778,148,710.287728
599.819205,113,710.565136
386.776267,93,710.796037
769.886703,143,711.152946
776.934077,148,711.534854
618.428362,112,711.817959
871.190102,171,712.935369
497.421836,95,713.175629
687.471069,130,713.508093
673.896989,148,713.874479
729.775641,139,714.223997
470.454817,94,714.503074
624.505222,121,716.090611
561.451392,124,716.397333
565.919233,115,717.349662
657.770163,122,717.709016
587.667828,115,718.021968
516.309298,104,718.283475
558.701977,105,718.54675
550.750584,110,718.819238
477.471089,91,719.054274
524.580174,100,719.304111
656.004376,127,719.615791
493.582149,97,720.530325
736.174547,142,720.89556
676.707203,137,721.247354
753.56134,146,721.618927
612.345823,115,721.909355
847.030392,167,722.331969
478.452098,107,722.680151
583.543332,114,723.004798
507.2473,107,723.915808
452.331797,87,724.135744
642.514064,121,725.654126
595.239705,114,726.011004
551.385067,122,726.336396
907.526875,183,726.790514
411.643852,98,727.041276
419.391182,80,727.242024
1011.476757,204,728.384847
614.378593,116,728.677653
682.301282,128,729.036722
625.653112,117,729.380609
643.818147,138,729.735625
654.023955,123,730.053834
598.158361,123,730.365435
628.733513,118,730.66999
592.147445,122,730.992883
716.76762,144,731.912622
776.303278,148,732.281152
500.714672,112,732.561196
800.498026,169,732.979017
628.360742,123,734.542094
461.755295,101,734.794253
894.264349,171,735.222055
536.892169,102,735.964725
664.980353,145,736.322626
734.613269,140,736.665015
391.7759,75,736.85399
575.279583,120,737.193436
811.39894,152,737.622756
595.398526,124,737.943003
759.843965,154,738.329574
632.05469,118,739.141831
866.273722,163,739.552881
573.680814,117,739.849716
529.576451,116,740.145518
609.551443,119,740.449843
564.653236,117,740.750591
368.887045,81,740.96403
702.698137,141,741.34514
567.864287,109,741.626558
878.147369,188,744.108317
567.693909,108,744.406501
494.691831,115,744.743667
751.210101,152,745.165284
495.112462,96,745.446532
704.580862,140,745.854147
645.58863,121,746.158454
596.065516,123,746.475679
563.57863,111,747.406726
994.077507,188,747.89781
701.581418,153,748.292204
531.584677,124,748.632766
679.556578,153,749.089253
437.943636,100,749.343898
514.16922,98,749.601679
543.433991,108,749.882215
583.664991,115,750.853586
456.952623,84,751.074335
561.653475,105,751.344811
355.494095,72,751.525971
422.13445,83,751.731378
428.116188,82,751.940428
531.722876,114,753.473081
645.130691,128,753.877964
844.685433,169,754.318392
728.21335,139,755.336919
584.564164,111,755.611636
545.707769,101,755.867687
542.400215,107,756.127864
518.254733,108,756.392529
754.752776,157,756.82138
809.546918,151,757.245505
515.635679,98,757.488916
824.834024,160,758.562254
607.126267,114,758.848292
542.353955,103,759.111302
650.368893,142,759.481929
543.671447,108,759.780353
1240.952221,234,760.393523
807.237002,164,760.828932
622.15205,123,762.342319
973.605075,191,763.345632
553.592974,101,763.594617
855.82566,169,764.013692
584.5175,111,764.293315
694.512584,137,764.664448
702.786508,140,765.068984
635.556882,131,765.392637
601.85273,110,766.150605
384.044098,75,766.332946
573.872876,115,766.622711
678.430336,129,766.945312
604.160953,122,767.253439
704.511329,133,767.593386
726.482858,143,768.020375
535.656563,102,768.293747
545.099987,103,768.556559
487.033828,94,769.355178
472.906835,91,769.590019
566.783324,116,769.884557
542.900833,113,770.176514
660.197389,134,771.699344
793.820866,145,772.092504
565.661637,116,772.389607
746.301244,149,772.812412
533.285576,99,773.118405
570.274958,113,774.068551
610.361361,141,774.418339
958.258378,185,774.882389
535.974417,102,775.138779
559.502122,101,775.397825
632.284833,121,775.701727
445.60944,85,775.953756
503.82575,95,776.245663
589.723502,117,777.051167
595.920054,129,777.368396
726.599226,150,777.742738
916.587758,176,778.190631
664.857335,124,778.509789
617.750882,127,778.834476
720.242359,144,780.762734
561.879836,109,781.066412
628.139459,127,781.981681
640.535186,117,782.272743
628.674336,120,782.572019
607.284479,135,782.932103
667.904385,138,783.277787
742.126504,138,783.620935
658.505041,122,783.947915
552.57894,108,784.260527
924.370454,183,785.350823
555.248646,106,785.615529
517.905605,100,785.866037
592.333527,110,786.136966
695.309784,139,786.491921
806.513758,154,786.880588
541.782202,120,787.195993
898.694644,189,788.269466
781.506989,175,788.715048
772.421073,147,790.398768
688.454674,161,790.807583
730.941573,132,791.146458
791.440866,170,791.59807
768.395299,165,792.041153
555.049428,104,793.01155
664.720503,128,793.330219
675.830875,130,793.665846
524.122602,99,793.915107
540.931086,103,794.167537
641.013668,118,794.456857
797.939853,163,794.871428
654.872454,145,795.249805
550.757637,127,796.291135
479.947815,90,796.512779
702.17048,141,796.879178
517.627624,116,797.179931
837.94198,165,797.607409
780.716806,148,797.988355
642.772591,120,799.530732
539.707756,110,799.81039
581.272391,115,800.763489
573.965365,130,801.153294
682.444027,131,801.480304
515.706178,93,801.715676
538.220278,121,802.013515
590.574737,117,802.306621
626.141314,134,802.643093
643.741314,128,802.966158
705.923507,129,803.313533
543.136478,102,804.293575
796.335501,145,804.661012
836.619267,162,805.065946
587.960895,112,805.341678
572.998628,115,805.633322
719.777631,135,805.97333
699.267669,157,806.388841
763.654004,158,807.457803
582.080104,107,807.733028
799.748292,161,809.647374
724.399722,143,810.006275
508.739072,109,810.296267
734.187455,166,810.726582
489.495859,103,810.996945
814.340217,157,811.404186
505.061642,114,812.40231
546.513931,100,812.691606
456.894305,105,812.959816
488.524321,91,813.19318
745.802309,142,813.546199
535.165706,108,813.830147
693.670901,142,814.190159
727.487939,142,814.555141
730.118232,150,815.650014
453.121704,97,815.931955
636.382801,115,816.231724
608.909161,117,816.526817
445.066375,87,816.743081
734.173637,144,817.116163
650.559554,122,818.906054
630.115751,116,819.191572
1000.001459,206,820.400848
575.177467,106,820.707914
630.320615,134,821.08609
818.139463,150,821.461347
683.724649,144,821.823386
571.905973,122,822.12504
738.063744,160,822.531239
753.834765,145,822.89279
595.939558,115,823.855781
353.469531,68,824.058613
669.957011,140,824.416025
578.258851,113,824.695267
416.141105,98,824.934204
760.552266,149,825.303145
762.909326,143,825.6542
645.086056,127,825.986809
700.111629,131,826.979926
983.529102,198,828.93714
651.317263,134,829.266281
676.322607,124,829.576726
570.136546,109,829.843751
851.609653,151,830.22915
536.673809,112,830.507405
603.391333,116,830.798069
605.462258,118,831.817132
564.463788,109,832.099377
473.034559,90,832.317325
684.624435,128,832.634381
610.893491,122,832.93727
765.681765,142,833.292851
492.655207,112,833.578181
893.157728,163,833.997962
535.289375,123,834.936331
735.603275,139,835.31743
536.50435,102,835.570773
619.777115,127,835.893347
592.083168,112,836.177155
954.947304,189,837.929217
672.971785,127,838.25771
864.75197,164,838.6675
663.577583,121,839.449698
646.668289,130,839.763493
777.350742,154,840.211105
587.19143,109,840.493162
639.156438,146,840.863814
432.572702,100,841.114482
642.181237,126,841.430529
672.380652,134,841.766097
706.035368,131,842.741809
575.038013,115,843.051586
749.823041,145,843.465508
605.051507,113,843.743659
529.360735,120,844.050866
705.606325,134,844.386385
713.387786,131,844.715869
540.003543,100,844.967321
591.896955,133,847.195333
576.297582,135,847.555978
773.259313,147,847.974159
603.672086,130,848.348178
764.735551,156,848.772374
434.481189,91,849.022033
731.677301,142,849.406821
655.522338,129,849.750143
687.465605,135,850.741182
735.968225,142,851.152188
734.241071,137,851.53279
668.261112,133,851.863722
800.261071,165,852.285309
687.92747,146,852.655381
700.746113,134,852.989327
505.794003,114,853.791001
736.378574,141,854.167504
618.769674,117,854.51218
705.01001,141,856.089044
668.447804,144,856.45814
675.282871,129,856.797907
744.118248,142,857.175318
496.375966,112,857.457396
780.95245,156,858.368165
727.731697,150,858.740959
457.560427,88,858.962613
783.078568,154,859.343107
581.522533,129,859.681733
636.841491,123,860.028121
752.582104,138,860.380701
796.479419,155,860.770917
668.442035,136,861.732916
688.913941,137,862.071671
485.995633,104,862.323754
609.15348,112,862.599936
748.20291,143,862.977961
606.752781,121,863.323189
849.490342,169,864.897489
810.935481,172,865.877757
625.386326,116,866.1719
939.116994,189,866.640731
634.493074,120,866.938733
634.22434,122,867.241308
721.020422,135,867.58009
669.229272,123,867.959581
651.641323,139,868.339669
838.992892,175,869.251019
750.760011,163,869.670378
462.746744,105,869.938778
615.272616,116,870.228563
540.561697,106,870.489412
588.780355,113,870.78276
746.224569,158,871.250594
632.018671,123,872.072875
654.321789,118,872.368499
707.551656,132,873.736551
639.731304,122,874.045902
681.287772,136,874.414242
642.390897,124,874.743205
780.04252,158,875.158628
600.158932,118,875.474092
576.930285,110,876.28003
921.331767,174,876.774192
526.955445,95,877.024406
592.021795,116,877.309686
565.255833,109,877.582723
549.733333,109,877.852558
572.969521,121,878.147065
491.02842,113,878.432626
525.980911,99,878.67751
394.156552,90,879.434088
1127.472807,217,880.040592
683.082082,127,880.366625
555.024107,113,880.64574
784.918308,156,881.048589
626.628978,132,882.42434
826.15955,156,882.844016
622.3798,115,883.754344
673.475253,127,884.066972
503.261814,95,884.296225
767.56794,144,884.660901
543.379286,103,884.922154
839.025848,171,885.363057
544.080098,103,885.635461
538.24318,105,885.911637
680.726483,142,886.284998
505.970859,97,887.162188
653.963819,125,887.46693
673.24523,129,887.781385
714.674518,127,888.097102
502.9762,100,888.377592
512.035379,100,888.663753
616.609345,116,888.970664
588.520166,116,889.25422
783.754545,145,890.109029
975.304163,196,891.838496
326.279979,68,892.029068
714.306166,129,892.356846
715.798342,137,892.693496
759.361413,147,893.054408
398.986842,76,893.245269
611.931928,122,893.550428
534.540421,101,893.796847
731.854293,134,894.780311
469.426579,106,895.054366
655.208661,126,895.370359
597.005335,129,895.697817
622.771692,136,896.048141
948.937161,178,896.500436
913.484381,175,896.996556
1038.687065,202,898.182795
476.733568,101,898.432944
815.619962,161,898.846599
615.791571,116,899.138809
669.553784,126,900.75901
512.005589,95,900.987396
544.884362,116,901.273695
596.098374,117,901.57353
458.290203,88,902.436851
644.285039,121,902.735156
458.849035,101,902.986693
606.393194,116,903.280293
692.791216,146,903.718139
609.552692,116,904.005474
604.211137,114,904.292266
516.909719,97,904.534857
1258.395783,255,905.8056
658.308594,119,906.11162
838.601196,160,906.51391
539.655393,122,906.824424
472.504987,91,907.045082
837.369653,172,907.482531
688.307251,125,907.802015
608.214369,113,908.092373
562.522462,110,910.306617
1134.860626,219,910.866761
822.530171,153,911.26317
676.248965,143,911.639317
730.994542,144,912.062846
576.354558,106,912.366743
614.153017,119,912.669981
760.570838,156,913.698002
527.801286,98,913.937129
682.025892,129,914.255788
614.528239,118,914.553913
609.10901,127,914.877709
763.334894,160,915.291778
721.140675,137,915.665385
916.705068,170,916.120069
505.33898,96,916.99521
662.382741,135,917.360595
575.247735,109,917.665917
575.111582,105,917.944016
650.386579,123,919.570555
734.989096,140,919.940852
410.614283,81,920.156833
1176.366513,230,920.824921
515.893208,98,921.747798
550.801197,105,922.045627
860.852255,157,922.472895
644.056968,123,922.807542
707.665019,130,923.16274
637.537252,121,923.504603
747.355669,148,923.94197
527.7792,123,924.338397
553.81094,106,925.207064
815.866195,146,925.601871
712.130579,141,925.972907
599.243946,121,926.305959
683.44963,134,926.664208
681.609603,128,927.025981
782.993474,148,927.434746
946.965468,187,929.840251
805.404552,159,930.314962
667.924835,123,930.644756
555.271582,116,930.944037
684.833371,133,931.288042
706.527102,142,931.647401
796.612596,155,932.035181
649.857175,132,932.394051
803.496309,161,933.348546
646.82712,117,933.677122
575.907479,121,933.980451
648.343155,123,934.280812
588.401691,109,934.551019
817.971586,155,934.939766
572.651804,105,935.206818
863.350043,159,936.153252
657.487165,127,936.47436
593.560113,109,936.745506
630.762738,127,938.36981
681.775268,135,938.76583
671.78052,120,939.105393
834.951447,165,939.513887
520.620909,111,939.786281
630.108681,128,940.101279
802.656955,149,940.959001
709.428649,139,941.301234
889.350311,171,941.720541
633.510856,119,942.048891
505.478185,103,942.342272
555.622038,109,942.620707
493.655044,97,942.861507
630.126576,122,943.16278
603.987935,109,943.933664
917.779345,186,944.399956
665.353785,121,944.710406
815.19379,173,945.146375
676.718061,125,945.512504
683.925273,134,947.346915
961.793242,182,947.812817
620.816447,113,948.644801
547.79481,104,948.90023
1050.662628,193,949.38283
570.680407,115,949.669626
507.673426,102,949.928931
664.848134,128,950.253293
791.663639,151,950.661629
869.638766,163,951.852954
566.006389,108,952.119747
667.886186,121,952.421266
740.459462,139,952.770248
918.466898,186,953.241235
1013.807055,180,953.691095
541.710075,118,954.004431
808.292974,152,955.15003
825.219503,159,955.551355
767.270567,136,957.511407
644.822136,121,957.825973
659.442098,136,958.183295
835.911456,168,958.6108
587.495802,109,958.90607
620.490112,123,959.215138
692.241558,129,960.267744
749.633609,136,960.620865
1005.239009,188,961.088071
992.64657,198,961.590025
848.110778,163,961.984572
777.07238,168,962.416134
991.87646,203,963.557863
782.165605,152,963.933479
1281.024696,271,964.621061
660.296007,135,964.967204
664.202656,129,966.69702
737.361961,145,967.083445
946.230765,169,968.052459
367.535076,83,968.258676
737.342682,135,968.664301
530.557502,99,968.916795
702.013562,132,969.251462
810.825971,159,969.63661
547.657652,103,969.892683
872.952917,155,970.285701
632.059321,117,971.078502
672.907781,127,971.40299
700.138205,153,971.859057
584.956078,107,972.129898
550.546791,121,972.444999
701.168396,128,972.757107
803.638883,152,973.129097
710.28093,154,973.507273
848.846936,168,975.867847
625.411517,125,976.182679
559.830617,103,976.447546
725.21431,135,976.797374
661.273779,128,977.137628
602.973141,113,977.434762
513.317895,98,977.696332
810.630524,153,978.10442
647.780708,128,979.048594
535.901448,105,979.311882
430.663509,85,979.520279
691.011833,129,979.835677
659.492492,136,980.214717
761.848372,157,980.63825
916.005712,169,981.059692
614.855551,121,981.360901
649.456237,118,982.148761
731.936656,133,982.474434
576.382213,112,982.753647
559.210976,126,983.06597
635.180746,133,984.779604
766.811946,140,985.124238
694.582354,154,985.522314
870.649815,185,986.577573
769.925684,156,986.985327
759.162016,145,987.353971
869.265162,167,987.775346
723.828895,136,988.109653
657.130177,123,988.474846
726.859971,144,988.862746
893.061048,175,989.929433
1266.185062,255,990.582118
1103.299383,203,991.080592
876.144189,194,991.61338
546.853025,106,991.911472
642.131024,133,992.23448
712.095652,142,994.455274
531.471877,102,994.7514
1026.232377,195,995.267325
741.458262,145,995.635409
405.436697,88,995.855736
529.992452,97,996.098821
587.953194,111,996.382869
779.846157,163,996.795759
722.84105,135,997.710749
500.015735,94,997.945582
643.476766,120,998.243362
829.922898,171,998.667616
1101.99115,215,999.203106
736.77135,145,999.573171
1339.673687,244,1000.761937
920.480633,170,1001.183547
1058.910007,198,1001.687405
528.705912,99,1003.400047
950.005925,182,1003.852992
764.572475,135,1004.201192
479.678194,111,1004.473215
717.038512,131,1005.339802
942.931899,189,1005.833657
710.455101,144,1006.204764
485.04193,94,1006.452373
534.763209,100,1006.707593
623.885994,121,1007.017618
588.657336,111,1007.312611
710.663961,150,1007.709319
845.392428,152,1008.748318
651.405698,128,1009.069107
790.144631,150,1009.445418
538.837406,123,1009.761993
834.835302,161,1010.160081
715.816043,132,1010.489289
626.013277,117,1010.785654
698.059811,132,1012.949298
580.518184,122,1013.256542
634.391143,125,1013.565512
552.948445,123,1013.872429
525.68369,111,1014.149046
741.631865,143,1014.49524
698.484482,132,1014.886241
607.339202,114,1015.181143
578.176519,125,1015.487449
1408.348862,293,1016.773681
617.75046,118,1017.077562
1031.843467,203,1017.582915
561.659342,104,1017.836867
628.547528,113,1018.116818
383.586503,76,1018.316747
597.536359,113,1018.612333
989.20094,185,1019.655366
451.611028,90,1019.875138
653.229158,141,1021.773684
804.6595,160,1022.164013
610.442949,135,1022.507978
736.041687,151,1022.913067
673.502718,146,1023.292984
755.287665,140,1024.310151
783.56108,148,1024.673525
863.746571,159,1025.057928
965.95586,176,1025.498879
518.308105,110,1025.780226
639.161702,124,1026.108361
576.167476,131,1026.464641
691.282711,128,1027.354344
547.469002,119,1027.65589
636.21841,120,1027.96146
594.171252,115,1028.251582
496.488281,106,1028.519669
547.618123,125,1028.836511
396.911355,76,1029.035829
788.398838,167,1030.990159
900.742064,168,1031.90165
914.077817,188,1032.392415
875.609441,180,1032.8881
642.543687,123,1033.191625
784.030271,152,1033.565401
597.870603,111,1033.843993
506.210965,116,1034.139204
544.911269,122,1034.432527
702.510962,131,1035.246847
884.794056,178,1035.699512
654.350195,139,1036.052486
817.964418,153,1036.439811
688.892681,142,1036.799582
682.463295,155,1037.215847
893.662909,169,1038.284847
569.789842,111,1038.582227
967.53942,181,1040.638798
799.939613,155,1041.052575
681.626661,129,1041.442177
727.628393,151,1041.826828
442.791849,104,1042.087112
784.976589,158,1042.479786
802.418681,159,1043.35785
828.712462,147,1043.717915
783.065035,147,1044.084123
684.749939,123,1044.425183
620.670361,139,1044.809992
573.45001,120,1045.115135
588.971144,126,1045.430301
960.201449,173,1046.372212
635.205399,119,1046.67718
632.943796,118,1046.975319
740.07088,137,1047.319165
1016.885067,180,1049.382621
701.889996,128,1049.725267
587.874377,125,1050.122077
775.571786,160,1051.010255
608.672542,130,1051.334741
734.354505,135,1051.659646
784.078505,159,1052.040287
807.971785,147,1052.400609
612.162946,118,1052.710169
662.721836,130,1053.098706
529.029042,98,1053.375314
581.679651,129,1054.190467
879.712534,165,1054.596972
473.831642,90,1054.817694
823.49504,151,1055.194565
1043.730876,216,1055.724237
738.80956,144,1056.105508
710.736741,134,1056.476258
916.895886,200,1059.266788
861.775996,171,1059.705997
1127.408664,212,1060.226666
630.829171,118,1060.514362
456.67373,91,1060.738572
654.206245,126,1061.081328
829.141511,151,1061.467515
581.658132,134,1062.566724
1076.952436,204,1063.073141
803.135331,165,1063.480735
653.280368,139,1063.832891
711.265588,140,1064.175837
991.266182,195,1064.680737
621.934393,136,1065.662046
631.52135,129,1065.983531
819.663913,162,1066.375444
975.605695,185,1068.570031
740.539128,144,1068.943407
675.066089,130,1069.265642
694.584008,128,1069.586324
530.572341,107,1070.350295
591.762104,118,1070.642951
664.937506,137,1071.012624
1035.468193,216,1071.588803
852.774123,184,1072.034329
744.165676,138,1072.368781
538.769986,121,1072.658338
1128.422719,220,1073.68084
579.226963,110,1073.960432
707.910554,138,1074.371414
783.366179,171,1074.812118
769.103073,143,1075.158489
757.200126,152,1075.517615
863.456328,168,1078.288813
619.572931,134,1078.630406
1022.432256,198,1079.13449
891.010976,167,1079.545084
575.303334,124,1079.853761
581.214604,128,1080.237778
636.776425,139,1080.59452
903.91783,178,1081.505439
762.361342,159,1081.903594
649.762977,138,1082.235771
644.513844,118,1082.523219
689.83829,138,1082.862369
676.446279,137,1083.237155
758.545354,155,1083.655427
974.328024,190,1084.604501
653.25331,118,1084.911859
586.798802,132,1085.23329
758.511965,160,1087.314264
658.367884,146,1087.685177
840.87465,159,1088.085536
616.688803,124,1088.396742
502.245306,109,1088.677623
497.470185,93,1089.449008
551.637693,121,1089.751394
961.964493,202,1090.254172
406.257167,95,1090.487731
532.471192,108,1090.755855
905.80088,169,1091.173956
644.271869,125,1091.496402
731.116719,142,1092.394424
765.543308,161,1092.847022
797.84676,152,1093.220948
957.189074,178,1093.659035
666.109423,125,1093.958169
517.786637,107,1094.225873
899.531423,183,1096.388258
807.628426,172,1097.292796
578.299356,112,1097.563794
574.376647,124,1097.875973
662.885448,138,1098.222201
873.306316,164,1098.629353
791.027548,152,1099.019777
976.433083,207,1099.567011
597.475529,126,1100.432971
838.282158,155,1100.827824
957.455634,182,1101.289028
834.80082,167,1101.759937
802.730554,176,1102.215291
730.789085,149,1102.57738
887.547168,169,1103.467512
876.836402,182,1103.923335
839.852238,175,1106.148691
567.544309,103,1106.412778
647.312321,121,1106.721407
633.188567,122,1107.028335
1252.647726,236,1107.647217
737.141098,137,1108.665926
1065.638906,210,1109.192054
831.066559,168,1109.615381
885.009048,176,1110.057577
896.941229,180,1110.513787
1175.37938,214,1111.600483
701.796167,153,1111.974483
806.527546,168,1112.383634
602.544048,115,1112.663107
795.153988,147,1113.031049
946.623751,198,1115.046324
647.75371,116,1115.325382
772.319566,152,1116.182138
646.049441,123,1116.480044
738.038789,140,1116.8296
657.041913,141,1117.217943
756.49075,151,1117.623772
848.436753,169,1118.026505
748.100656,147,1118.387903
891.191686,187,1119.365537
739.912224,138,1119.716517
627.216593,136,1120.058861
522.49186,97,1120.302642
660.901467,124,1120.612737
809.128859,150,1120.988066
815.11052,163,1121.417844
546.961187,121,1121.734476
721.621234,137,1122.566175
549.962566,118,1124.553972
676.983136,127,1124.864322
1053.592554,210,1125.376105
755.433297,141,1125.730342
863.359951,168,1126.169869
665.565555,127,1126.561868
615.059992,116,1127.35069
1240.142829,240,1127.938388
604.54335,109,1128.205103
650.53772,127,1128.515434
822.225116,154,1128.900581
627.486636,128,1129.215243
505.300603,100,1129.480154
748.187011,143,1130.401613
687.787595,136,1130.742683
466.805268,104,1131.00573
1020.66227,201,1131.51028
1042.132157,196,1133.533124
565.172806,109,1133.796791
794.269252,163,1134.196343
590.363641,126,1135.006355
702.600422,143,1135.375945
589.274369,132,1135.76723
611.800454,116,1136.053582
890.635697,161,1136.444414
822.772881,170,1136.862716
568.568067,122,1137.160507
648.349383,123,1137.942522
724.426512,139,1138.265227
906.319663,185,1138.790205
614.158867,116,1139.083934
520.678198,118,1139.373169
708.213955,142,1139.717151
645.796666,132,1140.05293
1052.768458,219,1142.738473
1016.885087,217,1143.294551
793.945337,155,1143.689623
665.500014,144,1144.059294
746.688239,143,1144.424333
673.531978,153,1144.823677
770.379814,151,1145.91426
592.401101,113,1146.213508
675.109568,151,1146.593465
621.221527,130,1146.918814
625.067959,129,1147.236787
624.626795,143,1147.598191
781.908451,162,1148.008851
977.787539,181,1148.477789
1037.013679,192,1149.665789
634.036248,115,1149.95057
722.576256,131,1150.274734
670.35402,133,1152.237467
1079.224213,204,1152.769912
832.972479,159,1153.182866
1011.112198,198,1154.35487
758.467783,145,1154.749054
594.599677,107,1155.053154
705.090294,130,1155.369206
744.671625,141,1155.716131
741.938929,138,1156.060935
544.249454,122,1156.358717
830.254532,169,1157.400405
985.633264,189,1157.895521
621.89301,119,1158.244482
554.693514,104,1158.503319
558.949749,107,1158.769134
599.729048,113,1159.049313
822.241151,167,1159.462687
607.943662,117,1159.744067
983.461474,173,1162.151062
613.855714,113,1162.435487
695.978717,132,1162.765443
712.238852,153,1163.146278
674.811884,133,1163.481045
658.313407,126,1163.797932
534.480918,100,1164.059631
701.802179,139,1164.429064
534.057085,100,1165.265303
704.038466,137,1165.600257
541.811997,121,1165.907784
596.644425,130,1166.226279
597.753209,129,1166.547159
1274.95584,229,1167.16461
988.863271,185,1167.690985
417.551524,97,1168.423133
1017.612081,186,1168.875439
572.026102,107,1169.134603
623.492201,121,1171.406038
631.052683,121,1171.699066
1340.627718,281,1172.402724
609.575429,119,1172.690571
1211.898296,227,1173.887627
877.032201,170,1174.312173
568.751148,109,1174.584785
729.796496,142,1174.941345
699.359445,147,1175.319614
929.386187,193,1175.829876
913.009747,183,1176.98381
712.665619,137,1177.353014
679.064203,154,1177.743992
525.739822,104,1177.992357
1405.488048,262,1178.64311
956.826127,180,1180.684868
620.465964,114,1181.471974
515.345945,105,1181.726935
777.472201,156,1182.110286
696.387347,143,1182.465309
1423.024472,275,1183.167085
492.686189,100,1183.447878
703.885902,157,1183.865353
1039.589474,201,1184.915802
634.675586,127,1185.238112
804.520363,157,1185.630134
774.992277,169,1186.063883
521.657115,117,1186.362184
736.74621,150,1186.756378
639.893544,127,1187.078736
764.332849,167,1188.012318
723.791926,135,1190.069887
585.280995,119,1190.356998
638.612899,142,1190.698955
1034.614466,196,1191.179066
800.562478,168,1191.608527
664.286135,129,1192.598594
566.663184,115,1192.904813
928.677879,179,1193.356763
575.912105,124,1193.664434
831.973173,183,1194.125146
778.374819,170,1194.565357
654.467781,130,1194.911715
560.493835,108,1195.845935
755.581928,156,1196.243101
822.839704,169,1196.668062
622.776326,120,1196.980898
894.094484,186,1197.449666
1084.661944,219,1199.910937
1000.347364,189,1201.015692
706.861997,134,1201.343082
991.087771,187,1201.830726
756.574443,137,1202.218831
900.305019,180,1202.671803
688.231619,131,1203.001707
758.870378,154,1203.372792
746.130907,158,1204.29205
627.124593,124,1204.597717
668.300232,126,1204.919485
586.365294,128,1205.291506
704.63861,160,1205.730103
770.959544,155,1206.121565
723.953675,135,1206.461547
740.343119,148,1207.386422
551.46772,117,1207.683763
680.29352,140,1209.454491
534.805245,104,1209.722555
836.215388,150,1210.091719
762.597238,144,1210.466785
694.741145,132,1210.799547
838.027001,161,1211.245318
563.135136,130,1212.287275
507.17935,99,1212.534198
414.160912,91,1212.7618
755.798577,161,1213.168396
638.4711,140,1213.524325
511.241643,96,1213.772595
647.084639,133,1214.119334
631.414465,125,1214.460378
851.120357,156,1215.470015
1056.633633,203,1215.965753
946.623245,173,1216.404601
943.949117,181,1218.493885
535.991459,103,1218.756045
682.477716,146,1219.125739
377.672723,85,1219.346192
884.568143,195,1220.481977
854.726971,190,1220.958681
709.084894,132,1221.331107
870.758231,181,1221.794984
797.695075,160,1222.188341
1006.322921,182,1222.635352
795.495515,176,1223.696891
711.108519,132,1224.026271
510.941973,117,1224.348414
764.690743,144,1224.7514
787.32589,158,1225.13642
1123.419957,215,1225.665981
397.078573,88,1225.876355
834.175274,158,1228.552341
718.74354,152,1228.953394
476.42509,108,1229.237478
587.907696,129,1229.57564
837.60419,154,1229.985024
579.35173,117,1230.352825
757.406355,145,1230.7248
880.796883,160,1231.738694
558.70893,107,1232.002424
604.451849,114,1232.293242
736.658019,141,1232.630286
676.485948,145,1232.998136
442.401008,84,1233.218622
514.040069,103,1233.506824
588.977762,120,1233.832776
804.723451,151,1234.218578
940.892538,179,1235.165728
827.227394,171,1235.599191
762.385447,160,1237.452156
621.733947,121,1237.754045
1064.695616,194,1238.233958
751.919796,166,1238.644433
952.026772,171,1239.620304
1262.600743,253,1240.258499
1343.52677,255,1240.895168
632.325171,119,1241.198215
1125.310951,220,1241.769737
786.298955,139,1242.629925
631.455328,113,1242.911676
769.288631,157,1243.357089
643.416131,123,1243.703686
533.704682,104,1243.958658
762.983633,142,1244.314827
628.491423,122,1244.618241
550.363057,109,1246.292469
766.017399,143,1247.311042
718.137089,146,1247.668073
584.924956,121,1247.977807
538.848571,111,1248.256548
665.813419,136,1248.59426
523.482322,109,1248.866871
610.251466,116,1249.152084
949.735112,185,1249.640607
820.315572,163,1250.721008
807.223666,178,1251.181914
693.058702,133,1251.522041
821.754497,177,1251.966614
743.516287,156,1252.371498
959.966767,198,1252.949545
1225.671302,222,1254.122965
888.716782,165,1254.535007
725.820805,137,1256.69542
951.889138,182,1257.169401
600.299512,113,1257.455594
697.626537,136,1257.790798
1090.947575,212,1258.797715
427.840929,84,1258.999946
1087.215203,204,1259.566745
771.707549,159,1259.978143
760.64998,139,1260.319399
549.822898,105,1260.588417
794.072828,154,1260.975752
508.00968,120,1261.824914
1045.649691,205,1262.3443
654.690739,122,1262.645896
817.369928,167,1263.063616
724.880401,143,1263.425971
543.975137,113,1263.721254
725.499716,136,1265.688796
621.430716,115,1266.644826
552.014159,113,1266.939001
616.636745,125,1267.240252
1030.259139,197,1267.719223
823.090213,153,1268.107577
674.678327,135,1268.445911
682.423874,151,1268.844682
460.189981,87,1269.07502
705.236796,135,1270.113214
785.830288,163,1270.532587
814.126334,150,1270.904675
950.950401,181,1271.348726
721.71712,133,1271.669222
546.68503,100,1271.932722
807.829432,160,1272.35405
782.464468,147,1273.278919
605.535111,117,1273.577642
923.996724,183,1275.801718
768.329319,155,1276.249379
412.992873,95,1276.523629
735.142695,140,1276.872511
537.992185,113,1277.145625
666.246568,135,1277.970647
944.936742,176,1278.411797
1063.23815,215,1278.926342
541.641546,98,1279.171048
632.384874,134,1279.55051
1108.247905,209,1280.087606
592.834511,115,1280.368897
838.728476,187,1281.475035
641.643388,126,1281.803753
1296.374821,242,1282.428369
1081.90422,200,1283.001118
540.655071,109,1285.033211
754.670654,156,1285.442677
755.693067,140,1286.384411
824.886024,174,1286.827436
651.460871,138,1287.174008
1130.597524,231,1287.754078
545.64419,115,1288.043059
892.112758,183,1288.518311
551.707022,126,1289.612108
858.362399,175,1290.043461
457.292359,100,1290.293251
1212.292564,244,1290.905085
962.930848,177,1291.345082
614.657195,111,1291.638413
618.129138,135,1291.982801
929.655131,174,1293.16624
760.749993,147,1294.965479
985.675782,178,1295.43031
658.72366,125,1295.766151
861.102944,173,1296.225147
442.456587,99,1296.48773
921.712711,170,1296.946684
670.927144,128,1297.834476
815.446082,178,1298.282625
925.549349,189,1298.757701
644.952513,127,1299.11604
911.219928,195,1299.632654
671.33906,138,1299.975481
774.885301,158,1300.882309
695.797683,132,1301.214695
689.248517,145,1301.575604
888.739452,164,1301.982148
500.1872,100,1303.876856
845.706999,166,1304.285171
838.60576,177,1304.742069
670.154537,125,1305.714386
764.849377,141,1306.078986
859.389425,156,1306.4677
984.536441,177,1306.914683
547.664976,104,1307.174732
606.047839,118,1307.47391
751.220077,153,1307.889968
335.381448,80,1308.103045
716.061196,147,1309.114147
755.829227,145,1309.473746
577.975923,109,1309.745753
590.446767,114,1310.033361
744.939241,137,1310.373629
655.207106,123,1310.672565
430.824595,92,1310.912616
523.4199,97,1311.163798
940.479656,179,1313.662081
645.601969,128,1313.99534
1064.738008,204,1314.521035
919.996047,182,1315.05534
902.227233,162,1315.477849
853.87825,160,1315.872824
843.603522,180,1316.853412
998.713181,196,1317.343155
922.127531,167,1317.761461
953.412857,180,1318.212269
634.480243,123,1318.530619
767.500039,132,1318.877865
541.387767,117,1319.18863
776.109954,167,1320.11332
611.590581,116,1320.403615
795.297647,152,1320.804309
681.157324,133,1322.673874
860.000392,164,1323.088372
1097.764301,202,1323.595907
807.766816,156,1324.696176
815.787086,159,1325.081208
797.223137,158,1325.478744
809.530676,159,1325.866432
617.121571,124,1326.171093
609.837586,112,1326.44194
594.912695,118,1326.742635
1050.806004,226,1327.864206
664.697694,123,1328.173081
588.857483,110,1328.450986
908.489857,175,1328.901709
988.65134,193,1329.392104
533.964478,103,1329.66198
541.89736,104,1329.937161
955.880266,178,1332.486414
682.810368,132,1332.810916
870.644603,182,1333.258029
691.648719,134,1333.592895
604.528725,113,1333.870825
712.32138,139,1334.213895
976.102415,190,1334.783913
750.421951,154,1335.657623
688.931145,150,1336.035309
710.887307,128,1336.36447
912.052274,174,1336.788145
975.974865,191,1337.260901
926.160639,167,1337.757163
849.431995,164,1338.199041
609.250155,111,1339.003767
580.721911,109,1339.278459
737.144443,143,1341.257447
652.094308,128,1341.580493
636.278564,119,1341.880756
808.242503,157,1342.285084
756.13404,157,1342.688476
937.026574,179,1343.713613
1219.224534,232,1344.296089
927.642508,175,1344.727871
751.638025,144,1345.089698
825.956877,155,1345.516058
822.864324,163,1345.972373
645.795626,137,1346.94752
567.432272,110,1347.219865
1034.071278,223,1347.777574
993.594503,185,1348.230192
928.23711,176,1348.694952
478.250796,90,1350.724453
642.069961,119,1351.032296
691.775239,148,1352.062225
685.54073,128,1352.386593
652.712299,144,1352.757628
530.026827,102,1353.017056
576.516118,115,1353.311385
925.068486,170,1353.739166
684.814009,145,1354.127322
697.556449,136,1354.487253
575.388476,119,1355.414605
627.704088,119,1355.746658
483.381948,98,1356.026851
1160.92328,227,1356.582383
740.354921,144,1356.935672
903.596743,169,1357.362123
772.733276,144,1357.71959
929.996008,195,1358.866711
597.01385,115,1360.79435
719.616156,135,1361.133958
820.930403,166,1361.560701
774.73505,166,1361.98001
715.090393,136,1362.409862
712.89005,128,1363.369434
579.368561,120,1363.671741
623.899975,123,1363.981086
805.228366,155,1364.377975
658.339263,131,1364.708757
733.556469,140,1365.060984
728.373105,138,1365.42518
686.740076,135,1365.785488
762.824517,152,1366.743482
662.52146,128,1367.063174
1058.098427,200,1367.569861
1401.514456,254,1368.201396
780.052429,147,1370.19809
712.196782,139,1370.609432
748.33162,149,1371.52362
624.081171,116,1371.809344
918.925677,197,1372.287081
551.602549,105,1372.542242
1017.398934,185,1373.007411
950.506486,168,1373.422865
763.097429,144,1373.854342
670.799412,128,1374.755787
937.159613,184,1375.212841
853.329248,169,1375.626174
1089.795942,208,1376.156562
757.362809,142,1376.523562
982.517397,207,1377.067875
943.402894,182,1379.803458
1144.268166,228,1380.386187
760.193935,147,1380.765031
686.446471,135,1381.119754
736.092956,144,1381.477656
651.701931,124,1381.854152
679.681835,150,1382.827286
841.223593,162,1383.224762
676.625195,135,1383.554433
672.951578,144,1383.911933
836.110784,159,1384.299551
670.29291,144,1384.675853
1145.117727,224,1385.878689
826.101062,151,1386.249119
747.201201,140,1386.595448
1058.460473,210,1387.115894
731.723019,155,1389.143063
779.572214,173,1389.576479
549.191355,122,1389.896516
693.124391,142,1390.887805
745.984862,155,1391.299979
535.471321,102,1391.56067
780.540495,140,1391.905375
619.003074,120,1392.206393
702.990198,135,1392.554343
537.549946,118,1392.866898
872.474712,162,1393.299256
649.916507,130,1394.203076
610.637597,112,1394.478375
757.860589,147,1394.849039
784.913456,142,1395.196637
875.229348,173,1395.627159
575.266429,124,1395.94252
763.19026,147,1396.343258
868.976616,181,1399.039313
608.729477,113,1399.322978
885.554435,170,1399.749984
992.633233,189,1400.222993
822.574622,165,1400.659741
589.872234,118,1401.023874
718.9833,128,1401.358171
794.658559,155,1402.230429
798.468579,140,1402.581809
553.415205,104,1402.847003
849.799985,169,1403.273709
585.567528,110,1403.548486
609.581958,124,1403.869063
886.680834,170,1404.317641
786.286377,161,1405.344476
591.352348,115,1405.628404
938.308263,173,1406.067892
696.328806,140,1408.046424
977.89869,185,1408.502734
792.56633,141,1408.850017
564.360806,106,1409.109188
647.797785,127,1409.908714
955.055295,188,1410.368706
471.395169,109,1410.636394
903.672286,164,1411.09854
764.161094,140,1411.463315
504.742633,115,1411.745817
615.254692,114,1412.032679
934.997471,203,1413.047833
741.017908,141,1413.390804
847.937801,158,1413.775406
766.556564,143,1414.158927
914.799644,175,1414.638939
703.672015,137,1414.981637
816.079968,175,1417.007431
864.64639,187,1418.06252
597.436925,106,1418.333261
1088.538644,192,1418.816092
681.001324,144,1419.184584
927.525343,176,1419.630888
543.167336,116,1419.922812
1153.458833,218,1421.127093
887.47545,168,1421.541187
527.85799,99,1421.7848
673.197908,130,1422.103301
702.764862,142,1422.494458
541.383335,116,1422.832314
720.11807,135,1423.164637
525.749411,112,1423.43648
567.825868,128,1424.284107
853.760165,160,1424.676416
586.174799,110,1426.61584
826.315933,158,1427.004969
1070.287065,212,1427.539816
512.36581,113,1427.832795
606.515735,134,1428.183859
898.055098,182,1429.254786
1302.8727,231,1429.83778
854.480977,179,1430.290946
781.838806,148,1430.667152
497.13031,112,1430.962981
754.392789,160,1431.388558
698.012112,126,1432.280067
532.005119,98,1432.530778
799.45302,185,1432.991991
629.933105,115,1433.264956
738.335079,146,1433.619475
1156.182758,238,1435.935486
567.741569,126,1436.240383
691.954683,129,1437.164961
655.664687,135,1437.555621
632.22979,126,1437.931722
518.421537,112,1438.219212
616.689134,120,1438.512009
798.607621,166,1438.920034
683.534122,136,1439.253004
792.551033,142,1439.601005
622.150278,124,1440.51774
845.879403,156,1440.917686
929.955129,171,1441.349156
573.397823,120,1441.658681
989.566412,191,1442.151358
895.115051,175,1442.64156
808.551611,164,1443.700732
737.805997,163,1445.86851
782.185377,154,1446.253762
499.774372,111,1446.540125
571.127664,108,1446.81421
594.706256,113,1447.108562
930.964015,171,1447.636643
817.679921,160,1448.544656
760.67451,149,1448.896243
582.350975,119,1449.185411
734.120219,140,1449.526431
689.016179,136,1449.858576
1066.021527,202,1450.367436
1293.628942,239,1451.039159
856.207161,182,1452.137546
668.254082,129,1452.442412
919.616514,171,1452.842636
576.666408,125,1453.150761
675.592121,139,1454.939858
643.166886,133,1455.277393
725.485838,137,1455.622617
712.062249,125,1456.49979
586.346933,108,1456.768844
810.558111,155,1457.151878
573.903601,112,1457.432076
657.82061,143,1457.791965
476.55355,108,1458.064344
889.505587,157,1458.474872
858.589043,185,1459.486415
568.156641,113,1459.764935
553.107924,108,1460.027659
777.246143,148,1460.392134
689.182342,127,1460.702444
619.457121,131,1461.022239
580.724922,110,1461.338298
948.879692,177,1461.809787
613.224169,116,1462.700086
743.397598,136,1464.547201
779.972229,139,1464.915559
762.640147,138,1465.259815
787.635885,165,1465.669954
737.333666,163,1466.074518
638.072095,116,1466.360537
870.365092,156,1467.379126
746.527033,165,1467.792129
430.106683,102,1468.052137
646.06358,120,1468.361136
596.351736,108,1468.632385
1057.928055,197,1469.127781
904.143575,170,1469.575329
893.9444,166,1470.556775
670.346462,121,1470.859648
684.125043,132,1471.185294
692.696496,143,1471.552497
1138.705772,206,1473.719833
662.582533,144,1474.072129
762.406987,161,1474.463441
940.988096,197,1475.428311
866.755435,155,1475.794597
461.188927,87,1476.000075
857.022987,168,1476.434085
1105.680289,202,1476.984921
814.594725,150,1477.355716
941.537711,176,1478.333232
1095.38892,205,1478.836878
723.483447,138,1479.171739
1029.427561,193,1479.655972
874.773489,155,1480.083625
1026.435825,199,1480.591045
783.637151,146,1483.236459
595.93134,120,1483.540873
718.081548,142,1483.895365
731.137869,157,1484.288174
619.029194,120,1484.588261
489.233201,110,1484.877101
645.623802,138,1485.238572
909.023963,173,1485.6792
512.899799,97,1486.433144
715.266645,131,1486.754653
961.343787,189,1487.244504
1349.343772,280,1487.975748
960.464071,176,1488.404926
782.785052,158,1488.78464
603.438898,113,1489.547092
736.133762,138,1489.89958
554.025997,110,1490.181818
585.833276,109,1491.809547
1022.945629,198,1492.284772
815.40401,148,1492.665807
661.415019,143,1493.047886
741.594443,148,1494.074458
761.397954,150,1494.449646
755.748136,137,1494.790332
719.779407,130,1495.112278
1153.959973,209,1495.637848
768.889375,146,1496.020889
722.909972,147,1496.408881
895.936079,161,1497.457184
675.956738,128,1497.80656
668.515645,122,1498.138333
972.152312,184,1498.591591
1248.354774,242,1499.190512
679.246882,132,1501.200173
729.601576,141,1502.178436
675.983537,124,1502.482347
638.333937,122,1502.781164
524.331321,108,1503.050751
550.474317,110,1503.333807
917.00486,168,1503.756662
555.561291,127,1504.131014
610.85525,118,1504.46096
889.846825,175,1505.51943
623.415301,137,1505.870403
776.905306,152,1506.251487
934.792515,178,1506.700687
946.672964,204,1507.214188
579.743218,136,1507.572747
552.296164,118,1507.88604
732.655481,155,1508.931168
974.29263,196,1510.941209
1059.199169,206,1511.473055
530.164484,99,1511.734994
506.556524,111,1512.032007
874.907433,193,1512.596084
881.024922,159,1513.606174
634.89437,121,1513.908392
615.3202,123,1514.205656
734.387382,127,1514.523082
715.310887,134,1514.847797
922.453576,183,1515.333648
876.816953,161,1515.76332
865.751922,177,1516.833831
910.717669,191,1517.309228
726.771091,150,1517.68173
1147.232778,213,1518.222655
879.4935,193,1520.293492
717.9566,155,1520.682933
568.48067,114,1521.610276
732.843966,145,1521.967093
562.646076,108,1522.224597
769.985835,144,1522.576844
897.982504,164,1523.016484
767.381752,165,1523.482018
740.0441,140,1523.831614
846.696613,162,1524.86519
933.839041,182,1525.31437
713.686811,142,1525.685568
990.791015,189,1526.195774
675.857901,140,1526.57378
601.700894,132,1526.910212
596.398081,131,1527.243171
670.487131,120,1528.151681
832.00902,170,1530.165468
884.071619,175,1530.611422
793.781723,143,1530.981297
492.853392,94,1531.227457
720.304413,129,1531.561937
894.120812,170,1532.004818
1418.446355,267,1533.228479
743.303805,137,1533.584518
542.734387,103,1533.842997
783.779422,172,1534.305977
836.490748,151,1534.717675
803.017597,160,1535.108413
679.205836,128,1535.898695
1063.442591,221,1536.444356
779.013443,151,1536.807348
994.965358,208,1538.963581
563.39116,115,1539.247678
516.375838,103,1539.498125
1176.048082,221,1540.589992
1180.955059,229,1541.217721
727.726069,161,1541.620264
530.248707,101,1541.864449
1017.860825,196,1542.351727
596.255607,121,1542.658428
598.945674,136,1543.014169
694.938862,135,1543.92202
799.577488,148,1544.300066
755.045777,162,1544.710329
1016.549821,192,1545.191716
802.655022,152,1545.583054
921.120631,174,1546.024252
683.639163,127,1546.941138
768.218428,148,1548.846642
768.244753,142,1549.209307
679.803508,145,1549.585877
747.58671,141,1549.975736
599.075376,131,1550.376808
600.789267,134,1550.709347
869.765277,185,1551.811328
981.416539,186,1552.260816
646.352663,127,1552.566952
539.791825,121,1552.868429
659.872716,126,1553.182733
1362.774984,249,1553.814579
983.996935,181,1554.29043
689.435666,153,1555.323578
823.974968,167,1555.739837
692.973823,131,1556.067747
798.570805,156,1558.107204
1035.335042,212,1558.627837
799.532894,152,1559.010683
783.214475,158,1560.012632
928.979191,195,1560.489635
870.387314,161,1560.93948
720.607019,132,1561.282203
997.838274,202,1561.784214
726.137926,135,1562.121596
521.672512,113,1563.018796
784.097236,168,1563.443038
987.970905,198,1563.970757
950.970387,183,1564.457158
569.510278,111,1564.720392
709.36297,129,1565.046344
590.051455,113,1565.333962
1015.239396,187,1568.044592
1201.766989,234,1568.631082
843.538156,153,1569.009988
659.412932,131,1569.344952
862.471598,152,1569.732738
989.089875,177,1570.180297
735.23065,144,1571.18152
701.59272,132,1571.548285
870.585181,180,1572.038826
725.978087,151,1572.407618
841.534886,190,1572.873066
871.937973,161,1573.260868
656.709526,146,1573.619231
1169.679492,223,1574.855174
773.165714,145,1575.248515
693.289475,131,1577.155208
832.470655,157,1577.569119
781.569028,156,1577.978931
750.222244,155,1578.389919
1357.629556,248,1579.585167
1005.233213,195,1580.077404
952.628661,195,1580.572684
1104.438744,197,1581.070423
637.027392,116,1581.381523
1109.192027,203,1582.480081
564.735746,106,1582.750455
930.954697,189,1583.225423
1037.023114,190,1583.683362
648.451837,129,1584.053003
777.571631,147,1584.426633
1021.485846,213,1586.51934
885.315741,174,1587.568973
831.061993,154,1587.947353
722.149133,133,1588.273469
772.909316,146,1588.628725
602.432294,109,1588.887927
1025.29224,192,1589.348624
779.587132,144,1590.221936
666.671952,126,1590.574872
856.787488,169,1591.029778
888.027094,177,1591.46576
868.394526,171,1591.898931
574.551036,116,1592.190374
727.385017,130,1592.521811
938.812681,176,1593.530885
1060.966354,194,1595.726914
620.31938,140,1596.081986
616.5369,116,1596.374589
691.722823,132,1596.709767
767.025411,153,1597.103058
476.515046,88,1597.337629
919.194224,169,1598.40882
726.886312,143,1598.761178
836.262195,151,1599.128775
491.749738,105,1599.385623
685.101108,124,1599.704628
848.994835,179,1600.199447
918.695867,180,1600.637309
892.826268,162,1601.524961
451.482525,86,1601.734396
841.254156,181,1602.184155
909.923677,164,1602.601034
633.295728,116,1602.916828
683.817748,148,1604.895323
503.78017,99,1605.148702
743.15118,139,1605.514902
1379.30746,269,1606.751772
661.937376,125,1607.060006
766.463529,147,1607.426728
960.349805,177,1607.870382
567.089881,107,1608.139351
657.918521,133,1608.487882
782.282075,168,1609.468545
470.326134,107,1609.737449
499.822742,113,1610.022166
655.512954,142,1610.370076
929.234777,172,1610.782953
926.626555,175,1611.246571
973.96456,208,1611.808212
697.612279,136,1612.626366
788.878451,153,1614.380541
696.361617,138,1614.78411
788.268011,177,1615.240392
697.139157,131,1615.565683
1028.13612,211,1616.08033
741.095969,134,1616.887937
767.020692,149,1617.259802
727.486894,132,1617.602337
1101.373886,206,1618.168932
631.834295,118,1618.463278
852.029951,156,1618.848101
1412.627819,254,1620.043568
878.261584,169,1620.466158
815.734268,150,1620.843174
644.916334,120,1621.146758
978.548474,192,1623.375988
1061.263704,195,1623.866052
642.41318,144,1624.23078
1365.01459,252,1625.411038
742.221871,143,1625.768935
567.947918,110,1626.044615
702.702031,135,1626.370631
897.468303,163,1626.761167
989.711782,188,1627.238313
843.180185,162,1628.164706
699.809286,135,1628.53876
885.84401,150,1628.933078
749.296737,136,1629.262189
700.924046,134,1629.584347
863.099605,160,1629.971648
650.784365,127,1630.279066
633.662399,117,1631.134905
716.636688,133,1633.021424
838.614845,158,1633.401335
1000.504793,175,1633.837703
746.219141,145,1634.219942
725.542304,141,1634.597784
617.729758,120,1634.91639
765.16693,168,1635.998522
833.250504,168,1636.418655
621.57087,138,1636.764188
777.28314,141,1637.12116
757.031999,138,1637.467022
767.684072,154,1637.856277
568.930536,111,1638.142668
701.326871,132,1638.494843
743.059044,157,1639.541064
957.286328,174,1639.99993
775.08295,159,1642.098974
934.54688,170,1642.541112
614.992008,115,1642.832836
1037.983029,203,1643.420678
1102.214933,223,1644.624367
837.815976,177,1645.059626
675.532724,126,1645.375375
625.721304,121,1645.672344
733.589021,147,1646.024714
948.997772,177,1646.494556
668.529981,125,1647.453747
623.839679,119,1647.752674
879.542919,170,1648.178111
682.590645,124,1648.485233
661.743651,131,1648.812927
734.609932,141,1649.168523
1246.596223,234,1651.385
757.066342,146,1652.378734
786.840934,140,1652.730027
633.343398,120,1653.032806
713.350821,134,1653.362426
1254.746184,266,1654.050412
580.081414,105,1654.361377
658.890564,125,1654.696068
1151.349077,216,1655.874144
616.482765,116,1656.159474
700.080095,131,1656.474749
1435.882724,279,1657.158546
578.523991,117,1657.48367
642.644399,119,1657.815638
1026.137823,199,1658.950138
855.164453,157,1659.330352
832.037882,153,1661.429224
640.970919,116,1661.732816
771.193982,146,1662.090012
1179.568205,214,1662.631145
627.050218,128,1662.967497
474.104386,94,1663.745829
1026.151972,206,1664.267184
628.264021,123,1664.575034
1593.10438,309,1665.351153
987.980356,200,1665.874668
648.731802,140,1666.79507
661.97802,121,1667.09603
997.487636,180,1667.545869
714.179851,138,1667.895943
1028.568708,192,1668.377955
845.397453,163,1670.263141
837.537857,162,1670.682453
917.291894,175,1671.587043
1346.719755,248,1672.19603
1063.683849,196,1672.682025
695.497145,130,1673.002326
1053.963759,196,1673.579188
775.915419,145,1674.445823
869.597813,161,1674.84081
479.326534,106,1675.106174
949.411759,182,1675.555354
1017.61005,202,1676.067496
854.556745,158,1676.477082
811.658426,146,1676.864349
806.014423,148,1677.876539
642.333782,139,1679.98989
529.503532,100,1680.246056
1002.080045,200,1680.75931
896.628699,169,1681.192597
719.322285,148,1681.590397
693.961713,145,1681.976972
523.497888,99,1682.870651
616.456704,117,1683.165494
705.105543,131,1683.487592
740.241536,161,1683.930691
1528.541517,287,1684.666312
969.018023,178,1685.113665
1121.414226,212,1686.273154
1034.571965,196,1686.755013
805.259736,150,1687.166756
711.007657,130,1687.522108
654.291428,128,1689.217059
868.240618,157,1689.628983
636.543408,113,1689.914441
889.875245,169,1691.105099
687.456697,133,1691.431486
952.008135,172,1691.866056
830.89071,156,1692.258728
662.148762,129,1692.585233
759.929228,162,1693.021793
797.32968,170,1694.11231
667.084491,129,1694.442551
857.540917,160,1694.851229
948.703342,177,1695.314234
756.563936,140,1695.665205
949.650019,177,1696.1304
1076.808179,185,1696.62288
697.717442,131,1699.173687
1015.634718,206,1699.687651
1071.547251,215,1700.224572
737.077458,137,1700.563603
758.050842,142,1700.919007
747.242612,154,1701.312728
581.775386,131,1702.276407
440.39742,84,1702.499251
658.967135,119,1702.837178
571.458058,127,1703.165271
679.208692,131,1703.485455
1203.30964,233,1704.057375
682.822253,131,1704.381942
849.08069,158,1705.287799
947.959731,163,1705.692669
874.386874,168,1706.18324
598.072327,111,1706.465042
1213.300877,223,1708.374725
624.585579,125,1708.701969
636.779086,129,1709.041862
945.39757,164,1709.991181
849.783085,172,1710.426626
887.406608,171,1710.85131
492.09112,107,1711.115653
961.201304,178,1711.563303
1131.682107,203,1712.108048
765.343093,145,1713.05837
751.456473,149,1713.429788
1342.187709,258,1714.080644
868.573909,174,1714.521297
877.705031,163,1714.94348
733.450707,141,1715.317489
961.202099,177,1717.872854
912.199615,162,1718.271561
501.806971,98,1718.508044
792.874928,148,1718.875149
988.203448,186,1719.329999
741.767899,133,1719.671808
842.613049,171,1720.172364
502.503324,103,1720.940584
862.51727,163,1721.330556
620.269343,118,1721.621722
779.547921,149,1721.983031
1173.40307,231,1722.544264
540.60299,103,1722.797793
1061.665412,202,1724.038558
1187.748422,227,1724.610757
1116.99012,195,1725.099027
1476.891859,290,1727.526902
878.948503,163,1727.941332
543.464488,106,1728.213415
846.054542,149,1729.210902
1170.23942,219,1729.761643
679.061363,131,1730.096849
761.407961,139,1730.443903
818.978083,162,1730.844822
611.873882,116,1731.141347
1105.014251,212,1732.31064
576.239797,105,1732.563505
685.65926,128,1732.900483
1047.952233,186,1733.410664
900.093455,171,1733.826251
912.377062,172,1734.2368
1322.954945,256,1737.073745
727.211497,131,1737.386747
824.144836,160,1737.77103
635.160205,121,1738.074762
884.986852,170,1738.513518
749.937081,145,1738.886767
609.025973,117,1739.197712
782.314463,142,1740.119161
888.989588,158,1740.510905
947.860586,206,1741.040722
366.764768,77,1741.235502
617.634599,141,1741.594646
776.219048,154,1741.988241
895.23441,174,1742.440702
1660.858049,298,1743.844771
889.176148,166,1746.011532
573.630757,107,1746.283445
611.143954,130,1746.616009
979.334797,187,1747.083485
775.361536,148,1747.480538
813.878603,166,1748.720501
749.638946,150,1749.120659
818.935588,165,1749.543991
664.020179,150,1749.928322
1635.783446,315,1750.738808
660.775544,132,1751.116501
679.137264,128,1752.107526
863.616888,167,1752.520214
797.511347,156,1752.909628
1033.198189,200,1753.408927
884.86022,164,1755.423145
608.88676,112,1755.712141
712.166671,141,1756.643568
630.707213,112,1756.92963
909.276342,167,1757.360477
843.39931,165,1757.776251
530.70155,100,1758.024958
804.635315,162,1758.434067
970.199492,183,1758.910366
1518.807196,282,1760.217813
709.62472,132,1760.547773
1353.925665,243,1761.163785
868.425848,165,1761.58194
1193.978753,218,1762.14869
892.471444,173,1763.208503
1143.435049,212,1765.303859
696.027215,130,1765.625839
1403.021028,269,1766.288058
534.258751,117,1766.567273
959.257249,176,1767.002217
1026.916755,200,1768.185083
750.772417,140,1768.542429
660.363519,120,1768.833289
1138.899218,208,1769.34444
800.865348,152,1769.719648
787.13074,151,1770.096432
738.138607,156,1771.147012
704.29405,152,1771.52883
1202.34519,242,1772.140032
713.241089,133,1772.471173
828.35642,152,1774.539485
813.798298,155,1774.940363
738.234857,156,1775.971547
605.002665,133,1776.335192
630.334554,133,1776.677923
1553.222503,291,1777.386805
1024.719337,187,1777.856104
944.373036,181,1778.323567
1150.531174,218,1779.558494
643.469179,116,1779.837111
555.688372,104,1780.084547
821.700679,166,1780.484087
889.419293,168,1780.88136
887.811632,174,1781.325226
541.358814,119,1781.635185
759.585194,152,1784.109558
1181.311661,239,1784.718919
667.293193,122,1785.038262
724.806657,134,1785.390137
1115.991223,232,1786.000712
756.504369,162,1786.427601
975.150083,176,1787.434334
833.928306,169,1787.865395
679.059586,134,1788.20184
785.893891,147,1788.566978
854.679308,163,1788.981447
1023.982906,204,1789.517389
584.483278,130,1790.502166
625.084073,119,1790.800382
1007.918176,182,1791.248248
624.442212,134,1791.596089
643.545326,142,1793.564981
1176.30554,211,1794.09979
797.039136,152,1794.49924
843.96095,150,1795.391097
1210.632101,229,1796.014297
957.703761,178,1796.445152
763.13551,146,1796.793653
1029.838152,205,1797.280471
691.333788,126,1798.077412
829.014189,144,1798.424845
839.589256,155,1798.855109
982.421863,176,1799.312136
632.250295,127,1799.625937
753.31612,142,1799.975707
767.46199,163,1800.381689
831.381728,151,1802.939541
666.271654,120,1803.24539
824.596209,162,1803.65924
665.093015,149,1804.043544
880.041265,172,1804.475988
784.60234,153,1804.872242
996.833822,199,1805.392236
1027.152506,197,1806.503753
786.625485,168,1806.920979
806.084387,149,1807.287339
778.883135,146,1807.653651
1379.852844,263,1808.32889
646.435129,121,1808.646669
634.059484,145,1809.628244
771.932015,141,1809.981936
936.930899,179,1812.171665
577.003069,120,1812.465381
557.374961,123,1812.770389
831.589656,161,1813.17242
503.942571,101,1813.426743
690.624019,150,1814.580369
730.571904,127,1814.908126
668.514191,124,1815.22538
1120.797437,207,1815.733104
483.258043,90,1815.950242
1152.708206,207,1816.473358
909.159568,182,1816.952457
800.578213,150,1817.876967
992.047288,183,1818.330736
727.953923,136,1818.664669
976.423203,173,1819.092945
842.290645,163,1819.504345
1334.385509,265,1822.436343
966.118239,192,1822.926688
1173.806473,213,1823.46623
752.287651,144,1823.834814
796.824809,145,1824.22736
747.516008,146,1824.616192
596.598726,111,1824.90362
914.667199,165,1825.931175
990.29427,184,1826.397952
772.566514,157,1826.781819
1350.395328,254,1827.484419
631.435886,117,1827.778841
995.723354,185,1828.873296
845.873137,168,1829.283003
1095.885288,207,1831.645264
767.783017,149,1832.00389
774.54263,161,1832.3926
1184.528027,210,1832.929744
1228.77945,219,1834.262395
1467.505231,277,1834.947669
715.140956,136,1835.298122
809.277818,149,1835.674064
696.053144,133,1836.011016
681.763835,134,1836.362102
743.093111,137,1837.259334
558.89482,106,1837.523386
691.696457,129,1837.842965
1190.800578,217,1838.383906
1163.700154,227,1838.955245
578.244193,116,1840.997558
751.831605,141,1841.348428
773.673993,163,1842.39529
691.665899,154,1842.832671
605.824231,116,1843.126519
1104.108148,203,1843.635859
757.04838,142,1843.990219
809.575503,168,1844.421498
1211.744164,238,1845.815542
973.712737,210,1846.433861
668.468746,125,1846.789331
632.673739,136,1847.125962
684.018983,128,1847.444679
1029.713883,191,1847.921734
575.194911,110,1848.198651
1034.23595,198,1851.214308
780.905508,146,1851.602458
933.524961,176,1852.099847
1590.248858,295,1852.89767
627.666658,119,1853.217917
1001.613497,205,1854.331028
695.141593,125,1854.655565
900.388513,166,1855.081487
722.048009,133,1855.417835
838.070421,170,1855.854572
630.676295,117,1856.170581
542.131544,119,1856.49157
1090.514985,200,1857.596307
722.70666,139,1857.959733
474.160465,102,1858.228987
1168.797649,205,1858.761994
1175.754228,225,1860.771102
859.572956,152,1861.229537
740.278487,139,1862.128457
781.676914,156,1862.525718
488.905066,111,1862.810612
665.7387,129,1863.141074
577.589092,125,1863.456072
554.015288,106,1863.720005
790.115845,174,1864.168692
974.441366,178,1865.272368
621.221205,121,1865.58395
673.444591,127,1865.912443
653.684636,140,1866.279019
1348.101209,261,1866.937963
991.347829,191,1867.445793
908.13234,179,1867.977347
708.340723,134,1870.876406
714.801497,134,1871.232457
697.614314,142,1871.605426
559.269936,106,1871.882823
640.641538,118,1872.193937
798.977079,146,1872.578671
1317.839101,252,1873.80614
992.45339,195,1874.297414
1084.177595,227,1874.887329
1153.922854,219,1875.445076
1218.771481,222,1876.004905
859.79944,172,1876.956431
1006.58448,194,1877.439095
921.913954,170,1877.854293
657.208515,150,1879.833457
727.94282,143,1880.182418
935.121987,173,1880.633103
738.880395,146,1881.032226
471.271936,93,1882.017225
1000.1135,196,1882.50749
694.668051,133,1882.830165
572.078047,107,1883.093315
1200.018335,215,1883.629843
754.115998,141,1883.999799
933.570461,178,1885.141568
506.745419,115,1885.43427
625.751568,120,1885.734794
627.095777,125,1886.053945
609.037239,120,1886.356114
685.402452,133,1886.686701
1005.464742,214,1887.251964
777.564608,160,1889.377367
1097.405303,203,1890.541407
822.236346,147,1890.935738
795.597454,155,1891.373467
617.389652,128,1891.704714
688.700339,134,1892.04217
646.931028,127,1892.355552
1136.52435,217,1893.538725
734.926376,132,1893.860278
586.957616,131,1894.226595
682.235977,134,1894.594728
940.166042,172,1895.016391
773.127007,154,1895.389517
513.131047,101,1895.636657
1112.04607,199,1896.760502
792.86061,142,1897.108357
886.874986,171,1897.574572
720.777639,157,1899.594437
818.567814,151,1899.978227
1033.862709,201,1900.497003
869.631692,181,1901.622024
746.287325,140,1901.970673
1182.953809,221,1902.519821
801.706941,146,1902.887315
628.916345,118,1903.191239
692.099705,127,1903.525495
771.704145,147,1903.918497
1007.505521,185,1905.052979
594.884085,136,1905.398814
1164.518468,233,1905.987833
980.136063,174,1906.412717
1085.973556,208,1908.632658
609.706972,136,1909.047353
655.290975,122,1910.003388
716.50928,159,1910.400595
637.640353,133,1910.72422
917.301401,168,1911.132417
628.394739,136,1911.463318
1003.496176,185,1911.962815
615.14441,126,1912.343174
726.57724,152,1913.250955
912.298701,169,1913.663341
919.499418,182,1914.114411
930.960363,174,1914.549834
860.8707,166,1914.984804
483.858138,105,1915.266982
536.487986,119,1916.249429
744.115739,161,1916.654094
1019.187647,194,1918.807149
675.160696,120,1919.117685
609.332496,131,1919.448297
942.610879,184,1919.912815
1194.770109,223,1920.49031
789.757813,156,1921.407052
872.947565,160,1921.787825
722.489078,132,1922.108459
719.009327,135,1922.507914
850.657405,171,1922.941891
937.430548,195,1923.412294
763.067607,166,1924.328952
749.455984,140,1924.675819
715.32855,146,1925.034106
469.685004,103,1925.296315
819.838459,155,1925.745147
1565.056179,327,1928.05391
1079.160906,199,1929.233911
641.61601,117,1929.528134
904.583885,189,1930.012174
697.097548,131,1930.341442
948.020182,174,1930.783609
1022.172348,203,1931.339202
464.347785,106,1932.189145
606.002735,112,1932.465353
1073.516682,194,1932.95073
471.796118,91,1933.176019
697.927973,146,1933.544977
1009.100691,203,1934.063559
846.129508,166,1934.502982
787.054425,157,1935.58449
340.686615,79,1937.64267
617.559273,113,1937.917474
745.228917,144,1938.272534
1006.8038,219,1938.823726
841.956791,158,1939.208404
1066.765645,184,1939.67146
1052.673789,206,1940.943666
610.343453,116,1941.236726
582.190361,117,1941.529683
596.413917,110,1941.803978
749.748462,158,1942.195994
830.092567,152,1942.580218
617.610446,138,1942.931601
999.162972,212,1944.141025
1030.932474,211,1944.66819
770.22526,165,1945.072067
655.420295,136,1947.188118
901.733467,167,1947.615575
633.606721,137,1947.968645
755.867484,162,1949.052907
713.800686,136,1949.398604
627.681706,139,1949.754829
768.156126,146,1950.119028
1063.896565,194,1950.604452
649.986953,139,1950.972137
1151.69414,232,1952.255042
989.072178,177,1952.697744
1140.689362,239,1953.290483
639.515412,140,1953.654303
787.241583,152,1954.084278
563.106776,118,1954.386416
788.412191,151,1955.266956
778.902504,158,1957.054952
957.737417,182,1957.56242
691.028894,125,1957.870534
449.68918,104,1958.131661
849.794149,160,1958.522385
778.719085,140,1958.864362
861.992852,154,1959.753073
895.930502,167,1960.178728
917.945052,160,1960.580216
1419.54818,282,1961.288779
938.663099,180,1961.753728
631.327778,133,1962.101352
441.822646,95,1962.357979
529.052476,118,1963.216993
874.899926,193,1963.705121
751.945752,143,1964.063168
864.908051,176,1966.26405
551.232486,108,1966.54256
899.211095,175,1966.997152
882.188155,171,1967.982003
518.274021,107,1968.246895
522.616999,109,1968.538605
593.128559,114,1968.853009
595.817892,134,1969.195667
774.424641,139,1969.532286
590.344484,124,1969.841026
777.165677,154,1970.220711
879.393138,195,1971.27068
986.460343,173,1971.696518
641.075595,136,1972.068636
1045.738993,184,1972.556603
771.965413,141,1972.90634
804.892773,149,1973.270917
825.797402,170,1975.9823
777.838745,158,1976.372763
689.725544,133,1976.710696
550.010571,123,1977.020705
900.196331,168,1977.441842
622.597875,116,1977.737963
787.593991,177,1978.210297
566.160589,106,1978.491596
795.947191,153,1979.512429
623.056591,122,1979.820281
1022.810522,217,1980.364685
862.941543,179,1980.819524
1314.797258,249,1981.472628
958.758112,196,1982.577439
832.571816,147,1982.948157
536.076692,104,1983.205644
904.692535,179,1985.122938
997.012691,206,1985.723795
1191.601784,237,1986.341354
795.957843,152,1987.229969
885.026679,165,1987.630911
872.049618,169,1988.036017
1015.411326,186,1988.494782
645.712685,119,1988.815043
998.507809,178,1989.297077
836.200367,155,1990.164156
882.672892,163,1990.562377
543.178052,125,1990.873162
783.423948,161,1991.287989
1052.935546,201,1991.794781
939.407052,182,1993.846993
1059.484198,198,1994.886584
1107.973964,206,1995.394951
899.261114,167,1995.812164
667.675468,119,1996.110961
644.921458,140,1996.482962
900.738008,171,1996.928073
795.551885,151,1997.320515
1129.296029,211,1998.417549
1003.264439,202,1998.928008
883.162733,171,1999.358734
500.030954,94,1999.590994
620.651584,137,1999.934935
614.55802,108,2000.221798
735.67286,144,2001.286058
615.761753,127,2001.609652
1426.038917,283,2003.795104
1433.786998,281,2004.59791
1124.415011,214,2005.12045
511.178358,100,2005.375178
1105.858278,206,2006.407868
703.19679,147,2006.778328
822.532969,156,2007.163502
653.928044,136,2007.559557
860.141901,169,2007.992843
574.663675,129,2008.323451
1203.487067,224,2009.431873
650.329838,124,2009.752046
669.935663,125,2010.070465
994.064297,189,2010.543466
740.751674,138,2012.498458
573.844612,124,2012.816826
715.059625,138,2013.169918
935.422294,187,2014.186863
722.621986,155,2014.57867
955.821639,208,2015.10155
691.185496,127,2015.413645
891.644774,192,2015.891222
880.617592,168,2016.323186
940.722379,181,2017.280349
754.28374,142,2017.63119
656.733053,127,2017.980029
653.49527,146,2018.400514
873.968711,172,2018.828101
975.02828,188,2019.294259
821.580005,154,2020.162515
813.863091,153,2022.064632
777.587982,141,2022.41099
983.531932,174,2022.827758
1081.067332,188,2023.298877
715.369801,151,2023.695615
892.37314,175,2024.823442
1024.413693,192,2025.306941
964.53914,181,2025.762755
934.061227,178,2026.213852
721.969004,128,2026.533915
968.254119,169,2026.970362
666.069174,122,2027.290135
847.862626,153,2028.341585
799.30325,165,2028.759518
812.811326,152,2029.146675
870.78632,157,2031.203692
827.300768,165,2031.606046
539.325924,123,2031.921432
828.346186,153,2032.387903
754.707433,135,2033.47281
1021.657144,199,2033.956811
757.585634,149,2034.3334
870.7652,173,2034.760424
533.010049,122,2035.070841
577.230578,129,2035.398379
773.16353,150,2036.540448
1035.775504,206,2037.042118
789.149648,151,2037.417228
563.558021,123,2037.728247
834.977329,155,2038.110312
808.443009,150,2038.483335
679.492564,136,2038.841109
1125.475214,226,2041.760827
945.013863,201,2042.280238
863.269758,168,2042.709328
771.31059,151,2043.095401
673.610424,126,2043.422361
696.140192,140,2043.794703
491.473376,100,2044.62839
673.831405,130,2044.955581
779.72514,152,2045.332847
544.172451,118,2045.634735
836.165571,164,2046.05247
866.383502,171,2046.489429
730.459316,132,2046.901479
1038.79831,182,2047.895333
1191.371238,228,2048.452205
628.826117,120,2048.753431
759.348417,152,2051.054636
828.688262,158,2051.44831
904.242411,166,2051.851403
1007.529496,194,2052.816672
585.704734,117,2053.110734
769.080836,145,2053.516542
1002.17075,185,2054.006131
881.984412,184,2054.458562
1009.264028,199,2054.951249
733.742753,153,2055.341863
575.304701,105,2056.28425
1118.025903,210,2056.810332
602.909687,135,2057.15466
724.409971,135,2057.492465
1088.314513,212,2058.038539
630.943142,128,2060.391578
864.449597,158,2061.374918
876.423488,177,2061.833317
494.636658,112,2062.119326
724.770113,156,2062.517504
1992.579409,380,2063.481701
570.386611,115,2063.829776
676.030052,127,2064.842722
1046.358189,189,2065.301888
622.27901,139,2065.648373
1245.852719,240,2066.230199
698.015063,132,2066.563124
813.262207,154,2067.015716
1613.56549,301,2068.336761
685.076583,153,2070.253816
744.120399,137,2070.608909
1169.363876,213,2071.155366
535.39246,103,2071.423074
659.929858,120,2071.735376
673.049673,127,2072.736983
788.507166,154,2073.127531
1170.571176,239,2073.73952
684.316379,157,2074.149891
994.883297,204,2074.678846
799.117623,174,2075.139153
848.27103,161,2076.306348
588.092181,110,2076.607822
562.940993,105,2076.89138
737.748709,141,2077.285328
1126.55945,220,2077.863816
642.433395,146,2080.208117
716.35368,136,2080.554236
915.745352,164,2081.654964
851.16195,169,2082.117415
676.718173,126,2082.431239
681.087382,138,2082.79493
994.267249,191,2083.3381
688.943471,137,2083.681823
778.66064,142,2084.035132
904.542937,166,2084.977465
544.486244,123,2085.29122
946.760414,178,2085.738236
1051.746772,180,2086.209372
676.074554,136,2086.59969
625.760611,122,2086.924083
936.942247,179,2088.060791
637.26879,117,2088.368671
753.365263,144,2090.238389
1016.725716,196,2090.756928
685.954873,129,2091.097934
741.352384,144,2091.477874
603.022655,124,2091.82338
690.819978,126,2092.78089
662.173605,135,2093.135075
818.73052,150,2093.523147
977.001058,184,2093.999158
972.504023,180,2094.473108
1068.754021,203,2095.00955
987.996065,178,2096.04724
721.967831,140,2096.400322
453.955859,104,2096.65914
1303.032061,251,2097.284954
929.760685,194,2099.371696
1299.611967,238,2099.973146
739.002884,134,2100.935626
849.623954,157,2101.377034
554.922603,120,2101.718112
820.813255,153,2102.095771
770.512745,144,2102.489121
748.715832,153,2102.865174
589.253679,125,2103.181862
749.839355,141,2104.175381
636.317024,120,2104.487886
944.373634,180,2104.958127
871.838506,164,2105.385018
571.401534,119,2105.692883
1012.258166,200,2106.229859
778.320324,165,2106.685645
958.092524,180,2109.232052
736.261376,154,2109.637647
644.78602,121,2109.957497
698.961829,151,2110.361931
720.071721,127,2110.708698
776.134386,167,2111.174402
551.58615,107,2111.467118
642.527815,119,2112.487288
907.581373,178,2112.934911
803.911235,159,2113.325239
730.563525,164,2113.741187
617.906919,118,2114.036655
1111.591217,206,2114.561472
486.149927,112,2114.85657
836.474294,151,2115.931529
752.523374,142,2116.285888
826.82851,159,2116.696337
688.966877,146,2118.576802
490.40991,113,2118.922898
1050.957181,198,2119.483361
1174.873073,218,2120.608677
911.38173,195,2121.113552
1225.336564,222,2121.691329
913.683108,179,2122.182442
829.578106,165,2122.638587
1056.40091,199,2123.813598
1043.050369,202,2124.344838
829.679777,160,2124.760541
1204.584642,224,2125.343037
828.857226,147,2125.718407
622.806372,123,2126.060469
1429.879774,275,2129.245257
1146.035647,212,2129.788129
536.337826,121,2130.103616
701.086332,125,2130.421355
600.259985,128,2130.783259
1052.564046,197,2131.334561
750.424515,164,2132.281662
974.565863,190,2132.755427
614.055479,137,2133.105571
658.68771,151,2133.497272
564.556053,123,2133.827941
1177.499,214,2134.481562
753.773239,162,2134.894565
685.045982,126,2135.717863
1096.587398,213,2136.274088
571.173861,107,2138.699553
723.155284,142,2139.067869
868.626198,162,2139.490867
865.618006,173,2139.954115
780.672623,152,2140.945342
892.187498,168,2141.375809
867.656381,158,2141.785531
648.748475,124,2142.103668
1108.994932,195,2142.62164
895.062477,175,2143.100446
848.387629,156,2143.519897
1126.951625,213,2144.692484
725.570452,135,2145.043642
637.294848,123,2145.350263
1003.029026,196,2145.910288
748.534567,157,2146.325878
692.779473,134,2148.17584
1367.019937,256,2149.50729
563.248622,124,2149.830461
775.478952,155,2150.242869
926.545408,174,2150.68466
646.297022,120,2150.980385
605.095829,106,2151.246313
845.968076,158,2151.663481
927.57613,164,2152.732488
633.538678,117,2153.045917
831.004368,157,2153.472598
780.560139,167,2153.922491
828.063811,154,2154.318148
1963.58145,383,2155.917933
1180.871875,242,2158.257576
564.536606,126,2158.592463
911.619399,186,2159.086317
1061.603311,232,2159.725434
740.066974,140,2160.700047
1307.226572,237,2161.315732
810.683473,167,2161.751452
879.618866,168,2162.186488
926.47903,176,2162.634456
1150.133146,212,2163.197577
993.06433,184,2164.29768
665.052907,119,2164.595183
708.826837,131,2164.930349
961.315596,172,2165.382434
748.062591,143,2165.74631
954.35427,187,2168.202657
869.164635,162,2169.118068
1037.279419,185,2169.593308
814.00823,153,2169.993702
1000.192189,197,2170.517707
790.920552,148,2170.913906
696.798278,135,2171.296458
772.028268,148,2171.705453
978.737378,182,2172.764707
1465.397952,301,2173.551455
1116.655356,212,2174.101954
767.027116,144,2174.492936
702.725967,132,2174.852428
1036.426302,196,2175.956545
755.732934,149,2178.130907
499.385601,92,2178.366104
663.297902,126,2178.68678
678.308166,128,2179.007313
748.465384,139,2179.34689
555.003647,112,2179.635704
817.652949,156,2180.043729
580.066213,120,2180.969405
925.535042,171,2181.417483
638.950989,122,2181.731701
857.211172,160,2182.122439
1519.561159,305,2182.911663
477.142144,99,2183.180255
1576.938879,319,2184.593209
1215.736695,214,2185.143904
652.262033,123,2185.464891
906.063159,177,2188.160039
611.520597,122,2188.491819
831.794316,154,2189.538859
828.573382,164,2189.975239
634.492657,128,2190.308702
626.603179,118,2190.603558
1061.088415,211,2191.160913
592.63802,109,2191.459042
622.255631,116,2191.774433
911.98282,182,2192.856047
808.916939,150,2193.26071
1435.672605,274,2194.01176
737.408631,138,2194.368248
905.813349,183,2194.84111
771.026374,173,2195.293676
917.516029,171,2198.000711
587.493084,129,2198.320905
1134.470614,208,2198.859138
615.097275,135,2199.233202
1106.864505,203,2199.791397
758.875485,135,2200.210127
1239.56463,236,2201.354431
1110.477019,196,2201.864641
1233.536183,212,2202.413511
715.179332,135,2202.765744
681.284262,124,2203.094707
625.653356,119,2203.423157
554.862733,122,2203.758928
817.297628,141,2204.723019
964.76883,187,2205.205765
553.894872,110,2205.486778
674.286425,128,2207.518989
775.324889,148,2207.895733
993.593663,181,2208.368519
823.955947,152,2209.334739
506.951994,104,2209.607299
1062.81956,224,2210.196876
695.598485,130,2210.528208
1065.091846,236,2211.142023
628.517362,134,2211.501292
700.299685,128,2211.830931
578.328076,111,2212.838067
1026.454154,186,2213.314103
705.430107,151,2213.70619
731.109417,137,2214.065136
1110.789259,203,2214.575999
436.233119,97,2214.847059
816.626715,155,2217.140308
1366.668712,251,2218.30269
510.366451,113,2218.586414
754.555879,155,2218.99257
689.702619,131,2219.329792
1023.717731,208,2219.87928
587.300296,116,2220.198
601.156818,113,2221.150383
970.738832,202,2221.673676
701.526426,135,2222.02788
1412.781223,265,2222.714744
835.281161,153,2223.123247
728.410612,137,2223.496514
531.407434,93,2223.742886
1001.70353,190,2224.918874
599.091142,109,2225.202624
728.322482,144,2227.231444
853.706383,164,2227.66415
492.581031,97,2227.915003
1073.664705,206,2228.437831
1021.519382,217,2229.521187
696.806628,134,2229.852582
670.13273,138,2230.218732
1103.982456,204,2230.79995
1164.566103,203,2231.308979
895.891445,164,2231.718233
580.799603,118,2232.538573
651.846967,126,2232.860958
592.991684,113,2233.144134
740.633627,148,2233.553639
788.694367,156,2234.011078
618.988229,120,2234.309504
963.409861,191,2236.91967
1035.58631,182,2237.983208
729.446896,135,2238.330696
700.504011,136,2238.690136
681.47346,125,2239.014073
558.365406,114,2239.321978
624.28001,125,2239.65744
715.075432,161,2240.097641
886.198708,166,2240.554595
719.835999,136,2241.484145
548.276565,106,2241.751464
903.988122,183,2242.230332
648.935839,140,2242.590816
871.632394,190,2243.095258
501.532903,94,2243.353533
899.953582,176,2243.833036
694.396792,147,2244.826382
945.455438,172,2247.296741
717.701181,153,2247.688044
900.008082,185,2248.160088
663.273154,127,2248.490456
619.71723,124,2248.811347
1077.041349,224,2249.989714
889.393885,175,2250.49135
864.171518,186,2250.967374
748.520546,138,2251.319384
677.870768,135,2251.667856
630.428703,129,2252.003115
482.274501,92,2252.238009
1751.933851,305,2253.625945
572.263635,115,2253.927584
831.070408,173,2254.392664
722.428244,140,2254.756796
1251.419743,218,2257.218492
782.624533,167,2258.31757
775.678864,144,2258.687124
924.226474,177,2259.143458
891.677228,177,2259.605796
545.77407,102,2259.868265
547.773295,121,2260.193148
1057.139552,218,2260.790069
648.541514,138,2261.798557
817.046272,152,2262.192659
906.857635,171,2262.636253
980.273242,198,2263.135922
607.363355,114,2263.472492
548.780789,98,2263.752306
567.173888,120,2264.051514
566.472918,103,2264.979128
886.529214,161,2267.183053
722.366949,134,2267.523426
644.353031,125,2267.839759
867.810254,180,2268.291414
720.331911,137,2268.635488
969.785834,208,2269.201858
1512.293334,270,2270.560142
1023.836277,211,2271.102911
1166.865483,215,2271.663168
779.433373,143,2272.028572
628.75317,125,2272.357371
667.509991,130,2272.70364
823.777772,167,2273.824886
1144.771863,210,2274.376252
794.241508,148,2274.762361
496.873978,91,2276.876747
754.327605,156,2277.298474
850.157245,154,2277.720141
809.525496,152,2278.688008
623.29871,121,2279.001327
927.863711,170,2279.432675
941.912683,169,2279.871504
1086.227726,228,2280.453761
741.542669,157,2280.876315
677.285814,139,2281.912337
724.74322,133,2282.239505
1033.751286,204,2282.747633
1171.617317,226,2283.341702
1434.488181,274,2284.099008
1249.133649,235,2286.861851
876.243907,167,2287.304281
951.289358,198,2287.802888
560.841602,124,2288.114028
1037.063649,196,2288.625366
851.720619,168,2289.086307
715.482244,146,2290.082235
736.664275,155,2290.487891
777.891317,141,2290.854258
915.948083,175,2291.312821
628.966576,127,2291.638112
911.253132,159,2292.061263
724.390411,139,2292.426174
652.096332,146,2293.401511
830.379601,152,2293.792064
1358.334598,245,2294.420663
760.121135,147,2296.738658
1053.640094,189,2297.242365
1065.162762,208,2297.813302
806.080444,156,2298.751823
1430.735535,272,2299.515132
1283.256295,246,2300.14358
581.796545,133,2300.482164
626.509897,136,2300.824969
915.931478,167,2301.782739
1223.779229,236,2302.429231
562.966737,103,2302.755353
691.68878,130,2303.097258
1005.183399,216,2303.640089
628.166548,115,2303.937737
870.485947,168,2306.12519
1011.46191,203,2307.233903
514.433346,107,2307.505015
760.611009,136,2307.848998
1014.175001,192,2308.356056
595.574126,112,2308.643409
1266.2989,234,2309.264014
963.948378,179,2310.346125
688.517108,126,2310.666419
682.934212,136,2311.013913
930.775325,171,2311.444173
1329.336639,249,2312.106189
909.377953,170,2312.569854
713.595451,163,2313.602783
879.57366,197,2314.135802
717.44143,149,2316.135244
924.029397,175,2316.582509
870.510261,166,2317.013725
952.176118,192,2317.518546
746.20063,158,2318.636898
640.204187,130,2318.976106
843.28228,160,2319.38976
879.051573,168,2319.807632
708.81716,135,2320.134865
1437.792302,264,2320.818483
704.460745,144,2321.871266
590.095346,111,2322.146773
1152.162621,225,2322.708732
1011.693287,199,2323.200383
1108.276844,226,2325.707126
744.678065,134,2326.048124
582.848553,113,2326.88211
918.006506,168,2327.307047
1623.067582,315,2328.12295
702.269817,142,2328.486346
631.312959,140,2328.865272
853.467609,160,2329.291607
693.256444,116,2330.141974
598.175811,112,2330.419793
1086.049633,208,2330.939912
1039.724398,214,2331.479726
865.596673,166,2331.904955
744.741266,137,2332.251961
858.624766,179,2333.223597
1332.68719,277,2335.469859
705.693214,148,2335.838542
931.903722,173,2336.275611
963.660463,181,2336.799017
788.750134,149,2337.743026
748.400502,137,2338.100052
745.032826,138,2338.440872
815.791205,163,2338.846823
559.385291,106,2339.108401
814.75818,152,2339.491827
1149.781077,224,2340.07804
929.251475,170,2341.100897
898.309784,164,2341.522428
705.529521,139,2341.875716
930.590449,181,2342.335281
884.044529,155,2344.428767
693.889165,129,2344.768483
850.070328,160,2345.183669
1293.55306,249,2346.474502
797.118734,172,2346.903407
943.188876,177,2347.35145
847.718582,153,2347.738038
826.837258,164,2348.172043
458.979562,94,2348.427135
587.716423,124,2349.499456
783.292627,157,2349.892411
1231.628448,258,2350.533814
885.646101,170,2350.955682
650.414734,121,2351.27885
884.928255,160,2351.690606
887.587589,164,2352.777398
756.443143,149,2354.4593
581.289366,110,2354.740041
650.760505,126,2355.065393
910.176586,179,2355.560595
501.188038,93,2355.853636
831.584062,152,2356.248995
599.582758,129,2357.228659
666.79002,148,2357.623739
956.698507,185,2358.104696
771.434416,141,2358.468333
882.893074,195,2358.971305
811.173244,168,2359.429182
730.695629,142,2359.808894
669.999178,130,2360.718131
526.792743,116,2361.021527
700.093445,148,2361.401136
866.732183,164,2361.817103
780.082907,150,2364.051167
687.247781,132,2364.382232
665.752654,131,2364.714883
420.513442,80,2364.915949
905.73842,178,2366.002597
755.238435,142,2366.367091
844.644273,166,2366.782851
1310.38898,258,2367.452263
740.092618,146,2367.815531
827.002132,156,2368.970842
718.929442,132,2369.286592
668.14133,127,2369.614349
487.638473,92,2369.84789
682.729498,125,2370.166656
588.61223,110,2370.428306
980.555689,192,2370.929662
737.385411,139,2371.295531
544.317059,105,2373.723428
842.581591,159,2374.11753
1110.640535,203,2374.635682
737.860259,144,2375.005201
1302.45263,266,2375.697613
626.226245,113,2375.993918
748.476879,134,2376.957842
615.809679,111,2377.242076
755.988248,145,2377.612834
816.932637,158,2378.012555
976.580491,202,2378.533192
643.15495,124,2378.849863
641.880383,123,2379.182296
733.987076,141,2379.559954
664.520597,121,2380.430051
744.08376,143,2380.801123
605.631945,127,2381.131587
770.387272,141,2383.216525
811.117979,160,2383.668191
1331.473291,240,2384.291678
1026.202755,183,2385.23961
864.97688,167,2385.650536
809.965052,154,2386.035346
1002.31798,189,2386.508041
1697.572987,340,2387.437781
524.638123,103,2388.198617
1191.366236,248,2388.833249
947.671377,178,2389.268266
1320.672617,261,2389.949177
789.782228,154,2390.388819
623.870664,123,2392.475332
735.462778,140,2393.38005
1030.934297,206,2393.903537
1164.552227,240,2394.525995
707.107458,135,2394.859346
785.786283,148,2395.248015
755.942179,152,2395.653354
802.726573,162,2396.640379
611.402626,129,2396.971384
691.753777,137,2397.3171
705.775763,155,2397.710915
799.838728,161,2398.118417
656.697443,122,2398.441808
961.179409,176,2398.90572
578.391333,110,2399.752558
678.881402,128,2400.079489
725.34246,133,2402.049323
1023.304952,187,2402.598822
674.825334,126,2402.945542
332.010787,78,2403.143268
822.431054,177,2403.589206
730.446772,141,2404.442802
510.608201,110,2404.714493
823.604649,160,2405.130002
1235.215644,218,2405.705918
831.568553,160,2406.150094
764.81329,139,2406.49175
734.563422,163,2406.895283
779.104548,154,2407.783411
767.78752,139,2408.13417
906.083697,174,2408.572384
632.813272,118,2408.86882
900.778595,198,2409.381704
839.542932,158,2411.597717
805.403581,149,2412.517539
1042.848406,196,2413.011493
753.10174,163,2413.431155
625.379327,141,2413.812922
704.842131,147,2414.184208
845.770777,163,2414.616533
1199.940239,224,2415.78046
958.880092,181,2416.244644
578.443611,123,2416.558534
1153.292604,225,2417.137929
534.789166,101,2417.394565
827.873045,149,2417.774605
746.538225,135,2418.131113
1314.601465,240,2419.423428
897.142553,189,2421.584068
610.758092,131,2421.969948
508.043748,121,2422.323475
1054.124865,211,2422.848386
867.614959,167,2423.256214
743.781958,138,2424.081166
802.06749,169,2424.505286
743.221886,142,2424.85569
1347.141756,273,2425.630792
1125.846069,206,2426.141162
543.256047,116,2426.438026
599.746549,132,2427.347106
807.587895,163,2427.772321
1050.250546,189,2428.254457
892.896594,180,2428.711817
631.411867,129,2430.881728
644.995663,138,2431.237182
704.798849,138,2432.223211
618.107346,121,2432.533286
805.531551,154,2432.92407
1517.32257,299,2433.675665
954.669734,199,2434.195519
817.693271,169,2434.645102
477.620293,91,2435.55237
667.35285,127,2435.866804
627.47147,129,2436.180889
863.40048,169,2436.596514
750.948222,143,2436.970104
764.38275,152,2437.406086
1051.446904,211,2437.925228
769.701971,145,2438.948017
734.093389,155,2440.836778
924.12988,189,2441.298472
616.373761,133,2441.63238
713.071097,149,2442.003948
644.633876,134,2442.343333
652.95168,143,2442.728366
794.855631,148,2443.773268
980.423659,187,2444.249468
1039.145114,201,2444.75485
1162.748219,226,2445.331863
923.639939,190,2445.848553
966.596675,183,2446.989426
765.866143,137,2447.338659
847.719189,164,2447.756071
1083.010432,230,2450.302826
947.429917,176,2450.755509
440.300082,83,2450.973155
723.315018,146,2451.348732
1192.118148,254,2452.617365
991.670655,194,2453.176796
876.526124,172,2453.596748
553.520625,125,2453.904399
735.439768,141,2454.259189
897.507476,185,2455.378102
919.238558,170,2455.79887
907.356938,172,2456.285655
597.279659,130,2456.63265
935.200333,177,2457.066096
784.859039,166,2457.481067
380.919979,88,2457.691854
1135.935873,212,2460.676634
692.076546,125,2460.992305
503.312586,111,2461.275683
660.088997,132,2461.611063
529.144017,114,2461.907857
1330.973899,257,2462.579495
755.904896,143,2462.969575
1064.613768,204,2464.150793
452.216159,106,2464.441398
611.523959,119,2464.742587
1091.705634,228,2465.333058
824.347003,157,2465.744373
715.161811,133,2466.099844
737.78083,128,2467.115319
1108.117649,214,2467.656567
675.041488,133,2468.001748
1052.0349,212,2470.295686
880.704572,163,2470.72226
860.709386,155,2471.159757
639.382051,123,2471.499657
724.957713,145,2472.567846
587.523357,108,2472.862921
598.869677,119,2473.173259
846.393979,161,2473.585202
1578.058186,322,2474.42745
1130.198643,218,2475.580205
503.744632,95,2475.869771
1281.10203,237,2476.506776
1878.133943,361,2477.432001
638.815906,127,2477.77241
730.122347,155,2479.941792
974.544532,181,2480.984242
856.674728,168,2481.415818
492.326199,113,2481.709555
894.816346,174,2482.158964
714.88883,131,2482.505632
592.439622,112,2482.810188
651.242267,119,2483.127216
1166.856567,211,2484.340022
636.393535,121,2484.652813
1735.869868,344,2485.538789
1397.970037,267,2486.248441
876.815364,190,2487.252923
1038.583398,198,2487.739722
821.123611,165,2489.842322
704.371274,148,2490.215113
665.051464,125,2490.539856
1042.272325,198,2491.061131
930.797043,185,2492.27577
668.087785,128,2492.589462
742.369115,131,2492.909989
619.876953,123,2493.218661
1045.613299,192,2493.698276
595.957203,133,2494.047151
1010.604232,200,2494.582223
610.771085,124,2495.598221
888.676917,161,2496.011169
856.751404,190,2496.498953
1028.882978,226,2497.078033
927.003955,167,2499.224672
1039.358343,180,2499.684293
827.467657,159,2500.671893
765.056313,149,2501.052474
602.092667,114,2501.347097
834.425157,165,2501.765389
751.895053,142,2502.141109
548.723039,123,2502.472307
995.411893,180,2502.950753
863.024516,163,2503.936469
714.71766,154,2504.413738
1001.322154,214,2504.958295
725.404397,129,2505.271399
1230.845649,228,2505.839097
1197.146313,222,2506.97874
679.784827,143,2509.068934
982.491138,185,2509.548983
665.228837,130,2509.888434
706.344853,133,2510.24688
902.484586,175,2510.781943
724.616856,150,2511.190913
500.943242,103,2512.121068
976.42073,177,2512.585973
1116.593473,232,2513.184486
571.073823,106,2513.451816
685.727182,117,2513.751099
1130.047459,225,2514.348828
646.714034,120,2515.337028
909.59563,174,2515.777607
1087.940459,202,2516.288263
816.923565,151,2516.673429
1109.126948,190,2519.099828
812.867707,164,2519.526533
776.436973,153,2520.485343
419.95598,85,2520.70506
898.131342,172,2521.14374
760.557728,146,2521.515079
1125.300608,224,2522.0845
927.904484,175,2522.559099
702.610063,135,2523.014827
771.811068,152,2524.074639
645.09075,133,2524.403167
423.455214,97,2524.645861
897.503727,192,2525.117573
605.099006,112,2525.390955
701.144085,144,2525.763566
954.196996,176,2526.284209
792.495193,152,2528.809111
1043.649535,203,2529.363549
656.177474,126,2529.717071
1010.816996,191,2530.227764
738.946911,136,2530.593379
667.373509,125,2530.929235
1533.314679,289,2532.37199
1126.853572,225,2532.93897
1144.727683,209,2533.472376
720.542973,137,2533.829653
908.391805,187,2534.344497
703.51855,148,2535.421639
933.20325,195,2535.933148
861.019177,171,2536.380486
757.55151,130,2536.706121
550.434215,109,2539.000263
1423.322463,255,2539.635706
1172.891136,211,2540.829962
636.381467,140,2541.18045
922.737194,197,2541.686995
699.655637,143,2542.049802
1244.332615,239,2542.659835
637.147555,138,2543.022264
947.875884,182,2544.255597
976.305121,176,2544.688899
1037.624221,202,2545.1944
559.593448,108,2545.466958
596.110902,118,2545.773085
1019.144547,197,2546.290051
609.785429,128,2548.279169
739.948923,148,2549.313525
776.209591,151,2549.700941
918.688596,168,2550.128364
828.754877,156,2550.530349
1477.372066,286,2551.282971
1123.154694,229,2552.473426
672.499056,144,2552.839907
799.911537,153,2553.230745
1213.319652,232,2553.823885
509.276889,110,2554.100409
570.434721,116,2554.406953
1138.903669,203,2555.518518
692.676946,122,2555.832258
656.727091,124,2556.152491
1223.758252,230,2558.386376
1360.200484,258,2559.046635
516.482068,95,2559.298364
588.961228,117,2559.62322
1113.877399,220,2560.809901
1078.168372,211,2561.340024
981.369371,177,2561.774018
1063.06278,195,2562.27237
884.246938,173,2562.727065
785.579936,141,2563.812331
631.509657,116,2564.116297
497.62962,90,2564.355308
681.166261,135,2564.694454
745.554571,138,2565.040183
1022.283639,200,2565.545398
571.919839,108,2565.832817
745.66025,142,2567.844726
567.051014,114,2568.79108
857.375121,172,2569.232675
1070.938431,206,2569.758065
702.438632,131,2570.092456
346.978022,82,2570.312053
535.469918,114,2570.620666
683.058918,128,2570.974209
809.608875,154,2572.071844
639.590077,130,2572.39677
633.031132,120,2572.7118
545.065767,121,2573.021948
1035.905217,222,2573.594943
1076.423142,203,2574.127143
716.192961,130,2574.472368
562.580688,107,2575.424044
1453.769131,302,2577.710291
677.109199,143,2578.075886
660.151984,118,2578.382289
442.432279,101,2578.631638
666.790478,135,2578.963361
1002.466494,180,2579.415569
791.699052,147,2580.398303
816.82098,164,2580.861581
856.6379,180,2581.320808
1030.725848,192,2581.79743
703.767282,146,2582.156435
876.367584,165,2582.568351
736.925753,152,2583.490497
819.478707,151,2583.909748
749.701381,151,2584.317887
672.026866,128,2584.635852
616.412108,113,2584.922293
1206.290545,232,2587.186861
808.282921,160,2588.226024
935.182305,180,2588.675548
399.59007,91,2588.906796
1270.192131,258,2589.571271
998.247833,207,2590.106427
759.853282,148,2590.513235
762.400702,136,2591.554025
570.422443,104,2591.821846
1109.350494,204,2592.344255
710.134224,157,2592.751433
599.54702,131,2593.096715
890.264529,174,2593.562765
645.79868,122,2593.88451
1010.507416,186,2595.018608
668.884823,127,2597.014014
527.330636,117,2597.345255
1042.005478,200,2597.836605
557.124967,96,2598.07289
769.284096,142,2598.411332
1403.409056,262,2599.069405
662.649809,126,2599.895755
713.870927,155,2600.336826
650.127822,127,2600.665718
849.721479,162,2601.067954
520.88264,114,2601.345656
1126.336963,224,2601.901674
452.282505,84,2602.116256
924.758965,182,2603.131279
997.416446,204,2603.648518
968.513246,185,2604.11898
877.120564,161,2606.217793
673.655733,131,2606.559804
874.750985,164,2606.976723
686.385123,150,2607.906464
675.602815,129,2608.228443
986.299887,211,2608.772059
732.352855,136,2609.109129
649.171545,146,2609.486197
568.897846,121,2609.812391
744.83926,140,2610.181883
1032.81516,212,2611.419819
1363.395061,267,2612.106869
741.465371,143,2612.467125
550.091389,115,2612.758026
628.378879,129,2613.080608
525.436987,97,2613.373965
1004.006158,189,2616.005756
1086.803251,211,2616.590623
480.658716,106,2616.912805
1064.781392,210,2617.461641
796.835997,148,2617.822547
926.925842,180,2618.276823
1012.130567,191,2619.384975
735.265962,140,2619.742488
400.618204,93,2619.977667
504.821465,111,2620.267244
888.480759,176,2620.718835
630.410337,119,2621.028059
594.663991,111,2621.327238
921.51159,200,2622.546405
846.242581,158,2622.956572
726.872778,142,2623.325072
798.892068,139,2623.678286
776.025872,143,2625.789785
1047.792876,205,2626.324466
909.653144,170,2626.767399
827.722209,159,2627.839485
1223.382685,251,2628.471142
796.647646,154,2628.863996
604.406664,118,2629.209998
793.342389,145,2629.57834
813.100103,150,2629.940782
710.773607,154,2630.998994
1121.480375,202,2631.495927
1305.374762,248,2632.140824
623.339841,125,2632.510552
847.352465,191,2632.983956
571.554271,116,2634.664417
781.588872,144,2635.803434
868.874737,168,2636.217881
1057.603907,203,2636.725299
1216.512873,227,2637.306865
776.036985,153,2637.70207
670.941004,141,2638.078058
524.319312,101,2639.017078
576.496824,130,2639.347102
859.562367,164,2639.76399
857.716725,177,2640.212914
658.384767,131,2640.543817
879.313857,179,2641.016569
773.440382,160,2641.445306
570.898753,114,2642.412894
1012.775229,187,2642.885445
833.48133,165,2645.110214
796.771456,162,2645.523916
672.400105,128,2645.846679
742.660048,143,2646.210573
761.434058,157,2647.217178
469.838659,94,2647.441768
1333.704939,257,2648.064849
791.810239,157,2648.459303
636.572449,142,2648.878788
1007.435059,185,2649.352635
890.945036,166,2649.779041
901.840123,172,2650.699861
661.649718,124,2651.010598
845.366999,176,2651.450475
716.007679,132,2651.774216
915.773309,191,2652.316763
857.941039,166,2654.124503
639.002703,128,2654.971087
822.773531,152,2655.351813
623.205739,119,2655.653771
1153.67547,236,2656.264717
780.620406,169,2656.694865
592.790533,110,2656.990855
756.440636,147,2657.380512
831.819898,164,2658.477174
620.019398,133,2658.815816
611.827049,113,2659.103949
892.812907,162,2659.511758
1175.485491,220,2660.071613
1033.864248,190,2660.559148
915.553606,175,2661.705951
532.31875,100,2661.965247
1674.511777,303,2664.525593
520.344056,96,2664.78539
1094.110959,201,2665.343928
492.749223,93,2665.578638
923.816254,187,2666.703504
789.255332,146,2667.07188
735.829158,140,2667.416653
699.315772,141,2667.763096
595.621375,114,2668.074466
1013.377427,187,2668.578027
1097.78454,223,2669.141887
1163.776203,209,2670.152414
882.634772,175,2670.578973
790.474835,154,2670.960979
739.427514,144,2671.374054
1094.736589,210,2673.458173
1384.023315,258,2674.681209
659.938788,128,2675.008747
594.191412,117,2675.307938
663.352994,125,2675.620849
503.713913,95,2675.856869
587.228927,126,2676.172895
667.409847,127,2676.518999
719.386933,137,2676.889224
876.848733,165,2677.881542
898.180169,191,2678.37497
935.158932,184,2678.841129
865.527222,170,2679.265177
1032.296791,189,2679.764409
967.377393,182,2680.245651
684.523069,141,2681.203878
755.701383,148,2683.22288
1240.990016,239,2683.83378
778.925869,151,2684.211483
738.784148,139,2684.581308
612.105498,120,2684.915724
524.511073,113,2685.940862
949.818511,167,2686.344505
921.773227,169,2686.761225
806.619599,163,2687.172946
800.628528,152,2687.55053
996.649246,199,2688.079718
814.676074,162,2688.586677
768.260555,158,2689.67767
948.52589,196,2690.215803
824.956483,153,2690.622037
549.147306,115,2692.786418
769.940131,168,2693.234372
1033.85154,209,2693.807917
889.693929,177,2694.901112
587.204597,119,2695.214568
1261.750537,227,2695.827305
699.407607,131,2696.169647
543.456717,104,2696.447649
543.559377,106,2696.737142
810.153806,152,2697.168972
1289.160769,247,2698.442724
708.850765,144,2698.813674
803.50474,158,2699.228989
1236.050167,240,2699.873594
500.124565,97,2700.152619
914.892005,177,2701.210079
750.48048,135,2703.270304
792.265316,155,2703.651443
706.693565,126,2703.9696
782.021284,141,2704.325991
466.510578,95,2704.577972
897.912494,181,2705.059334
563.997337,108,2705.349325
536.581877,123,2706.42601
709.756428,139,2706.774983
1603.217452,274,2707.451176
793.602699,148,2707.816047
449.237399,84,2708.016076
707.16477,142,2708.379331
958.793458,183,2708.859709
716.411896,131,2709.885094
790.297206,169,2710.321516
779.782897,149,2710.698063
500.171809,110,2712.691962
593.017136,122,2713.017711
507.299489,109,2713.309328
647.465368,142,2713.694005
644.378676,132,2714.622279
716.123499,144,2715.002894
607.32875,118,2715.305867
894.53582,167,2715.730012
989.82558,199,2716.24962
1076.379771,204,2716.7868
533.268663,104,2717.063205
666.395982,149,2718.017724
829.869591,150,2718.397667
698.545221,138,2718.757823
737.465732,141,2719.120309
789.744997,147,2719.496175
1042.803851,216,2720.076673
776.54171,140,2722.457581
803.521404,149,2722.819478
1082.899368,210,2723.374305
478.022471,96,2723.619688
1082.421165,205,2724.129305
614.856833,125,2724.439015
915.016517,176,2724.95439
458.445099,97,2725.745395
1093.774804,208,2726.265188
665.57083,135,2726.619452
1407.153276,281,2727.321451
865.866428,155,2727.72865
876.863996,197,2728.256248
681.92096,139,2729.228749
978.873636,208,2729.781287
623.733224,118,2731.876245
763.200785,143,2732.250237
714.38166,141,2732.620688
938.93623,188,2733.119435
878.658451,169,2734.232927
477.467589,105,2734.508853
980.360491,184,2734.975695
643.833858,132,2735.310427
776.694963,170,2735.74202
588.696136,113,2736.033847
722.775056,142,2736.410487
930.768056,199,2737.623862
868.060071,164,2738.061414
1276.147544,234,2738.645737
1064.865154,193,2739.117779
915.74573,170,2741.181316
634.792202,117,2741.494133
773.654916,154,2742.46944
546.257111,118,2742.759833
504.153839,102,2743.010589
754.543318,154,2743.395334
1141.8271,210,2743.920802
800.007555,154,2744.357065
1051.237596,215,2745.583363
761.164961,149,2745.961467
575.778941,122,2746.272179
691.590459,152,2746.659872
476.702063,104,2746.927325
1329.256033,269,2747.617333
571.895167,114,2747.918922
561.731168,128,2748.822754
645.80087,144,2749.182122
617.152869,115,2751.116009
786.76492,141,2751.479454
1231.97076,221,2752.05769
1149.050639,226,2752.660363
724.723583,137,2753.683138
1043.142976,185,2754.141229
1428.91936,271,2754.819508
1142.598257,227,2755.38891
831.154759,151,2755.774053
712.780948,131,2756.111277
878.607641,165,2757.288755
878.633979,170,2757.706154
1052.864351,198,2758.20079
990.074885,183,2758.656556
655.324163,131,2760.660469
597.114767,126,2760.98343
912.586455,170,2762.050392
523.56334,103,2762.316672
755.444086,156,2762.719747
825.108107,157,2763.125495
1114.452898,215,2763.674149
864.50988,163,2764.109936
1309.410201,250,2765.420767
541.256308,120,2765.73843
767.856039,151,2766.134491
1009.351463,190,2766.614709
544.01691,101,2766.869734
775.89949,140,2767.22979
727.55774,130,2767.572025
845.542541,159,2768.668827
727.359761,138,2770.800875
1249.640131,239,2771.424856
658.738671,129,2771.776273
1115.140238,218,2772.375353
537.481372,100,2772.638127
634.390851,123,2772.950147
1136.59098,211,2774.19351
968.367122,210,2774.730263
638.522182,133,2775.065751
794.177415,151,2775.435523
831.37915,174,2775.869448
873.359765,168,2776.29563
578.156285,111,2777.125968
720.802718,150,2777.58111
654.50176,132,2777.931475
1380.108336,266,2780.159929
858.870436,173,2780.625631
857.752986,149,2781.016392
605.855422,111,2781.934403
600.049855,116,2782.244815
736.284351,141,2782.61011
608.997756,126,2782.92959
666.890886,126,2783.256217
943.907459,185,2783.739373
782.526016,162,2784.17932
690.71783,119,2785.161917
896.556389,164,2785.574683
633.531958,131,2785.90929
823.928808,162,2786.314914
903.448589,176,2786.758059
614.926714,113,2787.043934
1174.196171,216,2787.624177
1495.623762,293,2790.540236
1047.598819,198,2791.087007
807.333156,168,2791.53687
656.869724,126,2791.861689
764.994564,139,2792.202897
834.856395,158,2793.267408
1133.923004,204,2793.791888
812.590252,153,2794.217548
650.777864,127,2794.584487
656.365411,141,2794.953134
737.255493,139,2795.301687
609.710509,109,2795.564725
974.692912,178,2796.496303
837.264629,161,2796.909425
641.144602,118,2797.194724
970.891247,181,2799.258504
629.899711,119,2799.558503
1039.887431,183,2800.028762
683.192854,128,2800.365613
843.715027,162,2801.465834
733.443948,136,2801.805453
769.687038,143,2802.168471
627.421011,124,2802.480385
945.387472,174,2802.918827
1804.945343,340,2803.810025
1566.086971,298,2805.278805
589.297635,113,2805.567209
902.710823,187,2806.045958
907.736271,183,2806.518678
1155.536899,220,2808.997248
728.027989,143,2810.019701
622.373986,117,2810.308203
826.890589,178,2810.746731
918.848523,169,2811.194426
906.65617,174,2811.680355
1314.364975,262,2812.332353
918.155416,172,2813.413041
483.311302,90,2813.632222
716.806876,155,2814.028174
770.110934,157,2814.444601
751.351318,150,2814.877191
646.893839,120,2815.167945
671.089858,148,2815.534711
561.058862,106,2816.452502
770.936632,139,2816.790693
639.921675,120,2817.105578
700.304159,135,2819.195695
706.08939,151,2819.587991
1428.416071,262,2820.266856
879.193269,166,2820.705269
866.16913,169,2821.708993
608.793615,112,2821.99164
743.626587,139,2822.345479
1146.413647,228,2822.929659
595.585907,112,2823.213601
651.416835,140,2823.593128
736.852465,138,2823.956643
957.639784,186,2824.995567
793.288736,149,2825.367088
570.527422,116,2825.664758
866.552546,159,2826.067047
884.257809,181,2828.130791
1003.879004,194,2828.602995
735.035711,153,2829.480315
576.841453,124,2829.7873
1146.762699,222,2830.337057
559.537507,105,2830.612341
765.254281,133,2830.998447
898.795266,177,2831.463735
1097.580082,191,2832.439102
787.224735,156,2832.821524
482.28204,99,2833.075115
896.760388,162,2833.481375
706.913234,133,2833.816475
553.633719,118,2834.143802
701.90246,126,2834.500258
789.800009,168,2834.920587
954.492439,175,2835.895455
960.39735,173,2838.012657
938.588867,179,2838.465234
1039.339698,207,2838.998168
648.571791,133,2839.348002
916.322689,174,2839.806449
872.741415,159,2840.881275
660.662649,124,2841.195152
1109.206767,233,2841.799131
789.026168,148,2842.173288
559.485287,115,2842.469541
615.143549,120,2842.795226
787.082324,149,2843.760768
837.273143,155,2844.150412
651.545995,133,2844.485569
632.771358,125,2844.806855
672.355025,125,2845.121373
918.947984,170,2846.928005
1040.211785,187,2847.444635
865.015538,161,2848.43544
946.478356,174,2848.863259
788.905685,159,2849.268349
845.475511,159,2849.658443
671.593601,127,2849.976334
829.013692,181,2850.437475
520.829346,101,2850.730995
761.15905,162,2851.738033
1006.952911,177,2852.166067
632.990377,135,2852.499698
1021.909998,194,2852.980593
629.557394,125,2853.295833
695.113089,130,2853.630538
788.823659,146,2854.016877
513.714081,106,2854.859771
795.343921,151,2856.899109
480.824942,105,2857.168124
543.988654,104,2857.435502
927.31405,164,2857.867824
954.178984,194,2858.378013
540.182276,101,2858.641669
715.531232,141,2859.696898
515.281633,103,2859.957223
576.615053,122,2860.270452
690.379216,132,2860.614399
1047.993095,205,2861.132208
608.207737,114,2861.419565
830.213183,155,2861.830185
690.863633,131,2862.177042
1084.123272,213,2863.448214
728.713935,144,2863.814312
739.352015,161,2864.218868
758.708958,137,2866.196383
395.456142,91,2866.420026
923.297157,171,2866.841649
771.687314,139,2867.200271
613.741251,120,2868.065807
849.983115,184,2868.577119
960.891788,182,2869.020934
830.229031,162,2869.423987
770.639894,149,2869.788711
590.075274,119,2870.100406
1139.860493,213,2871.229882
653.680825,130,2871.606611
930.118761,179,2872.089534
643.090688,117,2872.374775
477.490128,94,2872.610796
794.27512,173,2873.068094
604.003335,122,2873.378485
730.126572,144,2876.104411
861.17755,152,2876.484036
614.857209,116,2876.778167
663.243919,131,2877.10874
804.414299,144,2877.477342
818.225225,144,2877.842473
585.703501,122,2878.16923
652.016226,122,2878.490406
1112.82779,206,2879.597641
728.701043,131,2879.923389
570.372952,110,2880.200987
519.012056,96,2880.447692
831.429834,159,2880.852723
688.803695,129,2881.187443
1276.401891,249,2881.845312
871.350385,161,2882.827948
985.769705,179,2883.268378
632.658224,132,2884.928246
605.222518,110,2885.237329
1207.698831,230,2885.878682
962.129321,173,2886.310341
663.57633,134,2887.159411
1016.710245,183,2887.616201
661.046123,129,2887.929285
536.226122,123,2888.249236
662.933801,137,2888.596564
714.263442,138,2888.998984
897.465645,177,2889.432472
536.006897,120,2890.273538
884.626136,159,2890.670608
679.987831,131,2891.01342
610.889391,123,2891.333378
609.302135,128,2891.661885
1044.165415,193,2892.159247
484.910099,93,2894.026933
735.593365,145,2894.952789
747.965293,140,2895.30798
644.124022,127,2895.629282
1142.54953,230,2896.215601
715.194035,132,2896.554123
673.205464,125,2896.877867
1027.752978,180,2897.355487
841.006788,162,2898.438438
928.626239,192,2898.950867
1038.282416,205,2899.503143
635.32694,116,2899.809854
1019.532618,202,2900.365698
775.567547,145,2900.763104
867.27548,179,2901.901981
978.548883,180,2902.411366
812.527505,167,2904.157345
882.336171,180,2904.640417
806.89974,154,2905.069713
953.788287,172,2905.567508
511.8847,95,2906.463906
538.725821,118,2906.762549
1374.712955,270,2907.429613
947.76586,173,2907.853127
658.687294,124,2908.161129
609.019083,124,2908.569618
802.376365,150,2908.997857
710.116761,129,2910.068377
892.851928,164,2910.548471
784.109475,154,2910.974769
948.681409,188,2911.510935
597.862666,132,2911.884969
709.887128,129,2914.114938
760.351835,163,2914.581612
1027.553299,194,2915.743135
626.760057,131,2916.101168
1026.871318,187,2916.622342
840.964716,155,2917.078005
848.401419,175,2917.585744
1126.505941,225,2918.846921
812.3941,167,2919.266573
795.666283,150,2919.653909
1057.098619,205,2920.174402
908.973852,169,2920.613414
1003.201739,185,2921.112629
727.380485,135,2922.240358
824.153099,177,2924.223637
765.265576,157,2924.629486
795.67843,170,2925.162324
919.722565,176,2925.629704
557.269494,109,2925.903663
964.276816,187,2926.394735
624.516568,121,2927.294566
708.068437,146,2927.691742
643.344544,121,2928.030893
649.550565,115,2928.347746
819.888013,148,2928.745739
849.399871,158,2929.185165
836.015626,179,2929.693789
792.413066,150,2930.700425
1179.297795,215,2931.275499
586.116962,109,2931.558851
750.02666,134,2931.902458
702.693104,124,2933.923717
1174.664735,220,2934.505382
776.535037,138,2934.865818
832.230137,156,2935.971229
787.334568,153,2936.370983
692.134322,126,2936.695945
699.22317,126,2937.019854
944.620263,181,2937.480989
661.290898,144,2937.861627
842.209657,160,2938.961655
765.40062,147,2939.374039
570.133556,109,2939.63708
533.478436,106,2939.896453
833.549037,155,2940.267833
743.561735,138,2940.605929
1095.170584,196,2941.088101
509.010314,116,2941.394005
650.778314,135,2943.863439
1209.254649,261,2944.503009
951.617063,172,2944.939067
871.131924,169,2945.380747
647.444432,118,2945.690924
535.00403,100,2945.951871
701.970667,128,2946.833009
627.617354,118,2947.127754
709.933812,128,2947.451104
962.208632,165,2947.866559
1236.613947,222,2948.440583
733.556058,141,2948.820878
800.392536,147,2949.222461
688.269086,140,2950.203577
786.565172,152,2950.593428
690.013117,150,2950.99479
573.34702,109,2951.269539
738.74467,148,2953.2723
843.553603,150,2953.647629
1214.717229,241,2954.268581
593.234815,111,2955.23022
608.978902,129,2955.562676
724.836249,137,2955.926475
664.385756,150,2956.33072
908.820714,159,2956.778052
760.163507,142,2957.126646
629.772121,118,2957.418513
636.231906,120,2958.373731
811.256208,149,2958.742723
564.769305,109,2959.010483
489.330263,116,2959.301799
743.631305,143,2959.700361
910.564124,168,2960.150605
1723.566548,322,2963.067412
561.600603,109,2963.372237
747.166695,144,2963.719901
690.999627,124,2964.02505
791.04067,146,2964.386517
829.225664,162,2964.789737
686.188625,134,2965.131974
743.531715,141,2965.509751
680.956295,137,2966.436566
1134.185582,208,2966.968884
550.491874,109,2967.248836
678.628864,124,2967.56769
601.227066,115,2967.856781
855.883343,157,2968.26962
662.427382,124,2968.604757
1034.332322,194,2969.698699
743.96827,168,2970.143702
879.402744,161,2972.217094
652.727136,136,2972.567643
1211.912144,241,2973.197393
831.937035,158,2973.611472
1106.708699,233,2974.821353
929.894504,166,2975.228272
539.036157,105,2975.480382
650.978864,124,2975.780465
732.314318,158,2976.15934
858.740739,153,2976.54705
911.289004,169,2977.740988
936.775012,181,2978.188558
776.549925,143,2978.54772
936.94271,166,2978.959527
696.724906,139,2979.305918
683.108109,131,2979.629278
901.064462,165,2981.669454
552.033724,109,2982.586914
671.062989,125,2982.895328
840.442917,155,2983.285725
786.561518,144,2983.652725
784.807173,157,2984.060969
641.146583,117,2984.368009
772.796929,160,2984.790437
598.739949,136,2985.157957
815.026242,144,2986.139534
726.225298,134,2986.478629
718.427504,127,2986.797777
538.301743,120,2987.107368
932.93312,173,2987.546778
661.307623,125,2987.876829
603.091515,114,2988.180798
906.235506,163,2989.179947
867.316417,158,2989.576843
533.663699,104,2991.521901
576.443397,110,2991.814514
945.913972,173,2992.293139
1389.420429,252,2992.99009
706.664774,135,2993.3713
955.715215,176,2994.559485
619.460343,115,2994.871832
1332.470945,240,2995.482695
1065.03133,205,2995.998847
768.683221,138,2996.361013
939.19512,172,2997.519013
657.558446,128,2997.846182
1035.278246,182,2998.299677
994.559291,194,2998.782398
685.68922,132,2999.107522
710.472736,141,3001.123996
824.133105,164,3001.536274
669.770397,124,3002.40499
710.120596,137,3002.747427
938.040153,172,3003.177541
919.87961,162,3003.582591
492.909473,108,3003.865854
717.769956,131,3004.196787
738.510236,158,3004.624501
910.920804,162,3005.614735
773.458598,152,3006.007872
859.336347,169,3006.437991
894.741909,177,3006.888301
794.472455,150,3007.264234
748.513069,132,3007.607116
915.069221,168,3008.051068
784.341949,154,3009.009232
794.973121,160,3010.996304
629.072278,138,3011.364292
759.240681,142,3011.739296
535.50317,117,3012.055316
564.31183,111,3012.335181
489.070562,99,3012.59441
784.625765,150,3013.624454
689.278238,137,3013.964539
698.407839,140,3014.353062
595.547118,121,3014.699754
844.520493,153,3015.092261
525.857972,100,3015.343552
790.988396,147,3015.71615
1022.546254,189,3016.197504
864.73669,159,3017.14408
802.171753,150,3017.574235
1043.515563,200,3018.151943
692.985502,132,3020.071339
617.725902,123,3020.400119
773.290317,154,3020.818143
790.258633,146,3021.761424
977.880138,181,3022.219882
839.228488,159,3022.616647
851.590848,165,3023.035175
584.046649,108,3023.310633
730.682434,136,3023.665421
706.696297,128,3024.002537
799.028858,145,3024.960024
784.342647,152,3025.348366
905.068983,163,3025.764746
677.584496,123,3026.074426
1129.64105,228,3026.659113
613.938091,116,3026.961163
1515.466192,280,3029.993531
973.617656,169,3030.418389
803.142954,149,3030.790771
635.450626,123,3031.17101
618.084431,130,3031.526421
732.911724,141,3031.87267
803.698535,144,3032.218057
811.789227,152,3033.079277
1001.551197,177,3033.507458
1182.124783,213,3034.034382
800.206126,148,3034.45701
761.646648,135,3034.84357
971.238836,179,3035.302235
683.986764,136,3036.193293
788.652629,147,3036.553579
1045.01958,188,3037.027673
681.745675,137,3038.907206
644.682697,117,3039.217723
687.445656,127,3039.540979
718.346037,124,3039.856164
860.030748,158,3040.283249
859.314241,165,3041.280775
879.503126,162,3041.700805
558.977795,115,3041.996245
907.133689,175,3042.450967
718.027642,132,3042.791098
831.841927,154,3043.207833
1222.667888,228,3044.392722
929.789241,166,3044.829536
1177.261298,228,3045.424309
537.344547,105,3045.689061
691.952685,126,3046.028383
803.077579,148,3046.432807
794.674746,166,3049.052789
719.629823,146,3049.40616
605.764638,114,3049.692581
685.701902,146,3050.055104
767.280344,140,3050.398959
609.643747,113,3050.668608
558.562428,103,3050.968611
639.323595,125,3051.335256
849.308178,158,3052.246147
761.00253,144,3052.598911
1077.111665,195,3053.081516
515.092116,100,3053.331
685.063365,127,3053.644892
599.987145,113,3053.928339
980.386056,181,3054.441737
612.722254,122,3054.792528
741.845291,148,3055.731088
569.615636,114,3056.008128
626.066005,125,3057.792469
788.40237,155,3058.188555
824.758934,155,3058.586518
460.553365,102,3058.873243
514.935381,91,3059.116349
775.31321,142,3059.494915
785.688847,151,3060.453959
890.338905,158,3060.860448
479.431473,99,3061.121107
583.962693,109,3061.412416
563.352708,129,3061.749564
532.998613,94,3061.990044
818.253112,170,3062.449035
768.68174,145,3063.431548
700.166107,132,3063.767709
834.207573,156,3064.163586
986.136736,178,3064.620247
741.671059,138,3064.972799
893.227787,191,3066.948091
769.292007,159,3067.3444
911.262562,180,3068.436938
781.552942,158,3068.837322
701.778812,134,3069.162573
631.132223,119,3069.454525
960.226019,181,3069.905825
820.717973,153,3070.280956
526.642386,117,3070.581596
463.071318,106,3071.572297
983.360478,175,3072.059276
1253.75694,227,3072.613472
602.358325,118,3072.900093
713.07428,125,3073.202002
904.75253,163,3073.610412
775.186758,144,3074.511219
1139.771013,229,3076.637316
523.894035,102,3076.91061
776.633774,157,3077.327762
904.822536,163,3077.74191
773.87369,144,3078.112415
881.817541,166,3078.541725
1244.055677,224,3079.787158
796.157448,152,3080.167382
899.758541,167,3080.587579
508.431552,95,3080.828621
477.926282,102,3081.100897
745.081595,149,3081.50069
961.688205,186,3082.013192
685.207192,125,3083.004393
580.424915,109,3083.290949
734.522744,146,3083.662522
1045.199007,192,3084.147763
721.807143,134,3086.15496
1405.378264,266,3086.834879
539.746221,102,3087.708365
901.521592,178,3088.151885
801.907068,153,3088.560804
538.284318,121,3088.904076
1231.920051,223,3089.462496
870.11969,162,3089.855006
1043.263694,191,3090.984432
621.895172,123,3091.287893
602.73913,116,3091.578518
776.282769,146,3091.978258
698.096641,132,3092.347497
558.802814,101,3092.591902
684.429411,126,3092.901545
1160.815744,207,3093.427315
809.878727,158,3095.856675
711.085797,134,3096.199538
799.057877,145,3096.568333
444.113907,100,3096.835724
605.258481,125,3097.170626
917.653281,164,3097.603006
701.472157,142,3097.980528
844.767348,163,3099.084382
815.236178,135,3099.424395
613.138008,123,3099.736118
649.186185,135,3100.073959
602.830528,121,3100.375851
757.992295,149,3100.754591
1024.374086,189,3101.258969
1267.939348,270,3102.633038
769.843584,144,3102.99676
855.18301,165,3103.417832
762.543666,141,3105.33492
795.960887,147,3105.766786
879.254548,162,3106.215747
763.976057,166,3107.280803
740.436396,134,3107.650813
689.727933,136,3107.989629
743.515243,133,3108.314865
660.024757,123,3108.624008
805.876962,147,3109.006738
625.555243,118,3109.370254
615.374615,112,3109.660365
912.775426,163,3110.70842
800.924192,167,3111.119282
883.896309,171,3111.551348
828.949136,156,3111.933449
814.868808,148,3112.31028
842.698023,150,3112.707944
760.999647,137,3115.417975
728.03669,133,3115.747891
1088.991924,188,3116.219635
893.125919,163,3116.629192
882.162219,159,3117.032543
712.263528,142,3117.410593
690.051807,130,3117.754198
680.048293,130,3118.663878
695.854459,136,3119.010226
710.737065,130,3119.333709
902.714899,164,3119.746093
697.518258,139,3120.10342
515.572472,94,3120.35243
1127.045403,211,3120.914057
1029.302171,204,3122.12035
961.970836,192,3122.605681
769.571348,155,3124.661934
805.616115,148,3125.026531
752.826416,141,3125.388865
2061.740225,396,3127.170918
750.440068,145,3127.545491
863.069364,159,3127.964485
689.370976,130,3128.289385
617.783016,113,3128.560883
872.565674,184,3129.02795
609.432594,128,3129.364933
913.177316,181,3130.524397
614.41379,143,3130.895388
592.486281,116,3131.192257
617.627586,126,3131.518601
683.093089,129,3131.848417
765.266544,143,3132.219961
881.815917,170,3134.254902
1172.854526,230,3135.450485
489.273034,107,3135.725493
871.323665,157,3136.119756
803.866029,149,3136.499226
685.586944,140,3136.857345
654.86337,126,3137.191108
686.052514,132,3137.53881
905.02404,176,3138.571402
709.820171,128,3138.893375
506.593014,116,3139.194616
614.954963,114,3139.48332
628.645529,114,3139.772885
568.824629,104,3140.040786
717.995209,139,3140.404155
544.514537,104,3140.671971
706.208991,140,3141.541765
893.195437,164,3141.952574
1120.60613,235,3143.977094
478.777134,94,3144.226915
542.277291,116,3144.522271
823.282625,150,3144.922495
743.845059,143,3145.296368
737.897902,144,3146.350184
991.952828,191,3146.824493
1372.932985,255,3147.463849
634.006271,129,3147.792588
891.178671,167,3148.233279
606.21959,115,3148.542674
823.476148,156,3149.521097
818.338275,158,3149.918154
1176.821704,214,3150.476437
825.717679,155,3150.873413
1528.092002,287,3153.40498
671.58972,117,3153.701129
947.183252,176,3154.707162
859.497344,160,3155.116811
942.340588,203,3155.64583
778.368232,138,3155.989785
914.128462,197,3156.51197
508.017295,113,3156.817288
652.562535,128,3157.709429
696.23828,129,3158.023329
729.57371,137,3158.416995
889.452295,152,3158.826233
904.3217,168,3159.243989
600.967904,128,3159.562064
720.181537,141,3159.911726
961.821163,190,3161.044725
582.260929,105,3161.311873
723.1573,126,3163.193946
786.810098,154,3163.619379
700.873909,129,3163.954986
1048.645454,189,3164.467382
814.086474,151,3164.926388
687.012059,132,3165.841935
607.078454,113,3166.131624
672.494377,124,3166.446089
660.380516,131,3166.782339
462.418461,92,3167.017381
1397.117924,274,3167.764957
755.942193,140,3168.154903
661.475093,124,3169.055053
688.534238,132,3169.394807
1496.371667,295,3170.149211
641.93996,127,3170.472787
946.692441,179,3172.880784
547.189578,110,3173.163165
478.122948,98,3173.411787
1071.129889,221,3174.537159
814.300901,155,3174.939119
800.492037,145,3175.317748
1018.053602,191,3175.813831
732.131268,138,3176.182245
783.112764,147,3176.565813
559.768082,104,3177.344548
565.847616,122,3177.652859
911.964163,169,3178.099923
692.928502,126,3178.47312
778.524725,139,3178.823272
496.635973,97,3179.059226
1077.002317,203,3179.554816
810.493029,152,3179.934779
579.107949,103,3182.158439
724.814112,133,3182.489262
725.284475,137,3182.839213
568.929709,106,3183.114216
624.23456,125,3183.429378
660.11,122,3183.737212
1033.041217,202,3184.277264
730.205359,136,3185.181467
925.608201,175,3185.626371
692.358109,121,3185.928189
731.781769,138,3186.271818
698.740326,129,3186.593473
860.507592,155,3186.984722
402.071765,79,3187.190501
715.136546,157,3187.616064
742.763265,149,3188.579347
702.299502,133,3188.921564
739.517273,130,3189.255735
834.061183,153,3191.171
566.92439,102,3191.436673
867.438988,169,3191.871581
677.369221,127,3192.200134
504.370171,96,3193.056428
864.394809,163,3193.465984
438.970834,79,3193.672221
602.58967,134,3194.020969
682.630324,128,3194.379673
589.066469,105,3194.654907
698.278826,140,3194.994571
739.665513,136,3195.322251
960.733026,177,3196.239645
583.450473,107,3196.498333
503.385874,98,3196.740981
956.881962,175,3197.172792
559.5762,98,3197.438162
927.489523,161,3197.892061
569.352129,107,3198.151289
534.12164,97,3198.3849
642.381944,128,3200.27265
1361.967419,255,3201.637956
936.753547,181,3202.095273
742.37984,135,3202.436253
977.095594,183,3202.899626
852.427411,168,3203.346413
642.38309,122,3204.338601
542.425604,115,3204.634121
640.990291,131,3204.978866
862.977615,164,3205.397729
814.09966,153,3205.786523
634.511846,127,3206.10876
716.419717,127,3206.449475
708.565913,134,3206.810507
592.799384,133,3207.799444
638.59112,138,3208.16483
1688.77874,304,3210.546033
641.345473,125,3210.871699
639.380938,116,3211.170365
697.84734,147,3211.54687
1202.014455,218,3212.635132
571.217546,104,3212.887553
686.410186,140,3213.237019
678.452344,136,3213.572362
729.14332,135,3213.924767
635.037314,114,3214.223427
1117.018503,211,3214.84908
1027.687551,194,3215.883522
745.959614,138,3216.222543
559.212469,103,3216.472613
632.923665,125,3216.78407
926.707674,171,3217.203332
700.204346,155,3217.585828
869.123396,152,3219.547596
742.35325,143,3220.497934
849.514048,153,3220.878065
658.054195,129,3221.208778
676.484596,134,3221.548129
733.447879,145,3221.918233
813.879986,148,3222.302168
822.318281,149,3222.697851
617.701629,113,3223.564038
694.638584,125,3223.897049
504.627439,102,3224.163834
951.015774,164,3224.57838
440.179038,89,3224.798304
923.77897,175,3225.240216
757.296532,167,3225.692146
905.160541,157,3226.111829
833.791724,162,3227.133548
874.337683,194,3229.360203
745.936317,140,3229.717546
1200.443071,228,3230.300044
906.804377,174,3230.735265
890.793224,184,3231.712492
792.841823,146,3232.133263
1062.906824,204,3232.664241
757.001121,136,3233.003898
839.410359,156,3233.39278
572.239877,106,3233.650846
1019.066805,196,3234.146016
1230.885329,226,3235.308145
571.243848,106,3235.617764
607.831808,121,3235.919324
781.283385,149,3236.288433
734.205865,139,3236.636067
1275.61782,236,3238.796214
559.311719,121,3239.692452
696.764064,137,3240.046148
487.456698,93,3240.283051
887.290829,161,3240.688146
448.829983,87,3240.9103
566.589734,117,3241.214983
874.007147,161,3241.631791
570.516775,109,3241.932739
1114.849291,213,3243.077615
730.879939,146,3243.447565
891.58453,167,3243.868225
1288.436901,239,3244.473116
1023.068068,198,3244.993396
652.463125,129,3245.342371
549.913092,125,3246.373548
803.410698,154,3248.35446
775.66572,139,3248.751202
598.380053,111,3249.073169
987.467241,171,3249.507967
1077.818072,208,3250.040015
925.231852,185,3250.490615
869.428338,169,3251.491798
749.695831,147,3251.872724
440.660885,90,3252.143229
623.80182,116,3252.448658
1112.958005,207,3252.957255
663.187005,128,3253.278543
500.256748,89,3253.497546
1158.788721,221,3254.567926
945.116634,183,3255.063834
698.998193,129,3255.446761
878.496683,170,3255.889882
472.435887,98,3257.55894
636.140983,128,3257.905491
874.726888,175,3258.355093
962.806767,180,3259.377615
767.800479,148,3259.755254
679.564837,139,3260.113831
579.303088,103,3260.375534
486.220237,93,3260.613579
674.297751,146,3261.01005
697.116459,137,3261.378391
1336.259932,236,3262.54773
511.442653,114,3262.842699
604.832388,110,3263.119506
691.149325,135,3263.470217
730.304893,148,3263.85839
979.500696,183,3264.35895
543.99556,105,3264.64285
860.257903,160,3267.176936
745.67927,136,3267.537613
628.701585,118,3267.846295
863.683864,168,3268.291066
945.202984,176,3268.812939
715.640994,138,3269.159666
757.731461,138,3269.504048
1027.178646,180,3270.463257
547.154383,100,3270.714715
724.3464,143,3271.071788
1266.881713,240,3271.712151
856.983799,161,3272.173213
695.917545,136,3272.505567
714.232836,158,3273.399778
449.500843,105,3273.672402
1043.739544,192,3274.141379
1492.458255,274,3276.383355
752.68794,143,3276.748627
621.156388,117,3277.0534
767.312691,137,3277.398585
878.642287,169,3278.375752
851.030524,159,3278.779699
776.288115,145,3279.146813
822.809087,150,3279.532496
406.779722,94,3279.766477
921.262619,174,3280.240808
767.251815,156,3280.649376
550.550612,104,3281.480965
988.1894,183,3281.954519
846.407842,157,3282.347762
782.98482,145,3282.711233
625.482675,129,3283.036866
616.835479,122,3283.354282
564.592371,109,3283.642332
597.800523,120,3286.042228
597.342638,128,3286.360895
1037.199841,188,3286.826697
886.736298,161,3287.224456
781.289381,143,3287.578456
1338.069915,257,3288.242733
881.474956,169,3289.385578
763.532369,152,3289.758615
660.187498,124,3290.068215
970.210985,181,3290.523025
744.262851,149,3290.893564
725.351687,139,3291.235816
448.723515,88,3291.474439
634.384203,125,3291.793587
1292.465999,252,3293.107139
661.127301,127,3293.4149
1011.257613,193,3295.432984
734.997517,141,3295.799077
957.517749,181,3296.274927
1367.877208,253,3297.48926
1113.080487,205,3298.028175
1255.868533,255,3298.682997
1205.491494,252,3299.344602
558.765701,109,3299.632681
1032.459109,212,3300.763695
655.864585,121,3301.069074
563.39609,112,3301.35692
1030.663091,188,3301.836602
803.964302,144,3302.204432
709.04324,137,3302.557239
423.385211,94,3304.520841
686.997722,126,3305.382418
697.899716,126,3305.694535
791.82156,154,3306.06929
749.323222,140,3306.40788
847.647044,159,3306.80366
841.43089,140,3307.143272
503.765009,110,3307.429742
571.952126,107,3307.748604
766.575265,144,3308.715173
1135.594781,207,3309.225899
840.091758,158,3309.616686
786.60336,145,3309.98517
642.406537,121,3310.285117
782.242875,150,3310.692276
909.421886,159,3311.684361
496.993868,96,3311.925635
1003.879375,189,3313.912321
952.83014,181,3314.375724
724.369178,130,3314.714269
535.920735,107,3314.998428
490.388106,94,3315.24498
693.639261,133,3315.594967
783.840957,140,3316.529571
773.091284,152,3316.91948
651.043203,120,3317.217973
574.724128,109,3317.491107
684.06603,124,3317.808584
708.185564,133,3318.156093
795.916471,154,3318.559934
483.317807,103,3318.835428
666.968747,125,3319.691628
882.539504,160,3320.128996
673.668624,124,3320.47531
1088.164216,201,3320.970739
1027.726952,190,3322.898456
979.534716,175,3323.402155
776.979427,145,3324.320342
674.520474,127,3324.636251
595.710139,128,3324.949476
952.993301,191,3325.435658
714.674208,156,3325.815867
563.779859,105,3326.078652
688.195335,155,3326.508154
649.21828,117,3326.868309
1022.800549,201,3327.886878
683.698097,125,3328.200403
701.605832,125,3328.51352
576.381591,133,3328.862044
616.104443,115,3329.15266
710.046687,129,3329.496181
581.871918,125,3329.835572
893.616373,173,3330.854637
773.207052,155,3332.804589
549.575419,107,3333.082932
517.071429,101,3333.343867
732.429977,136,3333.69533
651.692282,147,3334.084809
804.289962,153,3334.495816
497.881651,111,3334.796138
447.768189,103,3335.619038
995.815816,179,3336.07071
1160.286624,217,3336.625515
634.291686,128,3336.947431
611.13439,115,3337.230086
837.342811,164,3337.643923
908.935528,177,3338.624381
645.164814,145,3338.989657
478.839529,106,3339.269108
826.680427,158,3339.723931
652.693752,139,3340.061009
931.44781,174,3342.03359
667.894497,121,3342.342701
695.997153,132,3342.752777
483.634986,110,3343.597496
832.108623,159,3343.994614
688.997755,130,3344.317606
1232.242032,210,3344.848511
663.039873,124,3345.16804
1193.836399,228,3345.766679
780.229254,139,3346.700767
703.663327,127,3347.017788
741.6712,131,3347.345612
1112.042904,200,3347.851451
547.080721,101,3348.10869
680.74128,128,3348.445536
1080.020431,215,3349.016227
690.114319,139,3351.535686
711.827607,142,3351.898919
623.872745,113,3352.179093
699.833013,148,3352.564737
906.366931,172,3353.013863
1029.787227,192,3353.517058
924.64747,155,3353.930125
731.691643,130,3354.826576
985.43417,194,3355.31157
433.764324,97,3355.547865
747.841048,143,3355.891566
882.953516,161,3356.306267
888.693215,158,3356.756825
425.903606,84,3356.955809
628.586002,127,3357.767519
1121.922297,204,3358.25855
964.399297,172,3358.69235
447.533485,84,3360.4122
1014.366614,189,3360.878676
794.750442,161,3361.276055
535.263137,100,3361.526252
574.848744,127,3362.336315
702.770942,143,3362.689778
864.870672,157,3363.113207
881.690933,160,3363.556395
1035.865306,188,3364.032571
896.419222,172,3364.467493
653.930636,126,3364.781826
1129.144319,202,3365.832803
749.618861,133,3366.170898
761.944911,152,3366.554718
625.863994,122,3366.857522
659.851712,116,3367.153885
610.510709,136,3367.518148
653.311095,119,3369.647558
1006.860442,178,3370.660775
948.104156,171,3371.099768
780.59221,143,3371.460577
728.605889,141,3371.813553
680.082721,124,3372.125957
837.13479,156,3372.535936
484.998248,98,3372.797265
668.696265,135,3373.641138
1008.874155,177,3374.07816
748.660096,136,3374.418223
396.243652,74,3374.598153
978.652655,177,3375.029893
796.685919,147,3375.457139
1298.022203,234,3376.075511
1105.379378,206,3377.23655
496.887171,113,3377.516809
586.410472,105,3379.444749
491.270298,100,3379.693926
558.841049,104,3379.950743
754.554252,139,3380.292957
942.327743,176,3380.732849
687.656015,135,3381.730387
1006.295604,197,3382.235366
533.265014,96,3382.479598
692.582101,125,3382.790979
1183.60631,226,3383.376979
810.900969,172,3383.839612
1005.167492,195,3384.932273
602.132013,114,3385.216966
623.122216,116,3385.506056
472.077064,91,3385.733792
1090.010451,195,3386.223433
748.170571,152,3386.609495
723.503243,129,3386.94572
963.051877,181,3388.914828
665.571727,126,3389.747148
1310.728126,243,3390.346422
763.435897,140,3390.722906
775.418622,153,3391.15668
779.047952,146,3391.513564
805.708105,152,3391.890115
762.801599,140,3392.878059
646.992539,121,3393.17586
698.291155,127,3393.486012
931.788976,171,3393.930475
882.281417,196,3394.475983
996.696123,190,3394.941456
1090.380024,198,3395.96209
821.703299,151,3396.361074
884.85607,160,3398.108907
688.736732,129,3398.431528
718.568747,131,3398.769842
1001.112054,175,3399.221984
655.1208,130,3399.568258
936.705285,182,3400.612039
674.283262,126,3400.929094
589.066565,133,3401.268548
1107.580908,204,3401.811727
938.676707,170,3402.24718
588.669285,112,3402.553984
776.59837,144,3402.973385
814.85822,144,3404.00916
655.691791,113,3404.304603
597.249192,113,3404.595246
529.28143,100,3404.860183
677.68021,126,3405.197231
885.099998,163,3405.642413
802.426473,142,3407.607974
664.91175,128,3407.952397
881.775592,162,3408.915806
664.845286,148,3409.344542
751.255065,144,3409.763694
848.982377,182,3410.23633
1263.948526,235,3410.852706
559.512934,103,3411.135479
730.170546,126,3411.483768
588.15443,131,3412.505847
742.121404,132,3412.891572
864.021571,162,3413.316109
784.375681,143,3413.671324
941.386314,188,3414.140776
821.406145,163,3414.55008
909.17209,175,3415.675655
998.279258,183,3417.897315
667.245392,118,3418.212123
813.932521,153,3418.616772
542.981446,107,3418.899498
1177.348582,220,3419.477714
1001.591384,182,3420.645476
902.723594,172,3421.077814
657.250434,142,3421.452735
798.782178,149,3421.846769
867.140157,166,3422.293284
1031.807929,187,3422.810057
755.91308,154,3423.214496
782.004053,156,3424.253618
870.965018,162,3424.648677
758.393469,142,3425.01063
856.209282,152,3425.452175
894.68757,160,3427.157316
962.108301,200,3427.695582
713.338791,153,3428.773498
809.553079,151,3429.151422
894.224542,166,3429.555737
973.250258,179,3429.993294
658.150923,124,3430.304335
950.434009,170,3430.717229
800.617384,150,3431.110808
853.227497,155,3432.06436
1071.885956,187,3432.540989
812.375792,150,3432.921574
988.25444,188,3433.394659
572.874635,107,3433.667532
905.934426,177,3434.151965
890.290775,162,3436.913524
724.278178,139,3437.267338
667.487633,121,3437.580328
668.40738,122,3437.886425
1272.421791,241,3438.499779
928.853064,162,3438.950094
599.688511,109,3439.257214
885.792925,153,3440.208086
567.158694,126,3440.527957
943.296582,163,3440.936284
627.796101,114,3441.21917
748.94385,133,3441.541731
522.820501,107,3441.859506
835.353236,156,3442.274379
624.0415,121,3442.572783
1479.177088,264,3443.716984
651.28272,138,3444.059399
786.430713,151,3446.036695
700.279892,127,3446.369814
781.081375,148,3446.755585
1339.935445,273,3447.959699
596.228321,108,3448.274647
867.744578,171,3448.746348
468.224547,85,3448.962877
656.802482,147,3449.345302
795.746834,138,3449.704097
581.17586,107,3449.992151
611.353062,117,3450.312291
710.556115,132,3451.254307
504.898017,106,3451.521888
932.771793,173,3451.950379
826.881514,150,3452.330318
839.6422,159,3452.72124
766.263152,158,3453.121613
571.023459,109,3453.408624
892.846294,170,3456.156022
597.928584,115,3456.457979
735.210924,153,3456.859283
832.54541,163,3457.269532
909.581013,178,3457.72076
691.445528,142,3458.094492
877.521304,162,3458.520462
743.298896,141,3459.55678
763.934569,136,3459.889549
1148.581444,210,3460.418437
866.920126,158,3460.80664
620.318625,111,3461.092906
624.650494,129,3461.488471
817.564655,165,3461.946826
842.10711,171,3462.878956
447.221365,101,3463.134584
746.064517,138,3465.180525
677.737921,143,3465.538004
729.206866,138,3465.87383
893.76895,161,3466.276333
442.90904,89,3466.49346
1058.323457,194,3467.552226
947.890712,182,3468.043125
748.738584,139,3468.394956
973.176462,189,3468.878959
1386.900987,242,3469.505404
471.466285,90,3469.745879
763.38454,146,3470.802275
735.537213,135,3471.14767
945.214545,182,3471.611075
815.059412,156,3472.014314
810.843311,150,3472.392321
745.030107,160,3474.508931
1050.268487,192,3475.000557
961.534376,171,3475.980163
882.376997,158,3476.370438
577.482369,117,3476.701154
654.990937,124,3477.047248
628.400804,116,3477.331924
713.300924,140,3477.668151
1088.227035,203,3478.197159
512.628143,96,3479.099994
754.009677,142,3479.451372
1208.079032,216,3480.038513
782.064883,154,3480.444892
867.163404,166,3480.855484
793.630198,151,3481.219725
1179.825861,211,3482.24325
828.092502,153,3483.930619
790.590734,148,3484.311807
543.931636,103,3484.585163
771.86861,145,3484.955666
1020.664594,181,3485.431318
824.443067,153,3485.843728
987.747625,180,3486.887369
602.969835,126,3487.209882
1002.312878,196,3487.706107
1440.093545,264,3488.372017
675.159916,139,3488.754551
955.236134,173,3489.780868
667.126766,127,3490.098447
835.58201,154,3490.508612
871.556994,169,3490.956404
919.821791,175,3491.417296
644.89232,131,3493.354777
752.738781,142,3493.709247
954.53746,181,3494.695058
699.698136,139,3495.04313
703.182162,130,3495.41514
891.67997,164,3495.850718
1039.049058,187,3496.341453
443.094462,103,3496.623453
712.291478,125,3496.949046
830.465361,170,3497.913054
909.982477,178,3498.354024
845.142963,153,3498.809708
650.649626,122,3499.117398
645.451664,125,3499.43814
600.013422,110,3499.708138
885.77111,162,3500.114396
760.892727,144,3501.015102
1291.135831,245,3503.223651
760.450756,158,3503.64516
516.498674,117,3503.957858
421.530171,84,3504.181972
649.565881,116,3504.488823
840.518327,157,3504.908637
894.779422,175,3505.9261
896.472659,158,3506.321829
702.987226,131,3506.651594
722.466787,134,3506.995094
954.983993,175,3507.438659
687.898473,133,3507.78821
1507.008203,270,3509.063799
850.633939,151,3509.442617
582.60058,106,3509.708457
712.753629,135,3510.049677
685.236493,126,3511.927959
923.580413,184,3512.413055
1029.594003,206,3512.949751
720.920438,134,3513.953813
632.817847,114,3514.230304
736.451012,137,3514.563449
1162.190871,210,3515.159117
928.458694,188,3515.620246
739.670604,144,3515.969305
878.282654,164,3516.372907
428.366859,79,3517.235281
1833.434356,352,3518.145383
767.981608,140,3518.532174
848.866272,158,3518.929052
738.129738,131,3519.251441
682.419451,150,3521.413657
810.014513,144,3522.434986
789.449369,148,3522.813174
923.495467,163,3523.221225
506.739354,93,3523.457183
871.510625,154,3523.843689
951.655941,172,3524.291142
702.023515,156,3524.711863
889.120491,166,3525.798938
1232.328596,227,3526.381306
990.482146,203,3526.901035
918.090205,173,3527.34637
880.572555,164,3527.778236
738.37367,131,3528.782599
804.704794,159,3529.166556
890.070322,162,3529.565053
465.874325,89,3531.458177
698.869378,155,3531.856681
636.44335,119,3532.152899
818.181689,145,3532.502363
783.558532,141,3532.851834
602.803299,122,3533.756698
731.585541,137,3534.091417
929.394683,183,3534.578984
687.587943,144,3534.986228
575.672187,129,3535.331115
489.367568,108,3535.603608
541.861632,106,3535.954894
745.130609,142,3537.042713
971.189203,184,3537.52928
1231.075419,224,3538.101071
772.001712,167,3538.533565
923.502394,167,3538.97431
1160.486207,212,3541.109528
508.120989,96,3542.053869
935.503057,182,3542.52505
757.807604,143,3542.898938
1068.062641,200,3543.402337
870.314083,167,3543.833549
797.601615,177,3544.307271
813.657095,152,3545.370481
1059.94455,203,3545.88143
943.368738,179,3546.332303
907.916522,160,3546.72024
689.609805,123,3547.022809
786.970079,145,3547.404961
916.754879,182,3548.60966
630.211818,110,3548.876261
713.830013,128,3549.182573
931.744864,170,3551.357833
700.27549,129,3551.677706
522.9652,103,3551.929267
792.895088,141,3552.271957
854.408598,173,3552.705597
1143.796996,208,3553.872656
457.529388,89,3554.096184
1018.053138,208,3554.633891
672.332862,125,3554.950298
771.991897,145,3555.319769
496.21162,91,3555.557955
857.115506,160,3555.98568
856.927711,162,3557.070057
714.358411,128,3557.386629
982.67314,176,3557.818132
778.610616,141,3558.168206
1068.076373,203,3558.693501
649.001288,119,3560.882252
544.732828,124,3561.203209
638.13599,115,3562.077769
825.591905,157,3562.483465
601.28478,115,3562.777172
928.019695,173,3563.220953
649.794522,113,3563.513267
527.790616,96,3563.776323
651.460611,117,3564.106291
627.221977,123,3564.413274
853.140422,167,3565.47839
653.238677,124,3565.789393
560.247776,104,3566.053267
531.798765,122,3566.363703
574.825427,108,3566.627559
1007.219529,180,3567.112901
570.363363,109,3567.420386
598.33071,113,3567.707528
1069.102348,199,3568.870525
774.847243,148,3570.944307
876.530588,161,3571.3454
710.219448,132,3571.673564
780.680938,136,3572.012414
705.978448,138,3572.366145
1664.039523,304,3573.714804
750.880113,146,3574.079144
522.881777,96,3574.318127
943.302351,199,3574.822161
823.396709,169,3575.258375
707.503592,144,3575.638889
879.203895,178,3576.781114
920.604677,177,3577.246169
820.667301,156,3577.638521
741.612439,146,3578.011587
522.117836,95,3578.251897
891.779048,164,3580.312112
866.60198,178,3580.769925
509.284408,92,3581.682305
763.693523,146,3582.054122
925.188761,189,3582.541677
966.59382,184,3582.997944
466.065909,89,3583.210796
718.875295,162,3583.621299
891.974027,162,3584.089593
1372.331297,251,3585.397161
815.706575,154,3585.76472
1042.442016,203,3586.259889
710.772833,138,3586.5977
998.911057,188,3587.068846
971.257916,182,3588.295733
750.287589,144,3590.243897
811.590183,144,3590.623375
543.666203,124,3590.962208
702.559901,134,3591.317821
1103.199053,201,3591.845423
695.228153,134,3592.189516
607.54891,116,3593.166048
1086.413761,204,3593.675686
687.555597,128,3593.997345
953.471545,190,3594.469206
605.491514,109,3594.74329
567.714846,107,3595.012798
813.844277,170,3595.454164
707.892139,132,3596.454592
482.564214,92,3596.67873
663.171428,122,3596.987643
907.507845,172,3597.420978
648.687418,114,3599.191614
866.168021,185,3599.673508
1289.826632,244,3600.318686
739.553259,144,3601.312619
828.537655,158,3601.713216
1222.433199,227,3602.276983
826.079605,153,3602.65168
762.980651,146,3603.014317
517.072405,99,3603.278002
798.691706,154,3603.69176
774.809676,150,3604.723317
559.285505,106,3604.993736
1063.731549,200,3605.481622
831.802007,184,3605.939286
626.351368,118,3606.230014
639.986308,131,3606.564211
481.266137,89,3608.352179
659.966025,122,3609.206927
763.653097,156,3609.607438
750.661038,163,3610.026608
817.795045,161,3610.431736
710.379121,131,3610.766898
1103.701145,238,3611.414232
682.868192,123,3612.307877
792.30057,149,3612.691596
741.61534,143,3613.061826
1238.160874,239,3613.665734
462.532523,86,3613.881361
703.544299,145,3614.264478
864.345145,174,3614.736954
1214.336591,242,3615.93261
685.765344,144,3616.298174
893.379097,167,3618.280397
1015.63788,179,3618.743092
761.274083,153,3619.124989
725.729156,134,3619.46855
912.915374,174,3620.421415
1049.664974,210,3620.944965
669.475446,124,3621.29367
744.290492,148,3621.689244
851.051695,157,3622.079175
845.582558,163,3622.482266
675.208947,130,3623.310873
590.046113,109,3623.575811
823.746039,172,3624.001009
767.486512,153,3624.396162
1021.556249,182,3624.898435
639.413037,119,3625.189648
753.716151,154,3626.987503
976.374928,185,3628.052233
584.138289,105,3628.315682
715.558086,134,3628.655463
527.921569,98,3628.906482
763.149569,142,3629.268741
1146.205813,218,3629.83446
768.661302,143,3630.217505
1517.322974,292,3631.554029
784.479521,143,3631.915017
516.611336,97,3632.158002
977.277404,179,3632.605153
918.931826,167,3633.035132
666.411635,127,3633.370854
934.703653,187,3634.417088
1032.721178,190,3634.893573
923.614997,187,3636.837894
962.549811,178,3637.336488
729.739098,162,3637.776473
1141.320709,208,3638.293968
681.230014,133,3639.118648
537.780219,111,3639.405316
1114.387231,218,3639.952827
921.976943,189,3640.44092
828.083268,155,3640.879258
798.518479,143,3641.23163
725.790823,135,3642.074058
995.526786,190,3642.547208
836.493792,170,3642.975993
1118.883644,214,3643.505999
847.440401,153,3645.39393
869.689849,163,3645.80839
943.286555,200,3646.873763
918.846309,176,3647.319041
623.526805,140,3647.678009
550.955822,100,3647.92907
951.710056,187,3648.401449
786.818073,147,3648.791965
537.270865,97,3649.042144
1085.970375,198,3650.112003
739.516793,144,3650.477315
936.094721,167,3650.901129
730.941193,143,3651.269068
987.674038,184,3651.739866
611.980062,121,3652.065095
646.129387,143,3652.449982
874.056376,171,3653.449302
918.324504,178,3655.466349
974.164831,181,3655.922019
886.797497,165,3656.348085
1104.971965,221,3657.005723
643.354385,130,3657.336346
509.672075,118,3658.121686
1247.263783,234,3658.701102
730.790279,139,3659.045086
982.331198,202,3659.550915
985.283041,182,3660.068738
629.710657,111,3660.390107
1024.168596,222,3661.458561
502.575847,101,3661.713191
866.786518,159,3662.103841
1150.170538,215,3664.210012
881.92389,161,3664.617667
1020.76116,194,3665.107067
1101.046315,195,3666.147208
916.267881,170,3666.577841
853.258792,175,3667.017295
737.950028,138,3667.365575
565.913363,129,3667.703899
769.201054,144,3668.095565
1229.496282,248,3669.29602
624.40165,135,3669.647264
922.378678,178,3670.103651
762.553251,152,3670.494709
823.025215,153,3670.890734
807.836729,168,3671.325174
802.049527,150,3673.669379
1076.760577,190,3674.148466
852.598057,150,3674.518954
1220.754583,226,3675.103964
1179.443926,212,3675.701778
824.355885,180,3676.18292
781.604403,142,3677.047755
631.846094,111,3677.313645
1196.657188,220,3677.863531
1054.959439,196,3678.353895
889.241257,173,3678.825506
597.647829,133,3679.220112
1364.60081,261,3680.444319
1211.714108,237,3681.056013
606.388262,127,3683.158235
688.003405,134,3683.49877
519.756542,98,3683.754419
732.18273,132,3684.105534
971.511279,179,3685.118725
645.074778,122,3685.424792
521.666149,99,3685.675631
565.207643,124,3685.990912
620.211318,119,3686.291591
909.892561,161,3686.694563
783.159338,158,3687.109984
754.263878,152,3688.0728
789.480974,157,3688.480228
804.539207,171,3688.912166
793.913124,145,3689.27687
599.946423,115,3689.56782
1329.410579,250,3690.204545
760.883102,140,3692.367843
535.44167,115,3693.321931
697.052166,142,3693.676901
1159.845243,222,3694.225285
1381.704986,285,3694.97679
486.171098,91,3695.236143
762.925313,139,3695.595894
889.98202,192,3696.634592
952.341251,198,3697.146907
591.721541,114,3697.438456
778.239972,152,3697.828867
508.851656,116,3698.132158
1115.268564,212,3698.716631
646.834592,136,3699.688015
876.593201,154,3700.081335
635.668019,121,3700.39433
677.119156,126,3702.270169
536.510037,98,3702.516553
634.127501,125,3702.838363
519.720381,98,3703.099596
716.373731,136,3703.475632
708.539074,141,3703.864812
656.394533,139,3704.795281
959.912493,180,3705.25319
512.654448,94,3705.499423
688.832145,128,3705.825058
533.916258,95,3706.065384
372.120805,72,3706.248107
819.988836,154,3706.668062
652.791561,125,3707.002612
578.146855,128,3708.009759
738.421965,136,3708.352512
807.417932,157,3708.825496
1091.978425,199,3709.387723
748.003739,140,3709.762312
536.735593,101,3711.567768
627.31962,118,3711.886529
988.466988,191,3713.025607
862.04864,162,3713.426756
721.634024,133,3713.768243
894.52856,175,3714.20151
547.203637,119,3714.490604
556.595046,112,3714.785509
821.114439,156,3715.204226
816.223424,158,3716.207479
615.398889,128,3716.549216
674.022821,133,3716.894096
524.810728,103,3717.159009
1112.678387,222,3717.736441
866.526123,160,3718.176673
969.301783,173,3718.640578
846.436309,154,3719.718616
756.099753,146,3721.803377
979.89424,188,3722.301295
643.796319,118,3722.603649
715.033757,152,3723.004568
705.534743,135,3723.364347
660.976171,139,3724.394061
553.632307,102,3724.65641
1032.522582,196,3725.17407
810.390922,160,3725.599826
808.058468,167,3726.07459
737.504385,149,3726.493652
1055.553901,209,3727.024395
703.460378,154,3728.067022
638.469359,121,3728.380458
752.443038,141,3728.725397
687.518117,134,3729.0809
568.695119,109,3729.413525
730.050689,132,3731.505718
375.909346,75,3731.708624
529.810151,106,3731.981988
973.960705,182,3733.234064
690.554487,129,3733.559356
508.804823,97,3733.799985
740.669528,128,3734.126358
1557.348029,307,3734.917589
976.731672,188,3735.415429
618.815723,141,3736.468655
952.938465,181,3736.930353
565.654025,105,3737.189856
662.391451,124,3737.50162
813.11632,156,3737.891972
663.66591,121,3738.206106
879.900237,169,3738.663748
894.541737,171,3739.796237
904.123292,177,3741.906943
991.351581,195,3742.41531
914.775619,178,3742.875753
1148.840847,215,3743.438539
660.655284,135,3743.806183
856.872777,155,3744.9074
554.617654,124,3745.262444
769.655208,151,3745.653229
619.438873,118,3745.94068
857.169482,166,3746.343894
946.623344,182,3746.790242
554.652769,113,3747.069018
716.442404,138,3747.951694
695.292833,153,3748.36028
539.85658,110,3748.671924
1249.476048,219,3749.237945
1015.959791,196,3751.425288
695.367934,133,3751.774341
718.062785,135,3752.131674
739.902567,141,3753.055654
776.820488,151,3753.443461
653.486938,149,3753.840725
583.242955,118,3754.135249
550.015105,126,3754.467615
643.149154,123,3754.791866
717.781848,145,3755.17974
505.554344,95,3756.024433
1129.646699,212,3756.567237
584.822903,134,3756.912788
787.503927,139,3757.261881
638.674094,121,3757.568579
873.469283,169,3758.003164
919.210465,177,3758.469791
726.398986,146,3761.02687
720.582506,142,3761.405006
793.675832,162,3761.813421
732.603955,163,3762.230594
934.141516,179,3762.67817
871.649468,176,3763.141733
709.836102,137,3764.049145
815.257842,152,3764.47472
753.025989,147,3764.868975
936.753295,185,3765.332016
985.766904,180,3765.777839
737.297231,160,3766.178405
1059.829119,209,3767.241092
842.125358,155,3767.634527
786.186905,156,3768.085539
755.184964,153,3769.960225
1181.490494,223,3770.538395
827.887226,151,3770.931477
845.664573,167,3771.927832
991.412473,194,3772.424807
897.84455,160,3772.822952
519.575954,99,3773.071972
714.582368,134,3773.413533
969.936685,187,3773.890479
1028.105711,217,3774.470189
1111.545513,213,3775.578856
865.016665,153,3775.964997
490.975236,111,3776.252368
617.732593,126,3776.575059
808.034544,143,3776.933381
588.739596,121,3777.259864
668.197392,145,3779.240911
1057.189242,208,3780.277577
645.924783,120,3780.623
646.046621,115,3780.95106
515.261909,107,3781.218941
590.227877,119,3781.512514
938.54146,172,3781.931877
591.747831,133,3782.266746
835.202786,155,3783.153141
1806.418265,329,3784.013991
870.511557,170,3784.476197
1059.467252,199,3784.963945
663.974724,119,3785.252044
498.325281,96,3785.501026
907.806597,170,3786.436504
748.326073,144,3786.802954
678.57493,124,3788.675981
1055.461995,187,3789.145736
585.539626,116,3789.44642
833.64346,158,3789.845345
914.112843,172,3790.867261
712.230831,132,3791.236702
532.581933,108,3791.531147
613.233761,111,3791.812978
494.143574,103,3792.080492
785.3966,141,3792.43449
1085.063814,207,3792.968228
925.295597,171,3793.440581
800.489141,161,3794.401616
729.179575,138,3794.740042
1261.611884,263,3795.461578
633.678037,121,3795.764124
772.65757,150,3796.134918
680.011355,156,3797.997694
832.579732,165,3799.122301
810.763276,145,3799.477659
740.152003,145,3799.824838
706.002546,139,3800.170641
582.401824,130,3800.498977
743.818266,124,3800.802549
653.336066,125,3801.128694
871.774996,168,3802.195346
722.769648,134,3802.567733
895.303495,172,3802.991224
763.204265,136,3803.330797
634.293283,118,3803.629215
562.209969,106,3803.889804
517.680051,107,3804.154772
999.471764,196,3804.668306
836.362318,164,3805.678168
1015.547595,212,3807.736169
521.250754,97,3807.97963
674.951127,131,3808.314947
622.811256,118,3808.617957
994.934994,189,3809.118452
688.2186,126,3809.453487
834.074293,171,3810.449354
675.250642,128,3810.775178
841.160133,162,3811.189735
635.315371,125,3811.506806
944.340768,180,3811.960413
499.865296,109,3812.25688
1147.45613,221,3813.355585
669.340816,130,3813.680218
741.684823,128,3814.000648
988.177757,175,3814.431557
576.495929,111,3814.721317
552.743884,114,3816.886522
611.931535,113,3817.162005
749.69772,134,3817.520469
676.356977,143,3818.479617
479.70312,94,3818.738312
905.125536,168,3819.14925
775.425503,144,3819.501885
872.46444,178,3819.948029
914.219943,158,3820.335557
705.760803,131,3820.685385
535.992672,125,3821.679031
807.009213,152,3822.066861
1266.988582,230,3822.64234
856.698844,168,3823.072092
552.065449,102,3823.326685
1018.43619,196,3823.846076
587.554345,115,3824.156087
520.037659,120,3826.702411
857.271645,152,3827.083323
757.700166,146,3827.454111
923.098051,174,3827.903644
539.208326,123,3828.234826
942.535434,176,3828.697191
860.338931,160,3829.674238
1142.076046,208,3830.195043
949.565729,169,3830.620201
657.35302,123,3830.91523
969.63604,173,3831.335307
649.416958,145,3831.742423
600.743324,127,3832.085871
507.926265,117,3832.879301
1118.974522,230,3833.44617
721.198748,152,3833.835345
900.256215,175,3835.879173
724.393498,142,3836.232682
825.292328,149,3836.598051
639.590112,121,3837.390919
882.887463,165,3837.808421
655.188019,122,3838.110184
710.955868,129,3838.471278
544.841323,103,3838.759121
916.595572,187,3839.239254
762.047583,154,3839.629753
541.929257,105,3839.895683
759.806546,156,3840.944169
641.259095,127,3841.269073
609.441409,112,3841.554515
756.487183,141,3841.927992
807.20866,156,3842.327243
673.391527,124,3842.663848
804.83494,146,3843.051089
787.583273,147,3845.769878
678.002073,130,3846.104116
816.349699,155,3846.504868
916.083391,177,3846.955011
795.570458,144,3847.319586
598.206115,114,3847.61922
734.479832,139,3847.987372
730.838314,136,3848.985846
542.403986,102,3849.234328
907.767237,158,3849.622767
534.42894,103,3849.879174
758.959132,141,3850.227983
1013.544006,210,3850.803645
766.896182,168,3851.262811
688.320446,122,3851.559259
532.378098,112,3852.491325
703.677361,131,3852.808208
399.658231,78,3853.005776
885.055936,180,3855.143404
728.965416,137,3855.488092
656.28743,134,3855.825054
536.439185,104,3856.105982
698.717702,128,3856.43716
789.672467,157,3857.526649
949.800872,180,3857.983293
991.963519,188,3858.463868
526.442448,97,3858.716924
800.299789,175,3859.173585
706.838741,133,3859.532719
654.999847,120,3859.866927
750.420582,145,3860.914988
844.651579,153,3861.30258
1115.761935,216,3861.855435
856.227911,172,3862.300789
1261.355505,221,3864.63139
541.381045,125,3864.962454
564.554077,106,3865.881731
784.379141,146,3866.245366
664.23947,152,3866.619684
1060.154505,183,3867.129101
591.193821,114,3867.442357
672.316425,127,3867.760369
842.422409,160,3868.151387
579.903778,109,3869.069995
792.918702,144,3869.415938
815.97403,160,3869.826603
680.44192,126,3870.148125
814.007943,154,3870.595355
659.526562,121,3870.909593
599.272528,139,3871.26535
684.311615,132,3872.248163
555.193087,101,3872.496808
610.790189,119,3872.788909
602.176079,113,3874.421954
924.933954,164,3874.850617
1014.08821,204,3875.378547
583.684318,132,3875.731925
574.761099,129,3876.077577
666.828166,125,3877.088413
515.387825,109,3877.36637
833.006013,175,3877.82017
1104.541297,207,3878.344333
761.822888,153,3878.738407
669.414653,129,3879.090283
758.542579,138,3879.462358
1048.272882,200,3880.630902
792.8944,154,3881.019835
931.373902,207,3881.562553
850.703186,152,3881.949903
439.320224,85,3883.831922
1026.853132,211,3884.370388
925.593628,183,3885.485474
950.329647,177,3885.917183
595.439394,136,3886.255896
641.797768,123,3886.563453
887.801668,165,3887.042687
840.222162,160,3887.455071
751.302089,143,3888.45065
630.802583,119,3888.744876
1009.637373,183,3889.199879
988.639174,189,3889.663013
731.049228,143,3890.060102
725.161797,137,3890.453127
480.301171,108,3890.73292
923.34428,165,3891.800357
708.275087,161,3894.180393
643.720424,122,3894.498422
775.730161,159,3894.918591
874.2671,167,3895.355752
1023.342761,192,3895.868549
976.625464,196,3897.072188
790.95488,177,3897.550049
783.406453,140,3897.912617
603.917085,121,3898.228842
868.640201,183,3898.709886
889.636796,164,3899.151091
933.241257,179,3899.652358
520.596821,108,3900.596853
602.819558,128,3900.922119
940.114263,166,3901.326825
741.841982,141,3901.672102
1165.292665,206,3903.687309
860.215316,177,3904.125095
743.36502,141,3904.47519
819.621503,152,3905.497686
823.950169,165,3905.906908
783.005792,145,3906.336991
460.418562,91,3906.579093
401.379916,94,3906.812314
841.21549,160,3907.221423
626.091041,119,3907.51513
771.157312,143,3908.521652
692.411722,129,3908.850129
925.202679,179,3909.31108
856.433581,166,3909.730427
783.314857,140,3910.085701
697.266723,147,3910.473514
680.659791,128,3910.814355
457.41167,86,3911.046084
740.334737,143,3913.506796
814.636667,154,3913.910713
574.676874,104,3914.185717
528.079812,99,3914.435744
1443.737592,278,3915.172251
631.708599,121,3915.500515
584.344975,107,3915.785342
664.06044,123,3916.773132
649.330247,143,3917.140951
1133.258829,217,3917.689594
896.696087,166,3918.105989
497.591614,94,3918.353462
1072.050974,199,3918.938334
645.524544,118,3919.875974
786.100906,152,3920.265038
1143.780103,214,3920.798984
743.718105,135,3921.131177
622.831402,118,3922.766306
1363.23246,292,3923.500645
580.024378,104,3924.417287
873.433265,171,3924.836444
700.877179,136,3925.220948
679.476542,117,3925.543835
1111.396348,206,3926.057897
552.209927,107,3926.333948
693.28048,133,3926.673753
861.936297,167,3927.667095
704.141967,129,3928.000826
744.164996,148,3928.383318
881.757161,160,3928.786319
1203.823081,220,3929.343778
611.961372,129,3929.686325
832.663768,147,3930.071731
1336.022571,256,3932.99372
671.362444,129,3933.332024
1025.742789,202,3933.84546
476.833685,89,3934.067304
956.845206,190,3934.545843
825.468308,153,3934.954888
1179.803175,233,3936.082492
683.362898,124,3936.449675
599.706944,115,3936.763725
462.202184,91,3936.995098
647.414514,116,3937.280927
649.908771,138,3937.623062
576.713526,127,3937.944289
900.373951,175,3938.942392
600.628875,112,3939.270403
777.79575,155,3939.772997
807.224242,169,3941.767506
575.003992,125,3942.124104
849.498662,181,3942.633417
859.898999,152,3943.0438
642.94782,112,3943.356959
502.265224,108,3944.266017
625.684359,113,3944.567986
978.772027,197,3945.10688
752.484619,138,3945.477672
739.620829,140,3945.872253
659.272518,118,3946.202199
804.743552,154,3946.649376
881.253309,176,3947.905757
453.129589,85,3948.147243
921.670676,170,3948.618107
712.790884,130,3948.971012
951.244905,188,3949.493803
1215.477288,239,3951.881922
752.943717,163,3952.958722
980.37748,191,3953.47491
943.327269,170,3953.963325
926.097008,183,3954.453384
545.432413,112,3954.746637
984.804473,180,3955.197653
970.192495,191,3956.339687
562.250145,126,3956.671149
683.454486,149,3957.109881
626.079436,118,3957.40043
557.766767,122,3957.705639
886.765573,168,3958.113242
823.524061,175,3958.550065
1214.571583,246,3959.860691
402.57579,78,3960.107629
518.520069,99,3962.002509
1496.014334,284,3962.739078
620.659068,124,3963.06116
533.797625,120,3963.384023
823.50478,157,3963.802321
708.715901,142,3964.839045
491.6426,91,3965.071668
901.547245,170,3965.509637
537.612437,106,3965.783057
770.956165,145,3966.156518
528.115898,100,3966.434206
590.040649,114,3966.737888
847.857623,164,3967.180529
777.117112,167,3968.28684
626.185053,141,3968.664561
771.406322,150,3969.047203
791.406942,149,3969.436931
715.272219,140,3971.215953
544.696048,101,3971.483683
751.965319,139,3971.85508
766.976884,163,3972.877531
689.622632,137,3973.270092
625.14752,143,3973.625907
953.637977,178,3974.072467
1371.223722,265,3974.732185
579.512997,109,3975.005511
824.900087,178,3976.042734
797.515919,163,3976.542969
811.556479,142,3976.901051
749.975206,137,3977.244318
798.839685,156,3977.631632
935.78277,180,3978.106736
684.822681,145,3979.090719
844.10644,161,3981.279402
460.457812,106,3981.5685
518.629809,113,3981.879455
1172.979248,209,3982.468575
761.644411,151,3982.889284
564.673219,104,3983.17309
587.701069,125,3983.522105
1085.654317,208,3984.639636
702.825312,138,3984.989049
872.020769,166,3985.413713
794.16714,154,3985.801387
1261.931614,235,3986.433135
822.050088,167,3986.891108
737.68425,141,3987.872416
675.140975,126,3988.196506
605.91068,114,3988.491615
919.928273,185,3988.954648
541.352121,110,3990.792898
628.082012,129,3991.111837
994.04872,185,3991.572522
771.140388,170,3992.524256
521.412914,117,3992.82983
722.067593,155,3993.252314
474.7987,99,3993.549778
689.722532,128,3993.871166
619.650767,131,3994.205473
889.636198,168,3994.626793
870.435994,169,3995.584342
519.770235,119,3995.90666
928.568298,169,3996.364643
862.754098,171,3996.828429
899.900872,171,3997.269531
751.085891,150,3997.678453
873.312476,164,3998.133382
793.703686,159,4000.737851
967.227444,187,4001.233125
881.694416,161,4001.657903
1312.207321,248,4002.324945
607.116842,136,4002.69063
967.685387,189,4003.758991
830.235381,157,4004.186324
593.211809,132,4004.543796
509.058166,116,4004.855603
1018.314319,195,4005.36716
1330.545816,252,4006.063093
907.043367,175,4007.247975
570.744431,109,4007.515578
596.057676,112,4007.795007
950.433198,179,4008.257806
663.670947,124,4010.077823
549.499022,99,4010.320034
1122.905811,215,4010.851549
560.218079,119,4011.149899
776.540778,153,4012.052424
503.076669,105,4012.321776
1077.308276,196,4012.817152
792.540693,166,4013.304176
475.894146,93,4013.54603
692.620373,139,4013.888033
1342.538806,247,4015.062647
651.186576,130,4015.402119
1013.348949,188,4015.885557
583.935915,112,4016.16667
731.015236,136,4016.509523
1109.365121,206,4017.046635
946.647253,175,4019.171483
1078.236223,194,4020.203801
605.291092,125,4020.529473
729.566651,135,4020.865468
949.388914,204,4021.388609
897.014399,163,4021.818234
1058.94176,194,4022.336835
1017.256327,195,4023.402853
1049.664549,214,4023.947933
862.819349,156,4024.330767
787.134108,154,4024.733544
644.61986,120,4025.070684
913.845469,179,4025.546424
804.428851,160,4026.454959
387.873507,81,4026.658343
698.871148,144,4027.0163
981.634235,190,4029.166575
665.917622,131,4029.492885
829.576177,151,4029.860696
885.77724,165,4030.268093
928.512332,174,4031.241497
722.165487,133,4031.583457
637.934885,130,4031.922178
709.159639,130,4032.261875
613.821548,124,4032.580901
761.219286,149,4032.998262
550.573103,109,4033.307827
503.686065,111,4034.176517
993.261608,179,4034.63318
1092.697278,210,4035.176361
383.024775,77,4035.386652
1124.664584,209,4035.922625
924.050913,181,4037.883027
939.645063,172,4038.866411
541.12811,117,4039.172233
612.149766,123,4039.488426
642.180764,116,4039.784412
1318.129901,264,4040.457603
1284.564891,250,4041.113443
851.112923,161,4042.161488
914.8796,178,4042.643312
906.80115,164,4043.045787
648.674065,118,4043.340009
650.709205,130,4043.663848
603.127629,112,4043.942314
850.639551,161,4044.331043
898.443457,185,4045.397666
801.515203,155,4045.830752
638.952727,142,4047.568406
634.018393,117,4047.873214
993.329636,186,4048.349421
1093.054418,209,4048.978896
603.443538,115,4049.265545
739.350785,136,4050.111459
750.2879,144,4050.480184
1638.425314,319,4051.291585
461.964014,105,4051.554267
833.517007,170,4051.99703
726.963531,137,4052.361465
747.91022,140,4053.283443
802.293864,157,4053.689909
611.11949,119,4054.002112
1048.354109,208,4054.531445
726.915425,133,4054.878521
941.432471,197,4056.842743
810.290079,175,4057.908205
597.047247,123,4058.223819
553.162743,110,4058.503298
574.295377,112,4058.787296
741.241374,140,4059.141994
1140.196665,226,4059.707222
618.523023,134,4060.06627
698.078475,158,4061.120719
921.716761,173,4061.642044
583.949426,120,4061.940247
717.530705,143,4062.287641
617.168274,114,4062.563158
931.770169,178,4063.029025
835.16522,151,4063.408539
447.946382,89,4063.642165
656.938366,119,4064.510473
851.482346,145,4066.153472
975.885827,178,4066.592096
671.812243,136,4066.928236
637.625008,121,4067.249423
887.878431,190,4067.764603
558.947082,116,4068.077761
1240.486017,242,4069.280502
649.317429,123,4069.593632
714.022076,135,4069.928342
648.948873,123,4070.245556
954.134019,195,4070.743371
1155.97016,205,4071.285004
626.260218,133,4072.192847
662.171737,124,4072.502739
676.492723,126,4072.819802
510.712467,114,4073.11135
589.771262,112,4073.394007
907.432417,178,4075.376887
768.971632,145,4075.756899
989.006239,182,4076.821229
733.935784,139,4077.178582
725.510473,139,4077.530835
757.830682,140,4077.884306
473.640562,108,4078.181742
685.953979,126,4078.563433
717.259786,134,4078.907387
560.66758,123,4079.221177
826.705348,157,4080.147513
493.134221,95,4080.391079
833.245538,161,4080.803588
641.873481,133,4081.126132
844.415042,164,4081.594216
880.7458,182,4082.071913
457.564534,97,4082.317076
841.878558,157,4084.693641
621.363701,122,4085.035974
600.642555,119,4085.336186
1042.030875,198,4085.83398
592.441475,115,4086.124163
822.035809,161,4086.542686
966.955788,173,4087.018971
587.396458,109,4087.876951
896.740637,187,4088.360031
811.969109,150,4088.739633
779.462174,144,4089.106153
446.795551,91,4089.337947
1036.248228,192,4089.840076
831.977741,163,4090.268351
809.228616,152,4091.26328
1058.844762,196,4091.760522
512.608735,107,4092.034551
710.836198,160,4094.096696
808.17199,163,4094.508992
454.427419,105,4094.781173
551.693771,109,4095.05696
676.03912,124,4095.90829
893.813584,173,4096.400126
895.981429,171,4096.840255
576.338516,108,4097.109001
638.531302,122,4097.424805
688.036827,135,4097.768417
952.651624,176,4098.217592
848.705302,157,4099.140697
761.057551,135,4099.518695
797.862882,153,4099.941277
477.631064,94,4100.176429
759.524375,157,4100.573349
1066.060856,211,4101.130398
818.865695,153,4103.183956
769.309709,148,4104.120756
705.784632,138,4104.470441
733.015069,140,4104.825689
764.466198,162,4105.248718
1112.617877,219,4105.810585
839.510572,154,4106.222275
811.245042,169,4107.233763
477.939076,94,4107.470672
624.044895,133,4107.81515
716.70692,131,4108.147833
613.669716,118,4108.446718
1070.208944,206,4108.976002
730.362573,141,4109.350603
833.82823,166,4109.800005
722.448827,141,4110.728258
714.120418,138,4111.074829
499.659496,95,4111.318125
1006.674695,197,4113.142845
522.784528,103,4113.415769
1010.845363,209,4113.941253
865.880534,186,4114.93453
862.444989,159,4115.330154
671.508133,127,4115.652252
1030.114452,187,4116.204659
942.594414,176,4116.643691
814.521583,165,4117.054895
788.187601,153,4117.440952
779.248602,159,4118.353076
781.335428,152,4118.73397
799.792031,158,4119.178398
867.620537,171,4119.644032
835.975391,169,4120.075245
1183.198421,217,4122.41135
424.487194,95,4123.22051
875.440964,161,4123.634726
1007.403319,198,4124.146004
810.429864,159,4124.565348
1156.808951,215,4125.118714
627.561105,128,4125.462024
691.915451,139,4126.398616
727.851874,135,4126.746523
704.230604,138,4127.109762
714.746618,147,4127.488791
518.656564,119,4127.802933
1077.508314,202,4128.325853
500.931699,114,4128.633146
759.997441,157,4129.595834
1079.739105,202,4130.093114
725.020858,137,4132.191508
921.22221,166,4132.612618
757.553431,140,4132.961406
703.932442,132,4133.282314
1052.28734,219,4133.841244
763.628574,146,4134.752289
694.806089,145,4135.186102
1195.587695,226,4135.756633
561.650116,128,4136.096824
813.787772,160,4136.495628
1043.850364,214,4137.052255
1014.768821,195,4138.128943
1061.142341,213,4138.676147
926.819162,208,4139.210697
1115.72915,205,4141.2833
571.833693,132,4141.628311
698.241526,140,4142.54812
781.632374,154,4142.934922
539.816969,102,4143.192409
811.149318,144,4143.558628
663.784469,134,4143.904355
1130.984176,206,4144.435624
901.427991,165,4144.873609
1008.418818,198,4145.95127
883.561364,187,4146.412481
740.435779,157,4146.799747
658.94308,124,4147.113298
759.71973,139,4147.500119
690.792527,138,4147.888231
703.311076,125,4148.197422
865.828966,176,4150.605232
861.156919,167,4151.087452
696.841638,129,4151.397404
892.813957,172,4151.84726
409.948413,78,4152.045983
736.39255,139,4152.39825
780.142289,149,4152.772382
1531.766562,301,4154.05398
769.729059,155,4154.45164
719.98914,133,4154.786383
585.524058,108,4155.071254
545.43535,113,4155.372514
616.768772,123,4155.70381
511.554139,120,4156.029392
547.958193,103,4156.869582
756.695484,149,4157.254339
1161.948951,207,4157.787822
859.462231,161,4159.993766
666.905646,128,4160.331577
599.325504,112,4160.626053
830.28041,156,4161.030129
497.389655,117,4161.886587
566.722831,105,4162.150847
676.639205,127,4162.513698
751.038716,159,4162.944729
939.516268,192,4163.427902
955.770868,166,4163.844006
844.59183,177,4164.805561
589.239619,121,4165.106612
671.78612,136,4165.450121
656.30287,129,4165.832014
637.984366,132,4166.161842
751.032721,149,4166.561076
914.565909,185,4167.030518
928.077561,175,4169.532969
610.255508,118,4169.837089
488.307911,92,4170.070266
763.377111,149,4170.447843
671.439046,122,4170.756098
938.366966,179,4171.208493
761.621776,158,4171.62749
878.789932,175,4172.095956
1460.993029,268,4173.349028
1308.222775,235,4173.953839
1066.287605,201,4174.472287
763.668645,145,4174.851966
753.989335,135,4175.213474
1277.456794,236,4176.403442
999.313413,178,4176.847053
827.895286,164,4179.137099
1058.774086,184,4179.596707
676.015118,135,4179.94672
639.430761,127,4180.276531
564.914646,131,4181.140305
691.08473,133,4181.510886
615.837955,137,4181.903438
529.208641,118,4182.214411
466.952767,91,4182.440982
875.054492,173,4182.864559
1451.849599,278,4183.566054
698.305063,133,4184.436806
608.656256,135,4184.83256
398.148552,76,4185.044745
680.971316,122,4185.348399
772.79883,141,4185.703492
863.813721,164,4186.109571
970.643053,182,4188.299522
370.832795,84,4188.520624
1309.097491,240,4189.708647
812.303337,148,4190.085285
637.427824,124,4190.408114
563.597561,128,4190.739117
486.0264,91,4190.969836
794.293336,164,4191.40865
696.643253,129,4191.754339
746.176172,144,4192.688315
677.780931,125,4193.010337
955.500023,181,4193.469715
607.70739,139,4193.838637
556.338953,108,4194.117466
722.591195,149,4194.520482
495.38932,105,4194.804145
1099.213237,201,4195.890917
821.096683,149,4196.270231
561.920062,105,4198.054978
1082.736161,199,4198.623856
733.628414,155,4199.018406
527.696961,108,4199.291283
684.115923,131,4199.623983
822.744369,171,4200.576469
848.769913,170,4200.992736
428.382761,83,4201.196092
732.768906,130,4201.561904
1151.723645,218,4202.131546
425.245939,98,4202.375561
970.502182,196,4202.857413
876.876138,159,4203.765569
755.496644,153,4204.171532
465.875428,107,4204.437685
1112.432576,203,4205.02674
732.282117,137,4205.363417
945.911475,206,4207.677564
907.059952,172,4208.687409
903.062351,168,4209.111688
807.198208,183,4209.607417
848.951171,159,4210.035478
829.871994,176,4210.532833
646.386362,146,4210.980159
471.83999,91,4211.235303
896.098432,165,4212.263717
797.266317,147,4212.642507
958.698824,193,4213.141167
915.854428,178,4213.604338
612.019877,119,4213.921628
851.853157,157,4214.344292
721.766377,137,4215.231432
513.157995,98,4215.491756
1313.999258,243,4217.784646
640.941716,118,4218.09777
759.61663,146,4218.469689
530.134299,105,4218.739677
990.722965,193,4219.235171
805.85238,160,4220.346719
677.203215,132,4220.673561
884.194746,163,4221.082726
694.7001,128,4221.390159
801.776909,158,4221.80681
988.957169,179,4222.290467
907.909675,162,4223.298262
523.605366,98,4223.550567
847.133373,161,4223.964246
889.158969,177,4224.424733
760.012364,138,4224.774213
765.709799,137,4226.693881
666.14002,120,4226.997949
529.118937,102,4227.266915
1160.008535,221,4228.408004
661.590817,131,4228.744148
772.887392,154,4229.136278
541.96263,118,4229.438046
560.197012,107,4229.708706
557.638368,128,4230.048475
845.493912,147,4230.443687
859.529025,154,4231.421212
840.900663,157,4231.828254
377.660933,72,4232.007532
687.870664,130,4232.344615
662.253289,134,4232.676464
519.02156,99,4232.924617
700.805394,137,4233.343372
1037.296688,190,4233.828618
494.571513,89,4234.579635
852.803162,163,4236.531311
728.743716,148,4236.921256
633.101667,128,4237.23672
644.177662,119,4237.535947
989.633544,191,4238.011231
716.352385,137,4238.361404
889.111131,175,4239.35291
806.758738,153,4239.802241
741.140737,136,4240.174058
643.501525,134,4240.522733
1063.959089,196,4241.025104
555.809072,102,4241.289526
530.027833,120,4241.601128
724.41751,147,4242.569921
686.032173,131,4242.905311
1002.903492,194,4243.408476
826.914757,159,4243.824339
935.859895,181,4246.179127
1072.461855,207,4246.729874
833.843186,162,4247.724985
1072.178645,200,4248.244847
818.802764,161,4248.65309
763.760494,145,4249.02094
627.062797,126,4249.340124
989.7,181,4249.836722
817.889277,147,4250.237965
1120.709811,212,4251.342494
632.910837,119,4251.645102
1059.481912,195,4252.129787
956.761863,173,4252.564259
412.110972,96,4252.809476
621.727649,118,4253.113806
895.412638,163,4255.78319
745.902349,155,4256.172303
639.374221,118,4256.473875
766.287563,157,4256.935493
452.21293,104,4257.194234
899.530037,170,4257.620189
762.324852,141,4257.985285
501.532054,113,4258.281661
649.703816,130,4259.170017
950.600113,194,4259.684629
1180.23715,233,4260.284148
682.649301,135,4260.639614
752.523864,145,4261.028041
649.859593,120,4261.347479
656.435542,141,4262.299824
1085.070593,205,4262.848986
775.868343,153,4263.246922
572.876298,118,4265.243501
751.022459,140,4265.597184
586.180074,128,4265.936176
566.844951,113,4266.225206
615.134271,123,4266.540983
897.594669,167,4267.643379
1030.147234,221,4268.208816
611.755187,116,4268.497412
700.387729,139,4268.850739
884.68123,174,4269.343276
819.243586,149,4269.771278
815.290483,167,4270.832769
508.868944,97,4271.079776
432.876172,82,4271.282162
726.901621,136,4271.619902
594.913645,124,4271.935447
769.580797,145,4272.296971
876.187047,178,4274.314025
689.260802,124,4274.627389
874.685624,160,4275.663941
521.608529,100,4275.955419
782.457317,140,4276.358963
787.185936,143,4276.727609
586.970559,109,4277.003986
424.906927,84,4277.215658
764.183779,146,4277.590927
634.532138,146,4277.967252
288.824211,65,4278.816748
596.709793,116,4279.126082
1028.999819,199,4279.652614
434.489348,101,4279.917199
727.515797,138,4280.27471
754.10312,162,4280.714679
497.538525,99,4280.991457
593.045497,115,4281.317788
817.353245,154,4282.39779
658.448588,135,4282.759161
868.888889,174,4284.987691
527.585975,107,4285.264536
494.088381,97,4285.522892
949.163826,180,4286.027918
738.198421,141,4286.405131
893.303188,170,4287.486316
630.911143,143,4287.867961
654.898332,128,4288.179755
786.441493,154,4288.563365
751.515409,147,4288.919763
893.18163,167,4289.364295
805.75061,151,4289.835365
1047.619075,189,4290.959406
964.915013,176,4291.405913
844.990596,158,4291.797999
912.878191,195,4292.292989
1110.50254,216,4294.333905
692.606164,133,4294.685948
861.41979,177,4295.787348
608.643251,138,4296.14929
1187.355757,231,4296.748957
830.408141,171,4297.194869
648.526584,121,4297.53124
1224.148249,222,4298.806505
277.185188,57,4298.960205
759.17519,147,4299.343909
841.800579,168,4299.771047
1075.714457,204,4300.285446
534.321343,122,4300.602526
509.013667,94,4300.857132
435.368205,100,4301.127091
1176.36296,212,4302.366968
505.104822,97,4304.195056
592.173911,114,4304.497788
648.339317,117,4304.80102
331.397052,65,4304.964535
332.055922,68,4305.132016
871.076874,162,4305.575354
518.664689,119,4305.887039
750.999915,150,4306.282767
825.124633,155,4307.439932
825.306611,157,4307.830903
598.794943,129,4308.148289
920.682111,191,4308.629534
660.68823,125,4308.932426
656.585713,127,4309.257877
619.324287,127,4309.595422
433.089383,84,4310.585252
1473.495207,284,4311.282609
540.231434,98,4311.528145
1004.092576,191,4312.021646
812.418256,151,4313.84801
592.038522,119,4314.154932
821.535266,156,4315.198977
774.867089,150,4315.576288
613.952492,125,4315.891439
956.577435,173,4316.339624
897.288932,164,4316.756743
611.292126,126,4317.089803
569.79714,109,4317.377575
558.801001,112,4317.67413
763.580509,141,4318.70467
752.16397,146,4319.073449
893.167399,172,4319.5129
826.426225,177,4319.967724
698.231944,133,4320.302182
636.634812,140,4320.672637
959.748572,186,4321.819305
822.061679,155,4323.956984
558.19701,112,4324.253758
655.335598,121,4324.556264
609.999214,117,4324.846435
571.867906,114,4325.135141
703.994777,132,4325.460228
948.046654,200,4325.993153
526.667953,97,4326.978306
953.626455,179,4327.42946
478.020548,90,4327.65124
559.930025,104,4327.91541
891.685338,160,4328.326849
1026.580851,194,4328.817488
861.802759,166,4329.248122
571.598081,113,4330.243154
956.53327,195,4330.753988
536.286156,102,4331.017272
786.613686,158,4331.424082
630.514855,121,4333.38848
748.90652,143,4333.755813
400.696641,77,4333.954423
565.154496,118,4334.258572
774.433757,157,4335.345564
721.155316,135,4335.693368
593.151045,115,4335.988776
524.618511,117,4336.302575
673.219267,129,4336.635616
819.238162,166,4337.08037
1134.587209,236,4337.719373
960.185069,198,4338.928703
487.232843,92,4339.160071
400.190484,78,4339.361969
749.271114,144,4339.736964
700.778008,132,4340.069435
574.470002,129,4340.414206
643.65914,112,4340.720667
1447.17584,269,4343.872471
1608.172609,288,4344.591753
1179.182736,224,4345.140548
509.834125,102,4345.391357
513.469919,120,4345.713838
612.392046,128,4346.036325
941.58088,168,4347.270618
609.596914,133,4347.607576
536.981546,107,4347.874458
570.710421,115,4348.158898
900.042947,173,4348.592717
749.844123,153,4348.964186
1046.454323,196,4349.481354
731.175569,142,4350.511376
707.81866,143,4350.878969
1021.650902,189,4352.924937
820.542128,152,4353.317797
612.575733,118,4353.62484
1230.830538,255,4354.302219
740.299362,143,4355.334316
815.241086,148,4355.708997
635.146222,120,4356.01607
799.571918,149,4356.397454
881.140558,161,4356.811755
601.633102,115,4357.114977
577.919731,114,4357.420293
817.119894,155,4357.839005
759.08523,152,4358.88538
860.629545,162,4359.297944
936.141364,183,4359.763167
741.650221,166,4360.214663
845.647941,168,4360.685087
529.148841,100,4362.460279
651.568223,122,4363.492512
706.164426,139,4363.900729
1236.651167,230,4364.472299
427.437954,99,4364.72436
833.73505,159,4365.121926
587.891197,129,4365.44173
925.081538,181,4365.894783
1236.546763,237,4367.056457
928.601965,195,4367.574787
678.002121,142,4367.93326
610.589695,115,4368.222528
1193.845058,238,4368.836796
728.544751,137,4369.19118
596.179055,114,4370.042856
1085.250192,208,4372.402531
902.907551,162,4372.819657
654.656057,124,4373.13814
959.797985,193,4373.650884
1153.662317,220,4374.23543
1011.436963,201,4375.34911
389.985741,78,4375.548425
711.946614,151,4375.937687
634.111835,135,4376.288933
662.733178,122,4376.598972
1030.175927,194,4377.11372
522.798093,100,4377.38088
900.656142,183,4378.3661
892.62876,164,4378.762757
764.178506,145,4379.127857
767.982439,152,4379.54223
830.364367,159,4381.524697
734.746035,135,4381.865722
747.253347,144,4382.240809
1583.755598,294,4383.725138
542.05122,101,4383.972388
675.510463,125,4384.295335
939.139348,186,4384.748074
797.805718,146,4385.12061
961.502739,190,4386.304224
999.854527,190,4386.785921
726.576082,155,4387.184188
707.356142,134,4387.526917
1093.932093,205,4388.051277
1090.159061,214,4388.631913
1450.00484,270,4391.703149
588.344829,112,4392.002375
589.524451,115,4392.298672
547.149641,115,4392.603005
391.100901,75,4392.794533
515.400284,96,4393.044928
835.562475,178,4393.532905
526.440125,111,4393.844113
877.599721,167,4394.923825
1067.471135,199,4395.416619
855.412235,173,4395.892052
689.401633,125,4396.248657
857.601583,162,4396.641909
760.777515,151,4397.021654
811.399225,165,4397.944973
781.011655,149,4398.316881
778.33333,165,4398.733111
1205.312088,245,4400.94882
892.397848,167,4401.375367
824.842048,165,4401.801788
831.503793,170,4402.959813
659.532621,143,4403.327951
773.623161,131,4403.663602
694.052196,141,4404.024793
658.23927,123,4404.34144
429.164772,80,4404.544637
587.642458,110,4404.828632
817.47704,154,4405.240514
950.06584,191,4406.400392
707.635204,129,4406.727576
335.866608,67,4406.896839
924.351728,182,4407.377864
570.07139,109,4407.659956
965.212743,191,4408.162653
518.523275,99,4408.42573
496.53712,114,4408.734665
753.919764,154,4411.341617
959.504413,187,4411.821727
671.127949,124,4412.141481
1108.446362,220,4412.719105
609.699395,136,4413.078212
1089.965091,189,4413.572814
833.88471,165,4414.627861
913.772926,165,4415.041177
823.920169,160,4415.439559
884.317083,169,4415.890698
723.344725,147,4416.302593
719.72143,145,4416.664951
937.520715,180,4417.762388
697.47051,137,4418.098002
908.568993,200,4418.601493
530.522927,120,4420.312968
715.794454,133,4420.641906
1227.086106,220,4421.186477
731.784972,155,4422.247514
683.079092,121,4422.555028
669.378718,123,4422.866564
1036.452304,191,4423.36213
629.987469,127,4423.689859
604.538762,116,4423.992486
561.240607,107,4424.283855
741.76837,145,4424.676781
614.144637,122,4425.598041
1073.788682,207,4426.147468
548.455817,102,4426.410288
774.103088,140,4426.77453
639.097796,121,4427.089168
675.578033,129,4427.435841
1270.476127,262,4429.903395
1158.605767,215,4431.126503
727.017431,140,4431.481095
624.57026,112,4431.757009
665.713767,122,4432.066337
946.378526,180,4432.511316
886.960127,164,4433.009391
881.034579,173,4434.063037
750.096887,137,4434.418891
712.401192,143,4434.783626
1015.002886,199,4435.291851
851.321233,164,4435.717807
455.724598,87,4435.94298
727.806997,133,4436.35555
797.032762,144,4437.295062
791.483337,145,4437.654166
510.818144,101,4437.90472
779.230988,147,4439.768425
1367.261501,263,4440.460799
771.199311,140,4440.816477
841.445208,164,4441.228443
933.804719,177,4442.362241
724.393124,136,4442.719484
690.265257,137,4443.077613
778.223159,145,4443.448715
967.479187,194,4443.965794
564.278512,106,4444.261928
652.781423,125,4444.607474
791.68602,149,4445.663048
445.148219,102,4445.929104
776.510048,172,4446.373237
962.932349,196,4446.875231
950.288067,177,4447.332994
985.419337,180,4449.477473
546.187549,118,4450.367594
353.492984,67,4450.533082
991.630992,213,4451.083072
915.942618,172,4451.511872
612.154888,123,4451.826406
870.872449,163,4452.260827
635.842191,130,4452.605094
775.020463,138,4453.613537
714.889103,133,4453.961161
719.653692,135,4454.293201
850.498693,181,4454.746147
377.436929,72,4454.928046
813.311146,149,4455.295104
663.327519,131,4455.631662
851.20375,177,4456.107569
805.342881,144,4457.070622
747.352461,154,4458.927527
1434.788585,277,4459.64874
1650.386535,315,4460.483758
867.43251,172,4461.496408
795.872323,154,4461.882107
827.698103,152,4462.261642
579.312216,111,4462.539896
888.396293,172,4462.979481
616.718978,129,4463.307683
984.887112,182,4463.794619
1083.40407,194,4464.884875
440.488195,92,4465.118935
548.714954,110,4465.408052
680.296867,143,4465.775485
609.506744,113,4466.055912
991.622103,182,4468.179926
1169.31439,238,4468.809152
834.705169,175,4469.906749
668.955186,122,4470.207155
593.222733,116,4470.502927
417.829412,83,4470.736785
558.832722,120,4471.072788
925.813653,191,4471.558371
627.126084,122,4471.8589
445.98179,96,4472.100723
745.53992,141,4472.959568
1253.065222,241,4473.572556
727.100494,132,4473.903995
1027.023264,197,4474.461162
809.399537,156,4474.854944
739.390341,148,4475.216942
429.995602,80,4476.079036
696.811053,132,4477.875368
430.705634,85,4478.095377
881.913382,171,4478.539884
720.124887,137,4478.895664
908.236379,165,4479.324108
573.67491,108,4479.604658
503.451667,98,4479.862555
856.001713,179,4480.916914
768.414083,138,4481.267784
703.74145,128,4481.595041
1054.028884,199,4482.097706
539.892656,125,4482.422725
660.777301,124,4482.748362
792.502725,151,4483.15096
452.290614,85,4483.942358
708.435181,135,4484.28398
972.84866,178,4484.738983
695.020154,127,4485.063185
570.013478,117,4486.958641
612.399638,114,4487.2791
833.517171,175,4487.763616
1115.911808,198,4488.740398
609.630251,124,4489.048624
674.808162,128,4489.357101
1081.274775,205,4489.869624
689.389956,130,4490.190477
668.820896,125,4490.53659
660.164444,114,4490.874481
1011.551442,182,4491.839915
549.050341,106,4492.097738
564.427034,127,4492.420669
551.227472,117,4492.712547
720.916513,149,4493.081516
973.883894,182,4493.519662
1102.831025,211,4494.13092
650.126807,136,4496.777357
830.004258,163,4497.193353
808.596992,153,4497.581987
551.913698,102,4497.843818
572.630099,110,4498.133446
682.146022,124,4498.458471
639.822131,122,4498.79065
780.321461,154,4499.208478
622.260688,116,4500.207501
675.489333,152,4500.602721
749.888347,138,4500.956923
806.316683,152,4501.349863
769.678129,142,4501.714025
984.632572,172,4502.175904
777.426128,162,4502.611443
576.614988,106,4503.574931
578.159604,118,4503.881882
941.886977,184,4504.379642
932.697344,175,4506.371744
1151.445563,198,4506.949813
749.532049,155,4507.372363
654.752348,136,4507.703482
645.919402,119,4508.661554
839.50128,155,4509.058007
833.301199,153,4509.442342
411.416696,81,4509.648607
1249.672209,228,4510.275438
613.11837,116,4510.573998
697.692509,127,4510.897604
845.483688,156,4511.968161
573.460191,127,4512.286964
630.238062,127,4512.602519
1247.123524,235,4513.217499
735.278671,152,4513.618898
799.299756,155,4514.038936
1237.302176,243,4517.114873
1046.118518,196,4517.625708
581.717998,117,4517.927674
963.169401,183,4518.408509
883.115359,173,4518.862391
855.63926,172,4519.32606
670.54423,131,4520.355536
819.89657,151,4520.746455
559.581662,120,4521.060285
978.795189,183,4521.53222
783.902859,159,4521.948698
779.334015,140,4522.313624
455.068792,89,4522.544007
834.055847,153,4523.743798
1000.591058,184,4524.206622
593.945689,116,4524.494215
855.920749,169,4526.502829
714.712678,136,4526.895164
602.276493,122,4527.202175
645.816907,122,4527.500419
1081.837414,204,4528.657063
599.705464,118,4528.951339
550.966976,117,4529.249685
456.41381,87,4529.468003
780.95846,153,4529.889864
1186.615538,244,4530.542121
851.355052,166,4530.966561
1146.741864,216,4532.183663
718.633327,137,4532.535684
556.143261,120,4532.844446
774.616524,161,4533.257538
705.45965,136,4533.610593
731.812804,142,4535.589669
616.390438,130,4535.943039
603.976801,111,4536.861265
673.800225,131,4537.190882
723.970125,147,4537.565722
1009.990065,221,4538.14065
579.222349,111,4538.422744
525.181531,120,4538.732117
1314.551212,248,4539.40037
811.300143,147,4540.412559
807.144925,156,4540.806871
591.742364,120,4541.104374
627.156125,115,4541.390625
1023.388028,205,4541.906085
1048.555018,203,4542.434564
449.099815,88,4543.377801
784.084671,146,4543.790369
819.320554,153,4545.517286
701.393783,152,4545.928752
805.734214,150,4546.312092
878.498491,167,4546.813903
634.626328,116,4547.149074
871.716389,165,4548.240062
820.272781,152,4548.633976
890.060265,183,4549.123285
1061.907133,186,4549.619426
694.045866,135,4549.981451
625.944381,115,4550.299441
1071.130427,222,4550.920259
797.752463,159,4552.014431
457.80921,103,4552.278635
1081.505837,199,4552.788996
1034.530158,204,4554.853323
609.135979,120,4555.186656
542.491239,102,4555.453488
628.553555,131,4555.797648
672.385701,134,4556.823404
776.412391,146,4557.212852
725.744044,128,4557.548394
755.766079,139,4557.918912
567.657806,106,4558.205779
995.342035,184,4558.684823
707.103687,145,4559.09444
764.040657,150,4560.275152
867.676277,177,4560.737067
694.841369,133,4561.077726
675.855452,130,4561.408067
794.824376,152,4561.807026
840.197513,160,4562.229527
773.223865,137,4562.643442
517.324109,107,4563.65133
777.769117,162,4565.679891
739.50101,134,4566.098297
1017.457512,191,4566.601502
496.289482,92,4566.837116
797.219917,151,4567.219737
500.690158,96,4567.461064
652.330141,126,4568.427888
873.454495,182,4568.901019
877.236466,167,4569.326178
604.814889,121,4569.648663
867.36608,160,4570.055132
885.467703,186,4570.549592
1058.746764,221,4571.825659
642.138525,125,4572.141198
941.979063,177,4572.601562
1045.552076,193,4573.101957
535.785298,107,4575.092961
573.694786,111,4575.368052
907.16631,166,4575.766103
810.632069,150,4576.775561
1059.841086,198,4577.260447
957.886221,180,4577.736723
999.499431,182,4578.254373
793.759723,160,4578.65364
590.479051,115,4578.958115
643.695445,143,4579.316121
693.345674,131,4580.272974
1111.52362,214,4580.837754
1076.867332,204,4581.428135
1249.345865,245,4582.039205
772.10014,151,4582.409364
663.814474,137,4584.982304
1049.490136,196,4585.480933
788.409052,151,4585.867655
1093.498791,195,4586.378393
367.706196,81,4586.591649
409.424541,95,4586.844866
517.475703,97,4587.109327
903.64818,178,4588.246835
704.782992,133,4588.585715
806.255065,169,4589.01211
756.427805,144,4589.379723
1108.521325,193,4589.870301
722.548939,162,4590.300852
1758.602631,316,4591.812338
484.689543,111,4592.102883
1033.978075,188,4592.581553
988.749601,188,4594.56496
773.228136,142,4594.914699
944.738556,178,4595.379832
721.324681,133,4596.413333
634.419028,119,4596.774184
845.56969,165,4597.196277
524.874779,113,4597.474463
832.911659,159,4597.882146
836.976181,161,4598.278608
877.491221,172,4598.727241
570.186736,106,4599.005533
673.864783,137,4600.036927
836.561072,157,4600.440109
744.869864,152,4600.832734
741.078334,135,4601.179519
519.127348,115,4601.485891
958.676141,177,4601.968754
1079.592671,206,4604.767157
803.546651,152,4605.158558
1326.206916,258,4605.81389
740.295839,140,4606.166168
679.021133,137,4606.518703
1063.821494,189,4607.025651
628.321742,122,4607.916353
620.93229,118,4608.220321
440.759444,89,4608.450122
489.72982,100,4608.735014
683.903791,139,4609.145171
618.051448,140,4609.500186
1304.958438,251,4610.128546
784.339298,154,4610.518466
933.41888,184,4611.51833
713.318384,159,4613.710404
431.285753,84,4613.917909
670.310498,127,4614.230628
755.624506,142,4614.616786
623.714636,125,4614.939971
1059.572913,200,4615.510329
791.838708,167,4616.515271
1120.584907,215,4617.060287
661.283748,129,4617.390497
1054.402702,224,4617.98999
514.71562,121,4618.324695
1054.253885,212,4619.468485
860.920469,159,4619.870841
803.430603,147,4620.245399
969.260544,207,4620.788156
814.577472,170,4621.238163
595.940565,112,4623.29693
546.596586,108,4623.580914
690.60293,125,4624.461218
715.935525,146,4624.842144
1198.638591,223,4625.407693
737.63577,146,4625.783482
673.362783,133,4626.12371
932.818214,192,4626.620858
718.074894,133,4627.03774
852.327822,172,4627.999529
538.872637,102,4628.252721
1116.385968,213,4628.778988
485.968005,102,4629.034061
782.979847,147,4629.39987
560.12512,108,4629.686327
535.937012,103,4629.989532
727.844263,146,4630.975754
562.154077,111,4631.270374
622.065467,127,4633.465638
1067.831399,188,4633.968674
626.496851,143,4634.354855
503.395928,113,4634.655042
481.870618,112,4634.95412
540.678646,104,4635.231649
772.428162,143,4636.185499
1495.365254,281,4636.912853
567.315443,105,4637.182635
500.785815,106,4637.486583
432.473026,87,4637.746455
878.372426,177,4638.277626
733.05755,151,4638.743847
467.588144,100,4639.603736
1046.483027,196,4640.116814
1076.577016,204,4640.665588
627.123252,131,4641.019127
526.408297,107,4643.046665
552.195706,108,4643.333645
819.541692,155,4643.756385
924.7861,172,4644.76365
825.605808,159,4645.22
489.527518,100,4645.51816
788.365706,144,4645.879255
806.601994,149,4646.266674
751.787454,144,4646.64067
1104.645562,205,4647.190825
657.990361,129,4648.091695
807.022284,177,4648.603672
730.91314,158,4649.054912
893.848728,180,4649.519908
741.112521,147,4649.90897
832.888035,161,4650.330939
931.913867,179,4652.750806
933.969942,169,4653.212597
480.141316,95,4653.467345
1190.113365,222,4654.072565
981.593617,177,4654.555154
623.125496,121,4654.895098
779.814916,151,4655.318445
736.275571,147,4656.365468
781.902593,155,4656.781166
649.500395,134,4657.132075
543.405338,104,4657.398977
1064.797306,214,4657.980336
520.696187,118,4658.322566
886.602524,172,4659.480977
1091.161785,212,4660.02387
737.332939,144,4660.392763
853.615502,153,4662.436774
563.281797,124,4662.790349
506.164486,100,4663.062802
711.929768,152,4663.470223
973.842298,191,4664.624935
856.619342,153,4665.029372
744.473701,144,4665.448483
755.577429,136,4665.847187
787.403533,146,4666.228456
554.020866,123,4666.559668
762.763825,154,4666.94611
359.361688,84,4667.165166
510.460593,96,4667.969745
878.868796,198,4668.513629
691.15339,143,4668.891664
1062.040016,214,4669.506627
447.860642,104,4669.806569
1111.6353,202,4670.364276
465.231798,108,4673.199869
894.124205,182,4673.679726
936.383676,201,4674.226969
833.232105,149,4674.632102
834.17862,160,4675.070091
733.004858,142,4675.463586
900.907736,188,4676.702083
781.738552,152,4677.117026
817.181534,167,4677.560375
638.979111,126,4677.891377
855.111464,190,4678.432515
900.412662,182,4678.949512
647.40632,149,4679.344222
579.292311,113,4680.177063
677.244987,143,4680.556802
679.338604,126,4680.868399
626.934364,142,4683.099088
730.733806,135,4683.473645
683.939115,140,4683.864985
562.452564,112,4684.186412
613.870942,114,4684.494561
711.660311,137,4685.580834
689.233452,123,4685.927179
984.893563,211,4686.474904
1039.94105,186,4686.963463
1181.097242,224,4687.574444
632.819771,125,4687.929867
605.000799,108,4688.919465
702.749695,138,4689.2838
592.103606,112,4689.572468
561.863926,103,4689.843948
581.546322,106,4690.132556
1055.965959,212,4690.704093
823.495714,158,4692.917735
761.740706,165,4693.9276
791.495101,174,4694.394849
703.275681,135,4694.747155
716.567431,133,4695.105653
1192.763997,235,4695.702338
1041.930339,191,4696.222112
980.461027,188,4697.297836
879.149271,179,4697.816411
830.736291,146,4698.226856
689.780826,132,4698.581389
621.73503,120,4698.889832
597.731842,123,4699.205002
890.613252,178,4699.671047
639.394379,120,4700.560731
969.796254,185,4701.05048
510.439125,101,4702.742477
1353.238137,249,4703.377806
748.614501,150,4703.798255
1081.0464,201,4704.358516
584.213514,111,4704.662991
1069.601021,207,4705.831255
569.649561,113,4706.130379
799.388072,149,4706.535369
588.171816,111,4706.826325
584.892967,111,4707.123275
1049.574296,186,4707.626774
1013.581666,194,4708.74736
693.192401,131,4709.099578
668.521188,134,4709.461221
962.708325,177,4709.924912
747.584107,136,4710.285876
487.859786,107,4712.382868
700.696432,143,4712.751744
