#{"t_start": 1787570597.007356, "env_id": "Humanoid-v5"}
r,l,t
121.979435,27,2.657912
80.355969,18,2.690718
71.493543,16,2.71855
100.28535,22,2.762917
76.312984,17,2.815385
95.531565,21,2.878399
97.769877,22,2.926492
81.56855,18,2.960959
87.580912,19,2.996904
84.925842,19,3.033317
194.385406,43,3.112097
76.295992,17,3.14275
78.138748,18,3.174396
89.011248,20,3.21058
70.932773,16,3.238379
137.685326,29,3.2914
87.935678,22,3.330372
76.318805,17,3.361211
81.904972,18,3.391787
82.132717,18,3.42373
110.99931,25,3.467724
104.344666,23,3.50894
76.33425,17,3.538267
86.32598,19,3.572702
145.196658,33,3.633566
99.166809,23,3.674345
122.050517,29,3.725584
151.670935,33,3.785648
76.208165,17,3.816507
79.295651,18,3.848597
164.012433,35,3.911318
83.778495,19,3.944171
80.152773,18,3.975911
85.78267,19,4.011148
76.236925,17,4.043067
106.047136,24,4.08523
113.114037,27,4.132106
76.62694,17,4.161237
116.567418,25,4.204245
84.086271,19,4.238828
92.265589,21,4.275723
79.776146,18,4.306272
73.960934,17,4.336512
76.112742,17,4.367829
239.376271,53,4.464908
120.783654,27,5.552074
76.01665,17,5.582317
71.738868,17,5.611518
108.401173,23,5.653537
94.443156,21,5.692609
114.158454,24,5.741684
116.784088,26,5.791393
96.638672,21,5.831915
79.026648,18,5.868343
75.776445,17,5.905587
135.41916,29,5.966155
104.599103,23,6.009702
76.664656,17,6.042365
75.862698,17,6.073805
189.47888,42,6.153498
96.417472,21,6.191304
102.392793,23,6.236636
76.099102,17,6.266734
91.096346,23,6.310344
109.105867,25,6.354575
69.206489,16,6.383084
76.067976,17,6.413565
87.311693,19,6.445315
76.864195,18,6.477742
71.519821,16,6.50604
76.477975,17,6.535685
118.302359,27,6.583737
101.531329,22,6.623822
120.332696,25,6.668147
76.344141,17,6.698307
88.238804,20,6.733238
221.209398,47,6.81965
111.889809,24,6.863297
75.992145,17,6.892999
88.040847,20,6.930499
101.705532,22,6.968505
75.987407,17,6.998198
91.485638,21,7.035317
70.553735,16,7.063164
75.707406,17,7.092518
93.15476,21,7.130822
76.152099,17,7.159703
86.375246,19,7.192699
76.48548,17,7.221945
106.029737,26,7.267102
75.976674,17,7.298628
76.377364,17,7.329632
104.592656,23,7.372464
87.263428,19,7.405552
81.200516,18,8.003421
234.201023,53,8.099526
71.40258,16,8.128709
90.256307,20,8.165826
76.630145,17,8.196093
77.338584,18,8.227499
145.672752,32,8.285064
104.502791,23,8.325557
76.441218,17,8.355551
78.591032,18,8.387145
80.999665,18,8.420078
98.917789,23,8.459949
102.291883,22,8.49847
69.795903,16,8.525634
83.20729,19,8.557759
77.236507,18,8.589156
130.029527,28,8.638009
97.733484,22,8.676955
90.998296,21,8.715533
118.930222,26,8.761433
131.876191,28,9.177968
70.906183,16,9.206123
90.830881,20,9.241576
89.978908,20,9.276762
85.398036,19,9.310522
106.606136,26,9.35606
104.187734,24,9.400092
173.856467,37,9.467049
75.376235,18,9.499388
139.407239,32,9.558777
115.339753,28,9.611897
85.457424,22,9.65239
75.625995,17,9.682739
96.205567,21,9.722334
87.0975,19,9.757823
76.051294,17,9.789562
85.948125,19,9.824474
75.921088,17,9.856165
76.324702,17,9.890334
157.566174,34,9.971237
75.843921,17,10.003358
65.830553,15,10.030974
79.302129,18,10.064589
83.695129,19,10.100395
116.741507,27,10.150512
125.781684,28,10.2035
125.531832,28,10.739744
96.094333,21,10.786637
112.932654,24,10.851945
75.568323,17,10.885461
81.089228,18,10.920002
156.547183,36,10.998481
120.252244,28,11.055992
104.043843,23,11.102
79.562886,18,11.13616
190.682298,42,11.220583
76.073022,17,11.253726
109.101976,24,11.299831
192.542926,40,11.37715
86.831726,19,11.411626
163.557812,34,11.478943
159.264882,34,11.544017
74.666197,17,11.577952
175.20676,40,11.656609
87.315291,19,11.695506
93.238842,21,11.734446
107.74706,23,11.779394
80.522346,18,11.812243
84.825648,19,11.851391
75.264783,17,11.884671
88.728233,19,11.925962
129.461462,28,11.985079
90.843272,20,12.025196
142.293733,34,12.096757
76.048934,17,12.133136
107.323025,24,12.184644
132.45895,30,12.254666
116.338727,25,12.314561
70.264199,16,12.34631
92.290629,20,12.387044
80.730983,18,12.428495
64.106506,15,12.461047
102.845462,22,12.505651
144.779106,32,12.572541
129.039394,30,12.638879
71.514882,16,12.669991
202.430749,42,12.761283
79.429551,18,12.801956
154.37821,33,13.55346
88.670741,21,13.59607
93.027447,21,13.643411
219.500861,49,13.750467
121.322812,29,13.813954
150.452173,33,13.886337
172.432506,42,13.975976
84.441219,19,14.014917
151.178945,34,14.084741
88.234896,20,14.123703
89.691056,20,14.165267
96.836336,21,14.20842
90.39007,20,14.252996
178.562578,37,14.329258
129.65042,28,14.385578
138.329939,31,14.446084
145.054314,34,14.511464
110.33613,24,14.558376
133.347034,29,14.62109
152.011807,34,14.707038
127.860141,29,14.779317
109.558742,24,14.837965
112.004804,24,14.896943
129.300722,30,14.984676
138.442579,29,15.057344
93.495793,21,15.118943
174.488952,40,15.232132
134.99122,29,15.307789
97.082784,22,15.359836
197.441474,43,15.455824
95.44136,22,15.51161
118.665199,26,15.580355
191.499589,43,16.380507
92.365653,20,16.429617
91.148691,20,16.473066
133.179358,29,16.539576
188.92565,42,17.390937
204.108589,45,17.520671
118.356201,26,17.595558
133.245853,30,17.692033
101.919533,23,17.744615
251.666312,54,17.869351
74.162314,17,17.907634
90.688385,20,17.959532
230.825667,46,18.101883
152.286217,33,18.215488
160.815743,34,18.308325
160.358718,33,18.411336
83.584086,19,18.467382
190.839369,42,18.585731
102.181786,23,18.654719
90.358432,20,18.711204
160.111869,34,18.808232
89.494677,21,18.852671
125.294125,27,18.919093
103.659607,26,18.988294
118.000545,28,19.055264
148.571994,33,19.130984
117.324861,26,19.192937
80.87887,19,19.238222
155.3686,37,19.318252
113.156971,25,19.373725
170.226747,34,19.447514
126.998471,27,19.506822
151.958517,32,19.585718
128.595862,27,19.65273
115.224808,24,19.71334
88.970279,20,19.759272
124.360716,27,19.819031
158.567121,39,19.906955
71.155257,16,19.941369
146.099226,31,20.551507
159.227779,34,20.634158
133.610287,31,20.712034
130.756735,29,20.775907
151.187997,33,20.852833
76.264541,17,20.891227
163.727864,34,20.96816
113.717184,25,21.021862
80.536078,18,21.060213
128.165667,29,21.124817
179.090792,41,21.216696
220.692604,46,21.319899
135.579932,32,21.387788
108.17867,25,21.43814
81.116502,18,21.477545
140.004423,30,21.554063
163.692364,34,21.643414
180.668543,39,21.746045
260.61223,57,21.908164
133.516768,29,21.996042
88.059284,21,22.051748
91.057284,20,22.101751
122.931324,27,22.160538
113.096633,25,22.218525
102.687083,22,22.268097
165.144267,37,22.351525
176.441829,39,22.43929
192.167977,42,22.530314
130.619379,29,22.596752
92.997805,21,22.642516
81.034492,18,22.683664
134.594209,29,22.746635
215.502277,46,22.846578
76.146608,17,22.883485
180.368007,38,23.52919
85.812272,19,23.572395
76.005319,17,23.60961
161.313522,35,23.689134
105.024204,24,23.743282
84.256335,19,23.784741
143.714524,32,23.856687
260.842096,53,23.979954
184.859422,40,24.070024
350.976587,75,25.228038
433.058963,87,25.423511
79.777266,18,25.461047
211.024254,45,25.567425
190.433064,39,25.654474
306.129039,65,25.800615
182.774886,38,25.887267
122.632434,27,25.950401
91.938301,20,25.993116
202.731825,45,26.093763
127.343882,26,26.149192
265.3963,53,26.269665
268.855425,61,26.416435
101.141594,22,26.472087
206.114327,44,26.582888
192.870036,45,26.683359
139.570083,34,26.765274
231.058475,50,27.465083
113.016994,24,27.519791
112.242587,24,27.574989
105.951811,23,27.628259
398.706484,82,27.836266
135.453139,33,27.910574
211.697132,43,28.016692
170.545215,37,28.109187
272.318304,63,28.265225
178.422112,38,28.379931
128.186356,34,28.480282
158.107333,37,28.578004
167.015689,36,28.678756
141.234242,32,28.774349
276.165078,55,28.919347
183.111128,42,29.024169
71.688499,16,29.064268
239.981081,53,29.203161
226.598847,48,29.316377
208.085993,46,29.431832
172.426999,40,29.542223
192.666134,43,29.659729
104.34441,23,29.715268
148.556064,32,29.783608
274.051037,56,29.91293
141.595756,34,30.724957
135.194118,28,30.797611
220.035927,50,30.927928
183.103636,42,31.027529
345.256594,76,31.222493
245.963067,57,31.367104
190.08142,39,31.464883
152.893434,37,31.562414
192.454332,43,31.676429
206.578656,42,31.790946
222.970393,50,31.941861
122.873247,26,32.020709
214.481012,45,32.144304
189.002912,42,32.243104
250.893999,57,32.373283
217.500204,45,32.477818
391.703128,81,32.666129
198.41796,45,33.788155
270.688938,57,33.962204
232.812851,53,34.109982
120.919934,27,34.183003
191.778696,47,34.306618
102.445029,23,35.129817
335.393714,68,35.311466
93.790297,21,35.358653
269.2655,53,35.484756
205.642481,46,35.589067
305.697668,62,35.736356
346.933149,77,35.918712
160.696602,34,35.996828
202.758163,46,36.107859
289.789046,62,36.266468
203.693126,42,36.389451
241.519358,53,36.528829
191.562853,46,36.647904
148.090778,32,36.742395
165.066438,35,36.848071
112.371987,25,36.922344
432.071801,86,37.174494
250.343332,48,37.312583
159.673186,34,37.402279
182.372847,40,37.524222
168.105003,34,37.636164
216.091689,47,37.805909
317.869887,63,38.79174
178.219529,40,38.915282
171.69313,36,39.028716
241.050097,49,39.179671
159.333468,37,39.281224
234.572524,48,39.404927
276.366026,57,39.538202
265.644568,57,39.668785
112.24647,24,39.720983
384.029703,77,39.935289
257.417837,56,40.0904
205.383216,48,40.219038
356.004986,76,40.417372
233.246856,49,40.535279
253.606658,53,40.683794
289.971978,64,40.837958
176.679978,39,40.928132
209.1671,44,41.030213
135.668969,29,41.0948
135.896296,29,41.170073
202.671934,42,41.277209
288.388845,57,42.058387
198.715295,43,42.198395
351.301521,76,42.422351
198.362856,42,42.540129
277.222333,55,43.294099
159.099608,35,43.37389
241.529525,49,43.487441
217.7946,51,43.608417
139.409235,30,43.676314
253.91949,49,43.791887
296.032015,63,43.945366
244.322779,54,44.075317
130.415899,28,44.145794
298.359848,60,44.28966
239.560185,57,44.423002
274.604047,56,44.561054
197.967297,47,44.679579
144.062474,32,44.759763
345.331624,73,44.941907
458.518099,88,45.169814
215.403983,46,45.85166
293.844909,64,46.032197
278.872274,56,46.193451
326.913294,70,46.361282
242.764028,58,46.497221
158.497917,35,46.574071
235.23617,53,46.703966
288.156031,56,46.84123
96.66133,22,46.894329
256.060635,54,47.014601
196.03347,47,47.12263
382.371532,76,47.299843
180.828884,42,47.394189
298.762214,63,47.54376
209.708635,48,47.65832
160.06563,33,47.737983
182.304587,38,47.828559
297.251436,60,47.96609
173.831294,39,48.05892
309.543693,65,48.216936
271.339691,53,49.072239
340.175378,71,49.269589
411.228695,81,49.46403
263.616652,56,49.614926
228.139229,55,49.759438
179.307454,39,49.858056
274.847678,64,50.017176
356.264295,72,50.188887
276.291974,60,50.329817
294.129605,64,50.484967
282.143352,61,50.624058
197.035467,41,51.300656
232.460215,48,51.423931
217.274147,49,51.540521
285.513172,58,51.685539
293.694826,58,51.873242
332.363589,70,52.069561
232.334503,49,52.876322
340.705265,65,53.038121
391.617665,79,53.232132
333.691435,66,53.393516
203.576428,43,53.49778
303.860712,61,53.646408
266.252781,54,53.779501
249.247667,50,53.894181
276.416713,59,54.039181
305.950444,62,54.186891
147.312763,30,54.258765
232.41193,52,54.378361
365.573308,72,54.552922
261.181971,53,54.680963
190.954014,42,54.789057
417.415739,80,54.998959
294.656854,60,55.14781
274.903116,63,55.314135
253.293771,52,56.131202
235.709601,52,56.257933
327.381571,75,56.434459
281.443642,54,56.563121
229.588034,48,56.678953
350.692074,67,56.841692
376.174335,77,57.019898
287.029375,56,57.158063
366.324624,72,57.334968
278.778018,64,57.487965
353.433812,71,57.654813
399.795893,82,57.859355
324.135613,66,58.035215
359.773887,82,58.241369
216.611332,48,58.360815
314.066839,62,58.518969
295.926327,60,59.376439
396.472206,81,60.111517
236.136955,47,60.221796
241.480735,51,60.345841
255.252608,59,60.487556
373.779643,76,60.67303
355.772489,70,60.840587
272.715429,53,60.967013
257.051919,51,61.091904
244.208977,54,61.231406
204.214124,45,61.345871
283.426196,55,61.490493
353.673628,70,61.66801
336.589292,66,61.843028
356.540331,69,62.025213
208.964775,48,62.152495
421.017461,82,62.355901
233.218392,55,63.170525
279.328538,59,63.316003
290.850153,57,63.455559
355.420971,78,63.642741
215.084092,45,63.747171
286.134816,60,63.894872
251.274993,51,64.013651
351.732337,73,64.190305
311.907167,61,64.336894
327.273798,66,64.49227
318.660537,63,64.63987
307.588184,69,64.802754
267.272554,53,64.932967
321.739387,68,65.100212
226.015904,50,65.231427
218.912461,48,65.365436
323.261764,62,65.521968
395.044186,85,66.434457
294.808897,69,66.605371
317.444713,64,66.760724
323.126517,69,66.930059
228.607909,47,67.043325
235.82362,51,67.163947
288.862023,56,67.298453
382.241702,84,67.507713
245.0002,52,68.217074
372.790083,83,68.425663
380.059125,79,68.629091
538.289098,111,68.920521
394.438864,78,69.151642
355.782021,79,69.384994
580.385037,113,70.283492
276.883464,54,70.417886
331.107097,67,70.585084
320.644956,62,70.738459
321.722793,63,70.89224
317.507054,63,71.045704
298.830008,59,71.191441
320.984749,70,71.360586
477.30077,92,71.582951
264.153856,52,71.710176
245.443077,51,71.83186
305.839031,61,71.9881
476.922719,102,72.252204
284.467842,56,72.3954
458.766792,87,72.623462
293.50803,59,73.310724
355.945793,72,73.515548
231.592662,46,73.65836
427.320505,84,73.885231
298.403314,58,74.030937
330.038075,66,74.194885
367.59509,74,74.374768
403.843739,79,74.570351
446.099776,87,74.783428
254.690975,51,74.90433
381.553948,74,75.084478
277.814476,55,75.218023
650.943918,135,75.568922
301.763184,60,76.458643
266.370877,56,77.384401
336.96744,72,77.563411
360.847364,71,77.738516
325.795279,64,77.9001
272.232918,60,78.041444
552.66348,119,78.333225
531.623989,110,78.612385
307.162905,61,78.766353
344.337641,75,78.964743
318.110392,73,79.15448
375.853895,75,79.343794
410.898795,89,79.578429
336.195052,65,79.751173
227.891334,53,79.885055
437.587397,83,80.770364
290.399589,58,80.940912
414.332416,93,81.189535
396.790213,77,81.379848
268.219639,56,81.519968
352.046381,69,81.701125
393.40465,91,81.924352
334.144051,73,82.102336
343.528938,69,82.280318
293.602806,61,82.437032
397.722477,78,82.633468
406.756598,79,82.831946
318.210906,65,83.004193
277.417351,55,83.149049
366.879453,71,84.043679
345.316174,69,84.239807
389.821516,75,84.444951
375.472926,75,84.633106
340.555761,68,84.802361
319.207047,66,84.967761
303.173501,65,85.995663
289.507686,56,86.135608
324.703285,63,86.295996
303.453278,71,86.502266
478.22676,91,86.740428
359.657836,82,86.9456
264.983952,58,87.104145
353.759134,70,87.299492
321.25457,64,87.47427
311.424336,63,88.44021
275.46471,58,88.59766
467.48964,94,88.834182
285.407568,56,88.977898
316.914174,65,89.139259
271.873285,56,89.280502
407.698556,90,89.520861
466.744136,111,89.810195
393.553696,91,90.037124
242.179369,49,90.162575
334.400788,65,90.327143
384.601909,78,90.52668
291.078418,60,90.680298
335.152684,66,90.857281
338.502873,71,91.875725
230.486375,46,91.997313
504.548936,100,92.270251
386.931613,77,92.474324
382.994933,84,92.698635
525.744842,110,92.980244
248.119287,59,93.135969
290.495732,59,93.287422
294.16275,59,93.439352
283.219333,57,93.587813
367.214375,72,93.767788
434.903244,86,94.005465
398.503841,78,95.051449
292.30086,59,95.217167
242.77544,54,95.92055
362.841429,80,96.131402
364.795188,71,96.317385
301.940062,60,96.469523
395.088123,78,96.673317
322.96546,73,96.867246
190.969984,43,96.984728
437.692805,94,97.226477
558.458676,116,97.526334
357.446383,70,97.706196
347.658206,84,97.936883
415.076255,80,98.151446
268.263064,54,98.294666
329.388974,75,98.499826
164.032103,36,99.340415
494.834197,107,99.607371
242.725277,54,99.744625
292.980529,58,99.890318
377.672871,81,100.104796
365.731983,76,100.290798
323.261023,64,100.460582
253.550089,56,100.606389
359.014393,71,100.776976
324.377453,66,100.943271
392.918784,90,101.184525
330.595975,67,101.366067
349.231386,69,101.542851
432.86487,87,101.775199
343.059309,69,102.654026
261.667425,52,102.784364
341.656515,68,102.953078
314.474087,61,103.104763
402.837574,82,103.309396
376.371044,74,104.181993
340.333512,75,104.363763
338.016283,80,104.565016
308.149942,59,104.719688
613.88727,125,105.043653
390.580658,81,105.25489
357.463044,69,105.433441
398.919065,86,105.660366
487.821117,94,105.907236
420.718922,92,106.837468
327.648355,64,106.993612
440.832593,85,107.20779
332.537937,65,107.378918
347.80413,66,107.547637
511.224053,111,107.822971
325.113562,64,107.980708
386.791464,83,108.18642
352.77082,76,108.36824
335.52547,66,108.526819
454.393235,90,108.748135
299.230984,70,108.925744
327.552085,64,109.086995
364.493228,71,109.993009
473.986463,106,110.253037
419.72669,89,110.462315
444.362769,98,110.70279
420.394077,82,110.901445
395.932976,80,111.094421
369.711619,79,111.290209
324.592715,69,111.455202
372.450063,74,111.636117
261.761071,53,112.416052
366.833429,75,112.624215
399.040566,81,112.893596
413.160819,83,113.1314
372.365814,80,113.855926
255.482332,52,113.984651
272.496997,64,114.149173
384.131936,76,114.348909
397.226568,89,114.573465
369.997347,75,114.757114
370.826646,72,114.932335
354.224498,81,115.138311
418.426503,80,115.334202
376.30315,84,115.542031
437.86123,85,115.749498
394.650545,81,115.957477
368.729508,83,116.168616
365.348482,84,117.075921
379.820033,83,117.289891
492.857342,95,117.526008
443.019118,104,117.784443
525.161578,106,118.0445
303.999202,59,118.184191
330.583682,64,118.348696
268.631409,53,118.482675
253.695458,51,118.609241
387.642366,78,118.81087
357.071066,72,118.998986
429.689539,86,119.229048
448.5805,98,119.483733
504.815786,100,120.411522
294.669461,72,120.592905
469.963026,94,121.44065
289.186562,63,121.599183
241.430398,48,121.714485
411.775952,93,121.943114
379.830011,87,122.156765
355.595883,71,122.33305
264.54523,60,122.492399
432.573693,89,122.726315
377.326099,74,122.919474
239.389619,48,123.042407
443.328945,88,123.273916
483.860885,107,124.150319
393.336634,77,124.37167
517.078074,100,124.617089
381.336113,87,124.836928
431.101788,84,125.051328
321.043966,63,125.210529
418.941827,89,125.435155
448.955411,87,125.673546
389.240676,88,125.895301
292.111916,57,126.036244
458.776619,89,126.24879
425.77991,89,126.478226
610.280439,120,127.352043
497.839129,100,127.643277
352.626516,71,127.821131
335.792044,68,127.992772
364.946419,72,128.165058
400.147573,95,128.394506
285.722878,65,128.553865
474.612795,95,128.78416
379.679759,76,129.642624
400.785443,78,129.839435
550.170437,113,130.121192
369.803711,81,130.353862
290.867339,71,130.572205
393.749893,77,131.34412
261.451497,61,131.495347
267.877253,60,131.647338
508.221963,114,131.932052
386.523328,82,132.137786
432.58064,85,132.344866
326.259558,63,132.498178
355.633201,68,132.664645
425.882712,95,132.898735
375.526433,71,133.076715
477.611616,93,133.325905
391.31054,80,133.538313
550.394003,119,134.389456
408.673071,87,134.648568
341.072394,70,134.841636
382.884531,83,135.038262
351.761119,79,135.230159
391.986248,81,135.429996
317.387099,64,135.582164
374.648295,85,135.791187
604.190693,117,136.075752
429.105981,85,136.289849
325.349956,66,136.447873
464.562663,103,136.698761
361.4008,71,137.42908
392.396843,90,138.406994
451.553529,107,138.669339
383.576165,87,138.894437
436.079862,89,139.118597
340.50182,79,139.318807
366.460334,83,139.535254
397.294752,93,139.784559
478.992933,95,140.039781
328.769628,75,140.239149
390.844138,87,140.464923
338.894806,65,140.632362
355.364224,80,141.544337
320.265481,75,141.768078
426.79145,95,142.026128
341.99453,78,142.220884
351.722693,70,142.401639
213.616523,50,142.528629
397.34691,86,142.737677
423.975706,85,142.947382
415.345729,87,143.159224
338.360943,76,143.349495
329.934763,67,143.508918
411.667611,80,143.706344
285.467122,66,143.880893
529.519509,104,144.713131
503.564088,107,145.023579
278.63942,68,145.212951
312.122072,64,145.36409
324.750927,72,145.545277
401.901128,78,145.734626
348.989315,79,145.930485
378.287061,75,146.861853
473.872138,105,147.123173
421.009202,84,147.342631
414.286134,92,147.565765
468.550528,100,147.850949
388.701846,83,148.11452
385.537599,75,148.890279
492.824077,118,149.185989
320.293297,71,149.368067
355.580458,69,149.530815
390.63116,89,149.753076
293.318276,64,149.908147
588.04857,122,150.207563
382.235075,75,150.393822
344.82721,79,150.585435
370.983806,75,150.774683
531.161424,103,151.033967
523.891169,114,151.849195
382.373694,80,152.073729
337.761512,75,152.292151
427.821573,85,152.520068
373.857217,76,152.70771
360.917826,71,152.886087
395.320644,79,153.08376
513.148073,100,153.330185
396.15446,79,153.526213
237.865023,57,153.668605
825.930036,169,154.092044
338.501007,66,154.255371
359.325142,76,155.91101
510.179938,102,156.165598
391.05165,83,156.360131
333.634584,73,156.551167
389.865691,75,156.738393
460.793566,98,156.984401
304.173135,70,157.158313
398.644444,77,157.347307
448.159296,86,157.563887
273.90074,68,157.735745
325.515365,66,157.905664
403.02223,79,158.099638
332.688012,76,158.293389
723.659451,145,159.185237
308.079729,66,159.378011
477.441265,110,159.687788
395.691573,91,159.909072
364.614801,77,160.095761
358.643278,68,160.258719
377.175029,72,160.42923
393.578119,78,160.627074
396.977716,78,160.821345
356.413089,80,161.01439
376.435661,87,161.236146
450.196008,91,161.455986
444.372314,88,162.208905
504.723697,98,162.475731
393.231128,77,162.70407
294.820184,68,162.896898
436.648728,93,163.125117
421.529589,89,164.138412
370.321932,74,164.322891
539.424801,109,164.599019
271.234093,65,164.765567
366.318671,75,164.95234
516.846246,99,165.200759
346.712078,69,165.371984
403.050472,80,166.128756
315.852459,62,166.279491
457.58828,89,166.507729
422.701199,81,166.745141
335.105716,68,166.939168
563.546518,114,167.220406
429.846697,88,167.427095
241.351831,49,167.542851
469.526929,92,167.766786
450.631519,92,167.993694
509.694901,97,168.230501
699.890874,147,168.601049
466.321995,104,169.368078
364.536527,75,169.546312
475.068933,97,169.810246
469.049327,92,170.067821
458.935269,88,170.30486
286.236624,70,170.477631
473.113513,101,170.72424
327.32356,78,170.912576
394.305317,91,171.137113
500.740153,98,172.14265
519.845382,106,172.417377
330.953335,80,173.184986
461.634176,94,173.445475
439.359906,88,173.68017
369.582722,77,173.862159
317.7965,72,174.039832
432.178294,84,174.248096
319.462106,62,174.395401
366.532558,79,174.588866
353.93104,70,174.763765
450.054416,91,174.991253
378.775215,75,175.175231
434.867599,89,175.392296
491.317873,95,175.6408
428.866639,85,176.362417
455.487077,92,176.587343
399.768174,77,176.771812
406.402586,79,176.958453
306.387544,73,177.13622
273.514818,63,177.297247
407.850307,92,177.5538
404.419496,94,177.815024
326.558492,70,177.997
409.471016,78,178.195647
445.025364,90,178.40879
223.212866,53,178.536062
410.214218,79,178.729396
359.100339,73,179.407375
336.804052,68,179.568918
359.739122,70,179.742589
380.499846,79,179.936532
384.222377,87,181.023291
349.394023,67,181.209473
336.44416,76,181.39477
281.001756,61,181.557315
366.379115,82,181.75348
335.502595,75,181.934151
466.288466,87,182.143014
396.389689,83,182.343382
377.429758,76,182.531055
284.810473,65,183.207836
353.643028,71,183.38224
327.943061,69,183.550374
583.201312,116,183.842298
434.968846,87,184.061142
425.435446,83,184.269569
310.886627,63,184.425982
477.114549,114,184.71505
379.265048,79,184.945882
358.528745,71,185.153687
527.930352,103,185.439568
390.852193,78,185.633512
366.889782,81,185.839969
390.296298,77,186.547351
388.530537,74,186.727313
289.574601,62,186.877253
424.681877,81,187.072691
278.357582,62,187.223185
310.292248,65,187.3822
333.85656,65,187.540087
367.005018,72,187.718617
444.218444,85,187.921968
600.047191,131,189.141589
430.217411,98,189.374807
369.315181,73,189.546302
401.069794,76,189.732239
633.031219,118,190.508309
396.692467,83,190.709906
411.343407,79,190.905431
248.065598,57,191.042358
441.514589,84,191.248801
500.343783,103,191.522826
628.423918,123,191.857038
469.546385,90,192.088386
437.066585,85,192.300903
321.465463,73,192.47139
439.221854,84,192.678466
313.689316,77,193.439767
456.329864,91,193.667931
361.25909,84,193.874498
453.708957,102,194.128076
464.101361,91,194.348108
424.962345,86,194.559339
356.543102,69,194.723459
243.366466,53,194.848456
595.860568,121,195.149707
434.478557,85,195.362682
477.34062,91,195.644658
356.008493,70,195.841956
446.499393,92,196.587673
547.221086,116,196.868478
491.035291,104,198.005995
429.251581,86,198.212473
512.211054,101,198.464277
540.95417,115,198.767641
570.396145,131,199.15102
570.825593,124,199.476737
286.491516,69,199.645631
364.818177,77,199.839089
693.881742,143,200.845676
413.343773,92,201.073773
491.080591,103,201.327035
433.092494,86,201.542617
391.355454,76,201.731328
359.817673,71,201.906781
462.53866,105,202.167444
384.912066,73,202.343435
499.997917,104,202.601389
484.557004,98,202.860429
378.445325,74,203.081477
412.620885,83,204.029006
520.906178,103,204.281392
370.0617,70,204.450067
380.561286,75,204.637904
461.05515,93,204.869684
446.179447,88,205.091287
353.510551,69,205.259412
494.452187,97,206.36017
365.568035,75,206.599714
390.630395,91,206.862988
407.856911,92,207.104088
516.131542,113,207.387977
308.260601,70,208.05801
367.262491,78,208.250268
431.381357,86,208.459753
552.301005,112,208.731851
655.807998,129,209.049592
468.164492,90,209.267998
417.507971,97,209.514141
370.141287,74,209.734446
438.924053,87,209.981253
427.171222,82,210.179938
443.779574,102,210.427449
291.706256,67,211.145559
535.997081,105,211.404237
636.519561,127,211.716557
375.284256,76,211.901025
497.23621,112,212.174335
308.434606,73,212.351178
387.510929,87,212.564257
422.335521,83,212.76957
474.476585,93,213.012765
423.089729,84,213.224857
402.421026,97,213.469163
387.660367,78,214.374878
347.557024,83,215.376636
401.43682,78,215.566275
456.63808,95,215.805345
545.259495,111,216.073478
504.167559,113,216.354128
451.313012,87,216.569924
553.788536,108,216.864334
356.033367,76,217.099128
337.805447,68,217.285555
495.055546,94,217.543058
378.941052,72,217.715576
468.176101,89,218.422094
303.717375,69,218.606824
480.261717,94,218.833775
374.93098,74,219.009447
622.94638,125,219.31574
451.540222,97,219.559608
362.382398,71,219.741621
465.140217,89,219.964953
448.643246,97,220.214703
369.723425,80,220.430275
595.513886,118,220.725446
306.919934,69,221.639061
439.506803,84,221.874122
392.807997,91,222.094567
426.393062,87,222.305596
376.431958,73,222.487452
599.574812,121,222.780721
525.572572,108,223.891951
325.9625,78,224.096859
504.16046,117,224.404659
446.264367,89,224.707797
523.43037,108,225.024023
533.318472,109,225.834193
462.148625,93,226.05908
440.855736,100,226.301254
359.273195,69,226.4661
524.54338,107,226.728981
509.413846,110,226.996716
428.694104,92,227.218319
480.553367,93,227.44385
437.87965,86,227.696829
336.096442,75,227.928622
464.641073,91,228.180987
443.958622,85,229.052582
404.845449,78,229.24342
373.753923,74,229.423637
297.663256,66,229.588473
442.037835,84,229.78728
498.286228,106,230.0502
390.92366,76,230.23219
502.495772,96,230.466902
355.159194,79,230.657294
335.387447,74,230.850945
377.998746,74,231.045082
329.252128,66,231.20579
299.861915,70,232.326193
383.202321,86,233.205889
545.620268,110,233.474714
639.575373,124,233.776942
341.035,69,233.94594
394.978641,89,234.166633
462.687966,91,234.39125
356.176576,71,234.557796
720.229133,147,234.925638
404.830459,77,235.165143
393.707258,90,235.429798
458.378328,88,235.666879
414.490641,87,236.536119
459.917805,91,236.761274
501.019325,113,237.042663
460.473956,89,237.261586
429.928177,85,237.474463
498.578896,103,237.737168
561.735009,109,238.010651
492.623174,105,238.268477
399.747208,82,238.47628
361.389921,70,238.647746
367.971098,72,238.834026
369.813019,75,239.767619
605.355094,120,240.074778
375.181248,72,240.247417
508.527154,100,240.491306
372.259096,74,241.578653
392.909259,79,241.778751
412.874714,80,241.987458
391.037856,77,242.179927
547.92159,121,242.508788
384.700708,82,242.753559
373.769394,83,242.996994
393.115484,77,243.193903
470.66095,99,244.110711
490.821398,94,244.345643
598.402477,134,244.675418
311.461032,69,244.840559
396.851643,81,245.040805
349.245639,68,245.203711
404.965589,83,245.408612
305.056839,61,245.55335
494.315073,92,245.787149
506.151817,100,246.046839
486.492382,96,246.297942
581.698757,118,247.409471
514.905988,102,247.671394
423.056665,83,247.882532
463.343372,89,248.098185
358.980442,70,248.272876
578.555325,115,248.551594
466.069855,100,248.797019
528.426777,119,249.099056
327.736474,65,249.259356
535.672037,106,250.494068
347.498118,71,250.664552
296.366969,68,251.416338
341.427481,79,251.609545
549.582462,104,251.886098
491.514311,96,252.126397
310.018368,69,252.295763
447.211684,84,252.507179
329.860589,68,252.67642
349.467774,78,252.870793
324.223788,75,253.058726
361.58415,74,253.263455
396.498159,92,253.536081
422.292784,84,253.772772
487.783545,93,254.009428
516.38165,100,254.752468
387.112208,76,254.94694
349.545893,76,255.140085
369.69398,74,255.325752
359.293043,83,255.534652
665.162331,129,255.863275
525.667546,102,256.115441
490.300638,106,256.375584
510.981547,100,256.633662
395.442994,81,256.840427
376.49795,75,257.035421
467.732376,92,257.975108
431.449432,99,258.238084
360.633298,74,258.420234
453.075737,93,259.507513
487.962367,90,259.729854
431.040705,86,259.952391
508.086516,97,260.208403
323.790003,64,260.37223
461.818089,93,260.616252
353.891794,67,260.808271
425.461481,82,261.065673
768.796141,160,262.151604
527.751472,100,262.397999
440.178942,91,262.623867
509.95833,118,262.913225
471.399683,90,263.13261
420.495834,83,263.332685
429.312976,91,263.554567
459.114667,85,263.763326
487.962245,106,264.041073
476.880266,106,264.31993
474.595462,98,264.576093
448.918866,92,265.528522
426.217452,83,265.741067
497.86426,104,265.991909
415.776774,81,266.189967
509.876572,111,266.460167
381.488693,86,266.672523
459.887491,91,266.893525
373.826694,80,267.088685
529.422093,112,268.179389
368.233491,78,268.407303
390.111691,86,268.665281
366.885339,72,269.378692
570.617649,128,269.696041
530.681364,117,269.989104
416.779262,81,270.194349
616.084427,124,270.499891
374.234186,72,270.674148
462.318237,86,270.890048
435.231365,90,271.121957
467.255756,107,271.391031
473.145588,88,271.625892
510.973848,102,271.953363
494.141361,99,272.877675
608.300698,115,273.159123
634.774105,131,273.509892
576.979195,116,273.801611
417.192979,84,274.016188
504.200888,100,274.259691
611.053698,124,274.567205
492.980355,93,274.820336
324.114791,73,275.001158
555.75581,107,275.965438
411.743046,82,276.203449
377.673044,88,277.357089
576.274913,122,277.652555
489.96517,111,277.921107
344.679807,79,278.112705
565.723025,112,278.397065
393.008726,77,278.599148
357.650856,71,278.781989
432.054192,83,279.004048
490.74992,91,279.287335
388.40979,82,279.530159
485.284598,95,280.254772
437.617572,87,280.465274
352.189288,70,280.628983
539.95108,105,280.88237
386.410683,75,281.061394
336.092252,78,281.254405
390.389432,75,281.440572
393.806154,90,281.664562
407.752341,90,281.887396
472.958568,94,282.139109
389.053927,89,282.372244
669.902565,130,283.347838
450.176564,89,283.602714
532.374238,105,283.880144
634.866094,141,284.22812
463.364057,91,284.458863
483.393495,105,284.709829
410.464323,79,285.861866
840.576059,167,286.301831
354.762643,71,286.526642
469.205096,91,286.798295
483.199408,109,287.595711
376.336662,76,287.780148
454.915728,90,287.99841
456.787263,90,288.220135
667.12023,137,288.564637
655.223879,140,288.903433
451.535856,87,289.113433
403.402682,78,289.302437
426.710626,92,289.54251
433.653247,83,289.815607
486.291312,90,290.585266
396.984509,93,290.813853
342.293461,66,290.984477
357.631263,70,291.160169
571.358854,108,291.430875
482.850097,95,291.664396
506.821082,101,291.910143
438.098496,102,292.159317
534.510295,119,292.456414
462.241221,91,292.688968
438.061103,89,292.913243
449.210865,99,294.628227
435.446904,88,294.842612
408.995178,78,295.029534
636.590297,120,295.317878
488.774059,96,295.5507
479.728474,92,295.775951
581.022036,115,296.056005
520.428492,113,296.334958
547.798763,105,296.613976
467.091664,96,296.857737
423.008994,90,297.128443
369.459034,74,297.9097
609.292082,118,298.203839
343.469287,74,298.389068
499.281948,102,298.635905
502.426615,96,298.87034
414.255523,89,299.088144
385.051318,89,299.307095
540.733222,118,299.606302
458.707443,93,299.849545
592.018618,113,300.143373
809.580007,160,301.08025
852.754569,173,301.55082
384.133784,85,301.793182
570.039063,113,302.070588
379.752078,75,303.30014
446.15525,88,303.511199
287.497847,57,303.645049
408.016103,86,303.863752
440.089724,85,304.077773
711.117527,141,304.46718
388.429211,76,305.264591
623.466673,127,305.575246
468.470705,89,305.792494
432.665489,84,305.999082
347.021854,68,306.170266
489.135835,95,306.393737
391.522889,76,306.575161
458.480101,88,306.788111
428.043368,82,306.989071
540.11319,110,307.27329
611.285653,118,307.58969
377.657873,77,308.448482
511.346308,101,308.697793
390.168286,75,308.882499
656.993982,127,309.198753
435.749172,98,309.433374
573.260338,110,309.703237
453.295635,90,309.925845
339.961718,77,310.10927
548.084756,110,310.381717
609.128036,126,311.703198
397.348682,75,311.940565
448.231829,87,312.765419
364.540228,71,312.938125
500.171197,97,313.174742
465.849611,92,313.39762
417.512819,81,313.598731
296.869001,68,313.761297
819.46001,157,314.140746
689.622836,140,314.505514
395.234639,82,314.704915
334.778987,79,314.908401
376.589177,72,315.134676
389.494213,76,315.929199
324.626397,73,316.104636
364.016451,69,316.269051
800.521545,158,316.653926
496.314576,102,316.910868
654.134789,122,317.211925
438.436329,92,317.438631
386.949326,79,317.640536
440.871635,88,317.863914
541.15483,124,318.178689
610.081269,119,318.985016
575.270378,124,319.288707
409.963909,78,319.516405
416.256277,94,320.828755
472.79088,100,321.074723
628.098268,128,321.387646
357.085463,76,321.564675
333.841652,67,321.733645
614.095604,134,322.075626
515.775533,98,322.32096
509.817847,97,323.21711
858.78758,170,323.619334
763.515971,151,323.978181
926.228215,200,324.46459
470.345293,88,324.67223
505.860553,98,324.91884
546.39251,106,325.180823
530.788182,109,325.467033
627.28503,124,326.333256
697.110124,137,326.683717
362.671689,70,326.887839
676.409307,134,327.249351
533.756456,103,327.498439
728.680649,137,327.83377
372.142147,86,328.040422
396.989146,78,329.192477
741.862922,142,329.548711
420.40708,81,330.417866
622.428387,125,330.720741
400.022491,78,330.907499
478.893199,104,331.159617
397.170903,80,331.352824
769.20717,161,331.739964
430.96548,84,331.945865
430.729441,84,332.154073
438.574677,102,332.408459
586.144903,112,332.687184
874.177915,172,333.788918
353.241765,81,333.985967
345.97596,74,334.165219
531.505562,105,334.421331
308.868109,67,334.583746
468.179274,104,334.841394
608.618067,117,335.134907
515.114431,100,335.376424
501.657544,103,335.644008
460.277067,88,335.865762
582.108835,113,336.672044
578.600566,116,336.949735
668.165631,128,338.358228
532.937257,102,338.613729
366.238006,78,338.804244
353.755198,78,338.994446
493.268246,100,339.236556
498.109912,98,339.483223
598.235139,117,339.776723
484.859269,97,340.015136
428.066153,81,340.228831
396.350491,77,341.064234
515.075512,100,341.313206
315.213529,73,341.488575
657.980376,142,341.841165
448.924411,84,342.045234
484.73057,92,342.269211
657.624851,128,342.577119
539.896424,102,342.827611
549.522295,112,343.097967
426.418544,98,343.348787
527.839426,106,344.164904
362.343954,85,344.370437
481.694666,92,344.590273
394.82602,87,344.830314
551.810554,101,345.125398
470.608762,96,345.359617
579.831905,109,345.622766
352.041455,81,346.802259
433.948304,83,347.004972
702.267816,141,347.368514
579.06279,113,348.287163
339.505536,79,348.491416
364.270416,76,348.677893
625.237246,124,348.979536
521.813394,104,349.230892
438.461503,99,349.463132
426.081518,83,349.655494
473.715269,96,349.88416
461.805014,91,350.107584
579.863186,116,350.393872
499.861107,98,350.633744
478.836486,92,351.49119
562.173517,116,351.802822
577.590234,125,352.100973
579.887533,111,352.375428
579.015958,111,352.651482
434.24233,81,352.850275
470.266491,91,353.077614
480.793839,103,353.336875
464.629641,106,353.608657
413.964259,79,353.812752
662.43093,130,355.630472
399.097062,78,355.854959
453.626306,90,356.11763
536.275424,108,356.383693
550.618652,110,356.651222
666.945922,130,356.960951
367.13741,84,357.163062
360.744664,85,357.373854
589.893396,130,357.684809
463.744084,107,358.456644
622.411314,125,358.765016
556.335673,117,359.105419
496.746158,97,359.362422
501.91409,95,359.590455
653.322359,127,359.899046
1029.424932,205,360.394066
439.232305,89,360.606892
494.386769,98,360.84583
483.62314,96,361.639751
359.73014,83,361.846327
535.478049,102,362.095536
460.260845,103,362.353714
374.976269,75,362.536504
498.23593,102,362.784186
414.810074,96,364.435751
468.524064,89,364.649578
714.199197,149,365.016107
492.830159,97,365.250666
378.999006,74,365.430005
421.775314,94,366.180863
458.991961,101,366.463884
486.48763,93,366.728684
490.437116,108,366.996765
663.555566,146,367.342477
483.310407,91,367.565856
568.264368,113,367.840395
388.188864,80,368.036966
458.345925,102,368.289782
460.998277,89,368.502447
770.564129,151,369.470801
326.557762,76,369.702939
362.856376,70,369.921393
540.647613,100,370.189839
451.894614,88,370.413536
613.862535,122,370.726263
449.444875,96,370.988643
384.721569,86,371.203514
441.254152,87,371.429641
526.479462,104,371.694174
583.002237,114,373.777603
544.476936,106,374.05692
382.966664,88,374.308294
438.79455,86,374.564112
380.271713,74,374.748858
506.418004,101,375.030828
522.528172,113,375.326407
381.217339,77,375.524626
618.798824,120,375.8409
541.304925,103,376.101217
405.364879,79,376.293565
446.037538,87,377.138602
408.586866,92,377.37964
424.008679,80,377.617535
426.67688,97,377.907758
415.646334,87,378.126615
813.210357,158,378.519788
491.854826,111,378.793764
407.964213,86,379.006815
412.560863,94,379.242972
771.904764,170,379.665146
504.915877,97,380.479264
564.238123,114,380.768302
649.205365,146,381.125993
682.985406,150,382.65505
600.722608,113,382.928727
436.926708,97,383.169805
705.516029,141,383.511682
499.875222,99,383.764964
417.254532,86,384.628548
525.716412,101,384.878053
526.813641,103,385.183559
589.838127,113,385.492832
529.864721,114,385.775025
528.939902,113,386.047953
347.543378,79,386.236207
548.420312,109,386.491918
502.137328,102,386.741043
608.346278,123,387.03848
845.687839,170,388.109719
633.645944,122,388.417133
556.699207,106,388.683579
552.56808,115,388.978475
568.878866,115,389.275371
551.503357,112,389.56475
488.71485,96,389.852479
413.308895,78,390.066346
682.138758,148,391.477331
317.828118,63,392.110484
384.729343,76,392.29806
479.210784,89,392.51112
478.959801,101,392.781018
417.827573,85,393.030425
446.899091,96,393.29034
458.951575,89,393.512741
343.353152,78,393.703863
535.64069,103,393.962842
557.276104,105,394.218839
626.947308,122,394.514343
363.419739,82,395.218684
381.369773,75,395.397535
855.93091,177,395.830812
626.169965,122,396.188863
586.339588,116,396.488869
509.97723,102,396.74628
439.33984,97,396.998392
500.518614,101,397.243789
490.192438,104,397.498838
447.777411,84,398.369784
631.614951,136,398.70633
365.995104,77,398.896456
507.63209,101,400.117923
559.579838,124,400.441234
603.695554,120,400.776433
552.191913,108,401.095814
736.189701,154,401.491911
518.78453,117,401.775012
430.446192,86,402.661301
308.370703,69,402.833791
683.339282,129,403.149929
760.18717,155,403.532182
514.986673,100,403.773016
478.930469,89,404.00795
581.460312,111,404.315818
332.124076,74,404.519623
457.085345,94,404.751127
590.606471,130,405.074665
638.705296,131,406.052195
527.68197,99,406.294933
408.897488,87,406.506655
546.316538,126,406.810781
446.772201,90,407.034951
571.593325,109,407.31198
417.527925,83,407.518616
598.219634,121,409.006466
458.028659,90,409.274538
534.463828,114,409.585104
649.717336,127,410.542759
502.316535,95,410.781155
1168.968588,231,411.341173
639.575201,122,411.634036
359.380169,75,411.815554
661.147195,130,412.143072
433.622959,100,412.449737
414.741409,94,412.709297
324.829595,64,412.864794
355.747301,82,413.628281
444.190744,100,413.874493
398.158966,76,414.056208
436.797688,95,414.292632
555.371518,104,414.550436
372.691246,79,414.735412
626.011235,122,415.03804
535.668858,99,415.28933
553.28552,128,415.662401
441.769378,86,415.897902
402.13696,92,416.61671
639.365723,129,416.937551
560.960538,112,418.243289
617.708838,123,418.545455
587.733941,116,418.83653
466.981682,108,419.12292
324.382196,64,419.285993
467.797448,88,419.510397
637.820974,121,419.821399
397.696389,79,420.024878
613.754574,118,421.101412
606.418586,132,421.439709
531.633533,102,421.694505
355.935065,76,421.880315
526.470484,102,422.12179
672.348732,141,422.471163
731.089826,150,422.830387
664.060247,126,423.168165
488.901347,99,423.42839
530.992004,117,424.414837
596.006813,127,424.717146
612.520583,118,425.006524
552.893925,111,425.279004
733.041371,155,425.65719
468.979012,109,427.054293
366.210812,72,427.240359
378.709553,81,427.452103
714.630635,139,427.805861
531.563907,101,428.767026
347.973423,80,428.993562
842.512006,179,429.430689
607.395942,117,429.720061
518.674646,101,429.967827
398.046255,76,430.15282
467.736074,103,430.409677
528.656014,100,430.648822
540.176669,111,430.926262
491.416213,100,431.193644
566.524049,109,432.075341
524.623806,101,432.33912
411.449681,94,432.571891
439.54186,97,432.80155
594.490523,128,433.124992
679.677965,135,433.457557
583.071396,111,433.739624
510.81763,97,433.983765
649.60111,125,434.313453
523.379566,99,435.144373
528.669151,101,436.39499
450.520537,102,436.651117
680.706364,130,436.97083
650.322163,127,437.288554
270.840151,58,437.435542
835.031623,163,437.857824
339.357842,76,438.052555
495.377732,96,438.300224
390.819905,81,438.50498
639.184117,129,439.335336
459.033787,88,439.552215
438.580572,84,439.77553
369.795335,87,440.034492
535.246046,105,440.317686
624.58549,119,440.612202
582.380537,115,440.898382
458.204465,87,441.113424
451.372925,91,441.331877
588.70951,124,441.64228
609.371155,119,442.42423
474.324057,106,442.681626
629.974341,121,443.014217
355.287052,86,443.266607
538.716522,105,443.528839
565.400671,120,444.901542
348.208459,82,445.107005
375.859889,83,445.319804
589.349256,112,445.609771
855.991289,169,446.705354
490.611867,102,446.957886
563.585633,108,447.250796
676.543951,132,447.624797
496.12633,103,447.87099
373.978061,83,448.080476
539.66608,109,448.342173
692.560568,131,448.658803
701.054552,135,448.993178
532.07971,101,449.730428
556.578168,109,450.003871
511.445003,99,450.254108
553.991723,107,450.57806
603.304163,119,450.930079
689.524042,133,451.27415
489.934182,100,451.532111
697.174856,133,451.878248
566.296732,107,452.146323
555.19437,117,453.972259
497.611085,93,454.251803
534.502475,104,454.527255
685.743452,140,454.895284
539.472392,118,455.206625
620.755103,124,455.534094
660.757923,131,455.874718
476.171428,91,456.113639
475.134028,91,456.362962
555.271836,106,457.276525
569.100035,109,457.557623
302.812363,66,457.734581
459.741222,87,457.95476
376.523264,73,458.145921
559.207457,118,458.494478
502.716487,117,458.844862
499.321264,106,459.123085
471.926012,100,459.376086
669.886118,131,459.717866
350.741415,79,459.917399
574.583044,107,460.834409
561.103198,106,461.08849
560.733052,113,461.361816
781.762328,163,462.931518
553.432824,119,463.228533
527.86824,99,463.472363
500.403531,95,463.70927
565.766407,109,463.985865
416.154054,80,464.200484
513.891567,113,465.178766
457.854399,91,465.425244
430.383521,101,465.696475
492.633858,92,465.938489
509.95565,112,466.276711
543.702075,113,466.618972
692.178119,152,466.999434
678.851845,138,467.340508
495.122166,98,467.577346
435.431538,87,468.308313
611.779832,115,468.602084
485.331839,93,468.829879
585.214377,108,469.087122
436.238048,83,469.308087
333.757066,66,469.493191
602.917977,113,469.809497
499.578953,96,470.045636
724.598078,151,470.414326
671.821216,125,471.567797
559.434191,110,472.3551
1044.92461,199,472.856842
560.452784,110,473.13444
464.94901,106,473.40149
592.388441,113,473.684115
594.323237,115,474.000361
558.082079,110,474.313087
827.222253,155,474.697723
509.289712,112,475.643021
513.025735,103,475.891142
673.275869,129,476.213501
601.670939,121,476.511492
658.811057,123,476.81254
502.512217,95,477.074131
537.788484,121,477.430926
707.802914,142,477.786127
623.305337,131,478.115686
484.958779,90,478.832807
519.634801,101,479.067005
470.576337,95,479.294863
656.264236,120,480.703717
568.508548,110,480.975647
525.068853,117,481.269501
651.453481,137,481.602193
493.119174,98,481.850013
630.461427,134,482.183751
589.512591,117,483.021513
918.010895,191,483.489534
550.679595,111,483.764422
631.244675,116,484.047102
648.955969,143,484.389001
469.25595,92,484.625626
697.927602,135,485.04565
667.204777,125,485.36026
413.415363,90,486.070882
577.796968,118,486.360081
494.796534,99,486.60255
685.353751,137,486.93891
603.88161,119,487.225947
518.684388,101,487.467244
491.365284,97,488.81566
463.102187,101,489.071033
560.23274,113,489.34942
511.406198,97,490.159796
414.793981,92,490.385717
479.78842,90,490.609212
800.427093,150,490.996087
658.263914,126,491.321642
725.212966,149,491.699954
548.717376,107,491.967315
571.006341,111,492.295353
488.17597,94,492.576652
466.215063,100,493.327401
449.925519,89,493.552089
419.155749,90,493.776545
498.533127,110,494.044435
688.620364,146,494.409966
613.416931,123,494.703167
484.851701,96,494.939938
669.887152,126,495.274719
703.475389,141,495.716594
769.689955,150,496.588615
494.530098,95,496.827693
520.060975,99,498.157838
530.75196,103,498.422945
632.709293,120,498.805194
491.543265,111,499.096334
541.67497,102,499.346452
567.048273,108,499.613091
380.663727,80,499.816568
585.431569,107,500.083888
518.667748,100,500.880928
649.706461,127,501.18519
820.195006,170,501.600381
532.864288,104,501.86082
378.600771,89,502.079222
571.948567,109,502.347066
450.944917,89,502.564588
722.695546,145,503.016244
469.53131,105,503.293285
394.659117,79,503.994664
396.801139,76,504.189172
409.50087,82,504.386903
781.408062,147,504.750809
487.098389,109,505.016438
405.897974,92,505.239064
423.679705,81,506.727379
463.951144,91,506.95143
501.670698,108,507.212506
552.352833,108,507.478652
492.469772,113,508.407355
596.04989,129,508.731748
786.214048,156,509.126537
468.994546,95,509.365149
738.751267,143,509.722629
454.596585,106,509.984031
487.596243,98,510.229123
699.46478,148,510.700073
648.644665,127,511.515128
715.811538,140,511.864594
522.946306,98,512.10611
597.791123,121,512.418728
560.576964,106,512.688457
697.404143,137,513.034328
541.527344,107,513.306656
533.967791,101,513.612814
773.546833,144,514.037275
621.800401,133,516.093609
564.52099,106,516.351813
534.825807,120,516.65677
790.313952,157,517.150021
462.389228,91,517.385725
544.236055,108,517.65428
456.316578,100,517.910791
663.885985,128,518.229625
546.507858,103,518.493044
521.979063,102,519.314564
556.940758,122,519.61528
475.083305,104,519.869751
421.092941,77,520.058037
554.145196,115,520.342208
648.156849,125,520.647076
677.094243,143,520.993491
422.251797,80,521.215153
408.433708,92,521.503637
548.568613,120,522.489025
616.524402,122,522.794688
615.906313,113,523.068238
538.736169,120,523.370491
485.039684,91,523.598227
482.418897,106,525.154511
662.17215,146,525.511581
726.51354,139,525.853903
589.498228,111,526.128227
480.643003,94,526.901506
538.911294,108,527.1766
505.826357,96,527.425547
642.542068,119,527.739111
560.270961,107,528.010409
547.234199,103,528.264487
579.737014,126,528.582642
622.372841,129,528.968479
727.875826,140,529.366112
619.034122,125,530.166727
690.289712,128,530.476064
423.969138,95,530.711802
615.069667,118,531.003094
521.199403,113,531.276317
500.280159,93,531.503374
428.664909,82,531.703355
564.280429,109,532.013499
465.389038,94,532.305333
461.879634,96,533.763443
555.499423,104,534.526666
505.205735,101,534.779983
658.265716,144,535.152145
577.861818,112,535.485411
534.157147,107,535.76502
745.742038,146,536.135735
465.652439,91,536.363482
615.426945,113,536.648808
556.496123,118,536.95007
656.385489,124,537.794527
707.121253,141,538.139724
492.899488,102,538.390228
504.851569,99,538.633899
531.137325,102,538.879382
522.973111,110,539.143512
657.993266,128,539.486839
462.952857,90,539.779512
731.571429,143,540.825192
496.006324,110,541.089407
548.027644,123,541.401188
553.156585,106,541.662611
452.888067,96,543.06475
764.944839,142,543.429243
641.868601,120,543.731682
947.661071,190,544.21076
565.309844,108,544.475792
504.969205,103,545.286236
539.584149,106,545.55655
591.457423,110,545.8327
871.518879,175,546.261316
512.550102,95,546.496759
538.197617,115,546.785002
678.749201,125,547.109086
440.273308,82,547.357167
457.17324,87,547.619188
318.053609,71,548.290364
367.583543,88,548.504792
577.990725,112,548.778589
643.176762,128,549.100624
459.001157,103,549.357576
639.832096,121,549.660971
687.755174,136,549.989675
536.634423,108,550.263997
570.186503,112,551.847638
552.48515,111,552.798513
529.184963,102,553.046304
598.76298,120,553.336483
524.47733,103,553.59623
434.8346,85,553.808225
504.781441,111,554.087567
938.50016,180,554.541131
493.271883,97,554.791738
620.719054,130,555.200104
602.650939,135,556.217249
518.279763,106,556.483739
550.178832,126,556.788396
442.945382,91,557.00937
697.198999,135,557.344278
519.65695,106,557.604518
750.443064,144,557.967396
469.255535,94,558.267058
718.160281,140,558.651801
544.50417,104,559.576878
652.313849,122,559.875746
639.976721,122,561.437019
574.911569,109,561.738268
623.106299,115,562.028967
503.518951,108,562.293638
491.950375,113,562.575757
551.294299,103,562.835035
765.142979,153,563.231432
479.627019,92,564.107094
469.681307,111,564.378812
548.615575,114,564.658132
436.39433,82,564.863325
487.921104,97,565.098404
1025.558531,219,565.66471
588.188945,119,566.01677
473.994465,96,566.265727
481.994423,110,567.199383
525.245003,100,567.44151
534.331579,112,567.705729
615.366367,125,568.013751
616.375364,115,568.293935
399.070578,90,568.521864
422.118377,83,568.737868
562.051852,111,570.158204
769.442954,151,570.529312
472.962159,96,570.764934
482.045747,98,571.654516
506.760434,111,571.937383
465.44719,88,572.158303
547.218136,103,572.42258
811.428939,155,572.811042
704.75323,135,573.142072
745.073642,146,573.569161
527.113523,99,573.842891
601.346058,109,574.106896
560.22298,105,575.034179
612.684024,134,575.371824
539.542623,101,575.621939
616.119705,124,575.927712
673.267919,128,576.241362
751.272899,148,576.652532
589.171661,131,577.00775
478.802412,94,577.239469
519.639799,106,578.135565
706.418848,153,579.515836
580.878454,114,579.8537
616.829669,134,580.211587
706.101766,134,580.543755
491.615365,111,580.829246
799.762253,142,581.189697
658.86803,134,581.530879
592.902665,130,582.537565
670.702249,136,582.859888
570.751199,111,583.134121
508.797861,100,583.382752
659.48428,127,583.693698
461.914531,90,583.919382
741.19064,148,584.358441
523.800632,109,584.631081
445.463195,94,584.860542
442.327298,87,585.721716
386.690797,93,585.954665
465.002268,107,586.227045
482.630728,93,586.453842
678.604294,128,586.787279
471.814725,93,587.028113
594.02255,115,588.414034
404.106298,90,588.635823
449.260134,97,588.872793
640.797945,135,589.201469
461.740892,89,589.98068
417.143765,81,590.184748
574.549027,109,590.458632
549.258177,108,590.7332
732.373886,141,591.081776
604.338997,122,591.381584
408.955338,78,591.604808
634.144788,122,591.981909
618.943391,114,592.259619
864.472493,158,593.302199
465.665399,92,593.528824
591.567464,104,593.780102
411.077114,93,594.008114
707.655079,134,594.341988
741.46736,147,594.731035
495.691263,113,595.066406
476.175814,109,595.342015
720.328376,131,595.665829
657.959341,142,597.567885
726.187999,147,597.959605
689.398859,131,598.33178
591.013596,115,598.612689
822.320998,161,599.033009
725.623588,155,599.428113
628.295703,121,599.734664
891.452289,181,600.677567
474.750965,96,600.913988
695.92051,137,601.254552
482.370368,97,601.490323
676.013145,137,601.836529
500.474987,109,602.102571
446.630929,98,602.37209
632.417744,116,602.720325
532.546864,103,602.976283
525.790352,112,603.909935
601.083328,114,604.186691
628.566532,135,604.519899
547.526376,104,604.773346
538.080647,126,606.30619
642.496157,141,606.657614
416.761483,83,606.856622
609.577235,120,607.150789
533.542589,101,607.400896
498.635022,114,608.281107
725.356213,140,608.634501
590.848816,119,608.937458
507.060164,95,609.166165
616.146149,120,609.454985
442.842708,85,609.659617
442.203028,87,609.87682
693.874087,143,610.326783
776.619598,164,611.411744
725.489891,136,611.762516
510.324819,106,612.024009
409.913075,79,612.23205
417.846759,95,612.481757
537.493839,101,612.752089
605.712206,124,613.094917
527.452556,100,613.425829
570.790826,111,613.748541
696.235666,134,615.324799
789.092194,162,616.375072
546.189698,110,616.698257
403.04471,87,616.953377
485.872097,89,617.18539
536.072688,101,617.44917
611.652534,115,617.746719
611.934733,123,618.063663
593.039897,127,618.398039
520.702123,100,618.656746
688.416849,128,619.523805
541.225853,113,619.806815
454.889759,105,620.083189
574.27451,111,620.365069
530.427175,111,620.652172
542.757485,112,620.949442
432.993522,81,621.154932
328.174925,65,621.327423
1256.235877,242,622.568292
854.85178,160,622.974592
603.115811,123,623.279544
464.672096,94,624.693293
704.616424,146,625.140256
590.62576,116,625.432912
710.908691,136,625.777981
634.570556,120,626.079585
452.604815,88,626.307899
805.467622,153,627.358056
657.687186,131,627.696233
551.329379,106,627.962366
587.000502,112,628.244201
495.35779,95,628.487627
650.291844,125,628.804186
504.795866,108,629.084318
582.167825,115,629.428139
398.741439,87,629.696212
695.432654,135,630.691603
416.155412,95,630.927489
757.901874,159,631.319882
837.906858,159,631.720124
655.553807,124,632.024687
432.303007,84,632.24143
616.4634,114,633.814438
528.091715,96,634.049178
577.869289,117,634.839083
498.781464,97,635.076969
587.932167,119,635.379075
714.332019,142,635.754367
474.838381,97,636.012969
604.808318,115,636.31482
701.602647,132,636.660836
509.435965,113,636.950023
625.685606,110,637.305025
804.407134,158,638.382521
547.464599,116,638.675761
726.512098,140,639.036718
488.603665,91,639.257236
703.38921,131,639.585757
553.674406,103,639.845078
603.008622,118,640.155408
496.121464,95,640.455427
771.745753,152,641.370525
537.015734,107,641.632225
560.116211,100,642.935014
624.718316,117,643.232263
565.851132,114,643.598435
648.071848,120,643.939135
564.321679,117,644.246461
559.880232,115,644.531986
535.213008,98,644.78081
419.107645,81,644.985568
483.616226,95,645.778636
505.764092,99,646.029615
626.827548,125,646.347224
362.343647,69,646.51641
868.701218,162,646.919899
796.363558,145,647.286394
551.860892,125,647.598949
673.627286,129,647.946699
460.636124,109,648.887701
606.761142,114,649.172098
891.127535,169,649.583284
392.637847,77,649.776001
555.567379,101,650.021978
945.795494,181,650.480427
614.347066,116,652.016526
634.339928,123,652.319301
668.817085,133,652.649886
530.181212,103,653.391764
730.408344,140,653.736644
683.299573,127,654.056751
577.017791,108,654.330924
739.603872,142,654.688954
657.402843,141,655.057261
379.034078,75,655.257253
402.311026,76,655.461205
500.860649,97,655.711633
485.439896,105,656.548707
627.449944,120,656.873675
594.542708,116,657.153361
486.265293,92,657.378667
344.530132,67,657.541805
585.882491,114,657.828379
574.799753,110,658.107031
570.164317,116,658.386084
450.810737,86,658.606538
511.532918,111,658.907759
568.49576,127,661.036117
458.603965,85,661.247261
702.424108,137,661.589125
401.750926,76,661.78276
608.914123,113,662.075083
503.711843,91,662.317916
414.799742,81,662.523558
768.321541,144,662.982634
737.649379,147,663.374451
419.404544,83,664.092431
552.974161,111,664.379085
457.894602,85,664.597082
624.719231,118,664.903059
596.325804,112,665.184736
534.509935,110,665.472064
744.847627,143,665.827971
863.529809,166,666.25079
637.273052,123,666.560466
394.695264,87,667.289234
652.037891,135,667.654006
712.600426,134,668.031522
520.106997,94,668.267432
673.260565,130,669.732003
586.0568,113,670.008389
367.130337,70,670.182347
705.401557,128,670.518316
701.731363,140,671.532554
600.501157,121,671.836192
498.150381,104,672.09609
598.439985,136,672.437744
513.641242,106,672.697551
654.751359,119,672.994482
525.086581,106,673.27052
570.899358,107,673.557301
651.24239,124,673.887403
833.930786,168,674.970611
591.658765,106,675.250453
461.222773,93,675.486338
383.090823,74,675.698887
578.770857,109,676.006783
555.496711,103,676.269011
494.258206,93,676.498528
560.166038,103,676.753905
689.572198,132,677.081017
487.002733,92,677.314312
495.474947,100,679.650197
619.212791,124,679.967485
385.802964,74,680.151121
692.161574,135,680.487007
763.631363,147,680.850387
532.786533,99,681.096627
651.170095,129,681.427672
548.169061,108,681.710898
520.821725,112,682.005576
572.939388,126,683.101499
636.645305,122,683.41191
723.484514,162,683.818492
734.468507,148,684.19551
491.353298,101,684.45568
596.00982,115,684.73771
614.65962,123,685.05648
562.120032,109,685.338737
499.927779,97,686.103155
612.353568,111,686.375258
582.081274,116,686.671201
611.865662,134,687.008228
519.466669,101,688.516443
583.023086,110,688.78317
644.538651,119,689.068691
593.615429,114,689.350494
482.142279,92,689.580449
601.732423,124,690.630497
585.903477,118,690.958816
644.08384,125,691.273438
714.1603,137,691.610466
494.362292,96,691.848105
722.461296,140,692.192696
647.544868,120,692.495621
609.773478,133,692.845327
516.644084,115,693.151376
544.456858,112,693.959434
568.945938,108,694.227488
772.803438,146,694.596966
487.033636,90,694.840041
721.003607,134,695.239274
565.197127,120,695.539198
541.912228,119,695.830935
487.982827,94,697.39631
781.429453,145,698.518113
646.829488,128,698.85003
755.360001,156,699.260567
469.935494,86,699.470267
566.167577,109,699.75345
481.971481,92,699.985022
795.913022,144,700.344635
517.447127,93,700.571666
860.724741,161,700.998299
487.748473,89,701.782493
503.321913,104,702.052612
426.136573,83,702.265259
770.772658,158,702.66847
548.601313,109,702.953901
575.831667,117,703.285854
823.568763,180,703.772453
596.788505,120,704.079268
579.54209,117,704.85729
497.063693,104,705.113503
791.7916,157,705.512633
476.336167,90,707.002015
574.248463,130,707.347827
629.432932,118,707.650388
729.789212,149,708.017831
672.385734,124,708.321413
516.781133,98,708.570776
655.10122,121,709.540896
589.171208,112,709.877395
624.822705,118,710.201382
705.805621,136,710.536955
565.650285,115,710.82098
486.606794,96,711.058983
513.041357,107,711.333401
488.196394,91,711.566256
564.572135,112,711.850441
505.481574,113,712.823466
578.963068,111,713.099225
656.708929,122,713.41204
934.636244,175,713.850046
559.795713,112,714.128573
595.643904,120,714.471054
573.486413,109,716.032545
467.835116,89,716.251715
795.392863,146,717.280918
556.690501,127,717.64358
551.357447,106,717.946926
514.621485,100,718.194381
523.835894,106,718.460651
652.066857,132,718.790953
506.160228,115,719.083028
546.458728,102,719.337671
644.004841,122,719.638253
592.369845,111,720.589813
668.120065,126,720.911504
487.981184,93,721.153428
546.971097,101,721.408792
667.478755,124,721.724029
526.330008,103,721.982637
601.726111,118,722.282558
491.249958,97,722.584112
670.024174,131,722.974457
649.466636,121,723.919927
501.071443,93,724.153671
556.072872,106,725.635011
812.749332,156,726.118092
548.369161,104,726.378376
499.984166,94,726.607608
454.088626,106,726.874163
486.972662,110,727.156183
589.142424,108,727.427682
534.807932,114,727.712971
515.7689,108,728.618033
581.626511,107,728.906605
649.629217,136,729.309187
744.223292,146,729.691174
561.495493,112,729.979644
654.230163,124,730.294563
507.304061,93,730.531273
772.200928,170,730.979198
773.619152,149,731.912662
662.379366,136,732.252307
803.000279,149,732.624137
880.485118,162,733.020711
606.57295,122,734.583588
695.140231,153,734.965595
642.814561,115,735.253111
529.385167,102,735.993938
818.962463,159,736.39033
484.204941,90,736.610212
669.293547,135,736.943768
645.562585,122,737.311824
438.044278,85,737.549592
494.237795,95,737.800002
622.622273,115,738.092731
763.188862,146,738.460178
454.884393,86,739.186405
724.003907,144,739.550034
595.385384,117,739.846925
590.046756,116,740.142672
530.243507,101,740.402678
937.826254,176,740.852605
551.350958,109,741.146487
736.562869,136,741.511402
484.314544,93,742.420749
597.4546,118,744.045751
617.06201,122,744.383179
846.726448,157,744.835228
565.30137,106,745.128223
517.853672,98,745.41185
565.334188,113,745.7563
931.806922,176,746.197733
421.455481,83,746.420414
503.52105,110,747.34831
816.761555,161,747.767596
625.261977,133,748.107465
264.921814,61,748.267578
694.989404,144,748.662
401.893751,92,748.94262
453.886399,92,749.191971
435.073177,83,749.414251
503.804265,101,749.670612
564.236472,121,750.661912
581.816039,111,750.945185
455.050679,88,751.177217
677.394865,131,751.511305
473.935592,93,751.740509
571.306928,123,753.287054
565.665236,122,753.648727
860.798264,168,754.128774
828.757317,156,754.518044
637.010933,118,755.477674
587.967471,108,755.753477
854.251613,166,756.159293
574.205723,108,756.4262
430.399976,98,756.685957
693.206809,134,757.088925
610.346858,121,757.391667
714.259172,141,757.752487
538.75232,97,758.658156
491.430878,103,758.919263
775.054265,158,759.328305
666.46787,147,759.727588
671.063075,133,760.073209
616.978034,134,760.428859
630.222779,130,760.775699
457.486625,84,760.981632
547.413271,111,762.98744
498.034626,98,763.237359
523.01026,104,763.500943
488.868733,109,763.766357
475.190475,95,764.002687
603.169091,116,764.295347
622.256042,125,764.632889
606.334589,113,764.971374
756.02437,162,765.376101
610.427939,131,766.185375
565.551087,115,766.465362
516.887817,108,766.738574
581.95867,109,767.016098
572.002088,110,767.289965
705.474779,143,767.665453
443.953541,91,767.938946
674.127458,121,768.274037
653.844459,125,768.59182
671.605124,133,769.493907
603.723966,119,769.795506
618.13906,129,770.12774
547.357396,112,771.585302
515.747875,105,771.87424
674.474981,134,772.223693
659.645931,127,772.556451
519.584551,106,772.879439
693.44308,130,773.920335
599.149904,112,774.192168
614.433695,116,774.484776
477.316423,93,774.719969
695.255155,141,775.069021
482.617482,111,775.35376
629.443589,123,775.660543
602.881082,122,776.02569
631.057061,120,776.381168
696.47359,145,777.233471
436.760045,87,777.445375
541.494594,127,777.767791
592.279583,109,778.046544
539.912073,105,778.313358
804.210824,143,778.681636
605.639247,114,778.981025
678.821096,126,780.853496
812.136106,152,781.86481
523.33119,111,782.139006
614.369964,118,782.433654
493.250164,93,782.66533
687.557053,154,783.076033
621.33844,114,783.35578
788.364962,142,783.718301
561.074672,108,784.00861
861.417548,162,785.089031
694.844813,128,785.40177
610.089545,117,785.694774
618.244245,119,785.991477
741.16086,156,786.388146
888.53411,170,786.811809
799.130408,152,787.212485
1089.080398,229,788.384856
619.264698,127,788.709412
860.600938,164,790.436233
610.949649,124,790.747315
645.994474,128,791.081458
890.562574,177,791.547523
614.409344,132,791.897646
689.474091,150,792.996112
560.621375,108,793.269243
787.094776,145,793.635239
682.446336,128,793.957765
754.778538,147,794.320253
625.391556,122,794.627614
674.118071,133,794.969833
728.237064,149,795.363173
543.331896,114,796.358398
523.673161,102,796.61143
559.792071,105,796.888987
632.501653,133,797.231981
619.187516,114,797.526591
466.481598,103,797.792493
613.224941,115,798.086909
537.668077,120,799.630024
722.642225,147,799.99674
799.801259,164,801.138779
676.465805,127,801.45747
769.353481,148,801.828202
615.928193,110,802.100577
493.555554,93,802.331816
729.912463,145,802.695586
577.31849,106,802.96548
571.282982,129,803.313094
571.225814,106,804.305075
651.772116,125,804.620609
650.546974,116,804.908823
610.93683,130,805.230626
577.378106,128,805.557389
792.444747,151,805.937584
555.137664,105,806.206098
834.161325,161,806.637777
922.75807,183,807.762635
603.93473,124,809.581718
589.660052,111,809.86499
772.424734,153,810.262707
887.169331,179,810.726509
682.413446,135,811.078679
604.012059,116,811.377345
1258.250174,233,812.715804
506.558022,113,813.004638
571.311002,119,813.306298
403.597877,79,813.50341
712.021727,132,813.847536
736.498436,133,814.18429
685.497609,125,814.505232
453.053636,86,814.729434
552.162773,108,815.722521
413.567784,79,815.951134
381.259794,74,816.1449
999.085846,199,816.646241
722.677958,136,816.996026
626.133497,132,818.811257
713.719688,138,819.154934
679.790846,140,819.510959
549.502783,103,820.464272
762.626636,168,820.958036
569.654271,114,821.245933
1009.78794,193,821.72848
461.015831,86,821.947726
620.003323,121,822.250038
466.599162,87,822.469391
702.606085,137,822.807607
849.898758,169,823.918641
711.476437,146,824.31508
588.24707,110,824.588006
601.794721,122,824.885146
648.577072,125,825.191129
744.859492,140,825.541035
465.065034,98,825.790898
478.592113,100,826.052057
419.48838,81,826.266516
457.864502,95,828.582067
553.207127,108,828.886753
669.882228,125,829.192446
434.994665,101,829.447969
721.786214,158,829.833172
554.246073,117,830.13375
521.858534,97,830.371997
864.172442,169,830.797439
616.300192,121,831.82561
586.358038,119,832.132611
483.329505,91,832.351789
785.021224,156,832.738452
532.876063,123,833.042081
502.410932,111,833.321612
719.587443,136,833.672387
517.075893,98,833.923222
767.069516,154,834.942215
806.465397,153,835.358031
599.617826,111,835.63404
624.939283,126,835.953933
712.738837,135,837.571889
690.207741,131,837.901278
810.566328,159,838.31038
705.815015,126,838.625636
742.580118,141,839.456392
793.257079,153,839.83074
496.091739,96,840.114399
1250.162324,250,840.768174
674.432977,133,841.103406
524.800605,103,841.361321
587.528437,109,841.635242
862.816155,170,842.710242
781.746929,148,843.111219
581.287141,110,843.427583
609.597752,121,843.726557
648.515175,127,844.050773
564.353333,112,844.332102
884.232129,173,844.766771
1300.10474,252,847.295542
404.048881,83,847.52072
425.283102,100,847.790258
724.725969,141,848.218062
682.901532,138,848.590198
906.087457,175,849.06821
508.76424,98,849.334688
514.4551,101,849.606113
639.410479,122,850.573507
632.221624,119,850.872876
639.515975,117,851.234252
512.635411,101,851.507483
718.4501,147,851.873994
748.978871,142,852.237316
820.804328,159,852.639467
1056.95555,207,853.163925
509.626756,108,853.952213
356.967186,72,854.144409
547.846709,99,854.435085
727.941076,142,856.022863
649.587702,126,856.348066
636.883707,120,856.661332
477.026606,103,856.934755
492.208732,98,857.191148
502.188748,107,857.461324
820.778084,170,858.405416
541.919795,124,858.716837
530.755342,100,858.966443
931.753379,198,859.456803
564.57809,105,859.742705
844.952417,166,860.19991
669.305833,146,860.568007
682.962469,131,861.51566
662.807384,134,861.854507
720.67313,130,862.16725
418.016907,94,862.398645
825.557313,157,862.786755
798.258529,173,863.276435
601.787437,116,864.722638
767.719192,142,865.084732
458.48989,106,865.895692
799.076342,154,866.282773
818.556664,160,866.680279
851.619407,165,867.092771
875.610764,167,867.502872
857.520266,166,868.000319
1163.437683,223,869.061986
661.02901,128,869.38624
698.991309,132,869.720892
668.682264,122,870.027482
607.857632,127,870.344727
625.006743,122,870.656279
590.695455,107,870.955676
756.793247,157,871.41077
618.084052,116,872.194685
647.882355,127,872.517052
771.757917,168,873.972144
780.18634,165,874.418963
515.910127,109,874.70847
562.711376,105,874.98371
669.669205,136,875.344333
768.800773,146,876.247995
951.153931,195,876.79923
588.915497,116,877.096116
838.548594,166,877.508683
599.238364,114,877.792216
538.741305,108,878.0589
517.846406,98,878.301468
856.929894,159,878.698757
608.730394,121,879.527461
660.135791,127,879.896579
727.778254,144,880.284095
625.340328,124,880.591612
579.151875,120,880.897151
708.467968,135,881.238549
754.562104,153,882.681873
833.964189,157,883.141541
444.513651,87,883.92122
1002.162913,187,884.381177
539.708028,104,884.648257
749.242414,144,885.013158
714.684217,137,885.367402
955.672731,190,885.869188
646.591006,130,886.209464
583.256282,109,887.12333
477.5052,91,887.342577
580.003801,113,887.620426
702.825718,129,887.939799
528.001561,119,888.246798
960.54511,193,888.799307
391.033057,88,889.01977
575.959268,134,889.353263
511.499901,94,889.584873
1071.827898,200,891.812397
664.874644,141,892.19314
522.190875,102,892.443115
562.777281,110,892.716326
637.220008,131,893.037921
604.179154,114,893.324324
743.733735,141,893.674138
605.229599,115,894.60323
495.426864,97,894.849459
866.165377,163,895.266191
836.322126,169,895.695038
818.097785,161,896.107395
648.618788,118,896.405438
731.909521,140,896.775553
665.733241,124,897.149556
705.359043,144,898.169972
731.762885,141,898.524745
664.718289,128,898.851238
684.013324,129,899.17544
865.804384,158,900.868626
382.020202,89,901.086358
723.919699,135,901.42439
557.361251,107,901.692691
475.756401,103,902.596596
788.618213,162,902.999039
689.289789,127,903.32779
579.440448,112,903.664465
486.152734,111,903.949378
671.352735,131,904.277236
757.975527,144,904.635901
642.479763,123,904.945148
756.215766,150,905.956306
571.233941,106,906.226753
484.882715,93,906.460231
715.473059,138,906.811681
809.939664,154,907.19179
553.324544,107,907.462419
465.843992,89,907.688191
832.307205,173,908.134008
730.086147,136,910.415876
674.513406,132,910.741373
684.071573,154,911.154775
605.019984,114,911.444841
825.602973,161,911.885825
538.759642,104,912.205197
540.261607,101,912.477771
664.658783,120,912.781809
504.718059,94,913.655753
825.672381,153,914.027491
677.340028,131,914.355689
595.531734,114,914.644921
921.731346,163,915.059448
715.403911,140,915.435093
588.987901,132,915.789633
501.103142,98,916.05341
457.842247,98,916.941436
514.707462,114,917.235543
656.603834,134,917.612535
476.890399,106,917.900804
593.49423,117,919.504977
617.203137,116,919.817114
572.807936,131,920.161077
1020.409812,181,920.676355
725.236021,146,921.751245
570.887306,115,922.073588
690.120855,138,922.452398
702.191347,133,922.811223
666.384733,127,923.159838
681.716034,132,923.531203
740.964897,153,924.002111
615.592107,117,924.364805
601.542114,118,925.268446
870.062288,171,925.71749
663.32419,138,926.094037
471.865919,95,926.350968
696.825849,132,926.701678
729.798808,139,927.097493
634.877935,129,927.455086
724.00681,141,929.718953
652.583192,135,930.128187
754.098153,147,930.54597
614.282611,123,930.869246
499.752514,96,931.110852
964.890586,188,931.587543
640.084655,116,931.87552
648.921983,121,932.185067
703.923803,138,933.078378
705.170602,131,933.450138
478.639698,93,933.706465
727.72072,132,934.036441
805.217841,157,934.421962
499.045374,113,934.704
1024.25802,194,935.191752
539.89518,106,935.461076
720.420077,143,936.36641
607.970355,116,936.6555
829.599152,164,938.372164
745.794122,149,938.809777
821.399006,152,939.219538
715.502874,145,939.580395
1336.728468,262,940.723613
585.562265,106,940.974924
583.298062,114,941.254356
583.762023,107,941.518291
1120.776232,228,942.126013
622.780654,123,942.464117
729.425553,141,942.815237
828.783775,162,943.705558
602.297148,109,943.990921
817.601938,156,944.378277
1009.653649,204,944.893557
510.198098,96,945.140256
753.670407,146,945.569255
632.456916,116,947.348912
640.095741,117,947.647793
564.397782,102,948.4549
798.038469,157,948.845079
435.530223,102,949.10369
536.890406,99,949.349883
744.731737,141,949.699931
559.399864,111,949.982657
861.146305,167,950.417185
653.418265,124,950.74498
593.213653,113,951.810464
502.995719,99,952.052745
746.049532,149,952.424842
771.216345,163,952.837228
685.652975,124,953.151163
829.293356,163,953.557761
641.976467,137,953.908574
889.574349,167,954.404932
705.729909,136,955.443184
671.721959,134,957.396911
780.12351,159,957.810591
665.644239,130,958.151937
557.493527,112,958.438628
671.727842,130,958.778008
825.44316,156,959.180969
756.896101,152,960.293915
1139.319927,216,960.840945
601.576294,121,961.144724
493.181118,107,961.419761
608.172719,126,961.724361
534.47473,99,961.967103
766.014588,140,962.319898
710.307887,132,962.663182
507.132026,101,963.542814
925.573385,185,964.001818
576.80146,110,964.27927
589.427977,114,964.572249
667.129712,131,964.907259
1043.576238,198,966.822
638.589871,118,967.132227
639.842384,118,967.972024
592.185628,108,968.241265
533.115189,104,968.550022
675.313854,143,968.930094
556.566126,108,969.204436
481.998676,89,969.428728
615.672987,109,969.688045
684.621153,149,970.061034
449.823413,105,970.328085
507.334946,100,971.077904
594.695447,112,971.358937
574.269018,111,971.685984
709.11979,137,972.061362
742.790903,139,972.421342
571.675181,109,972.685694
599.432612,134,973.015946
808.980014,155,973.394712
633.801154,125,974.212995
537.377169,109,975.918775
498.730256,96,976.161872
828.769059,162,976.576966
897.071083,167,977.016727
700.584851,132,977.365756
572.060463,126,977.701787
556.018169,106,977.983581
891.387564,162,979.021507
654.547968,131,979.348317
788.847722,149,979.714598
401.324657,77,979.900589
815.53668,149,980.333921
729.381048,151,980.722204
482.917271,90,980.944869
600.250928,112,981.225502
744.82526,154,982.101096
702.865197,141,982.450588
980.887779,195,982.938457
619.924941,117,983.253447
756.32599,140,984.955214
840.368372,170,985.378848
805.3335,158,985.793348
637.828509,121,986.683127
682.289296,128,987.017658
454.893215,89,987.247045
632.21737,116,987.541291
738.018424,141,987.891895
715.691293,136,988.234888
839.52163,162,988.719146
702.840458,132,989.041756
708.24874,141,990.028864
590.87711,114,990.321149
675.86312,137,990.665263
412.925629,77,990.855068
786.90896,148,991.22371
695.370776,151,991.658778
583.025252,130,992.007549
849.91683,163,993.77337
707.469443,137,994.639953
660.873123,126,995.005656
776.338659,151,995.382418
843.135046,160,995.781909
866.680876,170,996.210556
562.881861,116,996.506919
793.154472,143,996.872462
590.484581,111,997.723399
900.622929,174,998.155389
767.61935,140,998.503408
926.936246,181,998.953518
634.399521,128,999.271698
950.365929,194,999.818527
735.956871,141,1000.696187
881.356515,179,1001.139666
696.104527,134,1001.481061
744.164154,143,1003.310759
690.750035,138,1003.652065
719.328359,144,1004.015587
664.290458,132,1004.34779
678.234372,123,1004.644328
732.415787,136,1005.543929
459.60797,88,1005.773185
660.211346,147,1006.151894
1015.398679,198,1006.664479
645.846289,132,1007.00118
915.504683,167,1007.443627
794.575774,146,1007.832982
540.276269,107,1008.750113
1512.135377,280,1009.45211
1259.918175,252,1010.085425
572.474887,104,1010.343143
918.918426,183,1012.168795
733.914321,139,1012.988173
473.792927,92,1013.218611
865.215064,183,1013.673715
617.987851,121,1013.977924
691.619939,139,1014.321879
590.90315,113,1014.611792
404.988382,95,1014.894684
539.136486,105,1015.165507
366.451719,70,1015.333766
853.983713,162,1016.288388
573.805227,130,1016.617789
687.57819,128,1016.944248
709.308415,141,1017.297804
728.09467,138,1017.641237
697.871218,144,1017.993723
573.217554,129,1018.325404
661.954217,142,1019.271394
772.19857,157,1019.665968
959.052969,174,1021.638483
1256.106162,230,1022.210051
541.799436,104,1022.473627
574.802793,111,1022.77665
913.986067,172,1023.223472
645.77919,126,1024.210126
787.609805,149,1024.574932
609.737437,110,1024.843124
1017.19465,194,1025.320496
736.716621,142,1025.680394
680.581804,142,1026.052976
803.481977,157,1026.478223
525.188486,94,1027.282218
774.607155,147,1027.652999
879.772682,169,1028.078891
695.519027,130,1028.407626
669.370215,124,1028.723813
725.85779,142,1029.109368
526.99829,116,1030.910908
864.971355,164,1031.322038
615.445789,121,1032.121403
812.031774,164,1032.581278
493.074974,108,1032.868407
703.826636,133,1033.195765
819.487833,153,1033.572542
558.803351,112,1033.853337
618.771484,117,1034.150196
650.282997,131,1034.955967
610.391297,121,1035.256696
1153.497237,216,1035.804399
855.39084,174,1036.245019
944.316309,176,1036.689109
741.185727,140,1037.062221
1145.394464,208,1038.231109
993.82353,188,1038.725976
1087.441561,231,1040.925223
852.095033,182,1041.461931
640.203236,126,1041.7827
865.000759,179,1042.223225
639.8429,122,1043.011784
625.537391,117,1043.305528
880.211106,179,1043.746425
1201.161126,239,1044.368567
481.350385,91,1044.628178
649.406654,127,1044.960131
647.317871,125,1045.274564
807.354909,154,1046.160454
646.971337,118,1046.467441
759.758924,143,1046.829506
916.553364,181,1047.287029
1032.385388,189,1047.762824
719.991141,131,1049.722433
805.191357,154,1050.201956
889.152809,160,1051.083807
737.572187,136,1051.412936
799.504581,156,1051.790318
640.543381,132,1052.107794
691.6034,137,1052.444042
525.722541,122,1052.763099
1188.321456,212,1053.391523
654.626292,133,1054.213523
607.652689,118,1054.505917
875.714109,170,1054.920214
389.476164,90,1055.147303
461.403584,105,1055.406591
645.226613,122,1055.707923
654.139712,125,1056.034816
1033.38747,196,1056.572937
1006.086581,191,1059.336677
1275.142346,265,1060.004296
576.856822,109,1060.270675
690.916522,125,1060.575879
677.945155,121,1060.880446
604.374704,139,1061.259711
533.04375,104,1062.263197
561.106428,122,1062.587146
717.376781,137,1062.926393
806.454516,158,1063.318973
899.387964,179,1063.772231
1583.887326,333,1064.613638
1321.35046,254,1065.891876
610.378676,135,1066.218046
593.927582,125,1066.520867
774.356586,138,1068.601729
672.495003,126,1068.929886
1010.860638,208,1069.444122
709.818719,157,1070.336268
650.655851,128,1070.65513
505.407932,113,1070.959803
673.428287,128,1071.322267
792.878712,150,1071.691437
720.420005,146,1072.045682
815.429755,153,1072.41542
737.539851,142,1072.757817
579.465523,131,1073.561798
875.898525,163,1073.974429
830.322297,176,1074.491551
684.693303,140,1074.84204
961.30988,187,1075.291699
804.907491,159,1075.674362
1001.756571,213,1078.562376
600.275317,129,1078.886529
527.262571,117,1079.190624
768.350351,165,1079.596279
628.344481,143,1079.970859
765.649041,138,1080.36841
600.187975,128,1080.684511
892.859267,169,1081.576031
901.363913,166,1081.991246
662.853696,133,1082.310535
489.478401,108,1082.575163
622.794271,112,1082.849289
616.657822,113,1083.154882
516.216389,117,1083.484787
536.688758,119,1083.787706
472.025014,91,1084.491223
581.046,124,1084.794667
736.157003,150,1085.177238
509.382553,115,1085.45849
736.049238,146,1087.510121
854.50225,177,1087.958667
581.645015,111,1088.236518
622.364882,128,1088.560417
924.249408,183,1089.561915
753.264242,153,1089.952322
469.722402,97,1090.190236
821.513937,176,1090.623969
598.25373,122,1090.919223
716.886939,133,1091.254917
936.116412,168,1091.682105
560.574281,112,1092.522375
717.490402,151,1092.937367
904.640074,172,1093.355103
640.024812,143,1093.704727
719.0963,143,1094.049233
1306.424155,253,1096.390207
899.846398,189,1097.334902
663.929775,136,1097.669921
663.880727,132,1098.00328
686.782965,129,1098.325338
729.01139,135,1098.65801
769.334833,148,1099.039945
713.363202,145,1099.422965
600.101762,114,1100.268368
676.260763,132,1100.595967
456.445482,102,1100.857958
774.656289,148,1101.234906
795.044411,156,1101.664492
575.674047,118,1101.997289
597.657125,112,1102.268776
598.917455,114,1102.546399
870.155829,165,1103.42473
947.670164,191,1103.902938
693.073131,143,1106.043875
697.027159,132,1106.387037
1075.636376,216,1106.931258
547.14815,108,1107.214204
811.528298,157,1107.621687
442.893189,85,1108.519452
696.226496,140,1108.862361
507.314824,118,1109.159824
833.193335,153,1109.541658
704.554185,137,1109.887146
852.883558,172,1110.31508
800.03912,154,1110.718271
618.300628,134,1111.597639
933.760467,186,1112.051092
444.926684,91,1112.27174
911.980932,177,1112.703745
750.62699,140,1113.054668
524.194971,117,1113.33592
682.123465,150,1115.234581
633.044045,121,1115.535739
676.37693,144,1116.36257
617.396288,137,1116.693197
709.300444,131,1117.041136
698.468116,141,1117.451003
485.060206,94,1117.682149
609.631912,124,1117.978118
848.283558,155,1118.358289
835.714956,154,1119.247687
636.069041,135,1119.592555
825.561091,143,1119.952003
663.02343,144,1120.314482
992.732052,200,1120.817596
744.649154,145,1121.188509
714.320506,140,1121.554329
1180.523435,244,1122.663275
937.234623,173,1124.783615
597.905843,136,1125.115101
652.084315,142,1125.469728
529.764798,106,1125.729853
776.520998,157,1126.136094
905.379611,185,1127.18375
590.961966,112,1127.457039
586.844551,126,1127.758892
777.417867,161,1128.15721
789.597342,149,1128.521763
1197.125217,216,1129.055794
652.117746,145,1129.432445
573.835377,112,1130.281374
634.487324,128,1130.597456
620.9325,122,1130.906824
660.763757,129,1131.229427
713.147101,131,1131.557725
624.512981,117,1133.381178
1118.225651,210,1133.89955
675.636717,137,1134.235402
693.589484,131,1135.055479
785.465042,154,1135.471861
638.944098,128,1135.8337
761.612445,145,1136.191599
684.602048,136,1136.52232
787.213532,153,1136.901209
577.299338,124,1137.200902
720.713352,151,1138.046484
764.709978,139,1138.37765
733.697862,139,1138.787311
1126.353306,210,1139.308115
759.844046,168,1139.718956
830.738429,150,1140.099236
687.778066,129,1140.424131
580.061026,119,1142.859226
645.025963,142,1143.222301
450.594365,101,1143.485325
977.54332,179,1143.940527
645.555533,120,1144.248225
843.107778,188,1144.741983
774.560169,166,1145.182009
480.627912,101,1146.12939
675.740772,146,1146.500829
567.013028,121,1146.800485
976.816931,181,1147.252097
612.70972,115,1147.547217
650.090909,132,1147.8788
843.423659,160,1148.287472
665.920171,122,1149.307215
620.745942,136,1149.648729
671.028222,137,1149.987208
562.681361,125,1150.29984
695.405294,124,1152.239759
977.96906,181,1152.712123
552.480071,111,1153.002327
509.722621,107,1153.281768
635.404086,137,1154.297604
435.411799,81,1154.504298
802.582025,160,1154.951058
748.693093,132,1155.290497
735.723371,134,1155.61208
681.905761,138,1155.962816
996.250046,187,1156.418119
457.271541,87,1156.623131
638.022438,139,1157.601952
693.484623,150,1158.021216
664.563879,148,1158.42241
714.937125,153,1158.801912
434.16667,97,1159.043654
614.1152,117,1159.330522
608.058349,140,1159.670727
594.860838,122,1161.962337
1225.903974,229,1162.525592
574.03036,112,1162.80342
593.522465,107,1163.072547
727.354879,144,1163.433239
623.806715,123,1163.740781
609.893943,114,1164.038215
783.262609,155,1164.449944
471.5225,89,1165.257645
1128.684774,229,1165.829302
513.643955,96,1166.065182
987.825876,187,1166.52713
832.818889,159,1166.919852
614.871635,134,1167.33788
1133.127374,233,1168.439152
617.262114,112,1168.714226
909.365576,183,1169.15529
704.286016,143,1171.480569
832.014383,165,1171.887034
567.624767,121,1172.189536
1032.638873,196,1172.671255
563.827856,107,1173.569339
687.254038,138,1173.91099
761.379674,136,1174.253981
386.27122,93,1174.483689
891.016853,192,1174.96397
578.680344,118,1175.269507
692.032134,140,1175.6382
820.847638,175,1176.751515
569.311993,116,1177.09066
1111.415044,222,1177.659179
720.916593,135,1177.987037
771.530684,148,1178.355445
744.496692,150,1178.726619
660.168261,131,1180.645546
980.242042,193,1181.627485
632.240359,131,1181.953423
654.421957,145,1182.303508
664.652986,127,1182.611707
850.969518,157,1183.014534
724.422061,138,1183.398558
537.020036,99,1183.672482
731.095995,161,1184.624754
830.567918,162,1185.038865
1044.492076,194,1185.523917
608.250012,128,1185.847934
736.251353,142,1186.21284
778.764654,155,1186.618631
806.829259,155,1187.010791
683.895768,144,1187.88529
471.165831,109,1188.160269
603.935067,126,1190.191606
830.442712,155,1190.565629
812.947231,156,1190.939838
801.825152,148,1191.310583
598.909526,111,1191.597956
998.365473,193,1192.768589
518.442271,118,1193.068018
605.631826,131,1193.391453
711.279175,140,1193.74527
596.833998,132,1194.073904
880.468199,167,1194.506513
950.03972,178,1194.97826
749.691896,150,1196.01841
785.80266,154,1196.404773
970.318647,197,1196.910044
455.086027,102,1197.170283
666.616594,135,1197.508368
701.823823,154,1199.811562
649.354681,124,1200.112906
642.883371,126,1201.064094
694.923705,149,1201.433427
826.132542,170,1201.881412
835.55535,158,1202.328985
682.540656,132,1202.650589
541.838636,108,1202.922457
645.101675,133,1203.244382
760.209539,157,1204.15482
535.10609,113,1204.435
516.155581,98,1204.677081
780.615728,150,1205.077843
446.050617,85,1205.332993
723.523474,141,1205.717871
887.084383,187,1206.190665
527.11026,100,1206.440562
1002.516136,188,1207.470897
801.517648,159,1209.281391
610.008171,117,1209.588715
648.843514,128,1209.905063
847.418318,171,1210.339502
898.436739,160,1210.750303
930.527037,168,1211.203633
686.952336,149,1212.299812
573.08414,120,1212.597935
505.770079,112,1212.877959
1203.475707,226,1213.456983
601.880174,128,1213.783225
501.167784,109,1214.064594
537.203403,119,1214.379688
571.949081,111,1214.714353
707.698761,136,1215.630682
834.982592,159,1216.019776
694.384987,140,1216.374863
891.952222,157,1216.77147
867.099375,164,1218.819345
922.309039,174,1219.263613
500.13384,105,1220.176099
751.007044,140,1220.52675
1168.589686,229,1221.120289
688.438189,138,1221.508256
767.329214,138,1221.846452
886.154171,172,1222.27322
685.186103,153,1222.645092
802.848328,149,1223.641894
811.153403,167,1224.055227
728.807441,137,1224.438592
634.462882,125,1224.77977
641.766552,122,1225.080645
1136.64395,217,1225.610735
1237.701185,251,1228.511805
688.798639,128,1228.842561
611.125519,110,1229.137588
608.382234,129,1229.475522
602.640468,128,1229.806118
849.838397,178,1230.343618
572.319271,110,1230.632096
671.468938,130,1230.950362
494.321403,95,1231.803871
595.263484,115,1232.087141
572.332117,113,1232.373641
694.798812,135,1232.696535
903.850364,192,1233.190888
942.778176,179,1233.694072
1117.209583,212,1234.236324
399.254319,92,1234.970357
778.717242,149,1235.339798
640.732336,126,1235.666371
1022.721592,204,1237.628611
654.999486,126,1237.936173
750.718964,142,1238.287156
859.992917,156,1238.6731
782.173507,157,1239.614595
671.876724,139,1239.968138
507.795488,97,1240.210988
705.772812,138,1240.555292
631.73788,120,1240.85327
482.401977,96,1241.09528
745.122325,142,1241.458944
626.955528,113,1241.757891
618.06377,126,1242.585432
576.605633,126,1242.901245
986.159468,183,1243.42272
1104.68763,210,1243.974259
574.243398,114,1244.25737
723.05518,135,1244.592653
714.895521,150,1246.392996
694.157732,149,1247.399772
533.556512,99,1247.643711
878.366021,175,1248.090663
606.07195,123,1248.390617
697.735307,160,1248.797328
749.982898,145,1249.151268
605.104661,136,1249.513288
1043.496673,194,1250.67301
599.933052,115,1250.971962
776.392767,165,1251.398395
426.906468,83,1251.607228
871.58211,154,1251.995187
593.462194,108,1252.27803
1204.723911,221,1252.911075
667.751202,143,1253.894378
844.464429,159,1254.287222
510.077788,111,1254.561479
949.772619,200,1256.888036
1059.215694,204,1257.416812
604.408104,111,1257.689041
654.938982,126,1258.000484
830.729523,154,1258.858202
541.708034,114,1259.140627
715.536463,155,1259.5887
776.686278,143,1259.956469
751.233968,161,1260.35471
841.851107,165,1260.77714
669.404766,130,1261.099011
577.913339,108,1261.918067
893.041582,167,1262.34396
798.376635,155,1262.729738
591.804265,110,1263.002688
388.845943,92,1263.236786
709.422307,133,1263.573946
787.265154,148,1265.573808
749.324078,148,1266.615438
649.095538,124,1266.941269
532.404566,119,1267.22775
895.029689,170,1267.639172
1180.207692,240,1268.249546
928.010513,196,1268.751463
592.735854,133,1269.103279
683.053826,126,1270.117197
724.297173,137,1270.470275
564.915364,113,1270.754067
1002.168238,211,1271.27006
712.900589,135,1271.595497
829.291278,152,1271.993177
727.60331,143,1272.369176
1032.563686,194,1273.412072
786.193201,149,1275.55999
673.392397,135,1275.896859
589.072031,131,1276.289952
744.56607,151,1276.694159
506.828736,114,1276.978954
979.792352,199,1277.955363
853.676892,159,1278.355667
740.802259,144,1278.701469
1363.243203,255,1279.349166
891.026782,169,1279.819647
975.154254,213,1280.336091
653.288777,128,1281.291503
775.610294,147,1281.6689
693.449123,143,1282.046036
696.330094,136,1282.388334
524.650406,112,1282.715887
724.396622,142,1284.859789
764.284399,149,1285.238961
501.219839,98,1285.499038
973.079284,200,1286.593027
694.839345,146,1286.963304
799.223704,152,1287.346125
765.812952,164,1287.756349
586.167964,127,1288.07497
676.731243,125,1288.403657
562.345052,125,1288.720353
750.009094,141,1289.842352
692.483352,130,1290.165425
454.684429,105,1290.426403
1005.5096,206,1290.946272
816.782647,157,1291.337155
596.656076,115,1291.641585
431.834448,96,1291.889298
702.130799,150,1293.013949
660.294336,125,1294.747083
866.60205,165,1295.174063
503.638945,113,1295.471239
641.805807,124,1295.805194
614.021834,115,1296.109219
955.33094,196,1296.6338
789.293788,163,1297.630881
713.284057,157,1298.026771
679.573903,149,1298.399129
805.126586,151,1298.781831
506.696293,96,1299.053529
580.44507,116,1299.381442
638.12367,121,1299.680649
701.061017,130,1300.006342
680.892211,132,1300.847918
620.474666,111,1301.124102
936.744649,170,1301.551671
1140.892222,238,1302.174324
834.983978,155,1304.161435
756.381055,138,1304.516373
741.466928,135,1304.872739
853.734873,160,1305.932334
906.9654,194,1306.420265
801.120896,146,1306.788009
787.754436,166,1307.203719
679.920345,131,1307.541801
813.902191,166,1307.990986
654.557507,129,1308.963908
692.803329,134,1309.298464
702.998989,150,1309.672461
627.870801,129,1309.995112
623.092059,118,1310.291314
718.178376,135,1310.621311
420.657274,97,1310.86706
938.709669,189,1311.357742
996.909922,201,1313.905823
671.062712,131,1314.252383
675.228968,133,1314.592518
663.503417,141,1315.019664
667.105045,137,1315.385756
483.601545,91,1315.609447
588.438038,117,1315.900346
673.46646,134,1316.763655
927.225053,161,1317.165015
606.756641,131,1317.491921
871.948543,165,1317.907996
841.822097,167,1318.330912
827.880877,169,1318.774811
670.374806,151,1319.174526
740.277415,162,1320.08802
968.523902,180,1320.536784
617.313584,118,1320.859582
1065.056965,197,1322.875378
770.907692,161,1323.287966
793.879503,161,1323.696203
464.778875,94,1324.639978
1067.90599,218,1325.175536
515.68909,96,1325.415882
797.918623,149,1325.779397
827.115889,156,1326.161456
777.453582,162,1326.560672
739.377217,135,1326.900096
820.95813,173,1327.88774
754.180677,147,1328.259368
732.013891,159,1328.66273
732.599225,131,1328.998131
1010.881783,204,1329.523356
555.632241,113,1329.822496
786.143462,147,1331.781229
637.608141,120,1332.598264
634.178217,136,1332.929298
968.06141,197,1333.41624
589.93155,112,1333.694868
533.442165,111,1333.971391
638.649955,142,1334.346117
757.344029,139,1334.760841
884.432853,171,1335.676791
1048.356544,215,1336.22518
523.62152,101,1336.477252
854.008013,176,1336.909218
788.054048,148,1337.277166
667.672624,123,1337.639724
653.906811,125,1338.008297
723.389807,140,1338.885482
675.733396,122,1339.187882
553.749091,119,1339.495226
920.037836,175,1341.549556
548.213067,111,1341.830327
999.364972,197,1342.334959
725.840891,148,1342.717537
702.436146,130,1343.622442
696.015895,147,1343.983111
784.592037,153,1344.372651
556.179266,128,1344.687166
871.514988,168,1345.105853
1501.940994,289,1345.918529
706.122531,139,1346.899083
513.308729,117,1347.187492
703.669022,142,1347.543958
948.723796,178,1347.981955
739.928254,138,1348.318953
734.883883,135,1348.682963
620.667043,121,1350.792582
701.74251,132,1351.132771
1118.912821,224,1352.355603
776.663397,146,1352.732166
768.226916,151,1353.118613
1139.320729,214,1353.656199
859.680026,178,1354.129416
1095.821435,209,1355.305673
662.217503,133,1355.66081
530.166312,103,1355.953751
635.31227,127,1356.266608
755.298972,139,1356.61317
710.449553,138,1356.95182
729.425953,129,1357.279286
864.313763,167,1357.694298
472.881413,90,1358.557017
820.504763,157,1360.616343
757.838263,146,1360.974367
872.156239,165,1361.395178
753.698271,150,1361.784212
667.538705,126,1362.134906
908.845305,177,1362.645975
695.868577,128,1363.591452
815.618286,158,1363.987676
585.806981,113,1364.278224
1092.244626,204,1364.79563
601.611258,112,1365.076057
576.264916,102,1365.345295
627.503288,133,1365.700168
1012.217711,194,1366.767565
871.6555,161,1367.169932
962.071495,170,1367.600891
650.309468,138,1367.944123
959.576262,183,1370.023646
700.314173,132,1370.384216
703.146704,136,1370.786074
631.129642,119,1371.600776
776.169292,151,1371.969798
697.821105,132,1372.292178
1341.220332,272,1372.966425
844.135831,155,1373.352489
959.412915,175,1373.861684
962.215405,185,1374.910425
1051.733261,202,1375.40378
591.055455,113,1375.677275
918.621722,190,1376.163015
726.680621,144,1376.538519
768.528479,149,1376.925786
918.926939,170,1377.913787
977.028135,175,1380.080986
825.680849,164,1380.506054
623.934361,116,1380.803092
630.744459,136,1381.157565
920.363012,174,1381.600444
733.511961,135,1382.014038
792.630539,168,1383.011168
650.010115,123,1383.312381
1324.998465,272,1383.981375
808.6705,149,1384.34737
562.706496,118,1384.659074
692.901656,146,1385.070397
1002.212877,188,1386.13153
766.579437,163,1386.533583
675.825496,128,1386.850545
1126.364419,229,1389.055911
983.265301,182,1389.51362
788.271836,149,1389.903206
756.662638,142,1390.894314
591.191631,129,1391.236601
614.553837,128,1391.567783
697.965964,129,1391.885396
600.825067,111,1392.164263
783.849413,148,1392.543684
872.184421,187,1393.038727
626.574747,139,1393.982117
948.544303,186,1394.443106
742.20647,145,1394.80884
533.938452,101,1395.055545
749.002881,146,1395.41997
850.193521,157,1395.810852
805.723642,167,1396.259761
718.895758,156,1398.901619
692.124777,146,1399.26303
983.843426,191,1399.744481
573.281866,111,1400.018256
729.877582,138,1400.36342
757.643336,146,1400.786509
592.53882,114,1401.115798
661.10633,143,1401.97256
615.793995,129,1402.292874
436.105973,100,1402.540945
1527.438134,299,1403.299306
777.373766,147,1403.666432
935.102516,176,1404.12956
566.219408,124,1404.459366
651.890356,123,1405.379851
1019.712172,184,1405.843642
698.144248,144,1406.206597
737.757564,131,1408.160615
906.418118,172,1408.582875
803.432841,148,1408.944248
714.91656,136,1409.281598
612.450056,116,1410.053244
788.57925,157,1410.432704
723.677214,140,1410.790086
726.482439,137,1411.201216
813.723112,157,1411.587007
632.97555,119,1411.879308
695.156751,154,1412.265569
678.244446,130,1413.096115
624.791463,113,1413.372235
781.367041,147,1413.729637
454.171947,88,1413.947853
671.62445,136,1414.338447
1393.46594,285,1415.07534
742.231109,143,1417.013351
575.549889,115,1417.885796
836.411566,178,1418.339929
639.836988,131,1418.664861
1154.851541,242,1419.286744
789.959675,152,1419.667305
772.177076,149,1420.0468
456.840379,87,1420.281735
471.975365,99,1421.166647
704.371148,131,1421.493773
647.182312,113,1421.771126
672.60442,125,1422.076018
759.246195,139,1422.453803
757.846204,141,1422.858796
697.9451,130,1423.177926
813.980352,151,1423.552533
876.093176,175,1424.5052
1027.310423,194,1426.655378
1141.862516,206,1427.16867
755.289287,150,1427.544223
387.833893,89,1427.774457
937.529541,186,1428.260068
955.369912,196,1429.364354
770.833024,152,1429.745339
675.190926,125,1430.059134
840.903678,156,1430.461363
737.710347,134,1430.804769
1127.534124,213,1431.373445
753.791737,151,1432.33037
594.091662,127,1432.654651
907.574602,177,1433.09139
681.054115,132,1433.403222
755.469293,149,1433.765933
869.334574,156,1435.882651
611.365917,115,1436.15934
956.572057,185,1437.226455
681.245833,136,1437.625353
963.768766,191,1438.162771
752.566994,143,1438.511745
518.392573,106,1438.778805
770.422668,144,1439.120322
734.65097,156,1439.506669
629.905841,118,1440.402694
958.008059,183,1440.873702
830.498207,163,1441.286644
689.192116,138,1441.640126
1078.061562,210,1442.181881
694.132425,132,1442.552876
761.119219,154,1443.597614
786.984438,160,1444.004462
972.422345,188,1446.226308
873.874118,168,1446.658811
805.15958,151,1447.04882
967.71703,205,1447.670849
511.657118,104,1447.925199
1003.990541,185,1448.875131
857.823514,165,1449.273174
580.979029,120,1449.564986
756.758376,158,1449.95029
644.428484,130,1450.268061
825.747686,154,1450.737561
906.805252,182,1451.850782
714.42014,130,1452.164626
701.715702,137,1452.486581
847.377662,155,1452.850984
772.032104,159,1453.244722
444.622695,100,1454.937071
527.656235,95,1455.178768
974.539132,182,1455.637853
1012.094021,186,1456.664522
1206.290198,229,1457.235014
553.489855,107,1457.503073
389.452832,74,1457.687127
702.020988,131,1458.018664
627.124211,124,1458.342867
591.017863,121,1458.656871
523.181871,97,1459.440455
787.552875,171,1459.864686
797.558635,154,1460.23761
957.631906,187,1460.696764
812.5792,158,1461.089532
662.827129,126,1461.45694
760.653852,142,1461.822443
772.276971,160,1464.306132
784.857679,158,1464.744948
551.774019,103,1465.002868
783.62623,170,1465.431079
689.5434,137,1465.767693
956.768131,187,1466.231901
658.148041,126,1466.540646
509.163032,94,1467.408333
654.15247,144,1467.770139
1139.097303,220,1468.333084
607.838855,117,1468.626937
1127.375047,206,1469.145647
632.49369,119,1469.45846
528.50227,102,1469.726946
1012.977845,201,1470.790347
969.856188,180,1471.236543
1024.649924,220,1473.408629
564.489888,127,1473.761865
749.01334,142,1474.108299
893.46907,178,1474.541592
646.254599,127,1475.334105
614.650976,133,1475.654705
748.430062,141,1475.987901
806.725374,162,1476.404063
1017.71989,200,1476.954072
768.499899,154,1477.33245
729.702335,136,1477.667864
922.536552,179,1478.652654
557.152677,112,1478.928141
561.64263,104,1479.1785
1085.136499,204,1479.694611
811.155149,161,1480.142651
762.616219,143,1480.503634
578.691448,126,1482.551023
619.12627,120,1483.395638
684.342482,140,1483.749446
1057.470614,190,1484.225566
839.169068,159,1484.626084
480.218249,91,1484.862656
608.004362,110,1485.157344
716.756842,136,1485.496933
1219.468958,235,1486.602533
820.017735,163,1486.990905
908.882976,173,1487.487384
536.120049,119,1487.783297
632.886051,131,1488.109972
1191.580318,254,1488.724221
601.27399,116,1489.487465
684.643026,133,1489.827044
1106.803658,222,1491.747253
649.958537,117,1492.030631
668.874832,126,1492.33255
862.396424,172,1492.783452
1114.006324,207,1493.972588
629.567143,124,1494.281888
756.925389,138,1494.63039
963.926219,197,1495.11642
827.983423,155,1495.504954
530.31234,102,1495.769715
717.124198,132,1496.114945
493.172506,110,1496.405972
873.69131,159,1497.449587
764.265629,137,1497.824141
697.924737,135,1498.182146
668.747707,133,1498.509096
690.315405,134,1498.84112
729.425208,142,1499.194982
844.070697,164,1501.287234
860.112232,161,1502.310563
803.66945,167,1502.721377
678.471031,122,1503.022873
621.311195,145,1503.396734
624.182538,115,1503.684038
911.01188,169,1504.167501
668.754995,130,1504.519338
1066.882962,188,1505.615213
559.651729,106,1505.886698
912.013984,166,1506.302686
670.673859,146,1506.672972
674.249856,127,1506.99085
623.558968,116,1507.28706
687.985476,131,1507.633266
573.511541,127,1508.614996
964.624623,185,1509.087622
633.561779,121,1510.908365
716.088052,152,1511.302251
830.918766,156,1511.710775
772.357665,143,1512.103802
417.927743,89,1512.375677
695.040647,131,1512.713967
977.502149,177,1513.772412
761.908788,144,1514.126482
622.421011,134,1514.457916
805.549503,156,1514.83709
731.470203,141,1515.197034
546.552616,123,1515.559463
640.299121,125,1515.866001
609.443243,116,1516.785221
633.968812,122,1517.084512
596.624772,108,1517.355004
730.977684,133,1517.686332
1142.26864,211,1518.222471
745.922682,143,1520.166516
820.377012,155,1520.555915
771.534605,146,1521.564085
1254.74813,227,1522.118568
1104.186135,197,1522.597276
557.764831,129,1522.940642
542.92162,114,1523.277425
742.901051,152,1523.672084
1114.11842,217,1524.841615
796.694955,149,1525.208298
1008.409023,201,1525.725973
941.815583,183,1526.224212
722.208465,143,1526.606541
765.505803,154,1527.003296
999.069486,197,1528.108218
782.484458,149,1530.064574
766.515609,148,1530.439197
660.992734,124,1530.75775
587.053222,127,1531.088029
756.220276,155,1531.490628
496.869582,94,1531.736142
895.614187,166,1532.714423
680.460173,126,1533.028425
603.237583,131,1533.364319
896.90639,161,1533.77667
929.952611,166,1534.211232
937.124008,182,1534.714776
853.689047,163,1535.112117
798.871134,154,1535.966555
745.780241,159,1536.359524
955.46804,174,1536.779412
847.342238,152,1537.152104
725.930265,156,1539.183486
642.331931,136,1539.51464
621.089305,120,1539.805568
816.199124,166,1540.799073
630.144479,118,1541.123752
509.613218,114,1541.407515
1230.701156,262,1542.04562
687.119724,147,1542.419576
745.834709,143,1542.781266
736.314722,141,1543.709008
637.290365,142,1544.072719
796.337623,151,1544.457798
819.223082,170,1544.887552
771.986086,149,1545.260209
819.479716,149,1545.645545
754.155886,139,1545.999669
781.594648,145,1546.96446
815.024432,163,1548.904043
830.341396,154,1549.300012
834.298774,157,1549.706909
859.090879,174,1550.227417
748.045131,167,1550.665411
777.965339,154,1551.045793
809.523923,152,1552.060958
725.071317,141,1552.40205
817.045866,153,1552.775596
547.68555,103,1553.032664
1182.699114,225,1553.597277
993.775055,191,1554.093915
492.122425,108,1555.019513
641.332684,134,1555.360347
1052.979739,201,1555.864315
718.974042,137,1556.207501
781.031668,148,1558.219563
807.054431,151,1558.592439
583.954902,127,1558.912873
1095.039965,196,1560.009731
664.154526,132,1560.330424
657.336234,133,1560.673611
740.248942,138,1561.073907
856.488082,166,1561.475529
1180.34515,244,1562.090497
498.196979,97,1562.320915
710.643396,140,1563.297552
720.821637,140,1563.643063
1167.590744,227,1564.28115
1171.856234,232,1564.846587
596.278667,106,1565.114227
763.007768,165,1567.145086
827.793206,153,1568.155636
966.284417,173,1568.589796
675.550248,131,1568.916505
688.578223,146,1569.288386
1017.431919,187,1569.761738
710.577865,129,1570.090582
533.972031,118,1570.391467
607.462885,113,1571.319463
880.600782,190,1571.861674
959.875345,176,1572.29746
732.878641,141,1572.644202
696.044401,131,1572.961715
613.198421,117,1573.241246
637.1748,114,1573.52165
510.943118,104,1574.426233
693.02381,131,1574.774125
796.535373,151,1575.197376
942.315774,168,1577.193633
989.917343,179,1577.667001
633.743064,133,1578.015602
842.472311,168,1578.462073
762.55075,143,1579.38763
725.780496,139,1579.740497
639.123735,125,1580.055395
644.208306,123,1580.365067
681.832312,126,1580.687258
841.975408,169,1581.115513
933.147861,193,1581.642217
867.209635,182,1582.666445
1019.539132,194,1583.156464
893.45496,159,1583.537965
694.936197,134,1583.894826
1118.366854,202,1584.428419
501.640975,98,1586.233443
952.268737,170,1587.240499
501.190876,94,1587.502883
549.697494,103,1587.762488
1080.322617,202,1588.25798
435.909646,89,1588.477052
617.291864,109,1588.738047
986.761109,177,1589.157898
531.930407,123,1589.458075
580.757914,117,1590.272829
729.68061,139,1590.662216
762.068642,143,1591.040097
1193.68476,214,1591.571411
705.24718,127,1591.893325
1235.664891,245,1592.513761
1029.636525,204,1593.594318
629.908251,115,1593.88174
941.602665,172,1596.026277
786.832922,158,1596.422835
1118.429306,237,1597.031288
565.983789,112,1597.326576
884.475269,156,1598.367683
1173.733127,204,1598.869206
699.834512,134,1599.192295
864.686831,161,1599.587834
574.053028,108,1599.901174
1015.807089,187,1600.379577
987.152842,176,1600.807181
915.177599,163,1601.700542
499.038024,106,1601.966606
715.872729,135,1602.300035
522.296528,111,1602.584094
729.954929,139,1602.964432
976.169913,180,1605.015057
907.0179,166,1605.451033
849.446271,176,1606.447382
1227.683905,231,1607.032022
929.480017,162,1607.43633
723.994091,140,1607.786396
727.700933,143,1608.146707
612.198578,116,1608.450732
939.192388,168,1609.433554
641.183303,121,1609.737123
706.47594,133,1610.072364
1064.742743,194,1610.541579
861.840331,171,1610.964989
785.971438,148,1611.380618
1505.885501,282,1612.582982
1467.371858,268,1614.669662
1081.514808,207,1615.211132
1066.35384,195,1615.691444
896.11923,172,1616.112465
442.621665,86,1616.31609
1198.633955,218,1617.347021
1354.464002,254,1618.048936
596.461442,117,1618.339447
762.100391,151,1618.710425
630.764913,128,1619.035314
519.207123,93,1619.264444
704.765237,136,1620.165941
1069.778302,184,1620.620661
514.508477,108,1620.89667
834.962633,158,1621.296205
636.543698,121,1623.345597
641.163436,124,1623.658911
631.223991,116,1623.950082
799.667167,152,1624.331256
855.760951,160,1625.278981
607.480135,135,1625.623157
713.413565,134,1625.959742
756.653348,152,1626.325752
688.512215,133,1626.64506
556.385851,123,1626.953027
868.360407,163,1627.365557
737.613204,143,1628.251747
544.615441,100,1628.527645
957.101531,189,1629.017751
709.416463,138,1629.352462
844.013028,154,1629.72363
956.98333,174,1630.147232
951.104763,182,1632.719445
623.784336,118,1633.006856
631.305336,122,1633.298571
862.39119,159,1633.690564
1116.483821,229,1634.289946
1504.183441,288,1635.052266
753.740429,139,1636.059008
670.882647,124,1636.368366
948.983799,166,1636.782148
1158.295234,219,1637.334538
572.522273,108,1637.606468
820.616765,153,1637.99766
898.236448,164,1638.43638
1077.657191,224,1639.648289
707.551862,125,1639.982938
551.342665,108,1640.284448
1660.302157,305,1642.736481
782.663099,145,1643.137697
848.28477,157,1644.222414
742.117943,149,1644.595083
595.57,112,1644.86872
750.45795,143,1645.224448
671.431126,146,1645.583699
665.731796,132,1645.903934
816.423542,149,1646.289019
542.453109,123,1646.614215
646.620651,135,1647.594677
834.659535,157,1647.986549
955.967737,185,1648.446708
900.797037,177,1648.888843
849.698119,152,1649.274899
978.386873,184,1651.362616
671.324551,140,1652.340072
709.831697,139,1652.690007
749.120347,147,1653.058781
1261.733678,221,1653.61108
982.493486,181,1654.093252
687.019602,132,1654.472264
1074.838279,205,1655.633329
729.066458,148,1656.003933
769.718953,146,1656.356487
758.406588,163,1656.756035
824.450603,178,1657.190027
906.164069,164,1657.659594
864.470525,171,1658.102127
507.41856,109,1659.000066
878.017487,180,1659.438535
446.996265,103,1661.416874
548.23368,115,1661.716769
892.033985,164,1662.119784
455.112585,94,1662.357623
964.167488,188,1662.841053
1128.894993,219,1663.940292
683.296943,129,1664.266719
672.167124,137,1664.608632
828.271415,162,1665.015563
851.494779,169,1665.446245
1174.98056,211,1666.00123
1027.663311,200,1667.061493
495.85369,95,1667.299704
865.998617,171,1667.728801
613.714103,127,1668.049546
1021.695666,191,1668.527701
700.090061,131,1670.342561
899.264753,165,1670.756424
1079.647757,199,1671.722371
844.851649,153,1672.094573
784.610479,146,1672.468804
974.228802,187,1672.916311
1035.757634,199,1673.496476
436.677451,81,1673.718978
671.727376,120,1674.508993
1015.504457,204,1675.015984
812.278903,145,1675.371921
631.252576,130,1675.698891
745.643126,159,1676.099312
938.264188,191,1676.598943
619.188278,118,1676.91024
652.560667,125,1677.8632
1046.673511,202,1680.138535
896.6396,171,1680.577217
958.27014,201,1681.090982
507.231435,116,1681.401088
552.486352,123,1681.729444
960.280928,185,1682.852914
969.788094,196,1683.34234
403.646952,92,1683.571244
930.881107,166,1684.03725
707.348365,142,1684.40881
702.504763,138,1684.737373
819.313158,162,1685.150607
646.094473,123,1686.097032
594.876712,126,1686.404556
855.731233,179,1686.84077
687.331058,153,1687.279213
696.223414,134,1687.623558
504.42433,115,1689.291739
609.252272,116,1689.594656
550.298555,124,1689.911587
864.960812,161,1691.083675
472.890465,108,1691.34784
699.772149,131,1691.675107
888.524302,173,1692.109215
758.353869,144,1692.473463
706.636539,132,1692.823742
787.742105,140,1693.198067
702.880841,148,1694.227869
631.632731,118,1694.531195
809.709218,153,1694.931403
1153.882257,218,1695.487044
860.425407,151,1695.871533
623.424228,138,1696.238473
822.832089,160,1697.29078
1028.129768,196,1699.370243
873.072613,179,1699.819099
1087.38335,194,1700.303854
551.771166,104,1700.560696
630.066817,130,1700.888374
881.943023,175,1701.333521
746.472802,139,1702.313406
709.292106,137,1702.696339
1140.99866,198,1703.21326
947.307239,175,1703.647542
740.664201,156,1704.028759
852.640514,156,1704.411606
882.338029,163,1705.328448
1105.168575,227,1705.93214
839.784289,153,1706.352402
882.072017,177,1708.135749
592.327523,132,1708.485613
601.888135,109,1708.771667
878.419034,167,1709.207933
695.05562,131,1710.067951
1089.987446,201,1710.573045
981.435229,180,1711.02245
989.769928,176,1711.461272
440.376845,103,1711.736229
665.673279,140,1712.107499
614.610016,133,1713.028571
506.69376,110,1713.302899
733.816945,134,1713.636286
557.912555,113,1713.92714
625.145363,112,1714.206242
929.310691,185,1714.677318
998.717581,190,1715.176222
782.623199,142,1717.1572
970.219801,187,1718.118056
1022.019033,187,1718.571876
814.932386,153,1718.950334
911.634365,183,1719.404006
1612.914325,318,1720.791619
947.25909,175,1721.211389
703.124959,136,1721.547085
630.099303,119,1721.838917
751.260289,147,1722.195769
837.758391,153,1722.562015
1124.96095,209,1723.114745
852.688797,151,1724.197332
705.842845,151,1724.577676
987.353565,183,1725.036118
760.407731,166,1727.150999
591.858861,106,1727.419608
576.45193,111,1727.702317
725.637573,135,1728.042968
871.578702,164,1729.081163
846.070659,177,1729.533152
766.868699,145,1729.895228
720.340973,138,1730.244735
957.770202,173,1730.672049
670.011705,126,1730.989167
595.748381,115,1731.287833
990.656089,181,1732.372817
891.419846,181,1732.823193
867.035693,173,1733.31045
791.784058,154,1733.686017
778.380026,143,1734.031872
713.246061,142,1734.374223
1131.626844,210,1737.095871
767.50097,151,1737.460163
881.538877,178,1737.894332
725.145973,151,1738.273005
824.883071,154,1738.667228
638.392017,147,1739.056229
653.196272,126,1739.391761
1087.21111,219,1740.49103
889.340466,174,1740.937429
946.183969,191,1741.422304
1061.469507,196,1741.920618
685.635837,129,1742.253938
574.895112,112,1742.553585
824.474319,148,1743.576077
723.267046,127,1743.892186
1015.229213,198,1746.140582
829.658961,161,1746.5523
712.800669,134,1746.888578
707.018143,137,1747.237952
932.357901,174,1748.509116
706.784392,129,1748.856183
1237.329084,239,1749.473208
728.952978,131,1749.809341
547.503598,116,1750.108198
1185.436235,212,1750.649616
988.733938,192,1751.857336
700.268658,129,1752.176699
998.04008,184,1752.631932
792.49402,145,1752.986166
895.2902,166,1753.406121
696.258223,130,1753.747103
794.654911,173,1755.781345
576.136273,114,1756.640709
1086.387535,216,1757.192831
715.256138,137,1757.54748
581.017177,108,1757.816079
544.798788,102,1758.06754
843.711283,161,1758.478784
927.886231,174,1758.93116
867.911047,167,1759.946942
843.280398,174,1760.384173
768.315733,135,1760.727113
936.141599,196,1761.221126
983.084945,190,1761.71019
978.472357,188,1762.198248
913.513827,171,1763.246195
972.337956,202,1765.316973
1012.716855,202,1765.82084
1003.358446,206,1766.32335
691.540596,134,1766.641518
1173.734572,221,1767.844411
927.434459,168,1768.307499
687.656702,129,1768.624879
401.443226,95,1768.85557
669.047463,129,1769.172272
874.254272,173,1769.598903
1444.7327,251,1770.223396
1040.842129,203,1771.388827
714.935251,139,1771.740629
407.696412,91,1771.973536
1004.028519,193,1772.456352
764.380754,149,1774.516542
1061.371297,216,1775.07179
554.970684,113,1775.99288
665.161962,149,1776.401445
966.391274,177,1776.848171
888.273012,160,1777.23854
739.200595,147,1777.595302
790.25739,155,1777.989592
737.437052,143,1778.359537
711.188696,147,1779.421622
941.85934,175,1779.843359
769.620822,158,1780.219493
673.068132,125,1780.520591
709.576189,129,1780.824066
865.799975,175,1781.267396
723.977277,129,1781.602681
1127.781386,214,1784.231367
773.576455,145,1784.603745
1109.777898,206,1785.144785
967.906867,190,1785.644302
830.750449,163,1786.067889
1023.87018,186,1787.117401
855.080305,179,1787.57141
541.376585,124,1787.887868
736.903857,136,1788.227972
654.176584,128,1788.546936
1037.107678,224,1789.124968
794.173177,164,1789.553088
866.682151,183,1790.668766
718.962687,129,1790.987065
708.774997,144,1791.342558
519.763706,95,1791.593155
588.662605,113,1793.490491
482.308535,95,1793.730249
761.077172,160,1794.133611
677.787561,132,1794.483302
878.523208,158,1795.39653
624.865438,112,1795.710776
974.772461,184,1796.18049
573.021057,131,1796.496719
1045.674565,194,1796.953351
1063.471242,194,1797.424425
1475.174295,283,1798.616745
704.466007,142,1799.021489
683.570299,134,1799.353287
734.620832,147,1799.714898
959.136262,203,1800.221653
1040.209272,187,1802.858952
1417.469409,288,1803.600082
828.092883,153,1803.994981
682.267912,135,1804.332338
1268.823833,239,1804.950498
1099.987346,209,1806.108699
648.495521,119,1806.40571
960.669373,171,1806.831722
936.348935,179,1807.27459
922.327412,177,1807.720167
779.471468,160,1808.124237
766.100865,147,1808.511619
838.870961,158,1809.538619
526.283583,113,1809.809207
750.793524,149,1810.190439
1482.382918,274,1812.607164
933.987174,173,1813.035819
934.882704,171,1813.46619
583.335664,130,1814.572049
1133.837977,220,1815.138551
901.15922,183,1815.591352
782.00075,141,1815.933131
716.299006,141,1816.281769
739.399234,147,1816.669114
912.585682,173,1817.661515
1789.6657,347,1818.525176
628.618138,124,1818.8313
1187.242926,225,1819.392015
772.267088,163,1821.45701
661.95171,122,1822.373946
774.153401,165,1822.792918
914.816987,161,1823.203394
479.74464,95,1823.44571
916.964941,170,1823.880562
846.965075,161,1824.321506
984.180826,182,1824.798211
735.462069,130,1825.744182
801.125476,150,1826.122932
785.306865,147,1826.487795
826.623876,178,1826.922429
604.498544,133,1827.298546
684.147661,148,1827.700649
934.728956,195,1828.179925
941.496322,200,1829.305864
791.310638,151,1831.535893
797.372594,152,1831.897721
656.525267,116,1832.180088
1135.596853,215,1832.710236
476.921438,109,1832.994883
834.086528,164,1834.189827
430.861003,95,1834.423374
634.296361,124,1834.730491
691.968837,125,1835.043447
787.00462,163,1835.464192
820.200536,160,1835.867868
614.607398,139,1836.226172
969.674347,200,1837.286222
995.361672,181,1837.734833
1063.020051,196,1838.218729
750.167491,148,1838.594048
672.958479,121,1838.896453
689.480714,130,1840.97817
769.917582,150,1841.350696
851.671722,159,1842.386431
634.780992,123,1842.743488
1015.575133,188,1843.22544
628.996801,128,1843.540531
692.319985,155,1843.931234
868.142497,160,1844.340344
619.027834,118,1844.655731
673.536773,128,1845.734053
573.537876,108,1846.086468
583.199293,106,1846.378241
675.377536,137,1846.76927
619.847657,112,1847.048029
478.507443,108,1847.314432
607.01173,117,1847.602145
1404.307892,257,1848.985253
815.262703,162,1851.17689
809.460262,156,1851.588652
652.042751,126,1851.948678
547.121193,119,1852.27359
850.109185,158,1852.701837
1060.671368,198,1853.234316
653.821877,131,1854.159443
617.361352,121,1854.469585
925.828885,179,1854.929633
1164.609084,224,1855.50034
1179.463406,213,1856.055348
792.134077,171,1856.519223
808.177386,151,1857.490198
649.423584,122,1857.812195
893.861136,162,1858.239139
493.359842,93,1858.482964
651.624384,123,1858.800821
995.946842,203,1860.749701
756.71005,136,1861.160008
832.419453,171,1862.150624
818.286479,160,1862.557687
999.498417,193,1863.051828
903.254288,170,1863.481799
1444.430577,268,1864.165808
808.703517,148,1864.613726
979.38018,175,1865.649678
1057.928379,215,1866.206228
1090.094698,201,1866.709581
629.807788,141,1867.072261
772.355623,143,1867.45505
1001.278492,179,1868.564564
1004.505407,189,1871.033797
760.96795,151,1871.430004
1047.988181,191,1871.931283
878.916564,165,1872.369793
601.700652,111,1872.659678
786.792416,164,1873.092804
628.864382,128,1873.985702
997.769846,202,1874.50236
773.378489,151,1874.891292
965.0317,197,1875.394145
1209.497635,221,1875.954098
998.443154,183,1876.93151
787.246005,171,1877.352354
575.364887,132,1877.674901
1129.216569,228,1879.848934
909.444501,167,1880.259888
699.798773,152,1880.657933
803.155523,162,1881.117436
919.153693,191,1882.328622
646.347343,127,1882.64329
577.166469,113,1882.918944
1147.056164,230,1883.485976
994.436229,179,1883.947179
717.946978,133,1884.301683
930.425498,171,1885.41391
963.141159,184,1885.87975
569.799698,111,1886.156783
1194.423,222,1886.713471
632.976635,120,1887.017967
1029.260443,196,1887.550725
784.159709,140,1890.266274
1142.96494,208,1890.79072
839.572555,179,1891.307452
1191.606413,230,1891.901285
710.387937,135,1892.233223
741.694436,139,1892.573534
632.259167,117,1893.513911
977.205048,182,1893.966185
727.435175,134,1894.347849
506.425874,116,1894.656603
1150.373355,216,1895.184114
909.248642,181,1895.624456
1079.802301,201,1896.752281
1009.345084,190,1897.219549
969.998838,187,1899.354192
577.948146,109,1899.625831
1236.549577,238,1900.233744
955.245691,188,1900.722964
746.063798,139,1901.733862
836.635146,164,1902.143041
804.369331,150,1902.514313
725.134048,160,1902.915376
699.322389,134,1903.261224
1041.218375,194,1903.775775
893.66219,161,1904.857237
849.976635,188,1905.33935
623.200552,115,1905.62788
905.903527,178,1906.072298
1544.273802,312,1906.836119
522.1368,101,1908.841819
753.227656,140,1909.877131
812.473396,154,1910.259288
726.295522,130,1910.576506
875.774744,165,1910.986263
525.894292,103,1911.228648
840.469006,156,1911.616186
583.401243,123,1911.960033
502.443317,115,1912.308585
937.000565,180,1913.290529
550.709973,124,1913.5931
1288.044172,230,1914.162483
829.764965,154,1914.546925
976.703665,187,1915.036922
812.014915,167,1915.490672
883.299602,173,1916.591842
706.980438,130,1918.571101
883.310414,168,1919.011077
1166.009253,220,1919.566702
721.667978,141,1919.924644
1545.265261,290,1921.207559
1618.205637,303,1921.931391
703.816538,133,1922.283506
677.288783,130,1922.656019
1011.603752,193,1923.125306
887.062473,173,1923.548196
844.929549,167,1924.472054
883.986667,174,1924.895393
511.600861,107,1925.15485
740.433771,160,1925.605933
781.189938,168,1927.524673
798.284568,156,1927.916954
644.82032,127,1928.925636
1070.667877,198,1929.424414
978.769946,194,1929.920009
483.853957,105,1930.183504
659.002015,129,1930.510477
718.814121,130,1930.844647
804.875101,144,1931.24358
734.242226,161,1932.235686
820.581075,155,1932.6222
1070.003226,195,1933.107115
682.892309,141,1933.460774
685.101508,126,1933.77881
701.045463,148,1934.165909
808.556118,151,1934.564305
1153.137922,207,1937.627244
855.379032,168,1938.035941
692.080635,130,1938.359163
457.262604,106,1938.627366
886.250085,183,1939.076728
914.581492,168,1939.496238
740.89346,163,1940.659232
877.768978,183,1941.12394
994.352896,214,1941.664063
871.661812,166,1942.074593
989.690525,184,1942.533679
601.522596,119,1942.833265
584.043563,131,1943.807853
647.92085,128,1944.164792
537.556299,119,1944.465626
747.731625,141,1944.811612
773.821958,141,1945.160724
1084.815099,205,1947.452156
960.155426,173,1947.895471
1002.331102,213,1949.11371
833.989483,153,1949.503028
654.28791,124,1949.821207
890.99792,190,1950.294885
835.735103,154,1950.680668
1269.302003,238,1951.31391
967.902941,195,1952.485705
681.370919,151,1952.865058
906.854382,176,1953.296736
1315.629303,250,1953.970635
632.984173,116,1954.287982
1074.63949,234,1956.745859
649.975134,136,1957.11014
972.444985,176,1957.601484
775.631967,146,1957.956033
590.732865,111,1958.237283
668.707673,130,1958.551675
776.366759,171,1958.965658
1025.964136,193,1959.958252
832.561029,155,1960.355794
890.262045,177,1960.795205
791.699954,146,1961.162727
1147.072786,225,1961.743019
624.783629,124,1962.066482
657.681799,138,1962.992325
699.257943,144,1963.361077
620.652186,118,1963.656364
683.404249,147,1964.026095
1044.672787,202,1966.29354
548.320944,120,1966.600762
985.611997,194,1967.111164
579.126222,127,1967.976462
717.48885,134,1968.309613
653.801993,128,1968.660113
647.862966,122,1968.994842
700.723618,124,1969.29338
1213.359458,224,1969.847753
1029.953947,187,1970.310318
872.520697,160,1971.272429
453.651044,106,1971.532961
903.599108,163,1971.962533
528.77674,120,1972.298657
454.579903,97,1972.541504
565.514283,122,1972.844055
1261.116326,231,1975.065263
1019.784265,201,1976.194597
707.385062,161,1976.604091
971.584605,182,1977.062305
999.942692,185,1977.528594
1120.855282,224,1978.118833
1029.671035,192,1979.263386
419.457927,81,1979.458959
1060.170339,191,1979.939178
906.627621,180,1980.392157
679.08828,130,1980.723854
593.885132,130,1981.057515
618.52537,129,1981.397494
1031.65821,186,1982.480215
692.515114,132,1982.812939
767.837859,137,1983.156997
889.515404,164,1985.030794
642.665113,144,1985.435616
515.08852,115,1985.774346
798.599013,151,1986.174692
509.029602,103,1986.431123
872.211054,172,1987.360857
783.974487,150,1987.725431
1124.115712,215,1988.246711
942.683369,195,1988.745224
707.033173,153,1989.174879
1079.919356,195,1990.142931
1355.590347,257,1990.769312
671.701095,123,1991.085085
823.730153,164,1991.510637
668.564444,126,1991.819452
589.313124,110,1993.688688
802.822934,160,1994.094261
1021.60446,189,1995.106982
969.35482,178,1995.549217
800.182405,148,1995.922209
563.852615,103,1996.178953
733.11258,139,1996.548202
804.13554,161,1996.969756
898.008776,163,1997.39446
804.453955,152,1998.339728
719.796057,135,1998.680905
476.310796,100,1998.932384
625.969697,129,1999.25812
1015.171993,192,1999.73761
593.958533,111,2000.018382
1163.179751,240,2001.339717
1063.729831,196,2001.822812
643.637261,139,2003.647091
1001.532373,206,2004.244986
591.900203,120,2004.575049
972.477453,190,2005.0373
883.81228,164,2005.976345
592.709481,110,2006.24315
1043.101043,202,2006.750421
1004.684834,186,2007.219407
533.70822,99,2007.508455
643.720207,137,2007.867862
484.939227,101,2008.124535
962.983824,179,2009.120238
694.528179,134,2009.458328
1054.879306,199,2009.971533
1059.887103,189,2010.443294
578.226747,107,2010.713163
878.199683,181,2012.784047
927.781092,193,2013.276602
618.617139,134,2014.158842
670.270469,144,2014.523195
553.649004,124,2014.836053
858.227809,154,2015.222147
752.764616,149,2015.584392
892.462644,160,2015.991322
909.718082,169,2016.929004
737.13227,152,2017.302986
784.084018,164,2017.712775
723.006879,162,2018.183472
593.96266,135,2018.543484
632.717862,127,2018.857149
1137.172116,220,2019.401175
711.644903,127,2020.202376
919.935084,190,2022.19372
613.417127,119,2022.484905
622.235258,119,2022.767652
609.78374,121,2023.071172
758.765135,144,2023.436908
956.04082,183,2023.916826
578.075139,121,2024.903508
1052.396294,196,2025.395542
801.492671,151,2025.77397
1258.340162,237,2026.372219
605.513555,129,2026.69868
589.128409,119,2027.009041
685.897591,141,2027.38079
707.493876,143,2028.402327
801.23132,147,2028.777293
951.41609,182,2029.238039
1194.825842,227,2031.456589
963.145622,171,2031.893864
952.741616,194,2033.212133
1033.666323,208,2033.720475
848.021861,161,2034.125675
861.23009,165,2034.532507
625.956412,129,2034.851098
500.785351,97,2035.100718
989.447869,192,2035.631505
656.038404,118,2036.641027
606.005909,121,2036.940346
1314.765731,281,2037.638534
1093.427648,198,2038.127601
799.226357,157,2038.523572
746.864396,144,2038.900346
1024.812208,196,2041.742771
414.723335,79,2041.94232
453.58321,104,2042.214378
592.706958,133,2042.557901
1057.453129,193,2043.048605
920.818609,175,2043.504216
629.891857,130,2043.8549
1131.539543,217,2044.975425
758.08182,143,2045.329961
678.429769,146,2045.702532
716.248813,154,2046.095132
1083.593197,190,2046.585284
776.182984,148,2047.048779
980.031725,181,2048.020717
634.489862,120,2048.310743
688.284402,129,2048.630076
616.733811,117,2050.840649
847.058924,161,2051.246535
679.337795,134,2051.580832
621.990736,115,2051.857134
1016.794557,190,2052.813966
721.790949,142,2053.171583
948.312903,179,2053.68897
814.593261,148,2054.056972
695.258124,128,2054.369232
976.083455,193,2054.838935
1225.380974,246,2056.146515
910.490953,169,2056.573918
685.280072,139,2056.923322
801.474759,151,2057.307915
694.333925,130,2057.632968
975.445262,193,2058.136487
578.443434,110,2060.440966
936.89831,195,2061.520311
961.242686,193,2062.019831
746.557447,137,2062.367141
974.636022,198,2062.865983
760.063589,167,2063.275298
805.596317,150,2063.719788
812.872112,167,2064.844614
907.737004,166,2065.246249
810.891135,152,2065.626788
843.533389,159,2066.008564
723.846703,135,2066.344939
1271.377048,249,2067.04147
832.819199,182,2068.06485
946.150087,180,2068.509317
1059.035422,210,2070.581088
852.82262,159,2070.991787
680.831115,135,2071.335649
560.191123,107,2071.614758
769.138458,141,2072.655039
743.376941,142,2073.016143
446.442179,104,2073.285448
650.392334,124,2073.601608
697.809796,142,2073.961941
763.003251,153,2074.361188
782.891097,153,2074.762901
940.105558,174,2075.223112
551.984783,112,2076.258597
563.509947,107,2076.549241
766.525241,163,2076.993466
830.450451,167,2077.45753
748.96244,139,2077.815423
1217.663921,228,2080.374274
506.213329,100,2080.632182
848.14716,157,2081.711306
669.367231,140,2082.093549
731.153247,140,2082.446721
778.883504,155,2082.866276
596.746803,135,2083.248121
907.82033,168,2083.67892
1034.193314,205,2084.721336
908.194848,188,2085.194996
1074.652989,200,2085.694456
555.320361,102,2085.95221
1275.655544,236,2086.617879
835.178053,164,2087.039684
903.88516,169,2088.161211
876.301919,167,2090.088798
983.574239,195,2090.599399
710.817208,138,2090.969272
827.479915,152,2091.369798
598.769859,115,2091.6875
1421.200444,266,2093.013248
817.172694,152,2093.415474
668.236634,125,2093.737269
627.341621,121,2094.049244
1147.288691,212,2094.603503
477.192291,93,2094.848094
669.935029,134,2095.217484
778.34317,151,2096.171458
1111.313621,204,2096.676759
917.537633,169,2097.103775
1136.363265,221,2099.245488
415.150506,99,2099.494339
813.835785,166,2099.923828
801.148186,153,2100.932826
1012.771301,179,2101.437579
768.313989,141,2101.821004
938.60222,158,2102.22674
497.242577,111,2102.52307
579.8357,131,2102.84427
864.956222,165,2103.262604
1252.301684,239,2104.513142
1019.56324,189,2105.005991
828.680499,164,2105.43414
796.45863,155,2105.831653
1131.183293,231,2106.46843
950.771495,175,2107.512714
565.053274,105,2109.283815
784.650548,153,2109.691287
646.341638,135,2110.047652
886.657784,157,2110.473678
520.391631,119,2110.794815
814.40217,180,2111.293906
581.212948,111,2111.595546
672.266589,125,2112.630534
821.723636,162,2113.029096
836.248323,151,2113.407939
1217.491439,225,2113.971674
1206.025204,224,2114.541722
1913.749788,372,2116.186272
1195.330478,219,2116.745655
1188.482688,218,2118.848784
950.599322,167,2119.346922
731.793473,145,2119.713405
1087.364112,206,2120.814484
924.381579,177,2121.277212
710.319653,131,2121.612356
761.094373,157,2122.042102
1062.964679,213,2122.630069
762.664617,152,2123.045319
1218.282941,216,2124.250958
838.716345,161,2124.668526
1078.595136,206,2125.208557
1177.121713,215,2125.757717
1016.769946,201,2126.332723
702.25096,129,2129.102356
593.662934,123,2129.423368
799.299035,151,2129.809639
683.366168,130,2130.157529
931.829755,176,2130.599964
999.505285,206,2131.210537
468.719819,92,2131.445799
838.937604,158,2132.368309
772.439417,153,2132.752677
800.191151,150,2133.142576
1019.468349,182,2133.603328
1031.706413,197,2134.194953
736.912838,130,2134.565158
1348.877314,255,2135.717437
1283.138526,232,2136.324705
1146.854583,218,2139.037783
755.551904,142,2139.408087
1015.97688,201,2139.943379
812.909323,151,2140.93196
686.453994,127,2141.255591
577.862802,112,2141.546035
1014.38744,191,2142.039651
957.320654,193,2142.552077
877.956368,159,2142.983789
618.499463,108,2143.276284
708.103166,148,2144.28861
851.266799,170,2144.729161
973.952205,198,2145.236842
624.9289,136,2145.589257
916.521024,175,2146.102428
1339.630747,242,2148.225342
1283.597764,242,2149.52117
512.305573,95,2149.770006
548.694262,124,2150.096537
1224.21763,221,2150.667725
665.858289,125,2150.974402
1297.385712,242,2151.590314
802.113355,148,2152.612705
666.061382,121,2152.94331
1282.748535,249,2153.621049
1272.709714,241,2154.259044
672.000946,139,2154.610604
1026.691672,181,2155.689642
645.795188,123,2156.011677
834.660108,176,2158.180157
535.275349,114,2158.482692
1170.330436,215,2159.052141
854.522547,165,2159.50576
1409.741691,275,2160.847567
1003.214652,177,2161.303359
1287.333539,259,2161.973408
958.604223,177,2162.427934
563.266621,120,2162.744212
637.14968,118,2163.051761
789.240114,157,2164.049807
728.769547,139,2164.446134
569.31244,125,2164.758312
670.695187,148,2165.141795
728.827059,136,2165.498745
914.30944,176,2167.931926
776.866066,148,2168.298555
655.479023,121,2169.111933
691.970941,155,2169.51149
860.549871,164,2169.939917
791.640007,166,2170.376053
959.758734,184,2170.865853
978.098915,214,2171.476072
684.321284,148,2172.459341
618.991336,120,2172.766502
1145.512753,228,2173.358007
576.101977,129,2173.702648
944.276124,192,2174.202189
992.796945,188,2174.717022
858.89209,155,2175.721485
519.997898,101,2175.976415
952.968589,180,2178.236487
716.625013,147,2178.606153
907.240537,184,2179.067973
729.755011,141,2179.414583
650.228757,123,2179.74342
913.297906,173,2180.776843
979.953836,207,2181.341471
618.659489,135,2181.692957
471.137404,86,2181.899614
1164.628557,223,2182.457269
686.614263,151,2182.855118
513.31207,112,2183.15698
934.565904,179,2184.211781
779.540681,149,2184.595397
681.299896,141,2184.958153
739.470821,150,2185.348922
863.627863,156,2187.993085
925.633087,173,2188.453412
616.533663,135,2188.81396
534.233322,119,2189.758218
770.754726,158,2190.179367
1182.333342,216,2190.733397
750.595358,134,2191.090362
573.179047,124,2191.424772
1109.108972,224,2192.032154
834.667512,166,2193.05792
1201.410577,228,2193.719026
1421.032148,271,2194.409532
995.991452,196,2194.911704
1487.473358,318,2198.007419
864.970152,154,2198.391329
841.585889,177,2198.851418
773.712902,145,2199.251966
520.283345,114,2199.569523
558.642994,114,2199.895469
1148.987754,215,2200.519125
628.873922,117,2201.335261
806.239487,161,2201.756329
557.407053,123,2202.075519
844.184544,164,2202.501344
1195.714722,233,2203.113444
874.865216,176,2203.598953
661.658484,130,2204.543221
783.023238,151,2204.933006
695.047301,127,2205.260528
778.339519,140,2205.619171
1296.558498,244,2207.950432
534.011879,99,2208.208806
803.372625,157,2208.616643
820.972932,166,2209.619656
891.509893,176,2210.081552
759.221409,142,2210.450446
922.541496,171,2210.89397
717.328459,148,2211.279398
1093.362856,210,2211.830449
773.320876,168,2212.987608
811.769276,181,2213.448151
889.955668,178,2213.913717
776.714943,158,2214.319565
1021.771179,204,2214.856252
890.418592,154,2217.147123
582.962134,112,2217.963409
845.570544,175,2218.398868
776.397731,159,2218.807853
1011.498489,191,2219.304213
1130.118406,222,2219.889646
744.473018,140,2220.267398
684.635599,135,2221.283884
680.6988,128,2221.611405
838.422107,183,2222.088402
897.875118,181,2222.557184
702.750317,137,2222.915788
911.740294,197,2223.453426
649.837481,121,2224.454576
846.814769,182,2224.931124
898.682095,180,2225.39838
744.999267,138,2227.426449
862.009511,179,2227.883337
463.369869,83,2228.094002
1381.583971,266,2229.299302
839.157848,168,2229.723921
1090.905607,196,2230.233337
695.529178,132,2230.627262
1133.71039,224,2231.194705
455.546204,105,2231.458724
617.839615,120,2231.754886
2174.021751,419,2233.343311
1047.079503,193,2233.917196
1075.369068,208,2234.450617
896.316005,179,2237.033066
1089.600605,223,2238.196954
859.382434,159,2238.614062
804.850187,156,2239.018532
822.290281,183,2239.516159
881.486862,168,2239.968992
585.552361,125,2240.312544
1076.856273,193,2241.400041
776.089512,149,2241.780464
1053.204429,198,2242.299801
856.588346,156,2242.70501
737.225168,142,2243.081873
918.852797,169,2243.544895
649.381067,117,2243.860288
1045.766063,185,2244.946442
929.036702,173,2247.418208
584.763673,127,2247.754497
796.805143,152,2248.135547
867.071752,162,2248.555211
596.523635,108,2248.836435
1260.425775,263,2250.13252
782.859264,150,2250.552017
958.96738,194,2251.052325
527.609773,110,2251.330112
690.289585,124,2251.651021
588.838922,112,2251.93793
886.844305,173,2252.391641
646.325367,134,2253.33743
590.018229,107,2253.60823
635.996628,128,2253.942363
650.740469,132,2254.301942
635.906947,138,2254.657055
675.263964,140,2256.912615
1382.71199,270,2258.28788
629.167121,129,2258.618059
1335.356661,261,2259.296201
676.570008,137,2259.648129
874.477844,159,2260.064864
714.499944,135,2260.43115
662.292598,130,2260.789835
663.128679,146,2261.81727
609.993534,134,2262.167756
553.171798,120,2262.478182
1068.498217,193,2262.972995
1567.153777,280,2263.756548
775.510445,168,2264.170884
744.99489,140,2265.188164
941.180556,176,2267.438719
678.592569,127,2267.767376
580.540235,103,2268.021776
657.310655,118,2268.316137
766.734408,138,2268.663541
640.614134,118,2268.983937
488.014192,112,2269.297615
1107.30212,204,2270.477575
679.093056,136,2270.823508
726.836571,132,2271.167084
711.159592,149,2271.561907
579.992586,108,2271.834598
703.128163,127,2272.157763
664.378112,137,2272.524334
1077.780973,234,2273.824569
901.714333,187,2274.316799
901.268727,164,2274.744565
744.214999,146,2277.01677
908.236616,178,2277.486565
735.978669,148,2277.890731
791.277417,153,2278.857664
593.944747,109,2279.133295
535.93179,100,2279.388517
413.554501,95,2279.636604
802.882993,158,2280.043418
770.072548,144,2280.408706
843.355315,152,2280.818537
450.60506,88,2281.051011
814.709077,152,2282.099319
976.542629,181,2282.552377
802.786907,146,2282.917381
1021.50382,196,2283.458526
700.919817,154,2283.891623
489.163081,89,2284.117995
738.540853,163,2284.536298
745.06153,133,2287.053611
963.987882,196,2287.550525
597.99302,111,2287.829684
995.685574,201,2288.337651
783.778151,140,2288.709983
618.090035,120,2289.044
890.790337,190,2290.152654
719.84556,145,2290.533592
600.201153,133,2290.878481
1059.805003,195,2291.389001
990.505042,195,2291.895436
975.681612,190,2292.399338
820.215162,156,2293.401415
836.473906,174,2293.848577
838.358749,156,2294.246729
871.850153,167,2296.610696
1151.664154,223,2297.208493
835.64597,151,2297.624414
917.246502,172,2298.62045
654.706301,127,2298.955419
816.293891,157,2299.402183
673.952473,141,2299.765952
1164.120353,221,2300.330727
444.346658,84,2300.545825
1101.347445,211,2301.077121
532.772066,101,2301.864588
510.448589,104,2302.147816
986.550254,215,2302.798419
602.836686,117,2303.099095
927.502264,168,2303.51664
530.389215,115,2303.817288
861.077591,180,2306.022871
677.799471,132,2306.961316
793.471342,152,2307.348539
683.505757,131,2307.682085
799.296831,154,2308.075004
534.067354,120,2308.398991
929.901678,169,2308.837884
640.359782,119,2309.154263
994.58697,188,2310.262229
709.886771,137,2310.610922
867.001449,165,2311.031866
685.105459,126,2311.348387
769.035912,142,2311.710386
633.939961,115,2312.02359
811.87555,167,2312.482238
915.016484,174,2313.539814
1105.489785,204,2314.094791
565.443004,111,2316.000032
970.680631,177,2316.449718
908.854926,164,2316.875305
601.104973,113,2317.171482
797.090104,148,2317.56409
1924.741674,367,2319.216195
818.646626,153,2319.609668
695.927489,139,2319.949892
774.310312,139,2320.295215
653.003147,139,2320.659935
494.734798,95,2321.570945
1005.313218,176,2322.033415
767.766464,169,2322.457396
934.517173,178,2322.892819
1098.59821,216,2323.447952
710.024617,135,2325.712077
909.19674,176,2326.708942
990.723518,188,2327.184062
1095.463863,190,2327.662141
648.415522,125,2327.987946
912.078705,178,2328.454052
733.89468,134,2328.814446
563.094812,105,2329.091222
932.777666,192,2330.146372
964.457701,177,2330.586091
520.943254,97,2330.8285
608.316675,114,2331.113719
1156.768131,216,2331.662631
900.824524,177,2332.115883
946.693919,185,2333.108188
920.70516,172,2333.570322
647.404481,145,2335.448169
868.913225,163,2335.85413
907.394531,183,2336.321852
1122.103305,209,2336.934022
551.490361,108,2337.752952
896.696565,164,2338.175377
617.605123,125,2338.482865
528.810341,118,2338.780259
955.344053,168,2339.200913
1102.887433,213,2339.738722
749.607161,137,2340.100712
736.052719,143,2341.055706
780.202089,174,2341.501545
1254.500441,241,2342.114177
1037.168932,196,2342.603898
799.111519,157,2344.720191
1050.947529,203,2345.912915
615.763151,117,2346.20617
740.75,138,2346.550249
810.226897,147,2346.917081
1058.713609,199,2347.422649
1117.878134,220,2347.989102
1032.979872,196,2349.231902
573.04585,108,2349.545387
826.184589,151,2349.918743
722.266377,140,2350.268658
875.20433,158,2350.660187
679.10421,143,2351.024251
844.224515,150,2351.415282
470.600984,110,2351.697905
1066.873243,206,2354.201932
941.229326,171,2354.627511
685.400866,131,2354.9593
872.96833,176,2355.440852
1048.941476,191,2356.01905
644.511672,121,2356.313222
684.361927,143,2357.333135
1527.683511,326,2358.189501
753.481922,147,2358.569943
945.227944,188,2359.061809
585.115909,124,2359.395191
1051.762522,216,2360.54161
752.635256,156,2360.948483
407.467418,88,2361.17437
868.982275,158,2361.578019
866.43629,181,2363.874651
706.793672,138,2364.23859
645.097936,121,2364.545009
995.695475,188,2365.643068
620.913832,117,2365.946511
882.444564,171,2366.389251
741.845744,141,2366.742595
1061.903855,198,2367.26069
820.054327,152,2367.641545
1028.272513,176,2368.114255
869.149904,178,2369.276825
661.883791,143,2369.643501
1127.532452,225,2370.214799
591.185647,120,2370.504931
1040.74357,195,2371.011522
721.536922,136,2371.395399
760.631191,152,2373.912694
789.563733,147,2374.284332
1003.045814,176,2374.732297
675.874869,127,2375.058049
857.932502,180,2375.519638
511.899511,117,2375.835413
1068.637701,207,2376.987385
681.455283,154,2377.38088
1233.039731,239,2377.989699
470.286198,91,2378.221801
887.421296,163,2378.640348
759.799629,159,2379.061518
588.60843,105,2379.338493
819.454149,174,2380.359668
528.653096,120,2380.66967
726.43633,131,2381.007951
990.203993,192,2383.226692
572.185052,117,2383.555052
649.191078,128,2383.919808
733.233707,143,2384.271991
656.890162,130,2385.088235
986.949105,189,2385.553604
323.916575,71,2385.729503
493.954135,100,2385.981289
728.428762,131,2386.312681
869.1515,161,2386.739528
774.24446,153,2387.177952
941.03854,166,2387.584076
890.708145,166,2388.51713
946.365278,173,2388.951596
422.624904,82,2389.151274
604.805603,136,2389.488581
677.315705,133,2389.829175
928.236835,188,2390.373144
663.588024,127,2392.469602
730.734818,145,2393.387612
790.636859,148,2393.762329
930.077974,176,2394.216452
684.282147,125,2394.538957
744.357511,140,2394.88612
1116.809051,215,2395.457638
776.962731,148,2396.418134
983.684094,184,2396.886898
778.279722,149,2397.262858
553.093723,101,2397.517871
717.838077,143,2397.882569
583.609429,112,2398.167723
944.290587,173,2398.625464
1038.147293,199,2399.709526
1268.996354,241,2400.313672
415.292178,95,2402.20191
446.46939,107,2402.532995
619.081721,116,2402.868249
999.667706,199,2403.367205
878.845666,164,2403.782974
1084.256442,194,2404.763931
664.767932,134,2405.112716
913.564329,175,2405.558361
934.674795,177,2406.067578
860.100753,189,2406.533096
980.127327,182,2406.986414
650.593658,123,2407.794711
949.183867,184,2408.260013
653.341434,132,2408.592653
976.123843,193,2409.08015
554.881082,109,2409.365081
1009.65424,193,2411.671051
770.784164,153,2412.601042
775.970924,140,2412.952436
1023.171155,197,2413.467321
741.317718,141,2413.840206
575.637322,107,2414.108864
1000.489866,187,2414.601981
778.858437,152,2415.010047
510.183065,118,2415.885729
941.591381,182,2416.349781
882.520201,176,2416.801251
1029.978286,190,2417.289489
913.250951,185,2417.761234
742.982015,136,2418.121194
847.619987,156,2419.213013
734.257152,139,2419.547181
532.687873,111,2421.511422
801.917895,151,2421.948518
840.225273,158,2422.395913
922.028119,192,2422.874307
1087.442002,204,2423.371747
1499.164206,304,2424.615299
764.753328,147,2424.9863
1076.29983,201,2425.576398
599.539345,117,2425.858402
873.652873,166,2426.282408
1025.052469,184,2427.324263
891.409914,171,2427.769517
784.276051,165,2428.191101
972.765451,176,2428.636976
822.974771,158,2430.881178
1410.184898,265,2432.196268
633.440354,115,2432.48928
518.974032,99,2432.738803
699.549881,141,2433.096167
636.770996,121,2433.397813
509.85619,102,2433.657843
598.281963,123,2433.976679
566.799877,106,2434.255051
503.002542,102,2434.527476
382.230359,90,2434.77054
625.90803,126,2435.750275
962.09468,194,2436.226216
516.992715,102,2436.478466
1416.058894,264,2437.188769
510.053325,99,2437.456287
910.885255,174,2437.881909
731.330024,132,2438.874109
856.717278,186,2440.838317
1086.32546,233,2441.413074
518.122197,99,2441.658517
775.705729,142,2442.014082
575.204158,101,2442.269557
1331.591149,284,2443.683568
782.593604,151,2444.065418
1420.004932,270,2444.746752
1109.460432,226,2445.323027
428.266382,90,2445.567031
813.980617,155,2445.986226
816.770729,173,2447.098738
574.072885,118,2447.396993
611.448149,116,2447.69282
766.378803,146,2448.068312
521.610136,115,2450.317317
496.376738,107,2450.593291
779.665321,161,2451.013061
774.719053,156,2451.410261
439.748731,82,2452.253922
873.618684,160,2452.656959
512.468785,101,2452.956717
471.902104,91,2453.201106
480.858601,107,2453.462854
902.260546,167,2453.872503
652.645137,131,2454.205276
737.053009,145,2454.563004
570.636324,126,2455.54195
889.967363,171,2455.983119
518.261777,103,2456.274569
789.42239,153,2456.6781
652.504445,130,2456.993737
858.111482,165,2457.405054
726.997916,141,2457.752585
922.66042,165,2460.618753
704.735359,143,2460.979375
828.344142,163,2461.39198
682.159401,146,2461.767854
765.183819,159,2462.18033
902.520108,159,2462.599645
609.611113,133,2462.963709
995.2133,195,2464.122861
976.709317,176,2464.589269
588.363484,115,2464.88487
902.618316,183,2465.358512
826.993907,179,2465.831137
1039.08688,190,2466.334289
811.477724,158,2467.413132
757.825327,152,2467.803791
519.709102,98,2468.05653
712.133088,136,2470.152979
531.184897,102,2470.415472
592.275496,132,2470.768937
482.564969,94,2471.044944
741.011979,142,2471.435167
930.659327,173,2472.57741
794.391096,150,2472.986089
983.509352,178,2473.43722
789.429358,154,2473.83486
786.908848,154,2474.241764
937.142355,186,2474.739335
689.435198,126,2475.650724
528.575684,113,2475.996737
1013.278753,187,2476.483938
669.364472,127,2476.814041
667.696814,122,2477.120893
813.331959,160,2477.536629
814.218685,158,2479.715178
1409.166125,274,2481.004467
914.684974,182,2481.474325
639.739197,133,2481.817946
740.111394,156,2482.219743
795.390473,153,2482.630754
921.988971,176,2483.103552
948.707855,189,2484.254318
396.363422,93,2484.501275
844.577426,152,2484.891431
716.260744,137,2485.238859
593.926131,127,2485.571653
724.17161,140,2485.939278
659.949948,131,2486.288694
599.250834,137,2487.164198
713.530877,132,2487.492198
721.960456,134,2489.510873
795.536542,150,2489.88382
729.468332,148,2490.264228
655.898731,119,2490.567709
890.810736,170,2491.010272
1079.012494,200,2492.270336
1478.022123,281,2492.961252
1115.350423,206,2493.479766
901.590133,185,2493.945815
748.959934,147,2494.341472
741.291507,145,2495.421609
764.636669,160,2495.832326
1045.083355,190,2496.317884
996.798181,203,2496.840351
718.797525,149,2497.227295
769.6412,143,2499.306445
1243.356204,229,2500.462974
793.828445,173,2500.914598
830.125827,184,2501.387199
1172.480743,223,2501.955772
621.175383,119,2502.275378
841.84881,168,2502.726261
1091.597059,194,2503.796395
820.269152,148,2504.230556
497.168433,97,2504.517123
548.569002,129,2504.839552
771.718778,146,2505.199504
693.849859,140,2505.545338
1163.389975,233,2506.13951
747.172661,146,2507.074852
771.190928,140,2509.162163
664.35681,131,2509.498838
719.396643,132,2509.845389
859.32317,154,2510.258075
589.114482,110,2510.591624
697.935281,150,2511.038149
627.23825,137,2512.051254
1301.250624,242,2512.68464
711.044403,143,2513.053866
1178.660196,228,2513.635667
1035.931966,196,2514.149544
948.082618,174,2515.287069
808.377886,151,2515.669146
520.502836,110,2515.946978
603.076959,114,2516.234609
923.617407,177,2516.684186
600.615916,118,2518.92681
665.138176,140,2519.293663
768.945796,154,2519.689665
635.208228,124,2520.57287
1021.429089,190,2521.055972
772.697632,149,2521.438822
563.40858,106,2521.707278
939.932501,176,2522.159546
742.26177,158,2522.593363
663.904116,148,2523.086149
808.516528,157,2524.14363
1047.953041,202,2524.647601
879.510605,162,2525.040538
563.564481,106,2525.303661
663.275768,130,2525.631355
845.604696,155,2526.086203
1056.744709,204,2527.146353
1174.543594,221,2529.363221
653.328174,123,2529.708759
781.081632,145,2530.09492
741.495396,162,2530.529637
548.255653,110,2530.826542
1085.221498,207,2532.069594
996.082489,179,2532.520229
903.894721,189,2532.998977
626.538393,126,2533.315936
1166.29556,232,2533.922459
782.794319,149,2534.336009
782.222945,150,2535.418721
733.134564,134,2535.767466
582.486117,120,2536.085763
1086.012379,197,2536.589744
395.455758,91,2538.835746
811.772336,152,2539.2178
652.407897,122,2539.523082
642.646151,128,2539.885756
777.197624,143,2540.865413
1777.463077,354,2541.769604
999.660318,200,2542.272851
1189.589564,236,2542.878992
1132.021225,220,2544.217507
716.351818,142,2544.569415
866.948173,160,2544.965919
514.454542,104,2545.226605
870.989623,171,2545.669016
621.286576,126,2546.000328
627.160303,118,2546.30327
1274.093863,237,2549.229867
666.82679,127,2549.553778
850.803737,169,2549.985336
879.561452,180,2550.449358
1424.799241,267,2551.149124
654.861333,121,2551.478421
463.874663,103,2552.32997
642.52984,121,2552.635983
682.98692,119,2552.941819
701.300013,143,2553.308488
707.736419,141,2553.668411
698.904148,128,2553.989769
598.497926,123,2554.312156
822.953812,166,2554.756835
786.555306,148,2555.708285
892.05007,178,2556.170253
758.130384,154,2558.211685
852.406768,157,2558.601285
967.527222,210,2559.153521
624.852067,114,2559.451119
693.601536,139,2560.464355
1019.129393,200,2560.964058
682.125025,129,2561.288558
954.683971,186,2561.741715
835.483418,157,2562.146474
692.023679,134,2562.48861
870.808982,185,2563.00006
683.361458,145,2564.076396
1357.55815,270,2564.767073
617.477777,119,2565.063627
617.012401,134,2565.397688
1160.344449,220,2567.623604
690.729837,130,2567.956979
381.230048,85,2568.828857
953.254667,173,2569.272824
660.333681,139,2569.629921
1061.079796,206,2570.154521
756.955515,156,2570.576355
731.019623,144,2570.973877
923.674595,168,2572.105423
618.534049,116,2572.396419
675.627806,129,2572.734165
834.185841,157,2573.137551
857.265567,165,2573.564595
496.188346,95,2573.80799
668.913773,128,2574.147897
707.429177,154,2574.557653
890.92729,170,2575.666481
485.593091,107,2575.947194
733.015373,164,2577.869635
1060.178478,230,2578.461688
1017.570426,205,2578.96823
872.669305,171,2579.395406
604.99401,137,2580.350329
601.178134,113,2580.672229
1050.275555,200,2581.197938
695.636805,151,2581.57526
1108.9792,210,2582.090503
651.282775,143,2582.452582
483.776276,107,2583.25438
1086.425225,222,2583.850887
834.317181,158,2584.28273
481.109543,100,2584.528459
1042.065406,201,2585.036608
564.524764,121,2587.0186
709.182092,151,2587.413722
575.30241,116,2588.331138
896.700146,170,2588.753335
1042.487696,215,2589.309431
583.118177,107,2589.583409
607.499451,120,2589.888986
612.527338,131,2590.243729
1339.918914,279,2591.668647
688.078303,143,2592.035729
459.685366,103,2592.296156
807.466785,166,2592.728382
694.524486,139,2593.093824
710.640087,159,2593.519661
787.979501,146,2593.904993
545.39302,124,2594.88064
622.877067,116,2595.170722
742.939706,157,2597.282345
899.032638,172,2597.7052
1130.085196,220,2598.244266
746.231762,144,2598.595486
1102.150586,201,2599.612854
674.118507,127,2599.925639
842.181468,162,2600.396409
670.163679,138,2600.7419
715.635867,138,2601.082526
971.615897,177,2601.521151
1155.209301,227,2602.089455
675.990649,131,2602.972305
713.736948,135,2603.31716
735.461549,148,2603.693263
1075.123281,203,2604.207938
1076.965304,216,2606.448545
511.035609,108,2606.731521
538.110622,101,2606.986139
883.16632,170,2607.965795
778.380836,156,2608.358552
723.367147,149,2608.744714
572.932321,109,2609.015625
672.570324,143,2609.380356
768.207621,160,2609.806447
739.12998,146,2610.191732
1034.350606,218,2611.446134
548.507482,101,2611.712106
751.793436,146,2612.08292
661.454379,142,2612.440051
847.509244,158,2612.837086
436.627867,102,2613.091769
900.943038,170,2613.611554
694.304228,133,2616.058649
782.569748,145,2616.446153
673.978166,132,2616.859177
621.171472,137,2617.224042
764.850139,154,2617.614603
634.094185,139,2617.952245
632.751353,135,2618.29732
854.566086,185,2619.393113
611.526445,123,2619.706113
556.052603,106,2619.974726
858.46752,166,2620.405987
696.490127,132,2620.743447
769.934364,142,2621.116148
456.346232,104,2621.395559
672.406035,152,2622.475201
835.528466,180,2622.956398
826.755912,175,2623.409304
732.329437,145,2625.523156
711.964487,133,2625.863219
691.281653,135,2626.215073
574.465338,109,2626.504958
530.279107,95,2626.748336
664.086422,124,2627.732289
802.20686,150,2628.111366
1064.014033,194,2628.597796
679.202555,133,2628.951469
531.341792,108,2629.268512
642.578977,117,2629.557825
511.645221,106,2629.812487
830.052812,154,2630.869575
814.591731,149,2631.235869
714.029761,131,2631.560973
700.172767,156,2631.949741
726.949832,133,2632.344075
719.946355,152,2632.743939
683.389501,128,2633.059518
793.955802,146,2635.558782
839.197039,167,2636.008614
741.175884,165,2636.42346
819.84506,171,2636.84681
950.322749,199,2637.362144
787.971326,148,2637.744168
650.649693,124,2638.075183
768.070827,155,2639.151691
677.519353,144,2639.518833
741.364084,144,2639.883419
575.035907,130,2640.212338
727.530356,137,2640.557814
1263.770322,232,2641.17382
899.634542,169,2642.297251
680.095652,124,2642.610479
764.514146,153,2642.997075
794.228797,158,2645.202049
1206.568424,234,2645.798701
1000.226668,205,2646.324293
1353.159899,249,2647.54128
1008.293323,203,2648.032923
700.698932,139,2648.377043
785.286759,156,2648.830096
823.691,156,2649.24117
876.247241,186,2649.716182
593.481992,127,2650.524884
959.384427,201,2651.024752
730.306296,136,2651.363414
614.293306,112,2651.644439
589.472701,118,2651.954373
762.041087,134,2652.335237
1109.581823,210,2654.25178
796.979854,152,2655.157277
925.507911,170,2655.585958
762.706048,141,2655.951564
571.658794,106,2656.225516
859.594541,159,2656.629181
808.136328,172,2657.088177
674.982285,125,2657.420492
637.655531,148,2658.47433
1314.968289,252,2659.115941
925.574104,196,2659.611398
502.589499,113,2659.900562
925.78495,176,2660.35072
625.711523,110,2660.628712
895.070603,176,2661.780143
498.275475,111,2662.071412
516.883433,116,2664.157916
818.522595,173,2664.589325
639.366467,119,2664.930777
813.55324,149,2665.336072
707.83668,151,2665.716934
756.051395,171,2666.800853
735.448314,162,2667.210339
1147.707149,218,2667.744008
661.736308,132,2668.103622
1285.453579,251,2668.765485
777.751597,159,2669.167295
1180.5761,222,2670.206522
872.447056,174,2670.635114
927.025179,168,2671.056124
689.880449,130,2671.437634
853.075139,160,2673.387067
771.440444,147,2673.767183
856.241433,158,2674.729034
587.675481,109,2675.00831
770.384391,164,2675.425028
814.555369,159,2675.821247
704.796262,130,2676.147618
510.0895,103,2676.42752
764.750428,148,2676.827322
783.382103,149,2677.780713
982.209118,185,2678.254643
1153.274102,229,2678.840548
666.84109,128,2679.158308
732.992237,138,2679.517384
1195.075308,233,2680.135441
693.862107,155,2681.130569
825.668264,159,2683.182986
770.970139,160,2683.587472
601.658717,108,2683.866493
642.792112,114,2684.1505
673.857701,129,2684.486907
1161.00014,202,2685.068509
812.51089,163,2686.174129
639.511533,122,2686.470228
625.608887,133,2686.801072
918.501128,186,2687.274467
534.927325,101,2687.520448
663.600975,130,2687.854768
1012.501878,212,2688.489684
600.67424,122,2689.477303
540.641724,102,2689.774768
773.97584,158,2690.207624
520.744386,102,2690.485583
694.872497,150,2692.735685
1159.084425,215,2693.308952
898.783441,189,2693.828476
1919.443111,372,2695.438559
1132.845918,208,2695.998726
919.048144,169,2696.44489
835.560171,178,2696.939568
749.093902,146,2697.971995
708.177766,135,2698.320042
611.718846,132,2698.665735
686.195776,127,2698.990232
723.099749,145,2699.373834
853.511424,160,2699.806402
495.015647,115,2700.133401
812.962905,168,2700.599905
647.04387,123,2703.202021
1131.762532,234,2703.780768
853.326926,152,2704.159771
746.83242,137,2704.516957
1248.304346,258,2705.211284
651.444251,121,2705.528281
603.332941,109,2706.555624
1100.420935,237,2707.152408
1004.763596,196,2707.632639
1052.623802,203,2708.131792
684.059517,128,2708.463365
1354.850639,272,2709.858272
930.387399,178,2710.315681
529.098393,108,2710.589491
802.418813,152,2712.689216
687.440978,149,2713.086099
564.578855,107,2713.37423
867.038123,157,2713.797569
743.278039,154,2714.787532
723.49057,128,2715.114763
924.874916,189,2715.605061
1000.171951,183,2716.0643
847.110867,165,2716.50444
510.300872,98,2716.765085
593.402821,112,2717.062794
600.764436,127,2717.96107
786.220957,149,2718.339613
517.158397,109,2718.620249
426.343691,80,2718.829359
889.298185,168,2719.257901
874.277303,166,2719.696686
1024.036333,201,2721.741564
889.43639,169,2722.666267
1087.022263,210,2723.204287
915.244093,182,2723.680522
581.877363,119,2723.979373
752.807228,142,2724.327171
401.392325,79,2724.527572
912.844023,178,2725.05877
1553.990597,296,2726.33783
1110.464073,196,2726.837765
1184.898587,215,2727.378808
716.525367,141,2727.751811
1041.410742,195,2728.275213
539.960185,100,2729.140592
1441.96397,285,2731.680757
616.366485,113,2731.981852
891.924016,170,2732.425817
654.755086,125,2732.757409
856.029681,163,2733.190623
570.315216,127,2734.191617
796.571961,169,2734.634973
434.758233,98,2734.883004
637.787712,119,2735.182028
888.843148,173,2735.619772
601.855927,109,2735.898025
924.707237,199,2736.421689
852.123567,172,2737.559702
1160.870378,217,2738.139526
925.450715,177,2738.579994
539.049025,105,2738.838377
751.329356,143,2739.183982
545.528835,124,2741.133617
952.168856,178,2741.599463
507.719518,106,2742.459488
762.894953,150,2742.827361
847.559077,168,2743.245454
1025.70009,191,2743.719188
688.149392,135,2744.057861
1009.942345,185,2744.604315
659.881711,128,2745.583242
648.967824,127,2745.905469
561.51792,125,2746.223163
1153.68315,198,2746.729115
1362.807319,241,2747.346622
719.156148,137,2747.70137
670.796072,131,2748.051922
685.814769,126,2748.937793
684.280121,123,2749.247379
985.476965,198,2751.398218
578.547995,117,2751.696001
578.487923,127,2752.032806
994.792137,185,2752.526823
1487.030135,270,2753.887574
642.003668,124,2754.196065
735.235669,136,2754.540892
566.242921,115,2754.824721
666.300013,125,2755.135434
1337.38934,267,2755.816147
522.115553,96,2756.062864
607.526695,126,2757.142047
597.823553,111,2757.413346
1101.535749,202,2757.914284
621.069083,131,2758.245976
839.194335,167,2758.660711
603.049681,111,2760.616137
903.967886,184,2761.08499
538.624885,100,2761.970939
532.274269,97,2762.223
786.715832,154,2762.621404
790.368151,144,2762.990188
951.098836,187,2763.473596
687.864239,128,2763.80669
692.550653,138,2764.173179
819.242729,172,2765.283028
705.622406,139,2765.644687
1187.019033,218,2766.214369
606.516302,114,2766.502859
560.383964,122,2766.810753
765.39371,140,2767.165727
679.589727,127,2767.50228
722.778462,135,2767.858234
689.515408,143,2770.681682
1056.773347,197,2771.190228
1065.513847,199,2771.730769
752.689487,140,2772.119994
885.398633,169,2772.566782
643.936445,140,2772.926987
850.81704,158,2774.008989
936.228537,201,2774.544596
813.885043,172,2774.984626
897.621179,173,2775.409959
593.309273,105,2775.672744
587.246788,103,2775.929494
903.368634,181,2776.921088
1101.605604,192,2777.488446
981.47986,183,2777.97503
810.929035,153,2779.909741
679.874595,141,2780.284494
482.88492,95,2780.540729
876.2908,162,2780.968756
931.207158,171,2782.046655
840.559233,152,2782.449129
506.722921,106,2782.722064
904.776077,172,2783.150142
982.482108,182,2783.627255
653.654205,146,2784.02738
762.49911,167,2785.142211
458.214108,86,2785.357646
1051.944569,192,2785.844976
898.531726,163,2786.25294
1065.236865,200,2786.757503
1082.140631,227,2787.353454
764.708246,159,2789.936231
911.567728,173,2790.377408
666.24523,123,2790.688659
633.076327,130,2791.062361
567.542947,107,2791.363732
913.593409,176,2791.812826
630.020016,119,2792.105285
603.928437,130,2792.438689
840.809776,151,2793.483786
564.412032,110,2793.767738
844.009851,149,2794.175239
1094.18073,205,2794.75297
1623.881683,312,2795.533829
724.156114,138,2795.865905
866.086636,183,2796.831455
563.678025,111,2797.103518
572.87455,109,2797.39749
714.832585,137,2799.326511
1000.927772,187,2799.802721
528.03391,103,2800.068278
639.456345,118,2800.377891
813.710841,146,2801.437315
755.400392,138,2801.783377
706.69444,136,2802.128226
714.608996,134,2802.464938
872.404574,160,2802.866963
712.58936,137,2803.225626
895.913671,161,2803.647191
677.137736,132,2804.69419
713.705883,137,2805.047902
523.086641,102,2805.306435
1429.766672,279,2806.021234
730.858469,143,2806.382379
741.048106,160,2806.814196
1183.538137,214,2809.922769
529.713948,115,2810.207659
925.454271,173,2810.634225
875.782179,160,2811.033124
1342.022657,254,2811.741449
734.39002,133,2812.076479
666.317711,131,2812.397742
555.076234,121,2813.356071
951.525627,186,2813.813306
938.312257,175,2814.261014
902.212726,180,2814.774166
708.459326,132,2815.113249
589.48137,114,2815.388578
741.517825,146,2816.410058
916.81208,164,2816.810071
651.004364,124,2817.134991
625.072205,115,2819.174679
721.444441,132,2819.518171
660.498136,123,2819.83556
1053.219515,197,2820.346575
725.916864,139,2820.715333
978.153386,184,2821.757662
733.545826,135,2822.100177
524.890749,105,2822.364327
567.739038,106,2822.631251
613.235176,131,2822.974514
790.216907,144,2823.34653
533.014697,96,2823.605365
877.528665,177,2824.636827
852.332972,173,2825.072424
697.310258,129,2825.39491
825.536022,155,2825.789649
705.574038,151,2826.171333
871.010006,153,2828.163224
921.689856,170,2828.580177
789.217253,157,2829.464856
782.390876,144,2829.819334
873.525677,164,2830.228701
738.139379,133,2830.566008
1091.838982,202,2831.150306
646.059335,145,2831.51372
657.036195,129,2831.831954
880.383731,161,2832.732238
760.682476,144,2833.096362
749.607682,145,2833.461836
875.974836,167,2833.885632
940.930326,184,2834.404479
869.217651,164,2834.823537
847.024183,164,2835.771875
872.040149,155,2837.837419
1026.222287,190,2838.325007
855.634696,154,2838.715048
986.363211,184,2839.193003
818.522064,158,2839.611407
786.589054,145,2840.657357
960.530169,175,2841.100574
801.192199,166,2841.527153
1231.446706,229,2842.114947
754.883311,140,2842.474346
1053.410441,206,2843.028949
976.175085,178,2844.055472
902.572961,164,2844.467826
797.707695,168,2844.897495
1017.172279,190,2846.741677
752.891298,140,2847.107645
1194.325055,222,2847.773175
1070.14731,201,2848.797264
723.485862,133,2849.129735
848.622612,163,2849.535533
700.405801,138,2849.880641
712.373173,134,2850.209158
878.743817,159,2850.641335
1127.641262,216,2851.800815
934.819187,188,2852.256836
780.787801,156,2852.642581
917.649655,194,2853.127632
966.779306,184,2853.595105
661.405864,125,2853.92728
639.70167,117,2854.802153
966.406487,182,2856.918148
565.981915,107,2857.19361
883.284153,177,2857.649505
712.519919,146,2858.040084
819.154472,164,2858.469173
779.276468,146,2858.855072
636.07769,134,2859.879945
664.944488,146,2860.254937
724.318284,142,2860.623744
920.994521,180,2861.079445
623.826652,115,2861.365991
1542.621332,273,2862.089425
815.69232,153,2863.205634
735.377176,134,2863.55327
673.319126,141,2863.906473
778.734106,149,2864.283372
942.660555,176,2866.355073
744.86052,135,2866.689574
787.314161,170,2867.116244
743.268801,145,2868.048957
741.706425,138,2868.439109
1189.274111,222,2868.992018
1949.571782,378,2869.935362
772.774478,152,2870.3197
736.778421,159,2871.326725
581.71079,120,2871.677595
1249.717655,230,2872.273096
743.534603,147,2872.63807
1070.682314,200,2873.163537
666.368397,138,2873.516059
560.162764,104,2876.138371
741.342507,138,2876.483801
738.892956,134,2876.822748
635.345041,120,2877.125484
542.732844,122,2877.437838
971.922957,185,2877.912519
555.387338,103,2878.186993
522.84618,99,2878.44834
751.035969,141,2879.395068
782.070973,141,2879.745502
728.120668,129,2880.068403
547.066587,99,2880.322691
703.035302,153,2880.715464
692.291735,135,2881.056128
1116.864446,205,2881.597188
686.794957,135,2882.527092
828.536396,170,2882.957408
877.162908,157,2883.339698
683.784934,144,2885.031729
964.00665,179,2885.561545
862.991041,168,2886.00255
839.113537,160,2886.391909
636.896066,134,2887.249369
797.039801,148,2887.615721
780.912752,155,2887.997003
751.318018,140,2888.351059
819.997406,144,2888.744414
688.52841,127,2889.093189
599.990588,130,2889.410036
773.208627,141,2890.30565
885.638383,174,2890.743531
879.972588,161,2891.160481
828.215846,162,2891.580747
787.332639,140,2891.935159
814.159489,150,2893.958964
598.750812,118,2894.26036
545.546864,124,2895.130389
859.358824,160,2895.533349
1017.465805,195,2896.031036
560.877593,103,2896.295501
1015.916832,206,2896.823766
521.548318,106,2897.103477
870.773849,185,2898.251691
839.549452,144,2898.631197
516.220188,97,2898.89109
639.435928,129,2899.240784
528.709446,117,2899.552707
464.501068,88,2899.787002
795.804418,150,2900.193856
1208.823562,240,2900.856267
1184.665101,225,2902.1438
525.275412,120,2903.782695
740.886435,137,2904.132242
863.989525,159,2904.549544
915.455919,179,2905.050182
1041.748841,194,2905.604958
625.741492,136,2906.61141
546.076184,105,2906.87154
1076.477688,203,2907.374381
573.654193,114,2907.653582
670.354096,121,2907.948968
924.640968,163,2908.424565
511.699153,104,2908.747073
854.390645,159,2909.8894
880.744094,163,2910.353449
554.987932,106,2910.662762
839.734484,160,2911.117444
637.114729,130,2911.481613
737.439812,142,2911.887923
777.344799,150,2914.174405
1174.032178,217,2915.408695
985.581367,211,2915.99921
893.464194,160,2916.440138
774.595777,153,2916.883694
591.820035,113,2917.202136
1083.836678,200,2917.787219
825.14266,164,2918.871774
614.252331,117,2919.166158
995.38632,184,2919.638784
750.880402,144,2920.007894
1006.123591,187,2920.484659
749.657716,161,2920.923935
617.261517,121,2921.240672
868.570867,165,2922.441723
1859.507027,355,2924.936631
690.495667,134,2925.343625
706.470167,127,2925.665329
713.333027,143,2926.031535
640.441098,119,2926.344488
671.592107,126,2927.25329
873.098355,151,2927.663267
583.677335,122,2928.005872
687.903796,129,2928.360852
836.243326,150,2928.763701
538.147439,116,2929.08808
1123.891595,210,2929.682887
649.601143,127,2930.624071
814.316998,149,2931.032582
595.942446,108,2931.315456
604.373597,109,2931.597266
774.916677,133,2931.938299
856.13542,166,2934.070603
943.205061,189,2934.573011
633.728569,114,2935.558049
1059.250891,206,2936.102086
636.974087,127,2936.43652
735.832258,161,2936.856004
1186.710078,229,2937.434912
870.159247,164,2937.866502
835.759497,187,2939.045432
602.009621,113,2939.360597
910.881399,174,2939.786215
588.764916,118,2940.065679
614.481187,127,2940.374693
1345.093345,247,2940.979805
589.928676,123,2941.302607
534.272066,101,2942.112052
979.759574,190,2944.155452
902.772448,162,2944.551692
429.261732,80,2944.760687
585.420112,127,2945.093781
681.198509,127,2945.416928
746.146387,139,2945.781465
1175.366268,218,2946.896177
683.960807,118,2947.189725
1100.894949,220,2947.745039
723.299271,138,2948.103295
479.215442,96,2948.346915
722.467814,143,2948.727793
711.749877,133,2949.096194
949.415796,178,2950.177211
773.822981,150,2950.563462
655.308821,122,2950.879981
716.126622,141,2951.25014
680.136057,128,2953.2011
831.983652,154,2953.586277
958.850467,179,2954.045543
1282.956347,259,2955.390124
737.322223,136,2955.744957
609.613678,139,2956.111876
827.926024,161,2956.577343
940.875281,184,2957.042402
464.44381,109,2957.311908
911.188069,170,2958.388647
908.290809,165,2958.796564
952.338867,179,2959.239865
630.227375,118,2959.558956
679.714581,141,2959.962169
501.165776,94,2960.192104
666.211405,125,2960.498153
783.773475,150,2962.358069
578.306425,119,2963.324414
660.060055,126,2963.630455
524.550674,104,2963.883405
1100.415128,201,2964.380805
1004.938077,177,2964.821105
932.49027,185,2965.306488
941.66308,196,2966.390484
842.599745,159,2966.796476
1152.292378,236,2967.401964
963.294593,172,2967.838588
529.964077,98,2968.094091
938.405297,208,2968.654429
768.425641,149,2969.626079
911.939624,167,2970.066856
768.308548,132,2970.416512
711.360449,136,2972.422147
658.843201,126,2972.744907
650.625551,133,2973.090672
808.692877,153,2973.491214
416.437734,77,2973.701594
663.692035,122,2974.620781
631.914657,122,2974.928183
1120.762364,234,2975.496474
534.672282,101,2975.739718
682.489749,125,2976.041836
600.033079,117,2976.328368
766.234689,143,2976.723588
702.442255,131,2977.791091
821.651248,163,2978.192819
620.327802,121,2978.49782
777.314104,164,2978.905463
709.391808,143,2979.261801
602.414257,112,2979.535585
1255.746711,250,2981.79126
551.14478,106,2982.695327
697.43918,130,2983.018846
578.697073,125,2983.336373
732.555753,140,2983.698001
610.661108,130,2984.033393
542.994791,110,2984.319644
546.037162,109,2984.607527
822.226392,152,2985.011382
944.958963,167,2986.063583
573.204088,125,2986.377734
962.360846,174,2986.817368
627.759909,125,2987.139802
669.806791,133,2987.477568
1012.688806,181,2987.953359
860.493944,175,2988.418855
810.524384,161,2989.399826
920.492855,169,2991.509093
788.982108,174,2991.980776
614.124715,113,2992.290408
759.952567,145,2992.696475
968.276355,183,2993.201805
646.671897,115,2994.249051
770.980219,143,2994.617661
680.574273,137,2994.989417
655.659091,118,2995.28709
776.001023,148,2995.652889
927.272058,186,2996.135923
691.354424,127,2996.465083
631.064987,133,2997.520941
748.090045,145,2997.888361
817.082534,149,2998.262949
835.52938,165,2998.675108
692.080967,134,2999.003749
1146.60557,209,3001.188224
810.456767,155,3001.578985
804.733497,147,3002.504501
665.809196,124,3002.813411
1121.121863,207,3003.331762
759.522356,145,3003.700106
738.406001,145,3004.07173
473.664407,86,3004.292161
592.615307,125,3004.634482
851.183838,176,3005.661971
1222.550434,234,3006.259657
490.167023,98,3006.509775
854.057152,157,3006.909351
829.743296,154,3007.296287
882.981196,168,3007.737502
1140.135829,207,3008.838504
627.495288,126,3010.718541
1409.856725,262,3011.429053
894.239268,166,3011.866773
639.361145,122,3012.18915
691.038955,131,3012.522583
879.293423,171,3013.612184
565.780676,100,3013.85717
928.140832,169,3014.317287
580.11329,106,3014.619138
873.85008,167,3015.057459
1205.242853,211,3015.588202
711.765632,137,3015.937185
1164.149218,233,3017.068234
747.813491,151,3017.49038
670.758534,143,3017.933031
734.562869,134,3018.284566
794.927023,153,3020.258207
681.364883,127,3020.604921
718.104909,138,3020.975471
690.787906,126,3021.860004
963.156081,187,3022.332737
646.828446,113,3022.613736
985.48408,203,3023.127884
946.832114,170,3023.567053
603.599698,111,3023.858238
908.645436,175,3024.32374
1064.657344,233,3025.495368
582.087463,110,3025.773487
732.461042,149,3026.14895
701.496102,129,3026.484289
701.299904,133,3026.822427
959.551703,173,3027.279039
940.614121,179,3030.043164
929.760568,190,3030.524595
734.037402,149,3030.911173
955.107164,204,3031.505906
829.568848,156,3031.888897
751.801312,147,3032.241391
883.913568,163,3033.130368
702.79353,139,3033.467659
939.038116,174,3033.898028
505.238519,106,3034.168957
752.892393,169,3034.666727
803.044009,158,3035.087075
674.561399,129,3035.415274
837.409663,157,3036.35534
675.001923,124,3036.661767
942.288445,167,3037.077649
620.308231,120,3038.917581
805.330049,151,3039.311751
597.570003,108,3039.587152
657.654293,123,3039.902541
1398.431058,268,3041.185756
894.481664,169,3041.6212
574.507979,107,3041.898303
593.272758,114,3042.194492
634.411613,115,3042.49193
874.425897,159,3042.907532
784.134216,154,3043.323832
717.097506,139,3044.272115
848.177492,160,3044.687271
627.905332,122,3045.013136
623.572078,114,3045.312375
614.353133,115,3045.603979
645.170077,120,3045.922074
702.973958,133,3046.28563
739.245701,139,3048.33386
1227.386082,218,3049.381632
745.704459,144,3049.739753
1061.894241,197,3050.23005
860.898159,157,3050.609043
606.919297,129,3050.971648
778.408505,145,3051.395755
884.068995,164,3052.31244
613.71055,111,3052.583888
893.841214,167,3052.998256
1042.750646,188,3053.464659
633.236445,124,3053.773277
781.759012,145,3054.142396
949.335046,170,3054.652214
657.766311,124,3055.554291
637.279207,121,3055.845306
690.630723,130,3056.164865
816.342429,148,3058.008842
719.790268,130,3058.345414
740.992681,144,3058.730608
610.346335,120,3059.054135
938.323281,171,3059.509365
642.294814,125,3060.402964
820.821864,164,3060.824853
665.750171,120,3061.137715
690.587265,127,3061.478411
645.264072,131,3061.818229
772.093718,151,3062.214989
668.142468,133,3062.575328
1409.469513,286,3063.906712
1008.074749,203,3064.430233
887.086303,174,3064.875422
1104.317738,198,3065.386649
721.566,136,3067.206484
499.696504,101,3067.457375
656.194879,124,3068.407382
581.884766,110,3068.693965
928.727364,175,3069.120712
1256.118339,236,3069.705343
750.873037,142,3070.059782
760.137622,137,3070.397236
759.33836,147,3071.473939
735.697845,144,3071.900916
833.45074,168,3072.323365
904.722042,164,3072.716177
730.968694,147,3073.074345
789.403382,150,3073.441108
1098.169078,220,3074.53861
682.332819,126,3074.907039
654.63877,129,3076.735687
752.080673,138,3077.10424
545.221344,106,3077.379747
988.972521,173,3077.820779
654.943026,126,3078.146802
927.014985,162,3078.564076
1324.597838,243,3079.858567
594.166897,110,3080.131974
579.393081,120,3080.432839
568.836315,109,3080.707746
711.104161,132,3081.053552
914.844959,163,3081.492038
765.071032,147,3081.895018
533.583169,107,3082.84838
664.130741,129,3083.186631
839.015477,149,3083.569595
1115.003775,201,3084.074892
888.144533,158,3086.144171
667.029023,125,3086.469526
821.024672,152,3086.851274
1013.221027,180,3087.920239
769.21805,148,3088.294748
668.827137,125,3088.63678
1131.195437,211,3089.207231
729.092203,136,3089.534536
682.005765,130,3089.849388
612.363828,119,3090.14696
662.561761,147,3091.167758
593.634012,127,3091.482917
757.046929,147,3091.869363
811.962646,148,3092.284539
694.965661,127,3092.601115
944.901004,178,3093.046081
896.695322,163,3093.458254
912.995148,173,3095.926095
971.904651,187,3096.405632
806.667377,151,3096.798682
905.374348,174,3097.262213
1222.13373,223,3097.850324
659.041276,128,3098.196132
633.583997,135,3099.218011
950.080061,185,3099.682729
649.43532,128,3100.002293
899.269553,174,3100.440398
482.356309,99,3100.688799
682.863185,136,3101.048306
487.681064,109,3101.340929
743.896493,146,3102.391956
779.299589,149,3102.773756
610.080733,119,3103.075934
860.605002,162,3103.490443
711.4685,135,3105.388316
1060.26626,196,3105.976637
507.793859,102,3106.243165
540.648385,102,3107.135526
684.351508,124,3107.476769
636.790525,120,3107.791991
1173.295063,213,3108.317335
1059.526526,204,3108.827143
602.39697,109,3109.147134
745.007662,143,3109.555081
804.257976,142,3110.55205
1072.118984,196,3111.030229
647.283399,120,3111.326421
794.12896,156,3111.728129
786.351536,145,3112.078189
605.442843,115,3112.380863
744.338616,143,3112.756423
868.333539,159,3115.518791
575.869917,113,3115.800019
773.536263,143,3116.15876
704.020437,130,3116.483781
711.913935,135,3116.826995
817.124921,151,3117.213349
606.255692,111,3117.51224
828.991159,160,3117.938828
653.651673,129,3118.837747
648.234267,122,3119.144402
728.387751,147,3119.516192
815.483297,141,3119.869012
796.897742,149,3120.259415
821.041401,154,3120.667447
613.923671,119,3120.983656
797.705309,179,3122.122109
535.666631,103,3122.38207
941.266175,174,3122.83602
507.57727,95,3124.727315
783.537362,155,3125.107609
465.081657,86,3125.333281
587.028463,109,3125.61975
756.215022,137,3125.980402
540.41082,100,3126.99199
771.76837,147,3127.364974
1149.513938,211,3127.917025
653.587155,123,3128.226083
862.656749,155,3128.600425
852.750623,160,3129.010026
806.929822,148,3129.396565
525.335453,104,3130.36184
887.386474,172,3130.807396
734.625914,125,3131.12587
702.494861,145,3131.500573
609.948996,122,3131.812788
636.520733,117,3132.11104
845.933203,178,3134.170861
538.796994,110,3135.064878
1050.389088,213,3135.606041
645.973849,130,3135.936802
602.324703,113,3136.217548
659.139971,149,3136.602354
819.951657,151,3136.989356
1433.80014,270,3138.279761
555.119208,109,3138.560796
942.416618,195,3139.054806
859.461295,161,3139.468242
500.520688,97,3139.712749
1145.772962,208,3140.251369
659.905473,118,3140.553763
681.23583,126,3140.879961
750.611505,137,3141.739269
751.002348,140,3142.087389
1004.244258,185,3143.988696
795.223095,165,3144.414397
675.260556,139,3144.783582
455.351439,87,3145.013893
554.26852,113,3145.312161
857.390614,178,3146.447425
1079.53782,195,3146.941705
1193.539332,226,3147.5007
442.953391,91,3147.729399
941.733863,166,3148.167689
731.247138,161,3148.601979
726.499264,132,3149.515382
558.402646,104,3149.778038
1244.159281,222,3150.352816
772.320543,161,3150.767051
827.239632,151,3151.152097
958.354811,174,3153.3946
757.68858,138,3153.744114
568.209494,106,3154.572477
722.756895,135,3154.917278
708.26618,132,3155.252492
804.279298,165,3155.686886
974.445921,187,3156.156819
632.347419,124,3156.491266
754.246369,162,3156.926383
814.877486,144,3157.842535
702.945303,131,3158.184891
572.76732,122,3158.548715
521.74691,117,3158.848559
698.567924,131,3159.177154
1272.19737,239,3159.767105
638.025767,130,3160.091586
765.510309,151,3161.126649
687.942381,124,3162.992552
849.727665,166,3163.441223
904.731805,162,3163.879296
555.923869,120,3164.209976
952.974861,178,3164.689652
811.076477,155,3165.17583
622.310801,113,3166.008376
894.5195,169,3166.437758
1243.800371,230,3167.028189
626.726157,116,3167.342078
630.975448,113,3167.649409
825.787523,150,3168.073683
1127.161907,204,3169.185291
793.204939,146,3169.554806
724.969406,139,3169.910729
678.454722,133,3170.25017
745.522809,134,3170.596306
835.67662,169,3172.974838
783.403431,147,3173.349953
729.61384,162,3174.322504
737.607301,139,3174.681196
702.124191,135,3175.036148
884.859044,165,3175.45583
1108.884975,197,3175.97512
570.094393,134,3176.334125
664.211041,129,3176.662964
1266.127437,245,3177.80619
887.974065,163,3178.257727
888.319181,162,3178.698667
637.072756,140,3179.042439
1051.262559,206,3179.544408
738.475977,132,3179.873823
531.575715,115,3182.129169
711.83092,129,3182.447071
763.62629,135,3182.788741
626.886169,118,3183.096859
698.293017,131,3183.428744
1033.387231,195,3183.934073
839.129908,189,3184.437135
623.574153,131,3185.320643
909.220036,175,3185.764596
687.23489,135,3186.10013
645.35464,125,3186.408697
749.695214,150,3186.78707
586.174563,108,3187.061759
841.063246,164,3187.499479
807.859461,147,3188.467117
515.840671,111,3188.754463
701.989378,145,3189.127707
966.419507,185,3189.595958
555.032014,106,3191.399653
888.086128,163,3191.81625
809.671345,156,3192.220214
941.11869,179,3193.291891
776.626128,146,3193.658763
614.00102,115,3193.952748
429.328979,99,3194.231333
665.995924,126,3194.578708
774.601781,151,3194.94365
891.609103,168,3195.34616
572.33905,111,3195.612691
1012.898847,195,3196.580747
660.15933,128,3196.895734
699.913132,131,3197.218952
807.525426,157,3197.653736
384.310291,74,3197.866548
915.300634,178,3198.301031
699.826297,132,3198.627253
784.678987,143,3201.279095
591.414158,108,3201.552621
697.603345,131,3201.880104
691.624816,128,3202.204031
590.720625,107,3202.474012
878.169035,170,3202.90398
650.546574,121,3203.221368
1010.166765,184,3204.382749
620.560943,116,3204.677591
751.991752,159,3205.097513
505.367161,92,3205.328654
591.946196,111,3205.611141
954.293716,176,3206.058375
882.873733,166,3206.499997
888.981588,169,3206.959389
596.098804,140,3207.969807
715.862616,133,3208.306775
1112.767806,215,3210.46424
982.885082,186,3210.943153
477.052531,87,3211.169836
919.677156,169,3211.603431
802.312975,145,3212.504008
663.086757,144,3212.860524
689.852635,125,3213.170648
954.653152,171,3213.594186
636.60823,127,3213.92693
375.092406,72,3214.11721
469.69399,99,3214.389941
637.416993,115,3214.720294
750.472047,139,3215.65428
1147.662504,215,3216.181824
889.430803,178,3216.620406
924.564499,175,3217.057957
706.779493,131,3217.370549
986.876255,193,3219.43656
719.838398,133,3220.354618
633.900488,114,3220.647403
627.529278,112,3220.92459
674.83035,130,3221.25614
912.681239,173,3221.695301
1129.76954,217,3222.254554
620.372304,114,3222.557748
640.480337,117,3222.865393
493.265073,95,3223.686793
868.276701,152,3224.089623
567.14005,109,3224.367046
825.70699,166,3224.780786
822.461368,148,3225.15456
636.797926,120,3225.469782
937.378119,175,3225.944978
464.353322,108,3226.817549
699.569303,135,3227.184461
1142.885502,239,3229.523109
684.688063,128,3229.848102
630.091053,125,3230.16593
825.975098,149,3230.544306
528.563076,100,3230.78941
928.744337,173,3231.748199
782.74781,144,3232.161131
729.204759,135,3232.513891
1034.796949,198,3233.010623
892.227735,169,3233.432775
416.454756,95,3233.66198
983.37346,169,3234.087055
639.465603,140,3235.009084
659.867649,121,3235.346896
820.437942,156,3235.775421
1019.565217,198,3236.266014
596.492492,134,3236.601667
954.000026,180,3238.601456
656.271631,122,3238.93824
850.740853,173,3239.96061
849.050905,175,3240.406361
712.764202,138,3240.754838
635.562428,142,3241.121617
537.142051,102,3241.38259
612.286111,114,3241.682837
687.217373,130,3242.039509
880.686336,170,3243.069226
785.993898,144,3243.434612
981.823967,183,3243.896574
611.002883,118,3244.1961
491.172681,102,3244.452526
654.566264,125,3244.776345
995.568151,198,3245.309202
752.708836,144,3246.39214
966.432018,184,3248.448648
683.977962,129,3248.832735
841.027406,166,3249.278886
523.629385,97,3249.527906
607.913939,115,3249.824779
818.43676,158,3250.220539
818.045215,158,3251.188579
801.224078,157,3251.573842
555.901726,101,3251.838259
970.677086,174,3252.336119
751.972234,145,3252.700768
751.912385,146,3253.05461
796.311762,170,3253.479877
886.690625,186,3254.463555
401.937378,81,3254.671058
803.38805,152,3255.088422
589.604873,124,3255.455521
571.650043,106,3255.73671
820.594119,153,3257.540447
700.57483,129,3257.892242
680.559491,122,3258.207198
431.921017,88,3258.993402
533.585105,98,3259.244975
596.329728,122,3259.55557
646.37923,119,3259.860741
735.713984,153,3260.254411
627.003637,120,3260.559942
705.828425,154,3260.975617
751.343432,168,3261.427155
504.497038,110,3262.275767
667.040323,123,3262.586104
817.167174,166,3263.009517
772.24791,164,3263.433617
643.436344,119,3263.743144
684.047836,129,3264.094995
676.865727,124,3264.432213
856.636061,165,3265.43448
1000.425149,188,3267.482895
683.897632,124,3267.806512
686.536226,129,3268.142061
650.696742,141,3268.562132
1129.641944,204,3269.102702
489.310655,92,3269.329765
673.494732,134,3270.177826
518.937125,99,3270.420992
726.811852,134,3270.759146
1014.545575,206,3271.28159
910.832102,184,3271.787465
694.454775,134,3272.167758
671.883054,127,3272.479317
800.25493,148,3273.345418
660.509281,120,3273.657625
616.980023,141,3274.003059
860.947145,180,3274.448247
1099.069006,210,3276.53277
914.07191,168,3276.965486
688.097216,126,3277.287893
591.033379,114,3278.128784
886.827994,165,3278.544083
719.187802,131,3278.875933
905.282785,176,3279.325728
759.969167,140,3279.676046
723.598335,131,3280.023885
782.050624,136,3280.391381
623.165246,114,3281.255279
658.035542,126,3281.579171
501.553111,107,3281.856399
846.669265,153,3282.241225
886.353966,168,3282.663592
913.356356,168,3283.086898
763.689119,131,3283.43115
640.813598,128,3285.232149
715.285115,140,3286.207724
788.453782,148,3286.580378
716.844743,131,3286.906586
653.05204,123,3287.2073
566.238966,108,3287.475751
707.111909,140,3287.836133
677.11131,125,3288.15503
747.984493,136,3288.526423
865.584301,155,3289.603146
815.709821,150,3289.974439
526.023346,99,3290.226429
970.598957,174,3290.652788
1004.52233,206,3291.165025
653.315785,122,3291.488623
723.824034,138,3292.512526
716.607605,135,3292.870923
891.111008,170,3293.277403
1142.274573,199,3295.304957
557.459175,110,3295.592363
943.08872,173,3296.044868
637.757942,119,3296.357265
723.49286,136,3297.273756
842.106423,173,3297.720762
726.19909,141,3298.085509
770.783116,154,3298.481474
594.512784,122,3298.799882
658.000084,129,3299.131552
963.225858,177,3299.603575
949.734603,165,3300.613765
633.982253,118,3300.915743
789.603992,175,3301.361555
734.70123,140,3301.718758
609.329009,120,3302.027515
740.758928,127,3302.346745
878.462491,167,3304.501197
780.542994,146,3305.417331
648.374039,120,3305.709532
1090.424681,202,3306.201352
804.92286,152,3306.577706
767.057753,142,3306.92217
830.554235,148,3307.293043
577.630841,109,3307.591755
813.113639,158,3308.623177
676.815616,126,3308.932626
1388.47689,246,3309.540588
579.231016,129,3309.873572
766.58869,138,3310.216078
466.743978,103,3310.488404
674.23005,122,3310.816425
808.01198,147,3311.772067
813.079609,149,3312.150359
1103.633577,210,3314.192355
626.027729,119,3314.498546
859.571939,186,3314.987092
726.175873,132,3315.331387
484.910611,105,3315.610419
531.37418,115,3316.477867
579.621441,118,3316.782923
675.095762,127,3317.104779
878.147551,157,3317.495775
1236.076433,266,3318.183807
613.304093,117,3318.492409
767.780382,142,3318.869988
728.258975,158,3319.807049
1112.706932,205,3320.38338
778.258,142,3320.745007
450.072614,91,3320.968062
725.707849,144,3321.322164
745.348128,166,3323.213496
825.42702,183,3323.781635
956.911605,176,3324.70863
461.761769,102,3324.959914
557.905847,114,3325.249713
773.162346,151,3325.632071
853.477092,153,3326.000264
485.573463,105,3326.279875
691.506541,131,3326.673843
476.355567,101,3327.474922
815.116534,148,3327.842374
1478.282973,258,3328.49103
519.200605,111,3328.780638
559.186028,110,3329.060863
606.442919,125,3329.388248
770.982529,146,3329.783728
716.9506,146,3330.739137
716.951264,151,3332.677304
736.078727,151,3333.066658
487.061316,92,3333.304708
797.177755,154,3333.703372
703.89739,129,3334.044843
1323.95846,234,3334.671015
678.241217,129,3335.57008
796.624925,143,3335.931007
922.033934,174,3336.372461
636.998687,128,3336.701285
1237.502474,247,3337.314559
624.941745,112,3337.599522
712.713101,139,3337.95932
767.886973,144,3338.842949
607.316229,112,3339.124024
583.105163,108,3339.43898
1200.534697,225,3340.02196
720.705342,133,3341.892157
645.922456,117,3342.187023
690.783032,119,3342.533313
544.270326,122,3343.441418
443.371056,104,3343.708916
759.150016,135,3344.041472
744.622961,140,3344.386471
669.396766,124,3344.699257
1355.911708,262,3345.373323
631.058235,138,3345.742662
906.326005,163,3346.739434
897.782915,162,3347.141688
563.147322,120,3347.444822
616.674247,127,3347.765757
672.733472,128,3348.091034
922.564876,187,3348.583355
1165.311255,225,3349.183418
891.34145,153,3351.729626
757.877087,143,3352.088657
853.789234,158,3352.494674
679.509616,124,3352.818333
507.294826,114,3353.120713
535.543242,104,3353.389899
818.758298,162,3353.821609
501.862003,118,3354.69452
675.427432,130,3355.018145
586.294216,108,3355.288922
738.991822,129,3355.602181
587.162869,110,3355.868049
687.968552,141,3356.220224
575.073579,103,3356.517829
949.229774,176,3356.970814
634.20287,125,3357.779031
531.443919,118,3358.064909
557.891,105,3358.31767
548.212617,121,3358.617259
571.310644,109,3360.406705
683.571693,139,3360.747037
900.062553,178,3361.184208
596.385092,135,3361.525512
860.726408,160,3362.416975
784.654007,144,3362.775207
916.383557,170,3363.253911
928.384019,203,3363.787907
604.492436,125,3364.102121
548.068661,107,3364.37052
602.650797,108,3364.639483
721.24393,126,3365.503867
839.221509,162,3365.906942
824.552064,154,3366.296598
1237.598449,229,3366.871229
812.316254,151,3367.259411
744.231421,139,3367.635691
723.864949,133,3369.793556
595.077596,112,3370.640061
748.312776,137,3370.991671
879.592065,167,3371.416189
1034.872533,194,3371.90109
745.455229,151,3372.288376
581.629297,116,3372.592671
453.568081,103,3372.863608
889.888087,153,3373.750432
656.966961,119,3374.04582
592.668896,109,3374.315247
614.50276,115,3374.599589
693.796381,144,3374.953801
860.695657,157,3375.388381
544.219615,125,3375.757359
717.526428,152,3376.123592
727.354112,132,3377.111848
734.908218,134,3377.434996
1077.797566,217,3379.642051
643.556815,123,3379.947956
785.31876,146,3380.305919
774.67295,140,3380.655826
1025.721453,177,3381.759956
598.445213,112,3382.04705
1416.716822,252,3382.684385
771.327279,146,3383.059964
908.041069,157,3383.467465
715.124604,128,3383.816202
1475.858766,288,3385.141349
793.858518,144,3385.500436
986.979862,203,3386.012599
560.816181,107,3386.278352
670.790685,126,3386.599031
846.501145,151,3388.501114
1010.130309,181,3388.961105
668.734072,129,3389.796698
680.424887,131,3390.122644
610.443183,110,3390.391809
829.384935,160,3390.838171
1009.824603,183,3391.322343
843.151907,159,3391.717997
725.500126,129,3392.030888
626.791864,127,3392.988904
1046.079396,191,3393.459395
1003.901853,177,3393.9166
926.710209,173,3394.407048
583.571642,107,3394.67303
893.937642,167,3395.080629
806.197448,150,3395.982949
837.419945,172,3396.436421
608.577288,131,3398.108683
585.23427,109,3398.381499
653.222424,117,3398.677246
1274.069265,235,3399.288444
636.26891,119,3399.606462
626.440969,115,3399.906723
869.005145,164,3400.893974
747.687835,139,3401.247412
618.738141,118,3401.551336
767.948364,141,3401.930466
654.586696,123,3402.247254
729.719666,142,3402.641785
1019.649924,187,3403.180814
594.613789,109,3404.104414
514.470271,95,3404.35361
868.319919,155,3404.759695
790.470378,146,3405.149896
819.454565,152,3405.551099
775.896452,153,3407.561794
715.152832,138,3407.927821
633.299774,127,3408.806013
825.899012,157,3409.245425
607.746955,107,3409.573423
791.415556,144,3409.948084
683.305214,124,3410.272751
512.646337,118,3410.583172
857.397702,172,3411.045694
836.42518,149,3411.449827
609.960907,132,3412.481376
629.803014,112,3412.804768
524.300502,94,3413.075227
790.460537,150,3413.447301
609.48449,116,3413.736268
786.623366,141,3414.090412
817.594426,143,3414.443308
743.455912,140,3414.800565
704.042672,131,3417.564928
1000.879844,186,3418.051863
602.339836,114,3418.353994
1033.988849,196,3418.872097
796.381686,147,3419.25712
1397.706455,269,3420.655589
753.64607,140,3421.007041
659.841245,129,3421.342448
855.243754,168,3421.788331
826.779388,159,3422.213957
746.271709,136,3422.593961
582.194761,109,3422.885263
733.634555,129,3423.223816
769.748874,143,3424.228752
785.470968,149,3424.595394
687.907421,135,3424.927244
768.72473,150,3425.369933
759.689191,147,3427.047221
783.741937,147,3427.435244
709.429777,131,3427.784436
948.79286,172,3428.910436
670.062842,124,3429.212369
1186.085769,210,3429.729217
683.720712,131,3430.046505
1074.946695,211,3430.566536
760.532381,137,3430.912566
483.965643,94,3431.162619
765.584878,148,3432.097084
796.666868,141,3432.455954
659.367149,119,3432.760525
661.658071,121,3433.065271
803.392378,150,3433.441979
1899.257321,362,3436.741628
660.91992,119,3437.051972
696.010746,135,3437.396525
1286.375982,240,3438.002441
649.386032,129,3438.331127
692.518044,123,3438.656955
570.657166,109,3438.964338
713.962899,133,3439.335643
699.168899,127,3440.214803
805.401851,170,3440.647968
691.417376,128,3440.965663
863.501718,161,3441.36279
727.769982,131,3441.709314
566.792825,106,3442.028798
814.386393,150,3442.398821
559.735547,109,3443.167931
667.573973,120,3443.460293
660.410891,131,3443.776813
582.276079,108,3444.046294
715.992614,129,3445.965965
822.245519,165,3446.399472
735.869474,132,3446.74186
860.994321,156,3447.134042
798.438431,148,3448.038613
1039.94165,186,3448.578037
633.027412,121,3448.878624
1000.479057,193,3449.384002
574.465822,109,3449.666237
619.121132,111,3449.965629
737.275706,145,3450.362239
505.451846,110,3451.243725
729.101931,135,3451.583611
812.46383,144,3451.939297
538.984886,116,3452.236227
874.802623,160,3452.627948
659.742706,120,3452.926638
716.875387,128,3453.258249
805.907396,147,3455.327158
694.540735,152,3456.348444
794.922216,155,3456.75345
1033.239147,189,3457.233649
955.362482,176,3457.678156
924.429674,171,3458.128852
659.908555,119,3458.441479
633.954551,114,3459.418686
615.849516,111,3459.685727
704.433393,125,3459.994337
566.545365,129,3460.315643
750.061649,136,3460.655077
762.70136,150,3461.041275
674.698614,128,3461.4196
780.106645,149,3461.852107
504.385378,96,3462.597512
792.798776,147,3462.962545
1040.730345,181,3465.122772
779.022854,170,3465.54428
377.094291,73,3465.724277
891.082026,159,3466.111719
730.574905,138,3466.454252
971.855908,182,3467.482244
999.206706,187,3467.982182
831.382272,161,3468.394532
465.617559,90,3468.627864
1194.965004,222,3469.193044
757.417505,136,3469.549861
668.029184,128,3469.894956
699.578149,155,3470.968972
1230.7399,233,3471.560461
632.411848,122,3471.874095
821.335395,163,3472.287415
857.659379,167,3474.41994
1009.757739,175,3474.869824
687.223744,126,3475.746579
747.333884,137,3476.082727
1055.364724,198,3476.59324
678.4456,123,3476.953031
791.255396,144,3477.309534
706.975955,129,3477.618185
736.1877,139,3477.975673
1684.786507,314,3479.431159
679.83416,129,3479.757289
669.941477,128,3480.136292
1311.419294,225,3480.701696
1063.225193,189,3481.162376
600.912861,132,3481.988533
578.959035,131,3482.310481
358.022407,81,3483.817017
630.838136,128,3484.145302
1032.094346,193,3484.65134
784.480598,147,3485.025538
577.982442,110,3485.315139
1198.322819,228,3485.929313
843.20079,150,3486.891571
941.454206,166,3487.316274
557.10006,107,3487.585329
1055.734595,188,3488.063082
928.742494,184,3488.536597
855.497695,170,3488.998307
652.12843,114,3489.861189
436.535089,85,3490.075797
927.693785,166,3490.51568
546.780407,101,3490.780459
895.847133,166,3491.226998
540.966362,106,3493.101624
538.729271,120,3493.406973
644.500742,126,3493.720752
816.008313,163,3494.664002
503.548988,93,3494.897886
956.157834,188,3495.412416
739.652857,133,3495.767705
650.914448,145,3496.152585
1127.036435,212,3496.72426
526.763064,94,3496.958533
869.937443,161,3497.899989
1234.334614,243,3498.534798
969.070021,174,3499.016448
769.573793,140,3499.372203
882.983741,153,3499.750153
715.586373,143,3500.108703
304.103718,60,3500.255145
676.90419,124,3501.109604
716.96042,131,3503.03119
776.366975,155,3503.434433
889.201931,173,3503.893775
926.778745,173,3504.356181
520.824403,120,3504.68014
873.032841,158,3505.094903
899.837547,168,3506.08379
600.505171,128,3506.41081
1097.192833,204,3506.924968
1477.673308,274,3507.625585
691.219317,151,3508.033825
717.968677,130,3508.377404
541.707631,100,3509.188058
953.944079,172,3509.619586
684.582804,131,3509.950215
999.263507,218,3512.074128
609.444108,109,3512.351916
771.065855,136,3512.706555
809.642384,171,3513.820277
740.998062,131,3514.134193
537.188242,100,3514.381551
1455.152806,270,3515.122709
826.513718,143,3515.473567
899.984075,160,3515.861885
606.481919,112,3516.138636
462.084086,86,3516.346975
832.476401,155,3517.398137
1085.536352,207,3517.922901
715.785116,134,3518.302682
1146.172304,212,3518.851661
831.585305,151,3519.224098
854.024105,158,3521.40569
671.024396,128,3522.38665
834.565234,152,3522.774622
942.579549,175,3523.213088
1460.672644,281,3523.922464
814.715222,140,3524.288254
922.43761,201,3525.495605
775.334853,143,3525.851458
562.473923,103,3526.115115
624.145474,116,3526.413434
632.937329,119,3526.720593
584.330636,107,3526.991904
1246.924661,219,3527.563258
592.986551,107,3527.840968
735.467539,139,3528.861604
712.333102,131,3529.177365
1127.453917,208,3529.692376
658.901287,122,3531.681966
664.758884,119,3531.977087
1227.385716,228,3532.532209
1271.999526,233,3533.710872
634.797333,116,3533.998235
709.775626,131,3534.323922
499.96071,106,3534.622179
692.248351,129,3534.985958
859.688925,172,3535.440638
722.383969,133,3535.826061
766.767133,131,3536.258661
818.888558,179,3537.391387
731.655139,127,3537.721011
827.497548,141,3538.075877
581.11883,109,3538.356143
641.377611,137,3538.707133
1134.643103,219,3540.874038
774.649464,149,3541.95522
515.285252,104,3542.221202
641.622802,115,3542.522102
568.776848,111,3542.812008
656.660684,125,3543.130806
905.173092,165,3543.548095
669.675429,127,3543.877648
536.160461,99,3544.143926
655.273368,120,3544.45554
816.719557,175,3545.579041
721.644504,149,3545.951627
977.243166,185,3546.41508
518.460132,97,3546.650218
751.268569,145,3547.005659
599.50357,119,3547.313455
879.873193,174,3547.838996
518.622649,96,3548.74486
976.741923,161,3549.128637
383.884776,75,3549.316037
523.419743,98,3551.311802
1308.281257,249,3551.923786
662.523639,124,3552.226293
775.070473,173,3552.65796
716.689516,145,3553.677538
562.204267,106,3553.9323
684.494916,123,3554.241946
1042.523591,196,3554.749419
786.699492,152,3555.136918
568.387856,108,3555.41076
863.087628,170,3555.865454
726.043417,129,3556.875318
821.922069,153,3557.254758
692.106589,123,3557.558328
708.41787,133,3557.8846
538.66124,101,3558.135435
497.578721,108,3558.413516
1216.372683,214,3560.848706
618.576833,116,3561.14957
918.586414,174,3562.176777
709.780136,134,3562.51995
1183.964773,218,3563.07782
619.110987,116,3563.374759
921.115764,164,3563.822548
711.75355,136,3564.195062
703.010033,128,3564.50846
828.77965,157,3565.553105
896.619324,178,3565.999104
844.619704,175,3566.447237
718.092787,143,3566.797587
630.211157,122,3567.14051
1120.083166,211,3567.704775
919.209475,164,3568.78225
740.488389,139,3570.832682
1029.718141,186,3571.292147
768.576995,145,3571.655627
1117.929881,197,3572.150939
793.811499,168,3572.577935
619.094532,114,3573.446136
698.007622,130,3573.773149
940.440832,171,3574.201711
831.449225,155,3574.588528
1163.810607,209,3575.119674
694.627936,136,3575.480619
584.871781,109,3575.771636
1125.955628,231,3577.058558
674.975543,117,3577.353525
778.447805,150,3577.730383
536.402714,101,3577.991436
673.969485,132,3579.970628
455.130526,85,3580.183007
1105.57615,212,3580.726542
871.89101,164,3581.824329
366.42094,74,3582.011981
1046.980688,231,3582.603162
688.022078,132,3582.930272
632.790668,118,3583.218013
926.651595,174,3583.661181
573.986752,111,3583.983583
1070.648425,185,3585.152274
1038.592408,186,3585.595906
749.654471,137,3585.929592
734.467682,139,3586.266991
868.725585,156,3586.647265
864.408335,170,3587.075789
682.083134,129,3587.465008
643.759804,121,3590.032961
726.27143,130,3590.392321
909.621615,168,3590.84368
790.375618,154,3591.255982
1192.123013,227,3591.852273
711.449278,130,3592.186625
723.639051,137,3593.213704
512.426009,96,3593.452386
999.111848,199,3593.953886
812.666702,145,3594.311801
1000.547981,173,3594.747298
938.491179,170,3595.181077
960.22653,176,3595.636521
688.213848,128,3596.617492
687.693727,130,3596.943049
655.856727,123,3597.254934
952.054453,193,3599.223907
558.105482,120,3599.535045
909.624627,177,3599.991664
761.610504,138,3600.375384
979.087221,198,3601.499317
739.899963,140,3601.848475
1305.737184,248,3602.459095
795.794632,144,3602.81593
507.693044,117,3603.118481
1451.585962,304,3604.567002
1010.685028,226,3605.140091
656.511775,120,3605.431293
702.233363,138,3605.768663
1256.259333,243,3606.380096
455.858388,83,3606.589236
1160.862471,230,3609.279668
608.14623,116,3609.578803
936.518821,180,3610.039833
781.150228,143,3610.401609
612.460519,122,3610.712896
765.987956,153,3611.127182
597.438062,121,3611.454942
982.756475,184,3612.503545
714.503973,157,3612.914481
574.610169,108,3613.186854
792.242496,147,3613.554581
845.926544,157,3613.952958
895.687031,181,3614.440661
1046.474249,196,3615.540282
663.272058,130,3615.866383
861.259476,165,3616.285138
1020.965206,204,3618.363774
595.056375,117,3618.667074
703.909202,128,3618.989142
787.398152,138,3619.332474
1022.299615,190,3620.333875
1659.728028,305,3621.114141
1166.302817,215,3621.696174
933.221619,188,3622.160533
857.346601,165,3622.572435
871.512869,168,3623.489167
488.219244,92,3623.712641
610.411609,110,3623.98709
1035.759768,204,3624.531927
859.58561,160,3624.95513
810.42418,156,3625.352021
879.88568,161,3627.173617
593.628926,111,3628.037154
995.155407,191,3628.520977
898.208723,188,3628.99987
641.905215,137,3629.34976
910.709375,176,3629.803529
937.285081,168,3630.254518
1119.696982,235,3631.447403
917.788049,166,3631.86474
848.309109,162,3632.271627
1056.780492,197,3632.763326
883.690781,167,3633.201606
473.146617,91,3633.440719
750.193418,148,3634.386105
478.90238,88,3634.608497
890.655059,167,3636.506669
711.895584,127,3636.820972
738.546892,140,3637.194919
822.119941,153,3637.642462
799.206654,166,3638.056214
783.813726,144,3638.410213
876.740187,170,3639.338334
416.428505,81,3639.541246
585.056644,116,3639.837631
812.475965,153,3640.216241
945.712783,184,3640.734614
891.066942,173,3641.173232
1479.312043,305,3642.442688
718.098861,164,3642.846046
1010.874083,184,3643.304513
852.831413,158,3643.727258
755.142544,138,3645.552778
552.976654,108,3645.827038
1233.047427,241,3647.00114
1135.963742,219,3647.552694
529.494731,100,3647.807363
579.8209,108,3648.080447
1971.915814,393,3649.100421
488.614354,114,3649.956547
587.765119,111,3650.238433
541.205704,97,3650.481002
726.17641,135,3650.824755
824.95562,159,3651.232043
498.504423,109,3651.510182
997.936307,193,3652.020024
665.193044,143,3652.404536
753.804334,145,3653.340671
1073.982384,202,3655.418619
634.170653,120,3655.722094
971.819945,186,3656.19292
1060.945906,195,3656.763027
744.606131,137,3657.140461
439.44981,83,3657.34727
711.019346,133,3658.171403
768.804345,169,3658.586348
595.85776,114,3658.875181
840.876675,153,3659.247496
665.265977,148,3659.629105
839.03975,157,3660.081642
814.830728,159,3661.031855
722.51754,141,3661.385341
780.834855,145,3661.748364
686.542172,123,3662.051632
614.277375,115,3662.339915
863.0677,163,3664.315051
519.416411,119,3664.617007
968.365286,177,3665.064396
799.049038,149,3665.983947
777.575984,155,3666.380217
744.110446,136,3666.722673
700.98583,130,3667.047614
846.581469,154,3667.438515
1381.553581,283,3668.199952
1069.265845,195,3669.260087
904.945174,177,3669.717634
722.70904,146,3670.093174
1044.539021,222,3670.665598
1142.321471,202,3671.190333
488.304865,95,3671.433989
786.693163,148,3673.771888
692.170181,127,3674.091129
1038.498547,194,3674.574452
950.682544,187,3675.057768
856.765743,151,3675.473179
931.900285,173,3675.969284
889.123617,175,3676.917906
804.864024,141,3677.257529
604.408466,113,3677.534142
581.467163,133,3677.870072
855.58185,170,3678.297551
557.018878,122,3678.609372
993.706896,178,3679.132396
700.688156,147,3680.080815
565.275046,116,3680.374509
796.24054,157,3680.780382
534.540388,111,3681.066591
1158.023251,212,3683.382563
1279.059656,259,3684.063547
789.499212,146,3684.994528
596.253497,109,3685.268888
552.01486,111,3685.548343
749.161887,134,3685.887093
862.816968,168,3686.312872
1248.621866,241,3686.923522
1165.664199,206,3687.4742
536.040052,101,3688.295953
854.947775,152,3688.687191
799.363776,162,3689.092056
702.520576,130,3689.423432
577.82083,106,3689.686027
1061.618504,195,3690.185659
1157.714994,216,3693.206046
1254.034424,229,3693.776559
777.423039,152,3694.152333
1348.085786,258,3694.80741
1214.142009,217,3695.424913
786.926026,155,3696.351959
612.830187,118,3696.666179
710.794837,132,3697.00532
690.195748,126,3697.331644
720.358027,128,3697.658332
527.423921,116,3697.957824
829.569496,155,3698.376067
698.46379,144,3698.775168
958.714638,190,3699.879363
724.121455,150,3700.262715
878.712122,169,3702.252216
489.377615,91,3702.481495
1079.482596,204,3703.008861
568.047905,114,3703.322347
1019.712198,195,3703.862185
783.411581,150,3704.820843
904.88377,178,3705.274746
656.854309,147,3705.653137
923.661121,165,3706.071459
563.216775,113,3706.363307
782.338283,156,3706.792704
863.69738,166,3707.893353
833.847661,150,3708.284627
500.255305,98,3708.56543
688.986749,143,3708.995517
819.98443,178,3709.494109
1182.185385,221,3711.606839
907.937773,166,3712.088117
769.930282,152,3713.087069
582.464047,114,3713.367637
698.801268,128,3713.695961
853.256122,157,3714.087678
962.45169,173,3714.508983
937.0764,177,3714.986526
738.681096,138,3715.348689
558.732626,104,3716.209341
515.938434,117,3716.522804
760.791892,150,3716.91133
630.964034,134,3717.259227
925.602849,159,3717.666743
1000.909887,197,3718.210917
614.782322,119,3718.525079
1018.935092,184,3719.686065
897.497313,179,3721.859444
537.776595,101,3722.126963
573.437885,123,3722.446964
1090.345597,227,3723.041816
707.23099,135,3723.402782
686.416033,139,3724.431073
564.607106,111,3724.714857
1067.278594,213,3725.283329
793.810166,155,3725.690146
627.244477,133,3726.077739
532.658524,109,3726.389803
702.75812,128,3726.722056
687.556126,126,3727.037762
732.214991,132,3728.025791
674.123289,135,3728.375118
755.26665,143,3728.72492
669.754921,137,3729.090243
584.373288,134,3729.498389
574.780185,115,3731.535374
903.136413,163,3731.963623
417.592028,82,3732.178408
662.528408,131,3733.297949
894.045779,168,3733.715752
1101.088479,213,3734.259587
502.451988,93,3734.499527
819.685717,170,3734.935471
1228.015714,215,3735.50482
1185.355463,222,3736.763898
1328.040158,264,3737.423299
810.364007,154,3737.807585
897.640104,160,3738.221396
539.808017,97,3738.48053
762.567481,140,3738.862602
626.484551,119,3739.851015
618.915732,125,3741.829981
725.526497,139,3742.188613
866.954351,155,3742.596275
1026.143625,197,3743.105046
996.915216,189,3743.604687
512.853561,114,3743.913989
728.510486,146,3744.998045
1002.445313,187,3745.516338
871.378866,165,3745.918398
682.274465,126,3746.225614
1271.131482,232,3746.792771
672.131484,127,3747.106072
657.173508,130,3747.968657
772.686442,174,3748.442476
853.026043,154,3748.87283
894.822268,163,3749.275328
775.632102,157,3751.362545
1099.530983,207,3751.908323
1017.865086,199,3752.986658
1301.901409,272,3753.695148
939.328765,180,3754.154385
853.548286,156,3754.566838
579.526737,109,3754.854714
603.326037,136,3755.219241
1222.612215,225,3756.393346
742.464776,139,3756.746249
712.923019,139,3757.105637
633.018799,137,3757.453088
957.471849,186,3757.926213
357.754252,83,3758.149798
745.451947,131,3758.489583
549.350158,118,3760.968037
1092.13603,201,3761.505044
689.45955,154,3761.891995
965.643796,202,3762.40368
853.870845,162,3762.813173
536.791364,101,3763.074201
772.1667,146,3764.015283
1565.521014,299,3764.837122
941.013399,175,3765.268533
866.03614,177,3765.714141
771.566953,147,3766.083011
708.672928,142,3766.438394
448.668318,91,3767.202077
826.277144,147,3767.571107
566.479184,128,3767.940939
918.810475,175,3769.88336
662.468381,137,3770.240253
1157.481823,205,3770.772989
690.648784,129,3771.106785
583.843529,129,3772.005875
1227.285726,229,3772.585987
845.624362,163,3772.993141
804.873791,148,3773.368843
926.798574,174,3773.811713
1217.593142,227,3774.414581
684.387634,152,3775.371282
651.534822,150,3775.75066
711.693813,136,3776.097798
929.39436,176,3776.55162
519.678823,99,3776.798254
726.408064,148,3777.189696
689.399795,128,3779.130378
640.040874,122,3779.962831
830.352894,157,3780.349986
622.304919,135,3780.746185
836.907453,158,3781.168211
871.752808,170,3781.587094
487.355508,93,3781.80979
772.768498,142,3782.165249
616.844582,136,3783.005603
801.97717,152,3783.376891
757.618651,145,3783.750818
820.672032,149,3784.182083
845.766154,154,3784.576367
1510.585607,283,3785.269249
508.964184,111,3785.556559
479.386295,89,3786.286139
1087.853911,208,3786.81465
717.544476,134,3788.712336
936.940848,172,3789.145488
419.847601,81,3789.357034
769.14753,150,3789.735828
904.543228,177,3790.189333
858.843874,189,3791.289715
772.972415,144,3791.67259
646.875478,145,3792.044279
922.766989,170,3792.470755
896.586345,169,3792.90802
767.18591,142,3793.297681
583.417829,111,3794.149687
384.252967,75,3794.333908
661.041348,123,3794.634969
991.55401,184,3795.120861
491.555193,91,3795.377513
662.126601,122,3795.691164
489.262095,113,3795.976747
713.670607,126,3797.746435
748.564112,149,3798.144084
722.366531,149,3799.214631
1025.001014,193,3799.681725
522.777991,104,3799.933951
645.607363,130,3800.258476
855.627281,158,3800.650615
713.294733,141,3801.008246
931.178899,176,3801.471614
841.120844,180,3802.589414
671.22732,117,3802.876339
795.512831,149,3803.246586
943.901457,179,3803.698268
986.921985,192,3804.171673
680.088155,125,3804.493901
771.920713,157,3805.495734
576.30926,118,3805.799954
842.511805,152,3807.701899
572.229047,108,3807.973724
1148.562193,218,3808.533797
680.217243,122,3808.85387
661.59057,135,3809.211982
495.887912,95,3809.464637
632.499748,119,3810.329118
585.760444,134,3810.671342
603.575987,125,3810.986475
855.008884,159,3811.392058
631.067973,121,3811.696969
518.140462,97,3811.941255
515.284774,111,3812.244216
708.350233,131,3812.59211
800.389342,155,3813.508096
1026.169442,183,3813.9626
574.504265,106,3814.224497
478.238217,92,3814.449485
728.462246,144,3814.835549
672.256347,125,3817.012205
862.559339,162,3817.42274
570.74881,111,3818.298613
746.97737,145,3818.702998
452.842405,85,3818.911693
540.208859,117,3819.197005
775.731805,153,3819.57888
702.928711,136,3819.914515
974.131409,203,3820.425092
1070.216101,221,3821.671043
715.61244,133,3822.011311
620.870519,115,3822.300444
625.595121,124,3822.609747
713.520968,135,3822.953631
1047.009107,216,3823.508722
785.217732,150,3823.905413
988.338464,219,3826.717224
649.475295,129,3827.039815
485.568968,91,3827.271272
812.322642,148,3827.651119
690.27877,131,3827.991661
1114.160801,208,3828.544569
528.69999,98,3828.802906
859.75453,151,3829.751884
815.894262,165,3830.164276
629.310425,127,3830.490998
699.542615,134,3830.809652
875.811512,163,3831.20484
1379.262053,244,3831.870944
582.068505,111,3832.158103
721.585866,144,3833.016095
812.076074,167,3833.429814
1259.523416,247,3834.050191
616.724086,131,3835.990659
769.656979,144,3836.344525
549.946708,127,3836.657367
683.928627,156,3837.548323
912.345317,160,3837.942595
785.842826,149,3838.337414
875.01703,171,3838.815756
556.321844,108,3839.086858
551.296766,109,3839.365252
1053.753059,205,3839.887771
514.575585,116,3840.826403
551.567102,105,3841.103213
960.758517,184,3841.570976
881.983155,161,3841.995718
552.106012,98,3842.243864
806.623641,162,3842.682207
847.734343,153,3843.08862
991.691503,183,3845.898848
1158.568026,214,3846.448101
1195.589881,222,3847.018907
794.865353,151,3847.397582
586.81397,124,3847.735609
706.513772,142,3848.096027
820.141155,150,3849.127901
766.91477,141,3849.477015
713.657949,130,3849.790236
979.622801,197,3850.283098
738.747061,140,3850.667508
930.171388,180,3851.171954
709.411328,137,3851.509386
518.165183,100,3852.40801
702.374521,130,3852.728216
835.068793,161,3853.128826
853.147213,165,3855.233228
1023.052811,207,3855.748328
1074.461331,198,3856.267638
915.420567,168,3857.392402
888.499143,178,3857.841665
659.36222,122,3858.150162
820.308724,151,3858.538718
809.114252,160,3858.951158
677.949294,125,3859.290225
701.731547,158,3859.724012
623.524884,125,3860.729804
572.388006,108,3861.007563
590.189588,108,3861.278961
881.429827,169,3861.711158
573.787751,110,3861.990945
532.963762,117,3862.29788
645.814622,122,3862.62329
898.266598,172,3864.819631
870.957643,164,3865.892993
621.52157,141,3866.244799
730.346198,150,3866.614189
544.420797,96,3866.874832
523.524921,118,3867.213759
736.789988,146,3867.597863
684.033076,129,3867.908808
899.480011,162,3868.960073
669.337351,122,3869.257126
954.524063,173,3869.681347
950.044064,185,3870.165646
871.270434,159,3870.626376
674.157429,127,3870.949507
513.877273,104,3871.222081
1002.321384,187,3872.335415
923.477709,176,3872.772264
774.164294,143,3874.480424
355.142946,75,3874.675416
829.497212,152,3875.073123
547.704811,112,3875.362784
862.686023,167,3875.806129
717.283878,128,3876.151575
604.18454,117,3877.139096
802.996642,148,3877.513169
544.915676,98,3877.772405
394.440297,72,3877.958556
917.837557,182,3878.420225
931.713879,181,3878.894265
845.548469,175,3879.370557
753.164746,141,3880.394475
663.148625,116,3880.685348
620.592288,118,3880.983874
943.579916,175,3881.440435
794.486657,149,3881.821265
1087.471707,197,3884.000021
626.199238,121,3884.302596
780.684479,142,3885.317399
665.765697,125,3885.624421
831.05155,158,3886.010834
622.874787,115,3886.296342
1046.818735,193,3886.811377
821.056338,154,3887.246322
849.556974,160,3887.651345
700.961587,135,3888.618715
671.356106,146,3888.982049
835.530222,160,3889.377799
788.687343,147,3889.741447
1150.108823,213,3890.346826
975.425069,177,3890.80833
534.843156,109,3891.737097
895.957348,172,3894.146356
873.496503,165,3894.57552
813.326285,152,3894.977917
731.795154,146,3895.359916
746.320115,137,3895.715114
1468.080907,257,3897.091602
552.835639,112,3897.393603
840.226795,159,3897.817429
1139.824327,215,3898.376285
1099.089782,197,3898.888411
819.442196,149,3899.30553
975.528769,190,3900.485235
715.041582,128,3900.812694
917.388147,179,3901.255382
602.693763,113,3901.533407
674.506485,129,3901.848781
614.716158,119,3903.648686
1207.753615,235,3904.23001
405.11828,82,3904.434541
877.257978,156,3905.470235
632.543798,118,3905.763189
877.466964,179,3906.264827
706.291294,135,3906.623307
652.692054,139,3906.974021
895.742679,178,3907.424891
502.494521,97,3907.662106
621.027431,118,3908.608983
817.252704,177,3909.068892
1014.569365,187,3909.542656
793.640165,160,3909.944827
698.776361,127,3910.269791
759.061621,148,3910.669084
656.607398,122,3910.997099
632.298357,112,3913.377544
795.948376,146,3913.758496
483.989204,105,3914.037797
749.908836,141,3914.397252
1129.648866,232,3915.008188
768.619422,157,3915.43314
713.828613,133,3915.787927
831.165857,153,3916.85098
1075.04749,196,3917.356223
927.678338,168,3917.77825
925.194371,170,3918.201312
642.393482,125,3918.573246
664.638597,122,3918.919494
608.049708,120,3919.862484
622.462515,117,3920.160753
1218.074444,214,3920.696939
654.004726,121,3920.998322
1025.903323,204,3922.844867
682.855634,122,3923.153131
771.83166,163,3923.563896
543.810575,105,3924.475614
839.674477,170,3924.899444
718.673286,131,3925.281397
789.81436,141,3925.649204
852.514793,164,3926.062736
587.749592,113,3926.353838
679.440539,138,3926.709896
698.489601,133,3927.052665
526.161638,98,3927.868087
829.932294,152,3928.258193
772.52209,147,3928.631747
664.20848,130,3928.961968
637.147644,115,3929.251361
968.761357,181,3929.728245
1187.980763,220,3932.564524
554.618436,108,3932.844489
949.470323,174,3933.295342
785.858882,149,3933.677529
852.365002,162,3934.080196
918.766578,166,3934.499112
927.490825,188,3934.999062
1058.330094,204,3936.051692
598.253362,118,3936.395327
678.823062,151,3936.808922
655.14753,123,3937.118354
742.798444,147,3937.484169
914.008937,182,3937.93865
624.96446,113,3938.220126
1023.58865,202,3939.350765
657.24066,140,3939.813881
577.964276,119,3941.663815
1204.50892,210,3942.242431
834.740031,157,3942.690925
464.308766,85,3942.919957
840.888366,166,3944.002721
746.555724,134,3944.36371
657.983338,124,3944.689368
668.780978,140,3945.078676
841.978135,183,3945.579633
847.520462,165,3946.034326
897.816196,173,3946.529122
481.205479,90,3946.800445
982.519725,193,3948.099913
1018.575167,177,3948.590068
730.894599,134,3948.953635
485.03778,94,3949.207167
931.478727,171,3949.681135
701.439889,131,3951.781565
909.285358,162,3952.858977
500.941626,112,3953.141786
607.101596,128,3953.507057
756.925003,140,3953.909638
914.905124,160,3954.336575
1329.660647,256,3955.006979
576.205887,107,3955.265076
833.25772,148,3956.30352
665.001842,124,3956.622018
514.247781,101,3956.924761
1067.885961,196,3957.433284
702.867427,136,3957.770956
760.736255,130,3958.086391
738.891138,136,3958.420801
1017.200505,192,3959.562087
606.004727,114,3959.892289
954.849264,174,3962.019799
729.381542,134,3962.367181
728.64809,145,3962.743892
1087.583586,212,3963.303743
715.270852,140,3963.677689
668.234208,125,3964.677001
908.208895,177,3965.126992
731.891592,129,3965.459737
1520.82325,284,3966.193247
879.388789,162,3966.637616
1159.337681,227,3967.919445
965.411049,189,3968.40842
560.600702,129,3968.753654
1031.81502,188,3969.237749
1032.505541,174,3969.69226
972.239471,174,3971.568531
715.139898,126,3971.906607
698.065195,126,3972.819976
1237.180557,214,3973.412576
1096.836572,206,3973.92708
794.733195,164,3974.347097
660.673259,125,3974.652345
815.512461,147,3975.017068
786.000871,145,3975.960748
562.313358,123,3976.338794
689.429975,127,3976.698174
733.13747,133,3977.025835
718.913767,134,3977.359212
833.689149,162,3977.767974
741.684267,140,3978.142115
864.082304,157,3979.153335
760.522986,160,3981.342201
617.905585,116,3981.657568
528.759874,105,3981.964704
782.695175,139,3982.346367
845.965002,176,3982.835706
735.507317,167,3983.297143
850.041267,158,3984.294999
774.732565,149,3984.684677
746.74137,142,3985.044638
698.615489,143,3985.410917
1034.137106,196,3985.90782
613.44229,136,3986.275496
732.204398,129,3986.624666
649.670563,121,3987.552793
891.072311,164,3987.99274
660.365077,143,3988.363402
550.193396,108,3988.636723
729.421401,129,3988.962
748.216084,141,3990.875167
718.393612,136,3991.212929
685.741568,122,3991.519125
815.759838,162,3992.44683
710.306387,131,3992.788893
591.622627,121,3993.10046
1232.409891,241,3993.782049
553.909156,129,3994.110774
689.245186,129,3994.436198
945.044372,191,3995.433509
764.412445,151,3995.842107
1236.974942,250,3996.522247
435.497344,87,3996.760746
604.424489,112,3997.046088
527.397193,120,3997.365868
826.052285,159,3997.797451
745.674973,157,3998.812785
398.422008,78,4000.623645
525.684732,101,4000.890422
1052.721241,197,4001.407679
763.279741,146,4001.794731
742.318002,136,4002.164153
909.781606,174,4002.631708
1069.902223,215,4003.769775
483.079944,99,4004.042676
608.680122,110,4004.334872
422.403569,98,4004.603319
771.152171,150,4005.001417
597.892123,120,4005.315754
651.029846,129,4005.66722
552.768176,109,4005.971621
800.936921,153,4007.107359
820.427492,161,4007.507477
571.774488,113,4007.788931
510.404939,111,4008.069489
758.693056,150,4009.946693
675.359443,133,4010.294911
799.503664,149,4010.66439
807.259598,147,4011.025474
563.454094,106,4011.814167
709.846598,155,4012.208067
603.578384,116,4012.506676
915.721073,169,4012.942826
1042.93446,191,4013.482827
565.161775,108,4013.748764
468.2962,109,4014.033867
510.469323,101,4014.276752
799.408053,170,4015.265401
694.326025,132,4015.606911
801.901189,152,4015.995799
951.416441,191,4016.475641
696.914445,137,4016.833082
538.89173,100,4017.094289
804.361082,167,4019.196252
675.723333,118,4020.034986
1422.935194,262,4020.707085
861.0305,157,4021.101798
538.257379,116,4021.401209
813.115603,166,4021.83991
1039.201331,195,4022.359967
610.676679,116,4023.224425
489.463999,102,4023.48439
510.057456,105,4023.746879
882.83578,162,4024.156897
475.582455,91,4024.381783
805.430595,151,4024.782789
1140.164698,220,4025.389784
714.07805,134,4026.232261
574.515667,130,4026.563213
540.193343,105,4026.820316
628.512067,120,4028.801274
1069.352173,214,4029.331685
581.655491,110,4029.602824
743.904102,150,4029.972219
639.494045,118,4030.260144
597.328969,110,4031.071544
655.096614,123,4031.383603
749.469678,149,4031.771594
876.098859,170,4032.215483
533.218016,101,4032.471672
840.029421,157,4032.904817
957.142749,189,4033.435612
446.715664,90,4034.243048
732.605647,135,4034.586557
964.985393,176,4035.040312
1279.494046,247,4035.690965
502.272942,116,4035.987085
816.447403,148,4037.862137
1120.255562,211,4038.944687
821.483702,171,4039.385079
1156.133405,222,4039.955496
871.304774,158,4040.360557
770.802135,137,4040.714502
861.854877,162,4041.143383
655.080916,118,4041.452278
647.078011,121,4042.419364
708.055633,133,4042.755206
836.393983,170,4043.172013
778.529593,167,4043.584043
1284.813479,260,4044.217321
903.805814,161,4044.640498
641.80388,136,4045.600942
991.090701,178,4047.437029
1119.243199,213,4047.988152
1060.647802,195,4048.502765
657.672961,137,4048.926263
745.310798,138,4049.277434
713.454473,158,4050.184279
888.530269,161,4050.591385
555.888233,103,4050.854504
757.450671,154,4051.244622
998.009159,191,4051.726836
809.641444,153,4052.131237
1403.228669,265,4053.38336
960.411273,204,4053.918958
839.619426,157,4054.317786
753.614707,140,4054.678925
1166.361746,223,4056.701937
570.96159,130,4057.058707
714.621506,139,4058.017484
645.488379,120,4058.324012
733.470674,129,4058.650765
817.232052,166,4059.074481
1493.662632,295,4059.829096
771.104286,159,4060.243115
801.056373,157,4061.317948
607.920128,113,4061.657948
777.108544,147,4062.020114
728.364499,140,4062.36121
588.598868,107,4062.620626
619.466682,141,4062.992114
570.628592,115,4063.276736
787.65226,152,4063.679533
717.771463,131,4064.58494
706.26222,128,4066.172273
780.762578,156,4066.557979
935.958143,167,4066.971833
899.598731,186,4067.473155
767.3896,172,4067.938208
584.289368,113,4068.234455
964.586144,177,4069.269333
564.850312,108,4069.545402
720.576431,129,4069.863811
895.561031,179,4070.323757
708.020432,124,4070.636796
863.103308,164,4071.069923
802.901382,146,4072.018693
418.27244,92,4072.253725
1230.64627,225,4072.816943
1016.253982,182,4073.28057
553.070666,102,4075.05933
841.401129,155,4075.464357
598.005766,120,4075.77998
892.797713,163,4076.791037
974.701781,187,4077.280415
576.398437,109,4077.550602
1244.22832,227,4078.142815
723.673585,151,4078.592856
955.310536,188,4079.079013
841.174261,154,4079.995762
1012.819225,181,4080.458693
358.665055,86,4080.678019
952.205214,167,4081.088112
1069.140192,213,4081.695991
665.794337,139,4082.048942
1026.003395,227,4082.614627
628.200609,120,4084.941253
709.119452,141,4085.296219
761.790481,147,4085.662126
893.386581,176,4086.108649
1198.74834,224,4086.705187
576.16298,128,4087.050998
700.585261,131,4087.965565
792.206706,164,4088.388723
1224.979638,238,4088.992407
918.235568,181,4089.457784
812.558279,155,4089.860943
411.367094,77,4090.061867
399.202692,81,4090.275039
779.212239,156,4091.280376
866.947757,159,4091.686218
970.958888,183,4092.147837
653.388684,130,4094.134557
1105.270206,220,4094.698726
740.672972,135,4095.042064
503.035195,97,4095.303763
915.819988,177,4096.313944
728.413968,140,4096.688932
684.439561,125,4097.001359
1293.008027,243,4097.626287
873.901887,189,4098.104785
673.860165,141,4098.465728
720.378964,143,4099.366831
653.140827,138,4099.774366
690.172263,136,4100.116825
555.63182,107,4100.381328
659.979046,129,4100.72524
567.855271,127,4101.054834
660.168729,126,4101.374658
622.459411,118,4103.339003
1196.524775,216,4104.448316
472.655395,96,4104.6922
777.997613,168,4105.12496
604.532939,109,4105.406588
570.660821,126,4105.730078
957.258897,185,4106.222023
763.986822,144,4106.60298
1002.991466,208,4107.705381
767.081775,143,4108.065227
975.52385,170,4108.49803
1035.515857,189,4108.983656
577.54443,125,4109.316072
510.431364,96,4109.572814
831.712344,163,4110.569608
769.682793,148,4110.944691
973.49397,206,4112.785527
820.179474,156,4113.187382
563.13215,111,4113.483706
957.733775,185,4113.948191
779.617545,149,4114.325516
690.821223,138,4115.193882
775.219752,136,4115.528906
599.68766,121,4115.880988
905.198326,179,4116.371268
687.581021,131,4116.696016
800.589713,158,4117.093019
991.284146,180,4117.545549
707.649455,132,4118.38959
560.764113,103,4118.648231
666.373894,121,4118.960356
773.692671,164,4119.44739
753.785466,137,4119.790916
1022.449354,189,4122.063507
1014.828037,189,4123.105447
1101.420524,203,4123.628904
981.186629,198,4124.14015
703.461547,137,4124.501517
826.498026,151,4124.888018
670.244382,122,4125.207818
784.723573,140,4125.581481
810.833328,145,4126.531208
1080.005464,236,4127.149768
936.454959,187,4127.634454
822.134419,155,4128.039875
1306.038102,248,4128.696109
1071.837819,199,4129.75479
544.507913,111,4130.027769
447.463061,87,4131.983545
506.774016,117,4132.293494
674.093717,146,4132.667171
944.04101,166,4133.074602
677.930898,131,4133.395319
365.978606,86,4133.618452
1137.849947,220,4134.716962
622.048541,118,4135.065685
877.448076,173,4135.525979
737.127554,138,4135.869819
934.474218,170,4136.315521
764.677537,134,4136.64492
764.914325,136,4137.005382
1102.464944,194,4138.080504
1225.466618,245,4138.713237
775.027629,148,4139.092053
1001.024081,199,4141.151143
513.077221,105,4141.425421
480.884405,95,4141.667535
739.712,148,4142.608924
648.745628,124,4142.919188
690.790935,127,4143.238922
796.807097,167,4143.665351
822.205642,150,4144.05245
696.84975,136,4144.403829
941.084455,180,4144.881628
602.927903,114,4145.741726
790.180008,145,4146.104891
872.752468,163,4146.511126
490.161613,97,4146.748576
920.030762,186,4147.213489
703.270582,137,4147.623769
640.295779,113,4147.924197
987.579872,175,4148.857095
950.672338,181,4150.821825
682.1541,130,4151.167072
542.297729,110,4151.430408
787.347712,142,4151.805613
1208.641354,252,4152.446798
465.649499,103,4152.703625
951.231024,185,4153.695057
687.099306,126,4154.011673
876.700652,164,4154.430764
647.489505,124,4154.742808
776.432304,168,4155.183824
715.228254,133,4155.540631
905.370828,173,4156.00989
774.264012,155,4156.986433
790.909774,148,4157.364781
753.765706,145,4157.740949
1656.129659,337,4160.414301
603.189945,117,4160.71548
724.197886,141,4161.637114
676.612443,145,4162.008926
559.333289,130,4162.35273
654.427339,142,4162.772256
1033.106677,209,4163.284083
1033.343651,202,4163.80075
541.767856,109,4164.068245
884.802399,177,4165.030001
1555.119211,296,4165.834965
836.371794,159,4166.242038
1039.512106,187,4166.731418
556.321242,117,4167.025066
827.385308,148,4167.395359
641.488713,127,4169.785589
900.908062,165,4170.200617
696.795912,148,4170.580706
836.906429,155,4170.971088
810.248056,149,4171.347551
902.930441,173,4171.81393
695.197798,125,4172.148433
705.551032,130,4173.049088
930.261847,195,4173.5531
746.753638,150,4173.933708
746.390393,139,4174.288077
790.554759,169,4174.728341
957.251218,187,4175.229582
730.01635,145,4176.189842
743.35247,147,4176.556544
747.453713,145,4176.918045
661.678475,135,4179.13678
1215.242411,233,4179.726691
483.607754,111,4180.012629
485.533171,112,4180.302318
756.349589,141,4181.189651
375.602495,88,4181.436406
830.14904,164,4181.909267
570.114468,116,4182.214255
702.374378,147,4182.578293
969.860598,201,4183.068006
751.094547,136,4183.4114
819.392442,151,4184.337462
712.047829,143,4184.738397
648.434843,136,4185.113403
1113.445057,198,4185.607239
613.023761,121,4185.910874
973.285501,191,4186.383362
752.359357,138,4188.475174
1361.294107,259,4189.713192
694.247945,147,4190.087774
769.592906,144,4190.460376
838.648995,154,4190.85653
577.088358,114,4191.155806
653.973373,122,4191.483148
646.786276,134,4192.405306
803.697512,148,4192.781517
475.846828,101,4193.043308
600.722415,118,4193.339364
597.44005,133,4193.68791
787.574648,165,4194.119797
1110.50846,223,4194.722416
504.453387,107,4195.008554
506.56073,92,4195.811393
793.012993,159,4196.214708
502.214143,111,4198.010558
1076.039998,201,4198.588935
1090.641181,196,4199.083246
621.000446,118,4199.384776
716.406833,144,4199.746604
433.172133,98,4200.518373
542.307319,104,4200.776193
1307.773397,247,4201.399791
784.654194,142,4201.806362
732.237459,138,4202.147619
580.504424,108,4202.414261
800.469023,149,4202.783634
744.374802,144,4203.655561
628.96112,120,4203.954522
654.489136,126,4204.285017
778.22683,152,4204.717738
483.566114,114,4205.036149
722.250327,127,4205.348508
1053.932558,207,4207.664836
1077.216771,213,4208.776823
534.022829,123,4209.089281
657.151908,127,4209.430702
737.587653,147,4209.823457
598.497021,124,4210.172851
954.967425,182,4210.694453
658.546836,134,4211.092508
943.048962,179,4212.171889
730.985428,138,4212.524528
714.718246,129,4212.856566
735.888397,167,4213.290688
786.627702,150,4213.683412
836.497308,156,4214.098919
1107.890522,200,4215.165461
687.637187,148,4215.553925
766.328665,146,4217.59659
1407.434031,272,4218.295888
503.220089,95,4218.540378
470.999517,93,4218.780697
901.880392,169,4219.217378
817.63254,152,4220.308565
656.780776,126,4220.620033
1118.961454,199,4221.117703
1028.322018,187,4221.574757
919.387563,176,4222.053354
773.667956,144,4222.45069
810.382903,174,4223.476247
735.780876,140,4223.834049
359.91798,72,4224.018911
506.407201,102,4224.282681
598.007686,117,4224.584466
470.351919,93,4224.826427
590.428227,132,4226.729564
730.198698,134,4227.068022
651.857636,147,4227.461841
653.997225,135,4228.374971
712.521252,141,4228.736186
880.659109,187,4229.212108
681.67006,127,4229.537198
387.087391,91,4229.770027
834.417725,154,4230.178135
864.930973,168,4230.628671
572.963073,109,4231.484879
1153.500885,208,4232.017165
492.20949,111,4232.306709
932.463009,208,4232.825991
869.192385,188,4233.377808
775.412478,142,4233.736269
582.904666,123,4234.571612
733.795741,161,4236.516216
706.118499,136,4236.878936
782.692389,147,4237.240711
515.772723,102,4237.498757
1014.950348,188,4237.964996
1122.847314,233,4238.558754
988.617262,165,4239.544983
588.229192,119,4239.909555
870.787552,170,4240.350834
399.071491,80,4240.558629
991.623236,187,4241.037495
722.845959,143,4241.409584
890.028601,164,4241.834741
997.589754,192,4242.914971
563.482988,108,4243.200747
1128.55729,208,4243.735283
640.933154,134,4245.957764
1131.236906,230,4246.579633
1031.047802,194,4247.658689
1139.185357,239,4248.280442
898.296173,166,4248.700742
616.91638,115,4248.992932
804.264574,154,4249.387445
978.842565,206,4249.951962
746.654954,146,4250.912949
639.836218,116,4251.205422
494.177082,105,4251.470673
887.174386,185,4251.93591
389.009567,76,4252.121588
500.42439,94,4252.351415
548.580031,115,4252.646899
821.582593,164,4253.06895
677.257472,123,4255.107785
675.649777,129,4255.958242
802.520343,166,4256.375814
484.880649,95,4256.654037
766.182289,143,4257.046918
1263.443128,251,4257.677875
623.603499,120,4257.990781
561.867912,119,4258.299882
794.451801,156,4259.257217
501.278792,107,4259.533023
678.343674,132,4259.89006
1030.593262,198,4260.401449
621.612974,126,4260.729995
579.178926,116,4261.044041
855.392189,159,4261.466902
420.838454,81,4262.25693
811.551595,167,4262.706101
989.931518,188,4263.199559
1186.213978,222,4265.460868
1032.214414,194,4265.968333
737.517178,134,4266.306794
640.344558,126,4267.307102
832.548825,174,4267.757893
1161.455125,197,4268.257031
615.523917,124,4268.563593
569.572504,122,4268.875808
777.741384,148,4269.29181
678.932039,129,4269.68451
619.291186,120,4270.621763
702.158995,132,4270.955425
710.988115,141,4271.307963
1269.774016,244,4271.921194
637.710732,134,4272.258593
695.755821,148,4272.724963
659.597247,117,4274.494792
717.801772,145,4275.492369
849.751718,152,4275.906296
545.640629,120,4276.271105
618.854615,137,4276.619037
882.039756,166,4277.041293
755.301781,149,4277.422407
703.864705,139,4277.776005
777.444098,148,4278.842413
1202.360276,230,4279.457618
967.506971,183,4279.933899
988.824535,187,4280.420547
569.214967,120,4280.755584
1358.250901,272,4282.180984
777.934531,149,4282.576399
507.030871,118,4282.890232
873.774777,166,4285.094774
727.696704,165,4285.530205
753.560719,156,4285.967675
623.0304,122,4286.297024
781.168577,144,4287.320427
738.704461,162,4287.740902
730.269121,153,4288.125793
1074.145879,206,4288.636476
770.26799,150,4289.003144
555.448362,117,4289.319689
661.908728,127,4289.711377
1206.447091,241,4290.98639
1025.330787,186,4291.457312
723.661834,161,4291.857835
708.710465,133,4292.195393
713.052011,159,4294.097785
724.676378,141,4294.450423
791.111454,157,4295.505188
1207.721608,219,4296.07882
709.879802,135,4296.431973
660.435317,140,4296.795
567.799035,127,4297.123792
471.591581,109,4297.430584
829.377903,153,4297.837851
672.870964,135,4298.882238
836.737124,156,4299.290518
903.606003,164,4299.708791
761.812593,139,4300.062656
437.500511,87,4300.27979
1018.483802,184,4300.765
763.338215,150,4301.167606
544.388197,103,4302.113548
587.967908,109,4302.407501
848.428888,165,4304.417778
671.697939,129,4304.751762
962.033732,189,4305.236936
1220.228161,248,4305.89946
839.152941,153,4306.301172
1183.769397,213,4307.605881
1415.091911,270,4308.271595
488.539971,108,4308.54429
615.621066,121,4308.840328
732.745683,133,4309.179038
557.23392,111,4309.46871
1037.782956,192,4310.732321
516.590893,102,4310.98401
627.67816,120,4311.279969
669.461095,139,4311.630791
819.73863,162,4313.486368
848.043906,173,4313.934371
631.950363,122,4314.247081
644.910927,128,4315.218196
914.789035,180,4315.670408
966.552299,204,4316.195738
1137.806977,202,4316.710496
792.063252,161,4317.13428
1131.729895,229,4317.744123
911.566679,178,4318.861224
577.079377,110,4319.137738
590.700297,113,4319.427756
781.80095,155,4319.826363
824.258629,165,4320.244772
495.930438,99,4320.502898
996.496402,178,4320.975418
531.554341,123,4323.671389
709.397085,145,4324.066412
1222.337144,243,4324.683319
667.30981,135,4325.023481
1135.720475,234,4325.611175
911.195243,180,4326.097933
715.531499,149,4327.214283
670.354587,140,4327.553741
724.242562,154,4327.938713
816.537753,175,4328.393628
882.981508,160,4328.794494
952.214045,176,4329.250881
915.715803,180,4330.433353
878.676643,170,4330.86149
687.898687,148,4331.243455
967.120331,177,4333.353152
864.305937,163,4333.772898
1230.552553,221,4334.344653
672.602638,130,4335.360131
1590.34075,334,4336.233222
713.304814,126,4336.559317
756.266755,153,4336.962247
766.845983,141,4337.345417
603.18944,115,4337.656756
1012.590489,191,4338.846643
846.394643,155,4339.244837
650.703197,137,4339.605831
966.347943,177,4340.052089
709.605999,154,4340.464618
1079.683744,199,4341.013284
605.873021,123,4343.767842
718.339564,155,4344.159491
923.067574,174,4344.591139
651.04836,120,4344.8823
740.467591,137,4345.219876
673.423251,129,4345.550795
1013.374133,201,4346.07487
752.592593,146,4347.249171
815.223145,168,4347.676996
980.920516,198,4348.16373
836.028901,163,4348.572787
949.782445,179,4349.00709
766.321773,149,4349.40312
915.193218,177,4350.527177
802.802247,165,4350.952045
1146.915275,235,4353.117971
986.505806,179,4353.580281
775.379247,170,4354.033762
897.677228,172,4354.487401
829.926511,158,4355.545982
541.079755,106,4355.81749
797.983367,149,4356.203077
997.429941,196,4356.70181
350.586857,71,4356.888087
579.09392,111,4357.17899
571.952564,111,4357.480998
853.125055,155,4358.553004
768.996768,146,4358.925555
487.477847,95,4359.167602
663.461473,122,4359.472708
980.523488,177,4359.922356
615.676749,118,4360.265391
901.500721,177,4362.268397
906.907815,175,4362.739088
724.433466,157,4363.891705
700.305291,138,4364.236888
1609.343102,280,4364.938785
723.675571,154,4365.318576
729.644921,138,4365.661801
815.316453,161,4366.602856
533.798803,98,4366.86348
679.595345,133,4367.238415
1171.367328,229,4367.82312
862.935065,163,4368.232568
833.77237,172,4368.680481
611.800143,115,4368.972723
883.316433,168,4369.96745
820.310161,154,4370.35436
934.824684,182,4372.654188
711.045173,132,4372.991678
682.984795,139,4373.363193
786.172657,145,4373.747708
535.46848,100,4374.009737
560.902498,107,4374.296294
528.994854,98,4375.140443
779.948646,145,4375.510789
809.1477,154,4375.909317
965.538236,189,4376.399162
529.209658,98,4376.646326
573.754971,130,4376.994787
640.35186,125,4377.324543
895.062311,191,4378.336834
1084.819739,192,4378.801723
764.64404,139,4379.1519
532.050948,101,4379.423289
1022.465464,204,4381.533395
995.935444,188,4382.009996
1178.22025,220,4383.297366
813.555769,156,4383.711463
858.445425,181,4384.170012
801.46005,156,4384.553528
625.729011,135,4384.889396
708.900324,145,4385.262892
1167.57373,207,4386.483168
1360.68991,261,4387.150817
864.54502,175,4387.59735
607.637266,120,4387.903024
618.856233,120,4388.223089
1578.542902,295,4389.714561
876.803311,166,4391.816115
748.615243,160,4392.227592
614.064469,110,4392.516002
754.786266,146,4392.894634
581.722283,112,4393.194457
772.506141,134,4393.563527
689.294413,150,4393.99395
807.705928,172,4395.061043
727.692966,154,4395.440143
621.629866,136,4395.809751
819.056596,155,4396.254752
677.349719,127,4396.562143
651.098579,127,4396.878984
750.195479,137,4397.22175
1002.504559,193,4398.214789
621.683542,137,4398.562664
929.369038,190,4399.068606
583.513663,104,4399.358346
428.861531,85,4401.108292
490.839214,106,4401.391405
681.895514,146,4401.767783
931.142514,199,4402.99841
1108.09987,211,4403.541469
858.593408,165,4403.961287
568.916462,105,4404.234053
1273.908929,227,4404.81447
504.098877,96,4405.0733
1210.100275,237,4406.356582
1124.557651,238,4406.961755
852.688763,164,4407.395882
1030.389101,196,4407.897787
702.524974,132,4408.253917
1038.672638,196,4409.463173
845.267387,162,4411.409389
702.982952,131,4411.742677
387.095827,81,4411.950822
788.381063,147,4412.338625
643.594472,121,4412.654122
748.309012,148,4413.042703
749.212897,145,4413.416752
563.88183,113,4414.336193
576.169291,113,4414.637852
767.604057,144,4414.997092
722.222385,136,4415.33946
995.30286,187,4415.81936
872.798431,176,4416.316636
1253.105511,244,4417.574412
895.35192,181,4418.021343
706.781478,156,4418.405966
629.856089,114,4418.694876
930.25154,182,4420.560285
830.961392,160,4420.953006
680.437815,127,4421.276411
677.979173,135,4422.284519
519.958976,113,4422.57216
588.027224,115,4422.86366
824.167784,181,4423.334661
1073.164696,196,4423.838263
496.684369,101,4424.11241
619.068793,116,4424.425143
645.798902,126,4424.763866
747.664605,168,4425.810656
951.030901,180,4426.28172
1046.475751,203,4426.808475
648.566427,123,4427.128713
904.373766,182,4427.62065
782.316888,150,4429.778323
871.996444,170,4430.893621
832.18082,157,4431.297053
596.091604,114,4431.583725
874.025306,159,4431.977769
849.816014,154,4432.361622
1090.200395,201,4432.945623
932.34552,180,4434.025309
737.031972,148,4434.40812
612.071994,109,4434.684779
592.56431,110,4434.968117
540.615128,109,4435.246303
794.190406,166,4435.673119
858.569666,154,4436.106828
569.539581,111,4436.438203
708.5793,144,4437.367526
802.1363,141,4437.714006
581.489032,123,4439.428712
985.844871,187,4440.012381
660.815076,122,4440.324027
669.921965,129,4440.65061
629.686561,123,4440.962132
658.148433,129,4441.962512
1171.479461,212,4442.51422
1057.864529,202,4443.043337
695.798068,140,4443.401958
919.770674,172,4443.84928
500.871057,106,4444.149874
785.28267,155,4444.580373
636.007258,130,4445.586231
1187.640689,212,4446.137182
555.747816,103,4446.403546
1062.095562,202,4446.921373
820.093449,144,4447.292534
690.502447,149,4449.353746
966.760562,197,4450.450045
936.843896,191,4450.928478
779.17145,155,4451.326015
1044.596289,199,4451.837598
826.810789,164,4452.270378
912.950512,176,4452.734993
1070.594385,212,4453.938103
885.431547,171,4454.36
862.566965,179,4454.810854
866.819644,157,4455.197846
527.770043,99,4455.442758
1208.724923,227,4456.049813
610.921744,111,4456.917388
887.021197,168,4458.820256
819.180201,154,4459.21644
1001.00547,177,4459.683074
927.634098,188,4460.185454
813.511887,151,4460.583467
848.267056,159,4461.558754
707.928787,123,4461.86721
977.3136,188,4462.336476
949.952273,197,4462.838666
465.175579,94,4463.075981
540.635989,95,4463.317719
742.416821,146,4463.704038
846.89804,159,4464.717252
699.601884,132,4465.047492
1021.61829,192,4465.550592
667.038619,127,4465.87238
596.380463,111,4466.149581
825.147373,166,4468.236709
461.62412,105,4468.511008
566.323781,124,4468.840247
804.80135,147,4469.867387
505.845981,93,4470.097929
635.361987,123,4470.39923
593.516555,120,4470.734024
641.019004,119,4471.067031
618.019734,126,4471.386524
845.986626,176,4471.827575
1009.689702,194,4472.81518
542.563629,121,4473.128242
1278.649982,232,4473.707284
812.634539,155,4474.13036
1181.764601,257,4474.810937
813.694897,155,4475.192765
837.765011,156,4476.249452
739.101965,143,4478.075165
709.144567,149,4478.46174
752.526556,136,4478.81441
1297.240849,249,4479.461556
708.979271,127,4479.794557
713.28176,149,4480.770899
667.301226,140,4481.130038
638.481888,121,4481.438828
860.834911,186,4481.908691
600.010396,120,4482.218882
662.580188,123,4482.536591
850.177623,164,4482.974352
1069.175921,204,4484.077771
871.100243,163,4484.49174
1321.367249,238,4485.095403
588.018626,111,4486.974516
670.022837,126,4487.333029
1010.165265,191,4487.848267
785.361674,144,4488.693702
1411.11646,281,4489.382959
779.970581,145,4489.744606
546.521255,99,4489.98729
512.251061,99,4490.235427
594.766553,119,4490.57203
768.51977,148,4490.992207
672.410817,120,4491.293047
890.816672,170,4492.218248
740.485184,143,4492.580117
460.994975,92,4492.80887
685.088786,149,4493.17662
551.884283,102,4493.419582
537.492664,103,4493.685118
699.833093,137,4494.096186
1264.116868,238,4497.007557
627.714709,141,4497.369772
533.151892,99,4497.6155
1118.268528,209,4498.161565
627.197528,137,4498.523172
1194.452776,222,4499.126535
1066.53894,213,4500.378666
557.452653,128,4500.71489
1057.208145,211,4501.256701
582.508956,119,4501.562258
706.873186,149,4501.954693
688.68146,147,4502.354883
850.014245,156,4502.768741
827.578759,153,4503.850029
707.174989,157,4504.275091
675.130509,141,4504.637814
651.291015,124,4506.50704
760.726007,139,4506.926066
898.320478,182,4507.41925
1069.679029,201,4508.573818
577.225138,109,4508.851307
388.638841,91,4509.08073
670.868122,124,4509.395438
590.898958,111,4509.674513
1016.059789,185,4510.179581
857.986739,154,4510.587064
582.372085,118,4510.889102
527.58884,100,4511.820334
1536.619473,301,4512.572209
1410.909398,260,4513.249184
1026.292114,189,4513.751925
1389.84907,235,4516.180629
750.397748,147,4517.202703
739.991863,139,4517.566741
611.103877,120,4517.873947
475.794024,93,4518.117776
1862.506129,344,4519.026462
825.207063,154,4519.443981
1026.55377,189,4520.615988
926.565749,189,4521.109061
568.073973,108,4521.383048
723.842378,158,4521.79878
799.017006,143,4522.17836
672.801435,126,4522.497375
762.784693,167,4523.735596
972.541032,174,4524.175131
720.641383,149,4526.074502
836.387138,171,4526.569852
672.973764,128,4526.93524
760.301652,148,4527.300769
514.44478,103,4527.557479
682.004329,133,4528.533795
865.609748,169,4528.953049
843.995615,150,4529.336439
892.149,164,4529.764304
1158.68284,216,4530.360463
573.349731,113,4530.649731
532.898305,102,4530.910892
624.230009,119,4531.883749
810.850939,159,4532.291608
729.845026,137,4532.636007
770.605756,153,4533.033237
816.033885,147,4533.411158
693.192005,156,4533.836244
775.226438,156,4535.837704
588.190099,129,4536.813473
687.859295,125,4537.130917
738.267185,157,4537.529006
836.137297,162,4537.945527
538.898013,98,4538.203627
603.577066,114,4538.495285
530.664111,98,4538.747413
862.952786,167,4539.198147
982.92143,200,4540.355118
908.552092,180,4540.812109
913.242797,173,4541.241499
678.930659,135,4541.574326
1001.772412,191,4542.05838
1002.189983,200,4542.599465
819.43838,150,4543.719613
639.922306,129,4545.393005
928.903362,179,4545.867478
580.26203,111,4546.153996
716.99537,150,4546.565393
899.692733,197,4547.153284
762.612929,148,4548.19503
548.435825,121,4548.51571
969.305439,190,4549.017319
615.862311,122,4549.349032
573.266762,106,4549.627245
621.472062,120,4549.950083
879.570886,172,4550.425695
705.4181,127,4550.784328
801.325158,155,4551.869679
509.501548,104,4552.143543
816.574244,142,4552.503761
773.210318,148,4552.893357
595.141122,113,4553.196718
587.229005,131,4555.068043
723.90011,135,4555.43123
502.112208,91,4555.668148
1030.121192,200,4556.869967
996.878593,182,4557.35181
877.781506,159,4557.767667
1009.931688,192,4558.292557
563.945841,128,4558.622585
602.865217,120,4558.952347
697.091992,136,4560.116158
728.21858,134,4560.460285
851.741722,182,4560.932301
565.444183,115,4561.223912
655.695515,125,4561.543759
696.460171,134,4561.892201
728.976193,153,4562.300665
1116.070315,209,4563.631727
773.781564,138,4565.592414
810.606871,157,4566.071945
553.804218,108,4566.366347
998.424221,183,4566.834318
776.65137,138,4567.183571
1254.572633,231,4567.765984
735.418188,143,4568.787071
946.508365,176,4569.235637
551.602726,125,4569.568211
877.829064,170,4569.999186
602.703844,110,4570.282937
725.50981,141,4570.669645
785.099856,146,4571.072778
883.926374,168,4572.17222
534.038264,102,4572.442118
1213.020544,230,4573.036505
678.855548,129,4575.081933
649.74029,123,4575.387523
985.609887,183,4575.828517
745.14397,148,4576.829873
929.117213,175,4577.26017
915.027665,165,4577.69304
596.605349,137,4578.087035
725.574246,146,4578.47269
588.791227,122,4578.78422
696.112844,133,4579.125429
665.877844,127,4580.071241
556.369721,101,4580.322637
760.978435,164,4580.76109
642.659523,142,4581.163008
653.465735,121,4581.49656
718.541714,146,4581.861885
1035.84416,190,4582.330134
561.890406,113,4584.251582
839.207821,152,4585.224285
1001.30283,177,4585.679285
553.19299,126,4586.008457
660.732253,132,4586.352308
784.823402,145,4586.731091
1001.340543,200,4587.278637
585.171129,108,4587.566597
658.685788,124,4588.542429
658.347234,122,4588.846777
500.520487,115,4589.147351
844.813217,156,4589.54126
869.342415,157,4589.938896
483.646876,93,4590.186921
810.697236,154,4590.60573
918.185177,185,4591.765833
621.731227,140,4592.127852
744.133974,150,4592.506654
1057.249297,205,4594.53762
968.152615,187,4595.005436
731.167363,139,4595.366171
534.711229,101,4595.632266
779.673314,156,4596.774492
547.399356,126,4597.093946
1024.83201,201,4597.59816
871.417748,165,4598.017978
735.57106,135,4598.35371
416.527369,81,4598.57146
495.557154,106,4598.842737
470.912161,108,4599.802195
569.953441,115,4600.099786
689.585381,135,4600.444694
819.48507,153,4600.839476
842.826969,163,4601.260034
798.842827,163,4601.701748
827.201279,152,4603.721914
1062.241176,190,4604.861833
802.871919,144,4605.23708
630.899864,123,4605.551023
601.518341,126,4605.867895
651.136454,123,4606.176053
826.29638,156,4606.581333
676.35402,132,4606.934606
860.821301,177,4607.972133
976.528745,184,4608.44398
1041.511605,206,4609.042601
844.452468,168,4609.483014
649.336556,123,4609.797327
579.953107,119,4610.089389
430.992446,84,4610.303832
1108.605358,220,4611.388989
610.949873,123,4611.709882
898.790407,165,4613.904806
635.356561,115,4614.188723
547.689695,106,4614.472781
1244.826928,217,4615.03584
749.545116,140,4615.449774
1080.796292,204,4616.552072
402.239064,86,4616.772043
951.551724,176,4617.22059
788.250839,163,4617.646223
453.183119,100,4617.912482
436.930976,98,4618.186073
838.009657,165,4618.641152
1307.790291,230,4619.804451
814.158311,149,4620.182698
716.970155,139,4620.536363
812.447374,151,4620.942445
829.071711,156,4621.360281
679.766159,133,4623.471609
717.181123,131,4623.804955
1084.208934,208,4624.908027
666.781218,137,4625.255453
695.036304,142,4625.616818
750.369043,169,4626.055774
969.2307,181,4626.516183
1286.484947,247,4627.754239
743.175754,146,4628.121161
803.576467,157,4628.507638
451.858503,92,4628.734306
647.929744,131,4629.062677
882.206304,164,4629.480447
493.128558,113,4629.781137
710.946411,135,4630.196815
939.754236,194,4631.279279
656.155746,128,4633.475737
523.272395,112,4633.776631
663.241202,125,4634.112312
990.828651,190,4634.620871
596.36281,130,4634.967518
683.890871,138,4635.340597
734.5286,141,4636.280865
924.96903,176,4636.730816
811.236296,159,4637.14588
989.453494,179,4637.659914
683.850313,139,4638.08559
811.966792,176,4638.620799
647.749055,117,4639.540575
974.652224,200,4640.064691
640.906768,121,4640.393491
356.499459,72,4640.583974
860.770637,177,4641.058205
716.473574,131,4643.144945
583.232056,131,4643.511716
714.902582,139,4643.873501
670.297555,134,4644.782946
637.722507,123,4645.134453
740.59128,150,4645.572593
644.470502,124,4645.884189
471.249416,93,4646.122586
1022.072712,207,4646.663176
945.588732,182,4647.151649
729.379738,149,4648.106007
1015.099478,173,4648.610209
1066.806654,205,4649.185535
549.647353,118,4649.485176
812.455681,150,4649.883461
562.308312,129,4650.225675
497.962551,98,4650.47088
764.252618,145,4652.812714
634.249768,142,4653.199039
485.916893,90,4653.441671
610.91349,122,4653.774045
634.472673,117,4654.090823
817.796339,157,4654.520087
1244.307,230,4655.160877
931.559247,183,4656.313102
524.382177,121,4656.639956
520.537078,120,4656.958216
542.755945,103,4657.220002
822.535565,158,4657.641545
834.101267,156,4658.076089
864.851441,187,4658.606007
751.54255,153,4659.688858
917.179603,174,4660.13212
794.738543,156,4660.543063
813.001716,163,4662.628114
550.101817,110,4662.92793
1197.121319,226,4663.547569
590.854516,112,4664.489542
997.958432,190,4664.986918
709.261762,133,4665.365194
527.875486,116,4665.72055
1036.805401,213,4666.287469
734.177772,146,4666.667305
705.37669,132,4667.005258
837.743951,177,4668.025623
766.998734,146,4668.416513
890.640665,159,4668.842073
656.393509,144,4669.255679
794.019847,165,4669.723753
768.436493,149,4670.143378
978.276246,194,4673.215017
1006.299618,189,4673.711944
593.400883,118,4674.038621
674.100212,136,4674.408526
724.387386,133,4674.769099
932.997501,173,4675.242195
884.929198,159,4675.687533
548.329547,118,4676.727057
623.816712,134,4677.094475
658.442623,135,4677.450523
708.217388,134,4677.80551
575.240736,110,4678.09166
711.897321,154,4678.561659
653.565392,150,4678.975759
1003.220324,201,4680.042791
596.828923,133,4680.396117
827.327171,147,4680.771058
903.78576,187,4683.110539
836.930061,167,4683.582893
1118.209292,208,4684.167869
702.073154,149,4684.572015
623.872632,138,4685.667279
764.70875,146,4686.06765
602.290276,115,4686.358227
589.275864,131,4686.702557
681.558469,130,4687.050945
1320.486855,239,4687.701497
732.855804,138,4688.103521
913.09509,169,4689.231184
874.380437,169,4689.670726
736.748751,168,4690.127042
608.267133,117,4690.436356
783.478321,151,4690.857215
561.782249,112,4692.937377
1071.945976,202,4694.046714
699.389262,139,4694.421797
754.145658,165,4694.857016
528.513337,123,4695.180174
859.622113,166,4695.605934
841.006624,171,4696.063016
586.833472,115,4696.382631
803.579125,156,4697.357641
857.324743,189,4697.919466
534.695176,109,4698.218368
613.309913,128,4698.563652
648.109554,119,4698.868973
668.354674,135,4699.214306
831.585956,172,4699.665511
767.195304,153,4700.638166
693.383534,137,4700.995978
798.706821,149,4702.824422
654.732134,119,4703.123114
663.676783,147,4703.514624
637.440246,122,4703.854252
723.0236,129,4704.20366
971.387169,195,4705.368631
1286.720631,250,4706.033003
980.115301,194,4706.55372
1340.871655,255,4707.227103
913.952903,166,4707.681476
1262.876448,256,4708.964819
684.315373,133,4709.325046
569.561341,129,4709.670215
635.161559,119,4709.977269
730.487615,145,4710.363127
1129.452036,207,4712.719613
