#{"t_start": 1787586223.5891345, "env_id": "Humanoid-v5"}
r,l,t
105.818689,28,4.625318
89.15197,20,4.744994
99.661059,24,4.881842
70.871554,16,4.969212
95.131481,21,5.084956
77.722427,18,5.197424
109.522791,24,5.328265
89.929465,20,5.426829
152.040197,34,5.592581
80.955274,18,5.672915
83.962498,19,5.755634
76.405836,17,5.825804
66.451636,16,5.892184
86.639999,19,5.967245
80.788122,18,6.037113
123.939306,27,6.134625
76.124636,17,6.19513
178.372615,39,6.333552
89.069328,20,6.39743
80.082554,18,6.452507
80.76916,18,6.507844
106.766219,25,6.581462
71.10125,16,6.627451
76.476194,17,6.673118
91.314794,20,6.724698
87.053698,21,6.778205
86.627506,19,6.826533
135.950464,30,6.897518
76.473565,17,6.936649
81.106734,18,6.97707
89.191348,20,7.022458
71.202442,16,7.058946
158.177757,35,7.136288
101.5187,22,7.182519
85.797896,19,7.220668
76.067817,17,7.254759
152.48109,35,7.324907
71.595604,17,7.358158
79.55332,18,7.39361
87.490382,21,7.433188
76.380628,17,7.464069
125.08045,28,7.514156
113.148524,26,7.561568
75.693776,17,7.594691
92.379441,20,7.631182
74.122596,17,7.662048
74.945291,17,7.69234
80.179262,18,7.722599
119.493162,25,8.505759
81.197135,18,8.535367
165.637729,35,8.596676
70.097256,16,8.624825
75.795699,17,8.65455
127.558758,32,8.711084
114.26267,24,8.753906
70.541481,16,8.784119
116.965217,26,8.830944
76.325494,17,8.860969
80.315988,18,8.893364
76.399466,17,8.923651
169.988488,41,9.001499
120.724126,28,9.052214
133.350817,30,9.10463
109.095872,24,9.145683
78.932203,18,9.17738
125.643542,26,9.22348
179.74362,41,9.301269
144.221375,32,9.36266
131.373254,29,9.418737
62.28597,15,9.443204
108.659229,24,9.485107
83.942298,19,9.518244
76.601782,17,9.547955
126.934056,30,9.603766
72.233603,18,9.638234
91.099181,20,9.676167
115.685352,26,9.725498
123.654755,26,9.776075
76.024304,17,9.808991
135.079505,30,9.860648
79.435435,18,9.891017
75.860963,17,9.919931
102.096358,23,9.962516
85.499643,19,9.998293
98.558445,23,10.043866
75.220053,17,10.076418
119.656824,27,10.121832
76.367524,17,10.151325
105.689467,24,10.192563
102.471972,23,10.233301
81.329516,18,10.265985
74.856281,17,10.299221
119.165625,27,10.863458
97.926237,23,10.907844
160.626797,36,10.977352
81.781433,18,11.011824
113.913677,27,11.062883
85.771193,19,11.098162
76.535763,17,11.129395
108.685542,24,11.174958
97.902975,22,11.215024
121.587993,26,11.266066
80.725925,18,11.304749
117.521018,26,11.361891
80.803832,18,11.40183
91.958978,20,11.442154
109.597151,23,11.487552
109.137929,24,11.528993
193.337995,44,11.615138
76.559166,17,11.650615
127.895673,27,11.706592
85.417552,19,12.331244
116.313414,26,12.382246
85.486769,19,12.42038
76.189692,17,12.460125
88.930039,20,12.506701
122.822227,26,12.555562
104.385764,24,12.600912
82.749598,18,12.634136
76.240867,17,12.664759
76.172728,17,12.696009
74.878751,17,12.728423
109.554385,27,12.787399
78.549065,18,12.826511
104.638057,24,12.875875
92.909705,20,12.919816
81.65791,19,12.958508
76.075202,17,12.987388
71.04429,16,13.014471
107.18345,24,13.055744
131.417741,29,13.107692
128.587882,31,13.164538
86.992812,19,13.200181
95.176347,22,13.240675
81.150207,18,13.272012
76.259211,17,13.300279
110.290546,24,13.341637
147.770786,33,13.401394
71.575313,16,13.867993
122.731254,26,13.911999
81.698372,18,13.943527
98.340399,26,13.987577
85.530926,19,14.021738
106.720521,23,14.06443
79.984399,18,14.100783
260.691089,58,14.235801
81.356287,19,14.273279
127.063438,30,14.327564
80.992089,18,14.362432
71.315382,16,14.391772
140.014146,33,14.452872
117.148315,26,14.500874
71.758229,18,14.535311
119.341288,27,14.588283
95.128877,21,14.629005
94.10402,20,14.668293
152.272489,33,14.75238
103.288363,23,14.805655
150.942088,34,14.879069
76.479194,17,14.916918
77.245194,18,14.95468
75.716715,17,14.987345
96.18356,21,15.02567
135.419441,32,15.084777
81.162758,20,15.122331
76.316538,17,15.153887
82.951645,19,15.191123
80.926548,18,15.223743
183.421546,40,15.306564
81.192296,18,15.349975
130.262453,28,15.401652
99.588614,22,15.439776
101.161342,22,15.478923
76.584851,17,15.508145
105.519377,23,15.547152
125.020888,31,15.602999
121.020954,26,15.652137
132.467671,29,15.706259
70.234517,16,15.735976
206.626331,48,15.821286
86.475434,20,16.360195
81.055656,18,16.393959
97.311251,23,16.438144
92.202881,20,16.475754
84.513641,19,16.51326
141.45707,33,16.5987
84.885388,19,16.639422
118.256909,26,16.685823
75.822026,17,16.714435
106.289375,25,16.757675
108.192978,23,16.796906
175.561635,40,16.869195
167.22343,36,16.932654
93.625639,21,16.970481
213.380863,48,17.058609
121.132162,26,17.104077
87.848673,20,17.138736
71.457646,16,17.166828
80.046379,18,17.19777
121.005415,26,17.242427
81.495355,18,17.272826
81.033507,18,17.304899
88.910281,20,17.339171
109.957873,25,17.384067
180.827382,40,17.455136
108.763243,24,17.49658
117.625915,26,17.545394
94.92982,21,17.586319
76.436976,18,17.620288
81.262381,18,17.655642
178.871872,42,17.734933
104.976524,23,17.773921
92.604748,22,17.811032
108.07582,23,17.851252
96.160307,21,17.888078
200.573021,42,17.965655
157.387511,38,18.762461
125.556949,30,18.818969
121.548338,28,18.869536
145.632383,34,18.931115
82.934556,18,19.431859
150.714951,32,19.489031
131.04896,30,19.54469
95.362834,21,19.584237
87.230384,19,19.61976
113.075762,25,19.66747
147.105173,31,19.726693
131.491069,30,19.78032
147.285279,32,19.83743
78.494098,18,19.869362
94.18777,21,19.907992
80.096665,18,19.941021
107.775105,23,19.984141
75.699359,17,20.015069
175.348979,39,20.08913
106.787877,23,20.128814
107.829656,23,20.170549
76.379664,17,20.204013
126.868839,27,20.254536
86.534403,19,20.291864
71.295552,16,20.321889
207.544531,43,20.402961
75.192212,17,20.4335
89.238899,20,20.470923
132.996767,30,20.525399
187.717985,40,20.595727
135.260109,32,20.653408
248.76351,55,20.758212
203.781282,43,20.84776
184.778829,40,20.919382
71.433359,16,20.946985
131.650548,30,20.999799
74.407427,17,21.030351
106.544385,24,21.079278
76.398867,17,21.110934
189.060785,42,21.197755
85.806253,19,21.23545
143.008286,33,21.294771
197.689073,47,21.829606
79.802327,18,21.861979
192.356194,41,21.938271
82.663771,19,21.974847
159.152743,33,22.034298
198.347446,43,22.112411
98.918194,22,22.152137
160.097269,35,22.217596
243.514975,55,22.320685
154.797568,38,22.395875
75.695028,17,22.427391
75.408785,17,22.459559
81.501705,18,22.491095
92.360407,21,22.527676
170.832854,38,22.59562
226.884977,49,22.686774
132.762878,28,22.739626
83.716106,19,22.774996
131.150931,29,22.838383
219.968674,49,22.936811
116.837184,26,22.982939
71.253954,16,23.010262
155.916649,34,23.069877
97.093233,21,23.108688
87.08203,19,23.14361
176.345496,38,23.226937
118.648223,26,23.285308
104.531728,23,23.326909
95.36137,21,23.365611
167.655119,36,23.429204
71.636413,16,23.456184
85.836993,19,23.49073
85.831768,19,23.529391
66.01856,15,23.561334
166.574451,34,23.638782
158.800485,36,23.707953
135.879052,32,24.348318
260.564758,54,24.465087
154.399889,34,24.527766
86.209717,19,24.561199
82.501335,19,24.595782
144.90879,32,24.655469
178.96988,38,24.726402
116.285464,26,24.78189
122.728301,30,24.85159
185.90628,38,24.921471
115.806818,25,25.571314
188.688453,39,25.645231
159.772638,35,25.707848
99.543226,22,25.747613
122.700233,27,25.797983
160.118355,35,25.865824
135.941746,29,25.922614
147.722466,31,25.982038
83.526671,19,26.016623
122.181363,28,26.065798
120.751418,28,26.116391
127.309219,28,26.169068
99.806223,22,26.210433
93.926033,21,26.251604
146.945568,32,26.313412
169.510444,38,26.382535
106.455228,23,26.423235
105.84443,25,26.467376
208.098032,44,26.549993
144.475157,31,26.612088
124.493844,27,26.664587
131.328539,29,26.719817
210.319819,44,26.799519
171.957119,36,27.400504
107.153827,24,27.445009
134.106252,30,27.500642
86.529668,19,27.53435
175.721499,36,27.600706
228.138278,49,27.690053
94.931533,21,27.728422
93.674736,21,27.767847
277.229445,56,27.878728
96.279226,21,27.919837
134.498311,32,27.979001
180.874782,39,28.051719
111.28775,24,28.093197
115.106176,25,28.138775
189.802746,38,28.207612
141.710569,31,28.263722
101.460304,22,28.307021
117.535372,26,28.355587
266.686196,54,28.46443
174.484529,40,28.5413
129.500297,27,28.591084
81.386117,18,28.624402
162.953926,37,28.693612
287.894869,67,28.818717
98.763767,22,28.860223
79.961842,18,28.892585
252.282091,52,28.996984
166.094204,37,29.070585
327.166101,69,29.206517
95.176969,21,29.243632
117.896091,25,29.288618
185.574685,42,29.929171
323.046374,71,30.071576
127.056601,28,30.130913
233.625852,47,30.248824
99.678954,22,30.296671
210.774723,45,30.382182
213.130932,48,30.472149
215.923846,46,30.559275
160.917012,34,30.623097
172.277822,36,30.690862
205.653769,45,30.780896
235.146455,48,30.890707
130.128071,29,30.954824
379.842959,81,31.130718
151.678652,34,31.196898
178.629687,38,31.266426
194.365561,44,31.348537
134.500389,29,31.404065
159.045969,34,32.002649
170.850342,37,32.074064
98.387025,22,32.119698
138.326896,30,32.182388
93.793794,20,32.23197
157.803632,33,32.307297
182.668217,40,32.387007
71.217068,16,32.415803
214.545012,47,33.033972
187.240339,39,33.119294
301.959248,64,33.260761
203.644563,47,33.348769
244.97702,56,33.461945
173.783379,35,33.529202
400.951736,80,33.686061
304.445189,61,33.803044
288.210193,60,33.927016
152.865575,37,33.996904
160.507608,36,34.062831
178.875323,37,34.132372
215.922292,49,34.234187
249.805405,53,34.339937
219.130038,53,34.439901
233.770676,48,34.528271
274.371352,56,34.632818
95.726843,21,34.670461
212.289449,46,34.755991
93.617584,21,34.794535
238.519596,52,34.89245
91.08864,21,34.931135
82.350308,18,34.963789
347.553467,71,35.641209
205.41096,46,35.727187
192.173039,40,35.802045
312.140134,65,35.92522
182.735918,38,35.995509
199.798031,43,36.076064
416.562566,82,36.231707
246.959544,57,36.340077
259.57208,52,36.440829
290.25707,59,36.552163
134.484253,29,36.606262
244.96588,49,36.69787
177.505283,37,36.767656
126.159663,29,36.823401
171.329105,39,36.89633
219.956035,49,36.98689
338.678193,75,37.129173
142.314107,31,37.189156
310.089825,62,37.307082
198.742317,41,37.387109
148.951316,34,37.457931
334.030679,76,38.138553
178.978618,41,38.216885
225.731515,49,38.310421
275.63692,58,38.425337
338.995349,67,39.041428
247.387378,54,39.144852
183.884716,42,39.225701
279.375139,61,39.342246
194.171083,43,39.423366
308.369198,65,39.54419
300.778965,63,39.665152
187.990665,40,39.740692
323.428613,66,39.867607
179.732973,39,39.939934
158.933234,33,40.002707
135.384078,30,40.059694
368.438421,77,40.20876
204.926834,42,40.291097
215.771085,49,40.389718
366.11164,71,41.105826
372.866042,76,41.279554
115.093939,25,41.326058
471.566788,102,41.560957
269.171099,53,41.670189
222.52246,45,41.774205
128.725459,27,41.826909
282.765705,61,41.945311
213.884499,45,42.040089
162.757089,35,42.112968
364.288583,73,42.268702
162.761011,36,42.347939
315.430615,63,42.526914
313.733947,64,42.677971
137.630428,29,42.735812
270.27293,58,42.849324
185.396031,40,42.924486
209.185961,48,43.022748
164.40222,35,43.105195
128.458549,27,43.191215
419.252982,83,43.948252
309.03362,64,44.073699
313.048942,64,44.208792
295.055116,68,44.367691
252.452742,52,44.477106
219.898219,47,44.58279
263.324161,56,44.714411
235.196667,52,44.817689
275.513259,54,44.930897
200.424849,41,45.017383
164.977961,35,45.084191
331.603471,73,45.232166
144.013661,31,45.289958
302.566063,64,45.876369
322.173961,63,45.997082
382.33141,74,46.14244
191.927614,43,46.227908
95.578611,21,46.267351
154.824545,37,46.339675
265.618732,57,46.459368
212.491265,46,47.172528
261.859935,53,47.308511
158.649225,35,47.388921
202.963947,42,47.478203
240.066751,47,47.570186
268.195354,54,47.675149
258.33553,57,47.790696
200.790657,42,47.877335
255.595134,51,47.983254
199.073362,41,48.067495
456.335347,88,48.24775
243.334214,57,48.3725
190.817704,41,48.454807
288.352653,62,48.580784
181.66122,40,48.663847
425.636829,93,48.855081
359.799698,73,49.018935
202.902696,42,49.112758
318.96635,65,49.251873
278.364175,57,49.923145
227.151482,47,50.01677
294.678216,58,50.132602
329.999729,68,50.270482
467.118476,99,50.459007
259.972718,55,50.566797
285.328883,65,50.693577
317.530509,67,50.821033
231.950229,48,50.914207
284.937349,57,51.021851
205.793316,42,51.102752
318.601021,72,51.247739
387.626648,75,51.392553
250.657079,53,51.491757
362.394125,71,51.629961
93.452266,22,51.670961
384.277798,84,52.340261
122.269428,27,52.391037
270.57416,62,52.958517
264.207017,53,53.062485
331.610493,64,53.187745
399.742874,79,53.340267
258.05473,53,53.441858
422.84165,91,53.617348
214.956009,51,53.715215
347.58679,67,53.846476
286.158283,59,53.964403
255.647797,55,54.069302
357.279609,69,54.204841
201.651172,42,54.289412
240.824514,61,54.407976
395.357863,75,54.555753
330.296041,66,54.684082
301.084918,59,55.327296
256.692216,52,55.427358
340.683986,67,55.56155
232.425319,47,55.653785
247.127049,50,55.751126
240.872772,53,55.855445
244.864767,51,55.953923
306.196169,62,56.075411
228.368399,48,56.169177
244.492169,48,56.263452
385.549114,85,56.433449
289.306196,58,56.547174
377.398945,83,56.709929
221.999552,47,56.800629
260.492771,54,56.90512
232.146928,48,56.999699
294.102423,70,57.13625
259.317795,58,57.249732
286.202611,56,57.892519
418.121364,84,58.058927
416.223581,81,58.220019
407.913497,80,58.374421
271.681022,57,58.485783
119.554952,25,58.531859
279.009145,56,58.642432
380.49215,77,58.793591
269.146717,54,59.362727
264.068404,53,59.466002
363.241891,71,59.609097
316.119062,63,59.733636
213.053627,45,59.81914
437.758778,97,60.007911
390.38755,75,60.157171
286.507346,56,60.2674
263.445301,52,60.894598
290.684276,60,61.010231
381.821693,77,61.160502
359.996169,77,61.309457
303.607956,65,61.435591
318.609201,64,61.561705
310.34551,62,61.684395
260.765564,52,61.787799
393.26036,86,61.958312
242.014797,54,62.063806
444.226991,86,62.233565
297.412897,72,62.376684
297.15042,60,62.492302
250.99251,53,62.596237
312.957904,62,62.718418
247.393491,56,62.826892
303.454317,62,63.48399
303.856744,59,63.604222
168.096364,36,63.675036
437.802579,87,63.84615
298.585887,59,63.962269
318.042519,70,64.099851
348.772375,82,64.262779
331.334439,66,64.390254
237.196111,48,64.483884
129.734499,28,64.538457
317.819749,62,64.656548
476.025133,95,64.842033
374.662277,82,65.004472
252.773805,50,65.098814
212.939361,46,65.188998
271.050737,54,65.292731
265.008135,59,66.415832
432.47405,86,66.589271
483.516668,100,66.789295
298.717929,60,66.907874
292.683088,57,67.020187
272.655953,65,67.147138
326.822601,65,67.276088
420.376427,98,67.470322
295.74462,61,67.590641
176.849264,37,67.661021
296.314312,58,67.774472
417.651434,80,67.931437
443.103412,92,68.115883
372.292943,71,68.261162
312.677153,62,68.38452
279.602668,59,69.0288
310.778261,70,69.168036
297.44569,58,69.284563
260.600575,54,69.392307
246.947985,51,69.491233
255.127981,54,69.596156
276.364326,52,69.698878
293.562376,60,69.817497
329.613147,63,69.941906
474.768676,92,70.129221
314.232519,64,70.257802
348.24909,69,70.397209
261.408711,58,70.513433
295.029557,58,70.629451
348.683883,79,70.790346
331.223626,67,70.921886
369.608828,72,71.51401
391.336877,81,71.673535
392.431902,81,71.835334
325.03639,74,71.985905
251.689798,51,72.08726
268.360532,61,72.208903
357.736107,69,72.843335
370.582175,72,72.990202
339.82712,67,73.128631
341.617389,68,73.263615
331.678044,63,73.390876
493.319784,100,73.589154
382.677517,76,73.738561
560.922393,111,73.963928
427.853778,88,74.549261
250.187108,54,74.660999
433.329997,84,74.836946
485.139621,101,75.04379
506.391997,109,75.264442
329.909527,66,75.396698
412.857602,83,75.567474
321.487799,67,75.704995
299.569293,60,75.824779
291.066042,64,75.955219
220.372372,50,76.0549
280.672617,61,76.176682
272.405723,54,76.287854
253.239299,52,76.396219
495.684007,96,77.118129
311.015029,73,77.267677
442.25039,86,77.440382
288.5904,57,77.555512
307.238892,60,77.675883
406.14823,83,77.84388
367.256062,74,77.990998
272.168344,53,78.09811
479.914328,98,78.298098
323.115739,64,78.427692
308.103429,61,78.551195
299.966783,73,78.697086
284.677879,58,79.333654
408.960979,83,79.50334
332.958429,66,80.185448
354.951961,72,80.335871
327.011154,62,80.460933
502.73397,103,80.673009
250.966676,56,80.78508
224.095731,49,80.88636
377.132971,77,81.038953
381.308077,75,81.189662
270.139649,56,81.302924
232.063783,50,81.400738
392.507441,77,81.556846
282.412754,55,81.668958
356.728246,71,81.810704
306.603697,61,81.933699
176.303355,39,82.012911
331.476014,64,82.143934
437.070945,89,82.859872
293.208708,60,82.983771
305.414518,59,83.103271
371.454871,73,83.257679
288.014982,69,83.404718
293.433059,57,83.52784
347.758413,82,83.703728
208.420837,43,83.791407
246.943254,56,83.90267
280.818169,57,84.018289
297.428616,60,84.138209
309.00664,61,84.263334
397.052472,78,84.424913
475.69471,94,84.614366
374.096074,85,84.790547
242.31556,58,85.447812
539.62832,116,85.683532
372.518322,76,85.833514
294.574617,58,85.95383
420.667352,96,86.715466
345.838183,65,86.844358
391.149271,77,86.997651
139.01386,32,87.059654
296.288765,64,87.188153
358.520103,80,87.345078
351.105334,72,87.489584
422.434074,84,87.66037
418.947817,84,87.828359
303.134129,61,87.950573
390.062076,80,88.652897
238.683579,51,88.756494
312.372035,63,88.884626
358.02654,69,89.024136
209.072049,53,89.127186
307.843021,62,89.254379
282.266352,68,89.391863
388.107624,80,89.554396
386.594657,74,89.702758
338.642459,69,89.842399
366.093354,71,89.985333
309.885706,62,90.112715
367.932342,79,90.274507
306.969832,64,90.401746
291.230491,68,90.538296
353.586446,71,91.220727
302.012846,60,91.344745
314.78596,62,91.469892
401.121576,87,91.644117
264.40531,54,91.755052
500.461667,101,91.956718
300.438281,60,92.078133
415.273562,86,92.25372
348.604391,70,92.396924
473.483473,97,92.598652
387.578046,76,93.298186
352.130237,73,93.447336
389.594048,76,93.598536
488.922308,96,93.788614
365.366375,75,94.466261
575.20406,116,94.705423
353.49626,69,94.847333
415.026059,95,95.037496
414.290813,82,95.206656
351.115589,81,95.369428
280.126851,56,95.48416
373.004405,72,95.63002
380.196798,78,95.789151
375.677321,79,95.945724
346.21459,69,96.087096
399.349954,89,96.269589
401.212195,78,96.975666
349.015087,81,97.139133
251.118832,52,97.246001
168.425615,39,97.324065
272.164037,60,97.445018
307.599103,63,97.575172
278.230332,56,97.691614
335.674936,73,97.838829
331.806643,66,97.972737
214.117492,46,98.063745
264.613321,60,98.186768
398.467115,79,98.344319
334.514255,66,98.474417
289.901418,69,98.61233
545.397021,113,98.848058
504.948363,99,99.595534
333.40286,66,99.726328
292.26641,57,99.84083
298.751679,69,100.587047
287.650907,58,100.702907
423.847899,87,100.877428
442.273132,84,101.052414
411.765243,93,101.239932
320.524235,64,101.368779
336.206562,69,101.506701
550.535869,112,101.738251
357.883496,73,101.888372
522.603341,102,102.095864
377.906421,77,102.251527
318.97806,65,102.911825
272.126221,55,103.022606
441.209812,95,103.21277
397.522717,77,103.36742
411.849551,81,103.529643
335.584428,69,103.666821
395.657341,79,103.827312
268.631029,55,103.937552
375.399791,78,104.097131
503.565557,113,104.326877
337.889038,70,104.46776
309.307152,63,104.593498
401.767667,80,104.756881
414.612312,87,105.446492
290.498338,72,105.591115
267.554639,59,105.707136
372.661221,73,105.856665
441.271295,99,106.056734
259.799177,59,106.177275
363.467301,71,106.318089
416.338025,83,106.485745
333.651587,67,106.622712
253.075885,54,107.349143
390.119932,88,107.524926
449.467211,88,107.700961
239.551961,51,107.801605
578.541431,113,108.030801
313.156389,61,108.690345
428.52216,92,108.880009
330.482079,71,109.025335
285.158414,58,109.150134
389.631627,88,109.331797
351.404637,71,109.48078
342.435986,68,109.619078
282.625952,57,109.737017
420.546649,85,109.91366
331.538508,63,110.045733
322.362374,63,110.174824
356.933059,70,110.318907
355.615513,75,110.472952
233.178823,59,110.591464
350.395566,76,111.301605
527.277486,106,111.519906
335.8269,67,111.657154
399.233378,88,111.835913
407.73029,98,112.0358
382.953345,78,112.192647
214.199642,49,112.294677
298.994177,59,112.41527
270.579892,54,112.526933
329.201942,83,112.695402
370.260124,83,112.862676
393.280304,77,113.016495
383.540728,89,113.195797
268.64025,59,113.311969
337.423265,77,114.579
358.768361,71,114.724954
460.738882,90,114.906466
375.583487,81,115.067235
289.275302,56,115.183062
516.054807,101,115.38845
707.621647,147,115.690542
295.597528,66,115.823582
415.728486,81,115.989408
400.504822,81,116.152591
275.195944,58,116.269811
462.62147,91,116.455108
381.880586,72,117.113703
441.603206,83,117.281253
388.695375,85,117.45463
336.094905,68,117.593667
265.002569,52,117.698964
394.252894,78,117.855701
293.96278,59,117.976701
420.612004,83,118.14567
471.038231,89,118.326539
522.441882,114,118.56069
306.433585,61,118.682736
408.999061,80,118.847731
402.828094,78,119.004794
266.630344,53,119.636976
332.779752,69,119.775825
363.506034,76,119.931045
400.653471,85,120.10248
376.550916,72,120.252259
426.728167,87,120.42877
371.496327,77,120.586451
423.290201,97,121.434854
573.77743,120,121.684661
469.076091,97,121.88594
397.004372,78,122.043547
354.596996,72,122.190622
420.46283,83,122.359666
265.37384,64,123.024838
428.289141,87,123.206369
349.431599,68,123.346999
322.430605,64,123.479596
353.461458,83,123.651668
448.460956,93,123.843819
440.773537,100,124.045566
402.430396,82,124.214312
562.623212,119,124.460394
371.338363,74,124.610041
334.896519,67,124.744618
374.903582,72,124.889973
204.226315,45,124.98039
343.965207,83,125.660578
340.561687,70,125.808109
356.343033,69,125.950032
334.347683,66,126.083803
325.124614,67,126.219265
228.820271,54,126.328354
454.401802,94,126.519511
361.387479,82,126.683439
375.646942,77,126.838496
319.934607,73,126.986924
342.665555,71,127.132279
337.94575,68,127.267329
332.016294,66,127.398781
384.322986,90,128.220812
606.238155,129,129.020726
469.947462,93,129.214175
356.634052,85,129.388613
350.476833,74,129.539638
304.917341,70,129.680643
395.664796,77,129.836527
386.92617,89,130.019728
341.578267,78,130.179107
390.335907,78,130.33661
438.226012,87,130.517192
367.806489,74,130.669587
316.510932,61,130.795114
331.947502,67,131.456139
418.585248,83,131.62626
402.924936,80,131.79167
392.660376,77,131.945391
407.033025,83,132.111365
279.661974,58,132.231704
228.262453,53,132.339387
319.1753,75,132.490037
473.329422,93,132.682132
500.649045,106,132.896636
362.429899,73,133.044282
265.680447,63,133.169946
322.168595,65,133.302224
467.750305,94,134.021369
374.466845,79,134.179084
316.183256,65,134.313659
315.41637,62,134.439034
324.763757,65,134.575046
325.114781,64,134.704157
371.279681,74,135.48328
441.490044,95,135.676676
354.156918,68,135.818963
352.11701,74,135.973426
459.217404,108,136.196224
593.792309,125,136.454092
441.883569,88,136.634516
256.975079,57,137.28074
341.051271,68,137.420326
422.796337,89,137.606505
449.777315,88,137.790321
429.058624,85,137.966739
254.341725,51,138.069742
426.670452,97,138.26742
344.582152,76,138.421194
321.618154,71,138.564925
331.999745,63,138.69077
339.472133,79,138.851181
416.675222,81,139.014564
427.598686,83,139.184572
351.696097,71,139.338437
262.664813,53,139.963189
339.390158,67,140.099702
282.041569,61,140.226035
303.320379,72,140.372926
457.724077,100,140.576224
470.764354,96,140.770817
344.671368,68,140.909458
576.277817,122,141.162848
507.062368,102,141.376568
446.162565,86,141.555998
389.2144,78,142.33702
356.605501,80,142.498629
423.016703,83,143.180814
262.512884,53,143.294041
289.522443,68,143.433628
309.349401,73,143.583641
345.467694,68,143.722423
500.065522,100,143.924864
455.634943,89,144.110497
273.375361,64,144.244389
439.442042,85,144.418163
406.023921,79,144.58226
447.48075,90,144.768246
322.726608,72,144.915925
427.192355,85,145.083959
334.469186,66,145.215839
309.440673,71,145.890412
353.863043,81,146.057035
495.787286,109,146.287545
457.859037,90,146.473242
342.007912,67,146.604833
219.096311,47,146.698959
598.14418,120,146.944794
435.433719,92,147.133807
469.558995,97,147.334751
440.251618,87,147.513471
440.855916,88,147.694897
225.872303,55,147.807452
280.530831,64,148.476332
395.510406,77,148.635629
463.75496,96,148.833954
467.407739,93,149.680804
468.372751,94,149.875448
363.072988,70,150.021948
332.853263,67,150.16105
270.761253,55,150.27668
362.69791,81,150.443872
380.839701,74,150.600476
364.785026,74,150.752432
369.365688,75,150.907392
316.939558,61,151.036355
502.688282,113,151.78607
374.320025,82,151.953811
368.831283,77,152.113911
605.541676,128,152.379316
323.552884,78,152.544255
396.955001,79,152.710597
409.197185,81,152.877649
367.491622,88,153.0604
255.068056,54,153.170998
328.417341,65,153.303865
367.917361,82,153.472548
466.959463,93,153.665918
314.978991,64,153.797022
431.318133,84,154.471751
442.365165,96,154.669913
522.968857,104,154.88567
412.710871,80,155.052395
489.363629,101,155.259848
441.923539,92,155.450372
424.053475,93,155.637507
388.273538,75,155.793857
460.267304,93,156.666841
320.99634,74,156.817036
485.955747,96,157.014217
303.348073,71,157.667473
175.429546,38,157.748459
362.542309,84,157.921034
388.388025,75,158.077315
256.738401,53,158.187643
435.31467,84,158.357407
384.576461,85,158.533921
439.727533,85,158.711972
335.682882,76,158.867699
333.957341,66,159.001998
389.17396,77,159.158685
307.964575,62,159.288347
450.251241,88,159.468347
308.34354,65,159.600992
476.879968,105,160.325363
555.575788,112,160.557387
476.658385,92,160.746822
250.0383,62,160.890459
328.590448,63,161.025823
312.133889,61,161.156087
352.471516,70,161.301865
351.650488,72,161.446129
390.399719,75,161.60225
279.7246,61,161.725127
379.403623,89,161.906429
371.626297,70,162.048696
422.296503,85,162.223453
350.679614,68,162.885606
501.312224,98,163.088993
573.651216,129,164.148284
599.305787,120,164.397877
325.775235,68,164.540132
327.184634,76,164.696065
289.741105,67,164.833487
364.110367,70,164.973343
376.132784,78,165.131504
551.139783,123,165.387144
361.709429,81,165.552206
349.051235,83,165.721933
463.809253,94,166.330069
404.647568,90,166.522203
291.121752,69,166.662832
322.47105,66,166.800058
526.922798,118,167.078544
312.342074,74,167.238877
435.602722,95,167.437419
534.503789,103,167.655105
375.933228,72,167.803734
403.75147,78,167.968328
284.660848,65,168.101024
384.77751,79,168.262701
370.095777,75,168.832154
333.806259,67,168.968392
327.779983,74,169.122431
418.0934,81,169.290532
369.418166,71,169.440079
336.660813,80,169.605438
329.756419,65,169.744514
402.671238,77,169.904657
466.047378,92,170.958461
417.056559,92,171.148341
335.35824,66,171.296208
411.749177,95,171.492135
438.792796,86,171.670055
370.78512,73,172.235138
368.756597,73,172.387769
399.485954,75,172.544825
375.867132,73,172.696304
322.501417,64,172.829807
374.202746,75,172.98436
407.082756,79,173.145668
374.813783,87,173.326794
311.662456,72,173.472287
453.031004,91,173.667165
465.653862,104,173.881857
217.75342,50,173.984261
318.317869,66,174.122473
351.902739,68,174.26615
384.525149,84,174.859244
377.918729,86,175.040304
347.603798,73,175.19494
388.968851,77,175.355907
342.247431,70,175.500747
642.324272,138,175.789447
399.882088,89,175.974838
274.244287,58,176.093561
296.397501,68,176.235444
403.503774,81,176.400956
446.926175,85,176.576219
650.184333,132,176.854362
337.613161,68,178.269539
383.285415,75,178.42732
351.765891,84,178.601573
514.753721,100,178.804566
296.182641,58,178.925178
347.997171,67,179.065039
405.338413,80,179.228995
388.80141,76,179.387185
228.694837,50,179.488793
380.429996,84,179.659845
352.499174,69,179.800295
445.672486,90,179.985677
492.83974,97,180.188259
421.679,94,180.786942
316.013459,75,180.946662
337.906378,66,181.084368
509.01682,114,181.322932
490.328546,110,181.552108
231.670117,52,181.659784
266.532752,55,181.779185
384.243417,77,181.938244
426.605664,82,182.110115
295.457316,62,182.234794
345.380531,68,182.37497
249.468578,59,182.495208
337.981786,65,182.630834
215.675709,51,182.735123
317.884868,62,183.380537
531.591924,113,183.610665
288.17184,60,183.733714
285.491522,66,183.872017
517.365558,100,184.07763
293.529882,61,184.202601
483.493344,94,185.241465
437.558173,96,185.44005
326.327606,65,185.57206
419.190282,84,185.747621
445.178567,91,185.936333
482.778746,96,186.138684
413.569345,84,186.845056
394.210498,83,187.017662
434.469489,88,187.201568
510.115148,116,187.444813
501.513453,103,187.660988
212.353227,53,187.771115
393.808913,78,187.93064
484.047664,96,188.13244
336.712559,77,188.290325
349.699506,68,188.428644
393.868546,78,188.591477
452.376312,101,188.803217
395.688395,79,189.487221
358.800774,80,189.656569
476.047335,91,189.843053
396.975362,78,190.003817
385.132162,88,190.184317
348.648116,70,190.331238
381.655584,75,190.4827
405.009963,79,190.649043
501.594531,111,190.878622
415.069403,83,191.049454
421.099649,82,191.217846
312.017895,63,191.345782
442.770719,86,192.475292
485.987389,95,193.210979
554.799741,106,193.430438
364.625181,85,193.607467
547.894096,111,193.836645
368.828309,71,193.985782
516.05989,101,194.192576
380.419157,87,194.372407
335.908586,79,194.536131
369.183412,79,194.698985
652.631756,143,194.994533
370.716646,74,195.146396
287.85594,55,195.789949
279.223261,57,195.909076
339.167118,68,196.046823
594.540728,118,196.292951
813.067952,168,196.638631
401.541627,82,196.807199
402.899082,94,197.002631
361.736836,84,197.178785
360.312551,71,197.325062
442.772474,89,197.510614
408.922346,94,197.710296
305.44888,60,198.348891
278.162417,63,198.476958
372.46073,71,198.622831
414.085341,96,198.823371
415.738675,83,198.994676
387.733803,82,200.119786
407.471048,90,200.307724
390.722081,77,200.463129
312.966042,68,200.601557
439.916259,86,200.779172
456.168087,97,200.980711
358.24287,70,201.126287
488.729069,95,201.320954
421.367493,88,202.016426
414.870644,82,202.184727
426.484961,96,202.386095
399.14258,90,202.572927
350.801647,72,202.722356
374.881695,81,202.889459
365.525092,85,203.063499
524.197731,120,203.315193
369.75648,72,203.465668
395.444474,77,203.629109
535.933254,113,203.863408
445.738137,90,204.047392
333.674338,72,204.721279
349.143836,73,204.870744
416.348584,81,205.03601
374.741562,85,205.210517
397.894468,78,205.367464
418.640122,84,205.544241
251.256668,56,205.656184
351.720579,68,205.795323
399.782887,91,205.983615
346.097151,69,206.124947
388.603303,88,207.158038
308.766384,69,207.30003
406.448566,89,207.487444
458.876183,89,208.204246
476.179434,93,208.400089
358.869869,68,208.539126
260.45154,60,208.662591
295.263297,67,208.802529
505.502095,98,209.001094
374.289183,86,209.17865
436.652932,86,209.357779
374.908603,74,209.508397
484.629316,97,209.703737
542.339967,109,209.925494
384.390224,85,210.101392
345.542714,78,210.80025
539.820546,121,211.046347
526.566787,101,211.255255
370.801251,72,211.403743
502.937424,98,211.601439
464.346317,90,211.781862
380.386084,88,211.963789
415.735646,80,212.124709
489.723808,104,212.338014
379.479511,76,212.495165
339.552762,65,212.627447
315.870435,62,212.753394
423.682138,83,213.456549
241.273112,61,213.585759
419.229177,82,213.755547
551.3462,105,214.844079
330.872459,78,215.003232
386.056629,76,215.159215
474.046036,93,215.351163
454.324653,89,215.53518
281.738218,66,215.669661
410.332242,85,215.843843
247.2673,55,215.95602
473.004918,93,216.147426
379.212301,73,216.30077
335.483173,77,216.866266
301.810345,58,216.984961
414.179475,96,217.18682
340.512511,70,217.330256
467.623586,91,217.518
698.889272,137,217.801651
429.769378,90,217.986603
454.597985,103,218.199063
378.491307,73,218.352203
267.888411,55,218.463404
451.390364,87,218.640517
512.624218,103,219.375647
416.241369,84,219.547621
292.427151,67,219.684606
428.880166,93,219.876958
489.790208,110,220.10639
518.162495,115,220.347803
472.138495,92,220.540084
530.989776,103,220.756184
424.182417,81,221.71062
341.413447,79,221.871392
335.117586,75,222.02267
432.556356,99,222.232174
574.438467,113,223.005661
462.815771,90,223.189852
410.793186,80,223.354488
273.905288,54,223.467007
287.721424,61,223.594244
296.81563,67,223.731396
382.026301,87,223.910407
513.820829,114,224.148799
613.504676,126,224.415115
467.149825,92,224.603221
289.432281,59,224.727314
278.344541,55,224.838972
232.516887,50,225.449728
249.549374,58,225.570181
408.446553,84,225.745079
388.040669,92,225.933603
395.341273,93,226.129443
289.233571,56,226.242702
421.128304,82,226.409091
350.726495,69,226.549717
392.261503,75,226.696153
615.439273,125,226.955841
364.775957,70,227.097872
457.878693,88,227.2794
516.67237,100,227.489521
365.549446,71,228.162591
474.026522,110,229.32863
467.7821,108,229.552986
357.556858,71,229.694724
568.566494,113,229.927019
393.708046,78,230.083007
423.026749,83,230.257456
479.321376,91,230.442485
540.50986,114,230.672779
351.75092,68,230.81254
317.926421,71,230.956322
344.952195,78,231.544266
379.563567,72,231.691829
467.909808,98,231.89281
336.872148,78,232.053068
667.212671,149,232.359239
319.647534,63,232.488712
500.818709,99,232.692536
594.211477,115,232.928955
395.156834,92,233.118438
315.382521,61,233.245572
421.343913,81,233.412147
479.628899,92,233.599161
440.209277,103,234.339172
331.367839,67,234.4781
455.846943,88,234.662177
459.864662,97,234.857569
584.29881,113,235.088914
356.260248,81,235.256238
429.191903,86,236.345022
372.083505,73,236.492702
537.691843,118,236.735005
480.753639,97,236.933097
461.818466,102,237.145593
468.580621,106,237.76418
356.515631,73,237.912269
514.092633,107,238.131037
485.47246,109,238.35403
498.449344,111,238.58125
387.979761,76,238.740724
388.671046,82,238.908639
369.830682,74,239.061593
427.406415,100,239.263962
412.052542,81,239.427256
286.070777,66,239.559512
492.599242,98,240.196845
403.939887,79,240.358218
871.678522,183,240.744777
295.873936,69,240.883856
665.008278,134,241.162627
430.108793,90,241.352233
474.072752,93,241.544393
818.441613,177,241.908753
395.461176,90,242.095264
709.626731,158,244.028672
361.228148,82,244.19861
874.069276,175,244.559977
314.447814,72,244.709238
477.170335,93,244.900065
574.701476,112,245.129358
547.615609,111,245.358733
421.296214,84,245.529466
337.45062,65,245.660474
479.480913,91,245.849368
486.178385,94,246.55649
460.679746,90,246.742877
407.63947,79,246.90492
797.87808,178,247.271642
423.049197,84,247.443514
354.597534,72,247.590177
404.615315,91,247.776268
353.365079,71,247.92215
410.547794,81,248.089062
467.97601,90,248.27637
258.431893,63,248.400815
316.883819,71,248.549643
431.67171,87,249.257076
434.794355,83,249.424165
412.871564,84,249.601911
445.315709,90,249.788291
378.019195,73,249.940388
371.418928,73,251.090743
487.040616,95,251.28918
387.28246,90,251.471846
546.557957,119,251.719897
553.443164,110,251.946317
434.691227,82,252.112313
491.907908,98,252.850271
478.028825,94,253.040572
635.821296,124,253.301167
361.996149,86,253.478652
483.659014,96,253.673906
453.236147,86,253.8603
300.237194,70,254.004392
385.180966,85,254.176877
333.492291,76,254.328556
447.935329,89,254.512856
414.749871,79,254.676301
528.127426,99,255.408429
544.075796,115,255.643779
292.233157,63,255.77244
302.276154,70,255.917456
572.827582,117,256.157223
426.359852,99,256.358279
425.606534,82,256.522665
337.233897,67,256.658674
414.055747,98,256.86013
250.344478,50,256.958032
426.895043,82,257.120314
431.372308,84,258.38002
545.986321,116,259.135389
446.923325,87,259.310306
460.023402,101,259.516212
459.264158,91,259.702217
351.69824,67,259.836797
361.321054,82,260.00282
447.788876,88,260.186851
374.169559,87,260.367597
397.166139,79,260.524866
345.945894,68,260.661927
464.170688,101,260.866404
445.779991,88,261.046337
603.603626,121,261.819234
596.755775,115,262.05748
323.650127,76,262.211494
528.958461,108,262.430805
339.451315,66,262.566588
454.982198,90,262.747686
555.070579,110,262.969247
405.924912,82,263.134809
528.182365,103,263.346462
444.045632,102,263.554977
401.521501,79,263.711431
326.851942,72,264.359896
378.375361,75,264.512836
418.184378,99,264.718968
631.7687,118,264.95988
454.153028,88,266.012665
442.688687,102,266.223945
420.847777,81,266.38763
382.162034,77,266.548663
493.84902,100,266.752602
459.227593,101,266.957567
516.083172,101,267.161362
543.937006,123,267.936137
308.438315,74,268.08703
427.513828,84,268.262164
443.405748,86,268.438086
345.723844,83,268.606846
426.716995,82,268.770679
439.246439,85,268.940461
522.950759,100,269.14178
483.145712,106,269.355798
437.474412,99,269.559245
834.124447,180,270.448106
463.940066,104,270.663084
479.069265,93,270.852959
579.885099,113,271.082896
518.103805,101,271.287788
302.636988,73,271.435988
392.375353,77,271.592011
435.638581,83,271.756019
400.895295,90,271.935351
533.248145,105,273.133398
445.574689,105,273.343825
558.654619,125,274.133441
379.563058,79,274.295521
434.305622,86,274.470201
424.448918,83,274.641202
446.626762,84,274.819373
421.953421,83,274.990751
330.240048,66,275.124105
463.346658,88,275.302368
589.090584,117,275.540534
488.093305,104,275.753368
372.23454,85,275.926057
413.719548,80,276.611959
371.527257,83,276.780383
596.309067,121,277.03272
392.023761,74,277.18269
524.491082,103,277.392914
462.83895,88,277.575348
518.915982,106,277.7932
518.053915,111,278.017302
423.940642,93,278.204301
392.920466,78,278.366846
416.017637,83,278.532602
497.692117,95,279.246737
520.961931,104,279.470075
555.143927,109,280.5373
492.682835,106,280.749045
459.787953,104,280.959711
478.843127,100,281.16396
565.186799,115,281.40099
411.777896,79,281.56248
477.445017,94,281.753943
594.63893,126,282.012858
436.733258,90,282.723057
251.899358,58,282.841372
502.326553,103,283.053278
484.528908,94,283.245575
347.984914,69,283.388718
426.11988,87,283.567734
561.929327,110,283.793903
525.438202,116,284.035647
450.656314,91,284.219806
534.890479,103,284.431371
466.911975,90,284.618012
373.080987,75,285.292411
363.719767,70,285.433422
390.094656,88,285.611465
371.26845,87,285.789904
424.538193,96,285.98846
527.004031,100,286.19607
592.035357,117,286.433489
324.178953,79,286.594987
303.095934,61,287.569671
304.082845,68,287.706683
330.788062,76,287.862854
735.416425,148,288.164386
324.347961,72,288.820261
422.318758,85,288.993326
353.566008,84,289.169319
450.582371,101,289.378445
395.060812,76,289.537372
531.458697,98,289.741685
314.738688,64,289.872329
638.057393,124,290.124779
432.605623,98,290.323861
383.726101,87,290.503428
388.927158,77,290.658941
532.04989,102,291.393514
472.675993,92,291.582855
429.656873,83,291.750238
395.567595,76,291.902897
438.880821,99,292.105285
1088.27045,219,292.55708
370.401877,85,292.728987
508.3047,105,292.940141
488.135442,94,293.136483
518.662225,106,293.360615
353.089219,80,294.043184
331.793153,80,294.950711
350.188227,70,295.09319
357.726789,81,295.258916
351.121142,79,295.419224
480.003721,93,295.607738
603.657266,119,295.850811
367.75799,72,295.996929
558.54717,106,296.216432
627.64465,124,296.471705
407.546902,95,296.664834
429.567287,84,297.363668
704.207353,152,297.675734
562.03757,118,297.918843
598.067455,117,298.162676
456.649952,88,298.340769
395.35333,75,298.493717
534.413401,105,298.711735
397.470181,81,298.875684
379.784021,74,299.028049
505.534862,100,299.234557
704.400295,141,300.046605
403.022857,78,300.206961
273.77275,63,300.334614
360.373234,83,300.500537
407.903009,79,300.660521
525.721769,99,300.860664
455.650713,89,301.041453
372.037923,73,302.010531
355.321417,79,302.170498
374.231121,73,302.31879
959.20463,199,302.722216
436.228031,86,303.416855
370.524418,73,303.565134
334.637986,66,303.698884
320.037944,71,303.843953
417.542294,96,304.037699
343.409879,68,304.17609
398.930539,81,304.338122
353.636114,83,304.504845
692.284169,136,304.78502
609.525519,118,305.025788
424.992663,85,305.200378
275.255628,64,305.332641
555.256818,123,306.113674
448.038619,89,306.296219
329.814396,79,306.456443
432.114252,82,306.62189
472.003367,97,306.81809
400.150689,83,306.986215
291.916181,60,307.110514
495.286757,96,307.307388
316.431325,74,307.457872
422.813459,82,307.624294
485.261522,96,307.822253
370.915159,75,307.9767
483.035862,93,309.455086
470.165997,91,309.63818
600.580486,125,309.893188
381.594433,74,310.044198
642.672086,126,310.303296
574.602806,119,310.546802
431.362684,85,310.722015
524.347102,105,310.939692
366.567889,78,311.103208
629.846367,126,311.363536
305.075102,61,311.486797
396.437988,89,312.179645
626.891577,124,312.431647
453.913773,102,312.638246
409.195207,82,312.805541
519.722826,98,313.002692
490.360295,95,313.192734
457.899718,90,313.373985
459.132154,91,313.558853
491.504329,101,313.761983
509.84932,112,313.989931
390.650213,78,314.57274
429.322315,85,314.748298
455.388651,92,314.933268
581.850886,111,315.157038
434.718298,85,315.329711
542.102922,105,316.397563
533.286354,101,316.602156
443.436531,84,316.776
402.389622,90,316.960061
478.45224,99,317.162344
425.934569,90,317.343125
435.73861,85,317.914845
733.216328,162,318.244832
329.821762,76,318.398211
294.823173,69,318.540443
514.2645,98,318.739515
330.820168,67,318.879973
845.506652,170,319.225747
348.736707,81,319.389932
463.870862,92,319.578777
685.197643,138,319.859608
424.728074,87,320.542042
413.14301,88,320.720909
521.619933,117,320.965811
345.026246,81,321.135953
411.884419,82,321.307719
381.795286,75,321.461916
392.754837,80,321.624258
396.29103,90,321.80733
486.836841,110,322.029207
303.361116,58,322.147785
580.954176,112,323.195817
431.425247,83,323.810887
527.624384,113,324.044556
505.569035,108,324.266364
625.040617,122,324.515396
482.473779,93,324.702582
592.130471,114,324.93785
693.240993,143,325.231232
338.043766,67,325.367132
415.716649,96,325.568744
515.166027,117,325.804096
875.818629,187,326.585579
674.62424,131,326.854767
397.693367,75,327.003845
446.670657,104,327.216838
719.463838,149,327.526209
458.983102,106,327.744953
414.662899,95,327.939716
697.45132,136,328.218134
531.329733,106,328.833727
449.243182,91,329.019362
486.984359,93,329.206258
417.063139,80,329.369948
424.610507,81,330.26894
571.250701,126,330.526457
461.69103,88,330.704247
584.188486,127,330.958759
544.582415,109,331.18095
448.442896,102,331.389678
508.167188,116,332.024143
469.534552,89,332.208105
453.109695,98,332.412347
531.068086,114,332.643418
449.349633,87,332.819469
493.098344,95,333.014263
350.279321,72,333.160554
429.180809,84,333.333065
366.972195,72,333.479692
309.219278,61,333.600492
443.192826,97,333.798776
337.829492,68,333.939498
463.615632,89,334.519536
517.125126,103,334.730395
608.770089,117,334.971139
849.094779,169,335.320838
522.603258,103,335.529394
395.586405,78,335.687238
528.599113,105,335.905706
508.044107,100,337.106575
371.387288,76,337.26036
407.069942,82,337.430537
522.56621,101,338.039967
453.638998,103,338.249118
433.886659,83,338.418132
308.929906,72,338.566134
765.495465,148,338.868817
480.044897,99,339.072283
533.833812,107,339.29029
455.590786,89,339.471567
415.566428,96,339.668963
478.134406,111,339.894411
426.462061,84,340.063454
670.002876,128,340.72127
442.500242,84,340.888502
838.973738,181,341.264421
413.666102,81,341.432792
482.303711,108,341.659524
330.873722,77,341.816276
603.001632,119,342.060651
476.538978,94,342.256584
632.524234,139,342.550115
444.801436,97,343.151519
420.380415,99,343.360271
342.137303,67,344.409403
501.387226,111,344.636892
676.98719,134,344.915646
759.139143,150,345.222546
446.935011,104,345.435453
673.030849,135,345.715007
487.237383,95,345.910485
724.280925,155,346.622386
403.895494,91,346.808066
366.595866,83,346.977501
510.111795,99,347.178992
474.998248,92,347.36344
449.735266,103,347.576023
553.88754,124,347.830485
565.503263,113,348.058922
311.531404,73,348.209767
416.692136,81,348.376692
280.28185,57,348.492882
368.56165,86,349.069897
482.12526,94,349.263994
401.706687,91,349.445991
553.185251,105,349.660803
406.738914,78,349.818881
466.725736,92,350.007253
451.315525,89,350.191831
398.374468,94,351.375651
525.735737,117,351.615677
549.648895,107,351.837608
420.207083,80,352.402726
457.903236,89,352.587239
877.71732,173,352.947677
613.843825,118,353.188632
447.103571,85,353.3594
461.71995,88,353.545468
529.726829,121,353.793989
573.967503,117,354.037369
368.771098,72,354.185207
569.725367,110,354.411871
739.457348,161,355.139961
546.095179,104,355.35642
403.972488,79,355.520404
529.192687,116,355.758385
517.194839,103,355.968962
589.079079,115,356.207061
334.211451,78,356.366636
406.104281,91,356.551645
799.697485,161,356.881416
411.073267,78,357.439059
500.187859,98,358.548861
469.117598,93,358.739727
439.157392,87,358.920081
344.238391,81,359.090434
376.116206,88,359.269592
463.798337,97,359.46456
459.647581,106,359.688827
492.932945,96,359.886965
532.100202,106,360.106744
935.375932,193,361.031368
454.623874,106,361.251841
459.98147,93,361.444481
299.992577,70,361.586496
370.678449,89,361.772947
423.379985,82,361.940538
889.659754,177,362.308926
417.489362,81,362.480554
533.052626,117,362.721549
442.142945,87,362.90096
523.441572,101,363.629591
766.336226,150,363.937891
408.900784,93,364.133846
562.602299,110,364.363623
323.215626,78,364.523032
674.677666,137,365.711893
354.13229,76,365.866573
815.438777,179,366.23646
569.824715,109,366.461823
362.850929,84,367.175858
513.875008,100,367.379306
488.068833,99,367.584231
549.185789,112,367.813282
348.282624,80,367.977795
347.146533,81,368.147311
676.800866,135,368.419766
556.547257,122,368.667458
561.425987,114,368.902071
423.520142,86,369.077373
508.158839,110,369.829357
421.893475,83,369.998143
383.658382,84,370.171233
499.237994,106,370.390422
538.001837,105,370.604727
401.051556,78,370.763222
529.414836,102,370.975335
670.964466,134,371.254879
423.739393,98,371.454767
638.722659,124,371.71248
489.927813,115,373.279211
416.34089,95,373.478233
406.651227,81,373.640451
386.500864,76,373.799123
577.561492,128,374.069385
559.296863,107,374.288664
392.611421,76,374.44269
510.073645,105,374.664753
424.974417,84,374.839188
733.663481,143,375.133816
431.771479,86,375.306311
467.816031,106,376.044548
510.021472,98,376.249847
566.132413,110,376.475345
465.640368,108,376.703612
479.610561,108,376.932377
532.634727,104,377.148407
530.728358,120,377.397207
484.564686,94,377.59213
411.653939,77,377.751126
233.182577,50,377.853807
452.833396,87,378.571129
563.038697,109,378.801254
475.158074,93,379.002093
553.168007,104,379.215382
451.336527,86,380.171695
383.159327,90,380.361042
511.372174,110,380.590474
655.437095,126,380.846743
430.388989,102,381.05846
533.116279,119,381.307181
440.6525,86,382.01193
489.878359,95,382.207212
608.686681,126,382.469588
705.603903,160,382.805276
589.414015,116,383.04413
478.592649,92,383.237877
607.268222,118,383.486115
966.697258,194,383.890448
382.853242,89,384.069398
319.80793,75,384.745804
363.9452,70,384.887608
384.94374,91,385.07305
510.851155,100,385.277134
631.157557,139,385.568909
456.688369,98,385.770888
641.973428,122,386.02314
506.771371,98,386.226782
556.486507,125,387.220232
598.977924,116,387.454863
734.589615,143,388.269718
578.476266,114,388.502661
522.785146,109,388.725049
595.766998,133,389.000372
384.786755,74,389.153219
450.449428,87,389.334383
355.343584,83,389.505801
620.378889,140,389.796966
519.791115,100,389.998295
625.530118,136,390.792285
417.166101,99,390.997026
608.536697,140,391.295377
481.563778,93,391.48986
578.569924,112,391.719126
608.086691,116,391.963149
502.523642,112,392.200904
471.349604,94,392.389289
725.206421,141,392.683835
494.239857,97,393.410843
465.786774,92,393.603687
377.836673,87,393.78339
374.997171,74,394.674275
364.18394,72,394.825566
464.093371,93,395.017931
504.069409,96,395.212272
334.144398,79,395.376228
382.044738,72,395.523779
472.796095,101,395.732332
628.790907,125,395.988463
633.203814,142,396.803654
473.397045,91,396.990021
601.538497,120,397.239226
488.026195,93,397.429119
480.396092,93,397.626117
474.53425,108,397.850688
481.165724,92,398.044661
658.986487,128,398.312059
582.72892,114,398.548364
612.11939,118,399.314097
498.774531,116,399.55054
567.153217,110,399.779522
437.559679,83,399.950244
383.163331,88,400.132867
460.128451,90,400.318593
454.218238,97,400.520316
508.251424,115,400.758346
405.352169,92,401.676128
355.808234,77,401.838789
510.418033,98,402.041898
455.92916,97,402.765368
661.120196,129,403.029968
448.378085,84,403.205935
365.632662,71,403.357107
466.65671,89,403.542875
379.00934,72,403.69707
486.974539,90,403.878747
575.734215,110,404.106964
410.797996,79,404.268819
301.421827,71,404.418802
436.155666,86,404.5974
468.500569,104,405.338801
437.626958,83,405.509358
448.207573,105,405.727615
820.516988,162,406.063521
565.085432,131,406.335968
339.438414,69,406.479467
493.112954,104,406.693135
389.715135,91,406.880248
534.341327,104,407.095346
644.202894,128,407.360816
497.989315,109,408.10533
456.081351,89,409.037807
591.189137,113,409.26999
702.315576,152,409.590543
846.645139,181,409.96904
476.871387,94,410.161842
427.466723,81,410.323351
604.179888,119,410.569462
415.679019,92,410.758906
584.47587,120,411.561849
536.57327,101,411.777134
659.763774,128,412.04401
433.030869,81,412.21073
454.373132,88,412.393955
365.771413,81,412.562254
420.70045,81,412.733683
792.442698,172,413.097439
691.949998,151,413.412963
494.002701,100,414.125385
593.258929,128,414.392709
381.555475,83,414.562763
545.595993,101,414.766453
539.020105,128,415.041531
463.35038,105,415.26252
680.385809,151,416.343357
563.558311,112,416.574807
715.377197,154,416.89557
445.242151,104,417.643375
467.280246,92,417.83394
484.72016,93,418.026655
382.232307,85,418.202492
387.733696,76,418.356884
490.322193,93,418.553341
494.45713,95,418.74847
424.147035,92,418.944347
715.180687,137,419.229613
611.884733,120,419.477476
413.769934,81,420.156732
545.506986,107,420.372449
507.83552,97,420.572422
435.399639,84,420.742997
628.468959,124,421.002423
584.503513,119,421.250375
518.789784,98,421.456248
576.537238,114,421.689069
739.124483,145,421.988876
400.617825,76,422.143806
406.813217,94,423.640288
838.382784,160,423.973057
468.732996,86,424.149277
446.576018,85,424.319418
503.642879,92,424.50589
666.324321,128,424.771265
396.57282,77,424.931255
593.328578,113,425.16497
457.175914,86,425.345601
636.493941,132,426.142582
487.592916,94,426.33095
489.7594,93,426.522982
372.508127,87,426.700835
436.21089,85,426.876497
333.886339,76,427.037456
454.026867,87,427.215179
649.487375,136,427.4999
347.013804,80,427.663035
373.285943,73,427.810799
637.138892,123,428.063239
830.840309,167,428.91583
448.250988,101,429.12842
491.256525,97,429.333301
328.580635,76,429.492562
304.875012,60,429.613608
759.940477,153,430.688252
1096.368909,231,431.174728
657.693393,129,431.449917
496.081615,91,431.637253
395.407255,77,432.31055
412.947513,87,432.488396
653.240015,144,432.798739
614.619169,119,433.044579
784.469302,170,433.396605
638.755971,123,433.652026
738.713879,163,434.000656
448.669509,90,434.188351
517.357178,98,434.919087
587.144624,115,435.153291
520.315463,101,435.359559
351.341076,80,435.527857
384.010156,73,435.675965
587.531112,108,435.898556
376.74237,92,436.091629
492.405146,93,436.281914
515.341013,99,436.483422
830.765574,180,437.632345
493.204076,116,438.397416
395.202005,94,438.594008
459.58601,95,438.79191
540.989388,116,439.033187
713.302709,142,439.336569
452.151224,106,439.551244
576.857968,109,439.772829
473.490452,94,439.971362
396.429319,94,440.170269
567.393011,112,440.931673
653.12204,148,441.246355
492.624124,110,441.47618
500.621254,115,441.715355
493.540351,92,441.904162
484.783617,93,442.093886
696.411733,143,442.391355
537.48642,124,442.646994
466.988328,90,442.833549
507.399639,114,443.591775
671.873993,148,443.905771
390.2453,92,444.103194
714.515713,143,445.209778
423.645254,94,445.407294
436.000464,84,445.584667
378.348204,84,445.761597
757.41804,166,446.10404
449.808221,85,446.279588
450.641935,98,446.488211
506.174632,119,447.267838
336.136365,81,447.438443
398.415216,93,447.634008
441.878415,84,447.806923
427.713327,99,448.014146
558.225159,108,448.236974
913.993532,194,448.638403
671.236142,132,448.914492
427.09536,97,449.116947
486.967998,112,449.903446
475.04409,110,450.134244
678.7734,152,450.454555
745.241587,162,450.797775
450.803358,91,450.986878
633.279358,124,451.246041
587.106577,117,452.285236
464.264513,89,452.46922
380.71149,74,452.618685
481.642042,113,453.3847
556.492663,107,453.605971
601.411713,110,453.831943
617.135505,120,454.081255
463.844942,90,454.261782
522.263336,114,454.496488
371.60383,71,454.643207
596.331973,136,454.92741
860.923213,173,455.290888
807.463931,157,456.157909
838.318621,167,456.5103
414.976295,94,456.708882
660.139607,121,456.959861
352.091083,83,457.136327
408.861654,94,457.334873
606.971148,115,457.574856
545.217946,110,457.808529
492.058449,97,458.550338
430.609776,88,458.735804
417.746188,79,458.896896
538.614866,99,459.919792
811.031106,155,460.249982
461.709486,89,460.435621
431.152153,101,460.647968
643.152215,139,460.935756
716.286754,132,461.204906
608.364477,120,461.45074
550.48803,102,462.169679
518.508673,103,462.383868
548.161628,107,462.607923
635.0684,142,462.902823
799.698808,160,463.243485
738.314552,139,463.527601
594.798588,134,463.80714
658.913358,141,464.096658
549.210194,106,464.833547
548.578824,109,465.058896
399.263129,76,465.215407
538.412636,105,465.432494
407.592294,96,465.6314
832.118576,169,465.980182
644.642409,134,467.001233
378.282893,77,467.162866
554.557537,107,467.385791
437.615016,100,468.103665
484.379562,99,468.309052
391.224262,91,468.498279
595.529461,119,468.744206
452.888961,92,468.933269
545.204874,103,469.14118
616.633612,139,469.427084
418.602526,94,469.627314
471.215131,87,469.801825
500.91848,94,469.991042
989.712024,205,470.945837
474.502049,91,471.132628
734.957172,139,471.428341
470.430921,107,471.650112
721.867182,154,471.96903
413.183342,81,472.136439
419.740837,98,472.341104
549.797047,106,472.554819
417.743321,80,472.715495
601.758484,112,473.458961
448.303683,85,474.435289
713.226143,135,474.730862
662.072593,125,474.997621
512.746374,115,475.24454
473.66397,94,475.44138
612.236587,121,475.690984
691.277377,132,475.959663
451.567133,89,476.141795
659.211446,125,476.919423
614.937363,115,477.162047
546.573331,126,477.429208
471.744577,109,477.658118
401.098826,92,477.848515
555.51868,104,478.061068
586.115615,113,478.293756
537.280488,119,478.554386
811.163898,164,478.887959
640.415451,139,479.695628
397.80104,90,479.883325
775.111239,163,480.216003
671.17907,129,480.486456
677.135409,129,481.867305
820.048699,158,482.191201
440.585297,100,482.400953
865.2244,184,483.314286
408.325381,94,483.513026
668.443945,126,483.775795
579.775013,117,484.02208
469.706781,91,484.216031
642.222898,130,484.488366
538.637026,103,484.697332
693.136915,133,484.97689
584.32863,114,485.206526
812.183421,160,486.082622
440.332139,103,486.296522
391.83039,75,486.448804
600.73001,113,486.68656
585.069197,106,486.903169
458.492013,97,487.102338
731.66888,163,487.443502
465.380907,88,487.625448
513.042456,111,487.857755
559.865336,115,489.471766
480.601037,93,489.663026
477.512323,109,489.892264
472.452388,90,490.082275
778.491055,156,490.410587
516.341274,105,490.630831
778.489302,167,490.992788
685.389769,137,491.27995
518.972953,100,491.487524
734.815211,160,492.353817
631.402204,120,492.602899
431.353881,80,492.770485
795.166031,156,493.101096
635.588148,121,493.354938
356.068317,68,493.49408
638.219359,122,493.74332
648.877839,141,494.033161
368.849914,83,494.752871
372.76725,87,494.936684
850.348958,169,495.289429
329.812513,75,495.446245
799.797754,155,496.635476
598.338454,114,496.87642
914.260351,181,497.251844
648.470829,125,497.508868
423.135089,97,497.712029
438.154686,85,498.402194
655.117606,148,498.71137
517.826827,98,498.920115
728.993951,144,499.216525
602.693675,119,499.470057
578.462835,130,499.742585
363.41889,83,499.912039
653.719614,145,500.219553
485.640135,94,500.937578
594.902084,114,501.168298
833.654731,163,501.50627
382.895868,79,501.668635
779.856608,172,502.029073
615.230619,140,502.320652
716.171719,139,502.613838
351.328502,79,502.77996
764.991093,149,504.536877
404.526012,88,504.724246
644.318583,137,505.014571
673.511887,131,505.281852
567.442136,130,505.552943
880.003932,177,505.922749
558.308202,107,506.141843
642.92643,124,506.396807
681.240582,136,507.204383
474.655231,89,507.38783
722.191485,161,507.718399
493.856926,95,507.918431
434.990249,82,508.089277
935.223743,187,508.477586
533.452317,102,508.690879
481.356049,92,508.879417
828.811505,172,509.23887
631.268781,125,510.011413
804.89345,152,510.326962
741.682941,141,511.60654
610.94894,138,511.897021
493.72971,93,512.097006
509.610034,95,512.29877
766.691866,161,512.628855
984.890812,211,513.596326
673.215158,134,513.868867
497.314788,95,514.057493
1002.27581,201,514.473167
775.992095,146,514.771562
538.838318,108,514.991898
700.609857,154,515.319721
733.392771,140,516.141823
523.623103,98,516.342808
667.032923,128,516.608212
632.380871,119,516.854213
558.003197,110,517.081281
782.633072,167,517.429604
651.716721,131,517.70558
941.37937,187,519.088135
641.272509,144,519.912862
588.078434,132,520.196721
663.425539,127,520.460607
604.36035,112,520.692145
655.598575,142,520.985964
509.360673,114,521.21869
375.038674,89,521.406406
556.223782,101,521.613491
785.170043,171,522.474465
576.294224,108,522.698496
443.472386,93,522.889287
490.231962,101,523.101272
712.77741,158,523.440897
674.819034,135,523.722955
628.733506,137,524.013066
322.895102,77,524.179151
524.13349,121,524.430026
401.56452,81,525.117205
362.541113,80,525.281619
912.579442,170,526.575863
651.775288,125,526.835015
617.413424,140,527.13109
657.110023,118,527.380308
504.648616,96,527.580162
614.334462,116,527.825208
457.228557,87,528.003516
590.554934,114,528.764886
629.738722,118,529.010605
397.243806,79,529.173792
390.083373,73,529.327459
431.643529,86,529.510125
449.617903,102,529.723544
540.56166,110,529.950842
569.958021,106,530.178257
684.697728,128,530.459741
575.105895,118,530.711083
487.406396,94,531.433473
419.229949,78,531.591816
391.246793,81,531.763304
823.711431,159,532.102121
710.590927,143,532.403274
483.810207,96,532.601094
357.557263,73,533.61189
424.312424,80,533.781772
488.075453,102,533.994482
405.511766,93,534.184832
437.990903,87,534.884942
560.559281,106,535.10385
568.683007,107,535.328863
696.272185,128,535.596894
522.041318,101,535.80352
647.801435,125,536.064327
541.948853,104,536.277638
443.233167,88,536.456455
525.825555,100,536.668177
515.915983,116,536.923395
534.280236,101,537.647655
598.397464,113,537.881224
495.335474,95,538.073488
809.688288,166,538.41849
725.366347,148,538.725842
1013.052536,212,539.170918
757.944791,146,539.476712
558.81557,124,540.258362
563.171428,126,541.391262
659.889409,123,541.646271
779.638792,145,541.956846
619.21539,117,542.20412
712.602364,154,542.529566
976.364822,184,542.913149
580.006052,109,543.13717
628.184891,118,543.921207
700.760845,142,544.21286
570.090365,109,544.443996
641.831276,124,544.706202
633.695099,124,544.968813
668.711812,124,545.226144
731.458898,146,545.529355
553.723811,103,545.742955
643.232021,120,546.516713
670.419559,129,546.789827
472.641854,97,546.990769
470.296999,101,547.199085
514.811359,96,547.401668
708.396502,136,548.634952
708.494778,139,548.926352
428.696001,100,549.137829
799.896983,150,549.970084
636.314055,119,550.224699
669.095136,144,550.530186
468.651931,86,550.712058
511.235777,115,550.952128
577.460056,118,551.19612
527.149384,98,551.400972
777.792574,157,551.731072
675.855604,140,552.030771
517.894217,102,552.767954
635.264139,121,553.016685
510.418537,116,553.259152
807.062765,169,553.609957
984.144598,192,554.017018
507.23134,95,554.220177
749.607796,148,554.523695
559.462897,103,554.739531
789.404587,170,556.536124
487.798632,101,556.750757
366.78029,87,556.937222
540.868794,103,557.154116
635.943759,118,557.395654
708.318684,159,557.72753
572.672806,107,557.954302
853.385352,177,558.334862
436.832458,90,559.062845
766.521084,146,559.37359
839.570438,161,559.70921
613.072533,130,559.98765
691.157827,156,560.311885
627.628562,129,560.580569
689.426542,124,560.833221
754.781458,145,561.632954
479.268899,110,561.870918
667.429276,127,562.130253
691.258929,135,562.419629
771.736148,168,563.700804
673.821588,129,563.967082
508.412508,113,564.22017
759.699191,146,564.546515
992.451088,186,565.484178
574.660619,114,565.737621
744.114003,142,566.05154
448.462358,86,566.254088
1049.772947,224,566.79406
722.005314,139,567.077996
632.094983,124,567.332244
470.39187,95,568.063174
382.670726,76,568.223993
588.967598,121,568.480889
437.41698,84,568.652236
348.509988,82,568.827318
656.12798,121,569.079015
393.655312,93,569.276884
703.523203,131,569.547006
515.126663,98,569.750914
653.496295,124,570.983148
765.213806,149,571.809351
514.534165,97,572.01567
491.052673,104,572.241192
829.842579,183,572.6262
611.287548,132,572.90382
860.822056,156,573.233205
1072.986526,215,573.68004
464.612083,89,574.385535
770.174656,161,574.723583
567.616638,124,574.980602
433.597603,87,575.164025
416.104194,96,575.371311
545.120114,106,575.589453
663.579828,141,575.897397
830.705083,161,576.228844
640.452655,126,577.02448
610.923401,137,577.309549
794.506746,151,577.634805
624.412606,117,578.978415
569.700415,106,579.202479
636.169246,121,579.459229
957.297123,191,579.848316
512.136835,112,580.080051
470.73533,105,580.825757
478.342811,113,581.062686
403.039862,87,581.241387
618.746844,120,581.487272
682.800964,131,581.762318
529.455778,121,582.015543
716.695054,147,582.317163
928.114856,195,582.729447
587.024657,114,583.475726
759.27276,147,583.780538
392.61748,83,583.950786
1039.37196,197,584.364619
562.835907,107,584.583862
800.962432,153,584.900957
509.223388,95,586.283235
515.717003,99,586.487989
762.086893,140,587.315957
530.65346,121,587.577832
820.686543,159,587.908628
779.893862,157,588.234828
791.069165,161,588.563274
839.622777,181,588.947001
523.114788,102,589.153966
871.049099,189,590.078708
752.138827,143,590.378067
910.411088,171,590.726318
822.237846,157,591.064512
640.358941,115,591.31211
425.259145,86,591.493508
574.481842,105,591.70847
836.36572,169,592.06427
659.645495,149,592.913496
490.688521,95,594.238909
1022.292305,202,594.66124
730.365542,144,594.966204
634.296675,120,595.211675
462.833444,102,595.413979
673.382346,135,595.697006
670.374534,149,596.525048
784.65325,149,596.83416
865.408803,169,597.191463
592.489679,114,597.428005
583.607233,122,597.686092
958.381844,174,598.048355
618.962044,117,598.296482
709.03876,161,599.173164
873.770331,176,599.540112
407.216847,80,599.704416
605.887191,139,600.001413
1146.672862,242,601.753551
731.592358,144,602.056891
445.046661,83,602.236699
733.099335,139,603.043918
633.330225,124,603.304165
565.05517,119,603.551813
927.468341,183,603.934428
454.139831,85,604.106288
658.927084,147,604.42078
964.658605,188,604.823177
725.133392,134,605.102
738.49028,136,605.91677
776.070842,146,606.224332
868.805724,177,606.597029
987.057964,195,606.998035
632.693967,120,607.240308
1025.541229,197,607.648076
489.448192,97,608.391051
727.004807,138,609.853836
543.589481,120,610.102353
705.607471,137,610.383931
591.517109,135,610.670634
494.588167,115,610.914768
590.908365,118,611.163142
603.775719,109,611.395522
443.847311,98,611.602783
791.059001,161,612.457376
459.469147,88,612.6432
517.337857,98,612.842926
835.303929,159,613.175497
663.301749,129,613.448084
669.702317,133,613.725194
962.4038,207,614.155648
571.33577,113,614.896018
973.64425,185,615.29142
544.931579,105,615.512242
821.645931,152,615.837693
689.594682,138,617.331583
472.833981,93,617.518728
832.506735,166,617.869516
680.236187,150,618.187649
663.679912,134,618.971657
619.776534,142,619.277738
717.467099,154,619.599398
424.504174,92,619.791563
1011.70701,193,620.200828
783.400799,148,620.502292
770.600492,146,620.799739
860.768529,179,621.690952
551.72479,118,621.934916
742.440706,153,622.252792
881.966021,169,622.61076
639.850628,126,622.87723
733.265035,162,623.223058
715.448327,155,625.187457
460.83371,105,625.410288
699.500286,132,625.678415
407.93693,95,625.882509
693.910975,155,626.208481
454.711689,105,626.423716
709.174847,133,626.695972
629.574341,129,626.962631
543.350395,124,627.23039
574.354574,107,627.968865
907.812801,167,628.320982
671.026394,128,628.583499
456.718649,96,628.777565
745.850566,140,629.066359
1337.239928,255,629.585573
596.286093,131,629.85866
498.294995,113,630.618132
593.681495,107,630.845212
410.978184,97,631.050047
950.934181,177,632.767782
952.063941,178,633.141989
438.993758,105,633.36362
590.390637,132,633.645504
878.462084,171,634.446535
869.569518,163,634.791748
1001.291755,193,635.202124
479.279576,90,635.391757
640.197317,118,635.632548
632.487047,124,635.892888
402.470878,95,636.100914
595.832513,120,636.348044
519.919646,102,636.959222
680.427824,141,637.258168
789.488394,154,637.575412
863.362397,155,637.902368
796.231323,178,638.278276
722.208432,138,638.565368
672.207181,146,639.983825
551.586284,108,640.611401
907.772832,170,640.966819
563.068049,128,641.237898
607.186792,129,641.504498
878.575743,165,641.848144
937.808655,175,642.219871
560.004517,105,642.449571
817.963774,156,643.171575
485.729031,111,643.403874
727.178245,160,643.746505
563.982322,122,644.000941
615.02088,116,644.241549
625.072413,122,644.49826
589.149186,130,644.77391
682.289332,126,645.042562
1033.190368,199,645.856181
815.22136,179,646.240711
317.773183,71,647.707834
494.509151,115,647.956108
1099.484198,220,648.423495
841.861376,174,648.788043
1111.514141,220,649.644866
499.856376,101,649.853942
681.934111,150,650.168282
881.761886,177,650.544924
933.834922,194,650.949179
1219.740341,233,651.445645
658.007236,122,651.700647
951.676891,184,652.497782
597.419296,136,652.789323
791.070561,148,653.092391
810.890265,173,653.457577
1050.848547,189,655.092105
622.058071,121,655.350466
704.331779,138,656.031126
764.007601,153,656.361153
496.041653,93,656.5615
552.637628,103,656.776265
668.277605,125,657.031479
659.214599,121,657.275646
732.892439,154,657.589126
825.983791,182,657.968684
755.603034,158,658.707249
1176.759293,220,659.158694
569.781706,117,659.408494
790.542235,151,659.724385
487.070854,111,659.953785
723.052349,140,660.245313
678.523424,133,660.521556
816.89445,169,661.264914
1053.918747,219,662.992231
874.268062,165,663.326906
596.306299,112,663.55628
654.826668,122,663.809317
964.658125,207,664.249465
877.28729,161,664.991107
560.934966,107,665.21102
581.443277,110,665.437805
684.708019,151,665.760039
630.934328,120,666.011654
845.401369,177,666.383326
852.176818,165,666.732444
396.126216,77,666.89037
1133.328672,227,667.877462
778.839534,171,668.237106
1011.891266,221,668.69614
778.994712,163,670.528502
596.720903,112,670.770079
494.982156,111,671.004132
744.138977,146,671.823635
499.196421,109,672.058828
819.933934,153,672.377911
973.483107,188,672.771823
811.77873,147,673.073919
862.726247,180,673.452031
951.026946,196,674.386809
835.1753,187,674.795646
655.816241,124,675.050057
575.863346,112,675.281326
1084.881078,219,675.751862
781.370597,147,676.060811
813.801716,152,676.377774
644.901787,124,678.556357
973.086662,190,678.945433
634.697834,122,679.198831
937.41201,183,679.582152
555.834509,109,679.813153
1052.197191,226,680.286119
402.084658,90,680.473166
898.188399,165,681.334218
646.116099,147,681.647287
505.641992,95,681.85408
690.185121,130,682.1292
772.014808,147,682.431115
715.86195,161,682.776543
757.796698,144,683.074511
642.524476,121,683.850805
391.903251,81,684.020371
565.560573,106,684.248532
971.666614,180,684.616879
753.42,140,686.16992
760.358894,140,686.46891
690.97989,129,686.734886
1169.242802,227,687.741845
701.407165,144,688.050345
542.197626,124,688.311862
1038.180288,201,688.737308
540.159384,102,688.950586
566.538364,110,689.180826
862.901576,157,689.502372
615.880225,125,689.766574
623.928456,116,690.525123
630.632699,116,690.770831
1022.210985,192,691.171457
541.777019,124,691.430879
578.722934,130,691.702259
840.041863,156,692.030133
762.072063,149,693.780446
1060.649448,207,694.753055
862.730266,157,695.087601
627.340701,117,695.329597
685.230453,137,695.614695
422.853928,84,695.792887
708.47416,148,696.113744
1048.865881,204,696.539373
717.281147,143,697.364422
1210.893487,230,697.848017
904.120456,172,698.198439
663.070797,123,698.452085
1070.252248,210,698.892199
860.649074,165,699.757419
672.267326,132,700.042134
917.347395,188,700.45141
1035.521643,204,702.272977
905.59521,170,702.627545
550.158701,126,702.896704
540.565843,114,703.138292
696.825705,131,703.930808
884.357643,188,704.327222
820.71923,150,704.638375
714.626313,139,704.927805
690.740741,132,705.200917
1028.600666,198,705.613433
688.690381,144,705.910835
520.456201,114,706.662197
957.856033,183,707.050466
1346.133264,257,707.581033
718.726146,152,707.894445
904.649028,177,709.675902
1087.502474,209,710.634913
1068.923283,208,711.069285
885.873681,194,711.487786
809.752781,161,711.82582
563.184563,126,712.094313
1087.738451,193,712.49273
609.051969,115,713.261948
613.035113,135,713.540951
708.464267,129,713.804348
1183.844027,244,714.329715
542.339392,125,714.599188
612.53952,135,714.883415
600.258105,136,715.170707
827.815005,159,716.02098
645.867506,117,716.266662
986.121993,188,718.153229
1145.815304,209,718.592115
666.659209,123,718.837831
1181.673334,230,719.323031
746.360779,158,720.18636
831.323483,151,720.497674
490.949362,110,720.723114
732.887765,162,721.056375
535.157599,98,721.260942
1193.242985,240,721.760352
864.625525,165,722.106878
917.893877,173,722.994314
764.606219,150,723.304269
825.646915,150,723.623891
867.663074,187,724.023735
622.239421,116,725.85363
958.47094,183,726.232361
664.74898,145,727.047914
1267.575574,257,727.588762
906.349615,174,727.954432
859.469872,165,728.306318
1255.823881,237,728.810138
760.055249,163,729.698732
444.93193,100,729.907505
832.931254,177,730.290371
1122.762908,210,730.728519
539.851212,123,730.997066
1116.771884,240,731.516846
1184.102888,241,732.53912
807.569865,149,734.351356
593.043734,117,734.594108
794.953391,146,734.894712
522.893929,121,735.150425
930.984309,186,735.532415
854.629793,159,735.857688
678.786615,151,736.702494
931.936826,178,737.068487
1500.310825,301,737.6966
1245.464098,245,738.214297
693.997398,140,738.507729
664.928221,134,739.30982
726.923662,135,739.588093
829.046668,157,739.913049
856.343769,156,740.233085
1027.505939,212,741.859209
757.697117,139,742.154353
1532.892767,285,743.280449
706.815806,129,743.554768
541.305067,116,743.801369
575.35982,109,744.029735
579.783537,131,744.311882
501.052019,96,744.507311
482.766556,107,744.738879
611.785505,112,744.968757
636.610084,132,745.779015
727.936693,132,746.056936
1071.119218,197,746.467639
1123.901741,210,746.903582
685.338609,152,747.243926
684.755161,128,747.50579
764.582616,142,747.804607
950.536955,185,749.99859
963.370948,181,750.367702
518.915405,116,750.613383
482.30073,108,750.843122
838.286526,155,751.156524
801.737931,164,751.495419
704.294702,129,751.75663
710.887825,155,752.575663
792.043912,147,752.889723
658.747592,127,753.151966
850.555565,158,753.484363
1206.097597,238,753.987488
949.409905,183,754.364097
470.5132,88,755.089578
665.624948,129,755.353014
583.211263,130,755.622485
702.274742,141,755.915369
727.60678,158,757.537176
893.831799,171,757.900148
528.511229,109,758.122964
749.118216,165,758.98663
485.625575,109,759.214774
673.524337,135,759.489768
600.230043,136,759.779011
596.946748,116,760.018554
1031.759226,227,760.50746
602.218956,137,760.795215
826.180959,151,761.645316
891.479495,170,762.001512
796.08144,156,762.327928
738.341953,139,762.613796
558.200085,106,762.827442
459.148329,95,763.027782
881.150819,169,763.378112
1391.843921,244,765.799731
493.408581,100,766.00653
822.950476,154,766.329297
965.845525,180,766.70435
721.026716,134,766.984653
1186.587606,225,767.451014
759.277679,172,768.351784
700.523097,129,768.623654
365.672908,86,768.80348
333.988524,64,768.933878
850.599244,160,769.258776
476.423706,107,769.477795
1193.364671,228,769.940312
738.631433,156,770.270528
1158.781458,209,771.250723
808.443952,153,771.572491
1403.884853,276,773.520385
826.843248,178,773.905313
567.224716,106,774.118907
1182.643604,226,775.113192
634.898089,121,775.362479
539.326177,112,775.591425
960.359289,178,775.967094
1130.24461,211,776.410919
1121.073271,214,776.856347
1060.041455,192,777.78365
556.069789,130,778.067051
662.597458,123,778.319357
758.386214,162,778.665174
864.315087,165,779.005149
1068.549342,197,780.649577
546.196846,116,780.899092
1008.879375,196,781.812621
718.484611,136,782.097435
1198.813392,227,782.57689
1010.553074,189,782.962907
886.580025,161,783.287689
541.4468,104,783.504251
1327.970561,257,784.53631
1530.087887,290,785.137861
566.621032,123,785.398558
542.556937,106,785.617357
868.116897,161,785.951265
818.047397,153,786.263391
1135.920217,214,787.13156
874.10863,171,788.944621
912.363717,168,789.291882
1419.506768,266,789.844676
887.254609,167,790.198641
1050.847259,193,791.00478
535.086339,122,791.258831
652.512779,116,791.501107
1020.19684,186,791.88034
841.148989,151,792.197668
1067.305747,195,792.608871
1002.111434,212,793.44803
521.77972,116,793.696908
1135.895407,239,794.209352
1127.942388,211,794.641329
1252.673184,244,796.458359
1014.763798,196,797.270159
707.099182,153,797.59615
930.22462,202,798.02131
1481.322238,290,798.641169
529.861429,124,798.905072
830.630161,159,799.230664
1659.509096,314,800.277469
695.49568,129,800.539734
786.859253,142,800.832452
869.939689,196,801.257642
721.80401,135,801.537513
873.964669,173,802.290767
880.922352,178,804.094233
820.21891,148,804.397624
961.127664,177,804.763698
1558.23607,319,805.430936
1051.325231,200,806.239237
771.113079,144,806.539346
588.944294,131,806.818125
785.302081,157,807.140347
677.186754,130,807.413341
619.117378,114,807.651271
714.02158,132,807.929478
913.415214,169,808.280899
861.873581,149,809.127824
1285.099435,233,809.606918
794.556326,152,809.926587
1272.422881,242,811.90986
1125.680094,209,812.350005
923.781616,178,813.240493
929.418656,194,813.651035
589.928638,110,813.883039
845.677321,158,814.215388
922.288453,173,814.577365
658.070546,119,814.817917
947.121444,175,815.718665
821.112784,163,816.065054
781.593699,166,816.414742
638.253309,125,816.67163
1169.986164,220,817.123228
873.284164,162,817.463113
830.504955,151,817.771453
865.884418,171,820.37071
699.969015,154,820.695463
957.173724,191,821.094467
596.087655,123,821.348429
1125.919665,210,821.781379
1073.166882,199,822.702547
1090.166342,202,823.127651
790.969455,174,823.511071
768.79511,146,823.825786
434.236049,102,824.040818
841.96056,161,824.36933
1071.131363,195,824.779272
867.315959,163,825.628836
862.192123,158,825.960894
709.710894,132,826.235021
988.434963,192,828.126965
625.800124,116,828.36401
1228.20812,225,828.850296
827.944119,173,829.740383
734.152637,151,830.054091
565.572984,131,830.338153
1177.199507,222,830.806419
871.408436,157,831.125933
829.132076,159,831.474844
970.878764,186,832.38997
1312.068991,266,832.954935
943.564756,180,833.337322
561.962451,130,833.623364
890.565712,163,833.959732
601.345652,120,835.686498
1189.320116,240,836.710286
1135.930669,232,837.198418
976.773302,201,837.614571
1123.484398,214,838.061114
681.255562,126,838.334852
1222.64103,234,839.369789
775.607379,170,839.731508
866.881795,176,840.108026
546.521652,117,840.358003
886.003767,195,840.783698
675.557033,129,841.052561
1588.921747,295,842.205621
864.63763,170,844.000291
1092.204059,206,844.4387
1113.709781,202,844.855225
524.989425,117,845.100909
1298.901043,262,846.172317
1189.853154,233,846.672137
760.168607,144,846.979825
678.671362,125,847.237041
811.267782,144,847.534312
1022.852516,185,847.929365
1652.34806,341,849.170408
531.376645,123,849.432687
321.485709,65,849.565617
517.601232,97,849.764901
1523.012837,310,851.858418
554.073206,126,852.123322
582.8121,131,852.935577
545.508152,105,853.157897
744.188411,148,853.478756
836.129192,156,853.807798
432.278258,102,854.029978
1647.682514,345,854.769066
779.888723,150,855.625944
1160.816362,223,856.095729
631.781844,129,856.373494
606.707753,115,856.615479
1029.030298,191,857.025496
1434.807511,282,858.140792
897.225754,163,858.495061
1137.798126,213,860.597047
717.349296,149,860.916815
1243.568439,227,861.397285
629.399581,117,861.637726
676.054879,128,861.910446
529.153829,102,862.644343
2200.175831,444,863.581108
952.478722,181,863.958133
947.693014,182,864.35061
972.872575,180,865.249251
793.800313,146,865.552407
1103.753676,199,865.973138
675.753057,149,866.28693
1092.854659,217,868.08198
1033.474741,186,868.471478
855.223701,163,869.336613
599.863389,115,869.580128
960.601998,213,870.037164
646.868393,139,870.336906
884.754623,171,870.695038
1055.365904,193,871.090767
931.113087,176,871.974927
533.703749,101,872.191863
826.566751,167,872.548589
959.010842,195,872.966279
743.554529,147,873.280093
1698.166509,316,873.948377
1435.241132,275,876.276266
950.153667,177,876.641526
971.983662,180,877.016582
430.627496,102,877.236522
597.474429,135,877.524057
934.813297,168,877.878613
386.803841,92,878.608897
416.268208,99,878.81939
833.752321,154,879.157122
1430.750723,259,879.702024
959.692619,187,880.092029
633.875026,130,880.362381
762.706725,143,881.198563
951.984376,185,881.585984
1036.209489,206,882.026865
722.29697,165,883.646969
708.942387,134,883.927933
610.000673,117,884.181885
808.110717,151,884.499775
1175.706214,218,885.494453
421.334294,95,885.694936
774.559252,146,885.996177
683.856769,131,886.266009
733.571148,147,886.572982
630.967829,126,886.836962
1281.700542,238,887.863633
1350.884796,259,888.435414
1268.715343,264,889.008541
825.754694,153,889.329871
762.442458,152,889.647305
942.771829,193,892.056416
1047.730593,202,892.478164
1212.141841,216,892.924238
1004.671091,189,893.32428
960.787449,180,893.697554
670.01589,138,893.988275
1054.250114,193,894.919622
1542.359722,294,895.54251
786.736899,150,895.850025
1027.419986,208,896.29132
611.990813,130,896.566435
1008.933228,179,897.477585
753.491677,141,897.776024
718.411013,156,898.097143
567.232494,105,899.680678
881.607657,175,900.049309
827.616344,170,900.401888
1448.791767,260,901.456609
1176.906135,234,901.956081
1039.060592,218,902.411711
1002.119889,180,902.781056
1192.834549,224,903.244843
807.935358,152,904.09636
780.997253,173,904.473585
732.380264,140,904.77522
808.584568,175,905.16413
1251.155547,239,905.66308
810.528849,150,907.41635
732.691958,135,908.219677
758.577985,146,908.52198
1221.330731,265,909.0768
1767.912358,328,909.76918
832.16146,155,910.098285
744.860938,144,910.916052
727.362568,143,911.210012
857.6264,165,911.552141
687.597883,132,911.830923
695.57326,154,912.15829
684.676691,125,912.418197
771.001063,144,912.713763
1140.091673,209,913.659905
1072.933323,212,914.111159
931.578287,187,915.934414
903.394282,175,916.309588
949.50863,187,916.698746
1142.167103,226,917.705511
1034.438125,192,918.114067
1017.009256,208,918.55519
818.486133,154,918.877307
1338.948587,239,919.3625
1126.308953,220,920.34392
983.155983,190,920.75147
1437.282685,263,921.30433
723.760157,152,921.633403
772.959893,161,923.467851
492.022747,112,923.716015
724.026739,134,924.512696
736.654346,136,924.790753
1163.726096,219,925.256613
1554.956024,288,925.855713
865.801736,174,926.213372
794.473797,152,926.536021
1075.494556,225,927.553873
633.652008,115,927.795962
726.576832,150,928.117107
758.556665,152,928.439393
592.776026,131,928.729352
840.748551,154,929.054856
985.082871,189,929.98901
1747.433133,321,931.958253
1238.94365,234,932.449614
546.921005,106,932.670333
1340.525055,264,933.230786
831.981722,149,934.057359
933.906331,173,934.410303
691.630229,131,934.681953
643.301316,149,934.994874
1673.886058,327,935.688438
962.435765,187,936.576381
435.989841,83,936.743851
736.939468,149,937.065257
1027.580432,215,937.525392
893.586989,167,939.403361
693.381659,143,939.696806
1063.906408,235,940.694282
1235.998095,224,941.15672
1794.490479,335,941.866668
763.651479,144,942.173159
1052.06758,189,942.567207
836.734443,167,943.439359
831.624065,158,943.761824
759.743456,138,944.055051
842.166231,157,944.381511
1166.24828,239,944.894158
1058.138052,199,945.314554
630.798361,141,946.145631
799.860254,150,948.377815
755.388367,141,948.669897
1438.423773,267,949.220885
1216.837137,231,949.703843
1010.863488,211,950.669387
705.478105,128,950.942007
926.086319,166,951.299281
1000.245177,187,951.691041
1582.326294,300,952.322743
1224.490399,231,953.324861
752.29483,141,953.619743
1180.286223,236,954.119842
812.816925,157,956.300414
571.584498,120,956.552467
707.671271,132,956.829477
680.823414,158,957.166343
1112.443405,204,958.115427
1211.785193,232,958.60014
1015.287735,183,958.976269
730.848528,133,959.25406
643.933113,121,959.503361
827.864325,164,959.844359
1178.138421,219,960.829522
1094.141586,201,961.24703
949.946745,188,961.640631
665.742277,125,961.898427
521.779484,116,962.141634
1048.494581,201,964.20746
722.10831,141,965.013367
766.977474,146,965.322726
1268.280668,244,965.839496
741.474964,137,966.133785
932.089425,169,966.486626
716.579901,132,966.763622
977.337897,182,967.665656
1046.131963,200,968.084297
578.297176,129,968.361166
1171.227553,214,968.80166
929.242105,171,969.158386
807.861924,145,969.463185
962.684682,172,970.356547
1195.525055,243,970.874975
814.756724,171,972.726206
965.380888,173,973.091261
1082.720348,213,973.544158
906.137796,166,974.424502
804.463743,151,974.75545
906.036867,165,975.106207
1376.546913,256,975.655293
794.613022,148,975.973486
1552.90674,288,977.110433
1080.500645,207,977.554412
972.749844,198,977.976305
829.482465,160,978.311166
1021.51583,197,978.728455
1247.463192,241,981.407478
749.414649,168,981.769702
793.891893,152,982.083911
995.546755,173,982.440884
950.788938,179,982.810836
601.62706,113,983.041593
1081.866742,205,983.473821
708.660317,149,984.306145
1131.535547,221,984.775561
928.966873,166,985.127285
1197.490067,244,985.640594
918.956323,175,986.016939
1061.171658,201,986.951623
868.822096,161,988.669841
957.574042,189,989.072132
1337.142179,255,989.604131
494.779848,98,989.807534
917.378798,182,990.184949
1650.54401,309,991.341677
645.333563,123,991.606678
1454.43058,290,992.222429
821.396732,175,992.591558
1219.426241,227,993.602352
1246.895362,233,994.105048
887.819491,156,994.434368
982.711466,181,994.82232
822.631421,151,996.598721
752.115081,149,996.908696
973.473915,182,997.802391
1428.586814,268,998.360261
1323.111464,239,998.859878
925.652021,201,999.288978
851.379313,178,999.658147
1083.017154,195,1000.589514
670.496746,136,1000.875839
418.191089,101,1001.084614
874.212929,183,1001.468478
883.796331,165,1001.822412
796.905032,163,1002.157705
1025.257083,189,1003.068815
1088.838492,216,1005.389495
754.415513,147,1005.69708
1255.993521,229,1006.181153
1516.463803,279,1006.763291
1191.572001,223,1007.757357
749.632213,137,1008.051446
557.436946,106,1008.278667
1350.378089,256,1008.813904
1035.869256,197,1009.215462
660.986502,148,1009.539197
610.318859,138,1010.353353
1072.666982,205,1010.775473
1274.519695,248,1011.311512
875.183118,181,1013.338622
1467.244782,275,1013.908943
1001.969083,206,1014.880924
920.923579,178,1015.246813
1496.587596,282,1015.836919
802.747658,160,1016.169258
1537.138906,293,1017.282424
815.534854,151,1017.596622
546.695354,122,1017.856395
845.209514,178,1018.24297
1320.778805,248,1018.764623
963.005691,173,1019.118982
1146.894726,214,1021.813146
931.70332,176,1022.184532
1298.679136,253,1022.709572
1052.514644,205,1023.137651
1525.044666,272,1024.21124
1984.482627,381,1025.002774
969.671368,204,1025.435715
970.96183,194,1025.843562
868.619449,165,1026.180824
970.029495,177,1027.055319
860.620475,157,1027.376502
706.433368,147,1027.690783
1158.902899,215,1029.77326
986.868848,182,1030.150289
906.177939,175,1030.518877
828.939005,171,1031.388198
1280.24566,249,1031.9149
1779.388188,329,1032.600646
535.823119,124,1032.860999
1694.102588,339,1034.033933
1075.948591,211,1034.488281
1585.426704,298,1035.11174
1332.232685,241,1035.629215
962.726593,180,1038.043596
894.844942,167,1038.386536
1431.920891,278,1038.971561
1167.002549,217,1039.418882
1125.393594,231,1039.913779
1033.776587,192,1040.719655
1333.093564,254,1041.249382
858.972788,157,1041.584413
748.046726,136,1041.865801
824.647592,164,1042.216342
1315.593562,273,1043.193657
1290.439988,240,1043.693905
828.30899,181,1045.659224
1738.074633,341,1046.364551
735.928808,138,1046.645886
642.868208,142,1047.355005
1133.897434,220,1047.826201
640.761956,146,1048.139209
848.679551,158,1048.464951
811.759198,151,1048.778959
643.361896,118,1049.022663
1322.556051,243,1049.945781
576.749118,109,1050.190217
1038.814009,199,1050.604235
1325.992211,250,1051.120319
837.699725,176,1053.519978
849.570551,171,1053.889635
987.074224,204,1054.828749
657.959757,124,1055.087793
981.052424,190,1055.480839
1196.537242,229,1055.952001
1671.011251,298,1057.075705
1279.112163,237,1057.558266
1548.43276,286,1058.147161
1142.416607,225,1058.620722
695.298488,132,1058.893942
1385.01324,274,1060.015489
964.961909,169,1062.148753
905.869507,190,1062.543206
702.233085,138,1062.83333
1243.347518,225,1063.30033
1054.158672,188,1064.084078
964.985329,183,1064.466348
1239.249965,241,1064.958661
1003.631296,192,1065.356656
1029.74672,190,1065.748064
1072.787564,211,1066.604217
1840.334762,340,1067.304217
766.652356,165,1067.660867
903.796313,168,1069.769368
1893.354178,337,1070.876899
2388.38953,442,1071.823804
1552.047255,296,1072.45006
1111.969578,206,1072.8741
739.091941,139,1073.561806
1365.633395,260,1074.107975
760.829718,145,1074.41092
792.019168,142,1074.702638
707.812852,150,1075.014243
963.791873,180,1075.388645
638.390656,128,1076.062999
1006.787318,200,1078.217486
2369.642598,464,1079.184267
725.173134,152,1079.497516
1069.546962,214,1080.353109
1736.097731,339,1081.053985
956.632627,179,1081.41842
1039.610081,190,1081.81042
1086.027948,197,1082.217837
925.635646,204,1083.044783
1363.455203,277,1083.631009
2021.954141,394,1086.34736
1143.799977,220,1087.211313
926.359149,188,1087.624184
887.797,165,1087.967979
802.004119,171,1088.326145
888.587775,178,1088.694235
1542.830345,288,1089.29833
717.679619,137,1089.985204
1140.939237,228,1090.467871
1031.20077,192,1090.859114
1064.494708,200,1091.274177
1278.453384,244,1091.784264
1280.41105,234,1094.334826
1736.405186,334,1095.027303
944.931696,200,1095.455014
947.921508,182,1095.840345
1139.665129,216,1096.693359
1202.063452,223,1097.16249
1989.21979,387,1097.975434
1770.779433,328,1099.063146
698.726895,130,1099.329294
1057.560201,203,1099.752668
1190.324304,229,1102.064665
1035.411023,201,1102.47871
834.576947,159,1102.805809
831.633848,154,1103.532217
1482.018636,314,1104.205034
1110.510202,216,1104.664362
891.592137,164,1105.00277
644.488452,144,1105.311301
1408.179122,291,1106.33777
1232.096476,255,1106.867664
1491.656941,277,1107.45464
1598.22435,291,1110.151766
1024.592645,191,1110.959378
1096.451264,201,1111.37556
1288.474646,235,1111.862939
2109.582675,397,1112.699221
794.392459,141,1113.402508
1088.154655,209,1113.848503
1483.503839,283,1114.431455
778.707147,142,1114.724211
1009.906809,185,1115.104635
508.631473,119,1115.768388
1427.17633,278,1116.341614
1334.612981,235,1118.847766
1339.501712,243,1119.35111
1035.449363,193,1119.745198
816.732443,175,1120.525648
1046.272011,210,1120.97641
854.484894,172,1121.334269
962.052794,200,1121.753055
2372.854915,480,1123.17505
944.106615,184,1123.550646
924.84535,176,1123.90744
699.974893,150,1124.224988
770.707257,150,1126.384735
676.747984,148,1126.703078
1229.079194,233,1127.591395
1198.738912,223,1128.058305
1102.947444,216,1128.518839
2410.443779,447,1129.846819
1133.186109,233,1130.33662
1638.108145,317,1131.007362
667.707244,148,1131.332047
1677.986093,302,1132.386343
1905.126673,370,1135.041866
1000.815746,194,1135.451113
710.466265,138,1135.73526
1709.083322,317,1136.805113
1377.902852,254,1137.336779
474.975872,106,1137.566072
1218.841701,222,1138.025474
762.873507,155,1138.349656
905.169572,191,1138.761774
1111.445071,202,1139.609551
1375.36406,266,1140.173388
1455.605752,275,1140.741092
1063.790948,204,1143.040072
1429.358357,274,1144.023628
613.164807,122,1144.277984
846.626236,175,1144.644579
677.411541,130,1144.91838
746.831204,164,1145.26399
1285.232816,243,1145.773082
1153.842503,243,1146.710681
639.095837,127,1146.983036
1436.092049,256,1147.531328
1160.664305,208,1147.962556
970.785522,178,1148.341556
1477.093075,265,1151.262706
1162.090741,232,1151.745461
1615.893052,312,1152.396056
1168.15231,213,1152.833912
2016.615222,369,1154.017526
849.548431,184,1154.409901
855.84955,165,1154.758251
838.795694,186,1155.150771
704.432479,131,1155.421932
1928.974466,393,1156.66488
1448.888856,276,1159.127987
1688.183835,309,1159.776932
1206.314302,217,1160.631719
1324.854068,257,1161.176075
1974.479111,387,1161.993293
765.880482,157,1162.326401
916.79887,180,1163.124292
1003.965131,189,1163.524768
1165.693896,220,1163.98485
1581.344101,283,1164.579692
921.393856,170,1164.931788
720.110179,131,1167.706746
625.459536,117,1167.942099
615.867043,140,1168.249497
897.42226,177,1168.624549
815.217302,157,1168.95612
894.210404,182,1169.343378
885.956266,198,1169.764907
1764.390954,339,1170.917292
973.209042,177,1171.287322
1154.6406,217,1171.740671
1112.400718,200,1172.156591
933.497777,180,1172.940296
1011.080573,182,1173.315902
1429.679875,260,1175.83191
1403.623649,258,1176.366995
2687.753308,482,1177.784092
943.73907,186,1178.178951
1395.781578,257,1178.724454
1546.394284,305,1179.388018
1204.493793,214,1180.243675
1249.495168,232,1180.727275
636.263117,142,1181.030764
1404.860683,274,1181.610412
801.778779,174,1183.967168
1310.740802,244,1184.881703
1183.510794,215,1185.337946
729.798047,156,1185.667805
1352.946574,251,1186.183411
1562.248419,287,1187.19551
818.575629,156,1187.523701
685.755088,142,1187.826806
1170.657185,211,1188.275188
979.831907,204,1188.723792
965.212381,200,1189.143181
657.988465,148,1189.869989
1358.40374,255,1192.58689
669.851631,120,1192.838247
1554.569522,314,1193.5092
1165.92215,227,1194.410288
2015.655974,369,1195.172285
1311.914795,247,1195.680083
1160.188418,220,1196.129261
1582.77733,303,1197.168323
1197.771236,229,1197.649355
1584.209761,310,1198.301058
1840.973233,339,1201.315409
684.687206,152,1202.042592
1589.233158,307,1202.686831
3682.751497,707,1204.562776
733.80249,153,1204.884992
816.908925,157,1205.215541
1283.004671,243,1205.750605
1231.886516,238,1206.255177
1328.766433,235,1207.149767
957.79036,174,1209.540908
2576.196719,517,1210.629336
1101.525108,218,1211.511916
1259.632815,256,1212.047841
3817.57889,698,1213.495725
1613.489752,305,1214.537616
1024.05643,182,1214.922307
1278.000738,264,1217.530825
1303.699461,243,1218.033649
1476.061253,273,1219.002718
1371.132838,265,1219.56641
883.839471,166,1219.923333
1444.294329,263,1220.477444
1690.138336,338,1221.615632
1332.822165,250,1222.136696
1646.219107,306,1222.773537
1237.998612,238,1223.261013
933.433745,207,1226.134074
658.017598,124,1226.391956
1614.078902,293,1226.997775
1163.060221,237,1227.502462
1252.167132,231,1228.374796
767.827486,173,1228.762675
960.809317,203,1229.191597
2092.418073,437,1230.135672
1703.432903,322,1231.215844
818.782047,145,1231.518054
2028.215864,387,1234.528082
776.598659,142,1234.822378
1082.341995,211,1235.280832
1300.26707,255,1236.225188
766.451625,142,1236.523852
441.999875,103,1236.757589
1403.924449,262,1237.308706
1645.348133,333,1238.421091
1278.836228,233,1238.924427
1721.651021,343,1239.65248
2921.944819,532,1243.606106
605.812915,133,1243.886952
829.632359,175,1244.258689
1526.099625,277,1244.834543
1146.575137,211,1245.278234
1316.217745,248,1246.206319
789.265076,163,1246.549224
1275.770068,254,1247.075217
1361.5357,249,1247.600982
1027.979522,196,1248.409919
1228.627895,224,1248.879926
1390.204215,280,1251.72229
1181.598651,221,1252.17407
2237.826093,416,1253.436263
1629.362538,318,1254.092255
1592.317025,310,1254.741757
1295.80124,230,1255.218052
828.724378,182,1256.018617
769.085446,141,1256.311213
1243.682794,221,1256.764631
1276.524192,255,1257.298604
1477.537551,302,1260.653214
1731.786895,318,1261.31498
1132.46246,208,1261.746571
2084.14982,398,1262.583091
1211.444647,218,1263.444091
575.075154,108,1263.675027
1422.349166,273,1264.259986
513.268885,98,1264.46337
907.878773,173,1264.828633
938.145931,175,1265.198431
1440.243954,272,1266.162563
1593.981785,285,1268.798034
757.433297,145,1269.101524
1406.555923,258,1269.634766
1157.966942,219,1270.490882
993.744954,196,1270.89681
1221.427399,229,1271.377677
1328.311329,253,1271.892502
805.710094,166,1272.24423
1650.54744,293,1273.242317
1308.674616,237,1273.726018
999.61022,212,1274.171904
607.87381,137,1276.678315
1538.601378,284,1277.668755
2364.71685,432,1278.573486
756.323557,142,1278.875449
1287.581283,238,1279.374491
951.96022,174,1280.139527
766.397126,174,1280.509165
2127.023842,401,1281.348701
1553.537589,277,1281.924737
1150.109277,209,1282.750382
1664.287404,312,1285.869605
1194.23137,231,1286.375577
1596.158846,289,1287.008545
1742.918955,319,1288.101749
1209.716203,247,1288.631525
1291.233875,241,1289.140155
2092.883155,409,1290.409485
958.659807,179,1290.778915
1479.921713,272,1291.353364
1327.094046,237,1294.228998
1833.123398,348,1295.363042
2640.936139,485,1296.385964
1051.793739,217,1296.850396
1505.791311,264,1297.799432
1373.593606,256,1298.347659
1277.929794,231,1298.820118
1021.6218,215,1299.278632
651.381082,134,1299.557543
781.420562,150,1299.864293
835.306112,156,1302.628769
1082.113115,214,1303.070765
976.760457,175,1303.431631
827.172914,149,1303.743866
1620.172509,302,1304.363427
1163.613023,223,1305.22629
1151.705742,211,1305.66167
1534.807719,287,1306.257926
2224.022685,398,1307.481903
2963.010679,539,1311.23436
668.980399,144,1311.545336
965.984825,181,1311.914915
844.772511,157,1312.640402
2522.818893,470,1313.629129
714.789128,148,1313.935478
643.969626,119,1314.187936
2455.726136,443,1315.516737
1852.952261,336,1316.215876
1188.367882,212,1316.650848
759.311903,148,1316.961651
1690.822235,301,1320.444223
1127.875941,212,1320.896148
1625.135752,324,1321.580809
1298.554497,251,1322.101509
924.113098,185,1322.890018
1645.372997,305,1323.529557
1993.641008,352,1324.259208
1102.05446,216,1324.720124
1681.506182,321,1325.792034
542.108655,98,1328.701014
1126.829997,206,1329.123453
1041.284085,212,1329.574644
1151.517174,243,1330.480873
1358.365857,264,1331.033649
878.119314,164,1331.387949
1725.101416,343,1332.111178
812.711078,145,1332.413055
1226.360977,234,1333.298257
2978.686406,567,1334.495548
2804.973892,518,1338.188506
764.137514,165,1338.531269
2880.538347,518,1339.604944
1166.027597,226,1340.471454
1330.890528,246,1340.98209
1512.413354,274,1341.556159
1104.037843,215,1342.007543
2268.510326,409,1343.243689
755.624779,137,1346.391723
745.75902,156,1346.714469
1366.518449,253,1347.242464
1088.894705,200,1347.660535
1635.21789,299,1348.676536
1843.355855,367,1349.461283
1010.983925,195,1349.864158
1359.509534,244,1350.772395
1615.442186,308,1351.427828
1084.730089,212,1351.866596
1497.250054,309,1354.821504
1333.932084,248,1355.733571
3921.725155,730,1357.248553
1714.547295,313,1358.296096
882.915543,165,1358.636078
1301.798702,264,1359.193721
1839.939021,343,1359.906001
1224.749671,228,1360.7712
1125.425592,207,1363.743963
1452.549889,265,1364.303175
1512.784994,283,1364.903262
2065.735587,389,1366.225429
1183.601832,220,1366.683908
3562.089739,653,1368.45543
882.7748,167,1368.801868
2172.605839,437,1372.071896
1959.687164,376,1372.844585
979.747463,203,1373.657393
2369.947381,456,1374.61233
1041.868247,208,1375.055569
1051.354962,196,1375.871815
870.431276,184,1376.274146
1048.522317,202,1376.701765
2396.873567,435,1377.610463
907.356125,190,1381.109518
1891.932386,342,1381.817991
1139.503055,249,1382.343712
626.576437,115,1382.581841
503.788252,117,1382.832114
857.205019,155,1383.160069
857.005976,184,1383.936315
2134.247667,410,1384.792134
1513.501464,268,1385.35448
936.644003,197,1386.188934
2267.775698,442,1387.118984
1579.020466,287,1390.124208
1392.118099,269,1390.700263
767.134351,158,1391.434764
1493.174634,261,1391.967947
1486.673449,275,1392.541494
1810.285856,330,1393.216575
1249.762142,229,1394.079902
1290.869717,257,1394.623609
1051.255435,197,1395.028602
777.304598,168,1395.375235
1897.641288,346,1399.21178
2002.88595,364,1399.976977
1851.916241,352,1400.713641
1254.41829,247,1401.721248
1312.954592,257,1402.260572
1328.142553,268,1402.820951
1029.012085,190,1403.213782
1100.384096,198,1403.632612
1230.078942,234,1404.518509
3237.738569,607,1409.155827
1084.956817,199,1409.96727
951.620488,172,1410.32327
651.482212,126,1410.587227
1615.731435,287,1411.196212
1708.524599,321,1411.869348
2098.842233,356,1412.997272
3054.87672,550,1414.133061
1404.66994,261,1418.468248
1373.932076,247,1418.965676
3443.355198,638,1420.309269
1090.201349,226,1421.181813
1303.502256,248,1421.695251
1134.690408,220,1422.161469
3621.47644,667,1427.392702
749.456675,138,1427.67959
795.557397,150,1427.990267
1054.431025,198,1428.406624
1351.326646,267,1428.968951
1671.550645,316,1430.033201
1486.788924,301,1430.675903
2085.012222,380,1431.466228
2053.901965,371,1432.665777
588.101399,130,1432.938562
1540.646868,282,1436.391301
1000.521825,187,1436.778989
1527.271446,288,1437.773078
5473.399076,1000,1440.248459
1689.041355,322,1440.916235
1577.644337,286,1441.509648
1703.821683,305,1442.541682
888.564321,177,1445.958211
1810.383236,324,1446.622597
1747.905681,338,1447.337516
741.034129,161,1448.201216
991.701917,187,1448.587623
1691.187011,333,1449.29877
1479.533044,294,1449.92994
2496.535073,434,1451.236493
1434.712207,284,1451.822601
2755.164635,505,1455.485557
1385.120993,252,1456.527179
2762.908716,525,1457.624377
1879.462599,362,1458.8623
627.208765,117,1459.100834
3256.414439,635,1460.425416
2381.299883,415,1464.248072
2275.999117,419,1465.12794
1658.58998,306,1465.762311
1326.316248,247,1466.753853
795.92153,145,1467.046287
1870.117035,342,1467.768843
1094.645197,194,1468.171483
1823.106806,328,1469.385254
910.02854,195,1469.800528
1944.832982,337,1473.101182
1258.762969,252,1473.640682
2740.043335,515,1475.130295
2213.901887,446,1476.067605
1330.487824,248,1476.975626
1636.222279,298,1477.611205
845.238889,153,1477.927768
970.76759,210,1478.381037
3493.753772,625,1483.50937
688.945202,130,1483.780761
1704.327795,317,1484.437982
1781.193642,336,1485.642861
1260.696045,238,1486.152427
968.642865,179,1486.520213
1151.053489,222,1486.991825
1402.306391,297,1488.028072
2665.329024,479,1492.344549
2704.620619,525,1493.965462
1182.772684,207,1494.403738
720.643335,132,1494.691125
1360.461495,267,1495.249805
1315.455628,243,1495.759154
588.051746,108,1495.980242
1159.276565,215,1496.959649
3903.950133,746,1501.990892
2290.849414,457,1503.486679
1185.490225,256,1504.036468
4380.233274,808,1506.127922
1588.235464,297,1506.756543
1028.235745,224,1507.240575
2325.249227,455,1511.531355
1391.596163,259,1512.07502
1133.968842,223,1512.544235
801.018644,173,1512.907002
3398.204623,630,1514.612346
1707.806278,335,1515.310315
2480.911375,453,1516.661397
2206.815365,406,1521.401288
1635.924859,297,1522.41753
2277.001205,415,1523.270271
3158.368127,568,1524.886923
2368.197641,446,1525.80866
1602.359549,290,1526.409188
3479.18954,643,1532.29197
2699.632267,529,1533.406283
1055.877695,198,1534.214893
2322.723632,413,1535.07166
967.312966,175,1535.439019
1084.91716,222,1535.898825
2709.352265,510,1537.351005
2045.995736,386,1541.8504
1164.244697,247,1542.371072
869.404173,159,1543.107644
1168.047433,216,1543.563425
1526.653787,314,1544.239109
2561.650973,465,1545.626637
745.048875,146,1545.937728
1223.248488,224,1546.393713
1502.511324,272,1546.957589
1512.675818,288,1553.479316
2231.058331,423,1554.373064
2873.663783,534,1555.499051
1756.226305,338,1556.740228
1030.17665,212,1557.20947
1159.086175,242,1557.717625
1256.430272,232,1558.206377
1228.057232,218,1559.213374
1416.48958,256,1564.190878
1702.11883,332,1564.884697
1181.845375,215,1565.330927
5421.470087,1000,1567.912008
3635.831999,677,1569.838746
3646.947,711,1575.283343
3743.229283,697,1576.718623
1384.420396,288,1577.837326
2294.712974,410,1578.696059
2901.519427,528,1580.283414
3725.359491,679,1585.55339
1989.439917,374,1586.829273
2547.884378,458,1587.787359
2331.301067,438,1589.202769
1555.729713,293,1589.814574
2292.202106,439,1595.644902
2915.504653,530,1597.241455
2446.45126,446,1598.180063
5492.89522,1000,1600.78182
2516.673756,493,1606.544657
1322.778524,279,1607.143468
941.332822,169,1607.49017
641.604392,140,1607.780293
1776.466207,343,1608.997217
2567.455417,494,1610.011203
2033.178633,398,1610.836525
1826.358183,356,1612.11951
3771.428686,715,1617.867663
901.305536,183,1618.246872
4852.925829,860,1620.554375
597.765641,114,1620.796797
2161.223258,426,1621.687808
2156.2007,404,1622.536093
1727.163972,332,1627.259303
2660.788409,508,1628.325614
978.802497,203,1628.751173
1097.021454,219,1629.720019
2205.564654,401,1630.566248
998.548436,196,1630.9828
755.703251,156,1631.307866
2435.451486,463,1632.785664
2015.978909,357,1637.032122
4273.441525,743,1639.095901
3728.354116,688,1641.054939
1055.418044,220,1641.516443
858.491584,158,1641.836328
1131.858954,218,1642.289989
2206.524304,432,1647.483865
1318.659583,244,1648.003875
1100.484105,240,1648.519542
1445.930234,289,1649.131319
1119.345796,219,1650.007305
1390.83086,253,1650.525799
2478.262465,440,1651.433677
2747.197781,500,1652.867073
1072.485695,191,1657.015988
1484.796256,293,1657.644012
2228.926632,421,1659.029234
1757.584267,313,1659.676861
829.610296,148,1659.984762
3941.521524,701,1661.998517
987.261398,182,1662.389683
2544.790763,450,1666.855825
833.669921,152,1667.685321
2115.934534,370,1668.449349
1707.574761,325,1669.127466
3188.609718,585,1670.854518
2837.275697,523,1671.937497
1315.102647,244,1672.967486
1645.294821,323,1677.081372
2207.861774,432,1677.97426
1898.206861,362,1679.237533
1991.162764,360,1679.989024
2026.344842,355,1680.715818
1709.004889,323,1681.900248
2533.037284,438,1682.810806
1962.154685,348,1687.04581
1706.83694,359,1688.31203
1643.622592,292,1688.908529
1421.85963,257,1689.433159
1708.304661,304,1690.597189
2091.680424,381,1691.393273
2096.921802,404,1692.245354
874.845047,166,1693.11194
1341.848339,256,1698.699481
2702.129151,483,1699.698157
1341.686181,236,1700.200072
2204.25249,399,1701.537932
1737.394213,298,1702.150647
1724.76672,328,1702.822873
2385.754637,438,1704.250946
2491.852192,461,1708.320591
1029.01646,214,1709.290223
681.772662,155,1709.622522
2211.859682,429,1710.52007
2493.274731,460,1711.966947
1906.187689,356,1712.709272
779.532902,147,1713.016341
1962.619524,381,1713.825673
1663.517404,316,1719.108043
1907.795401,350,1719.835752
1452.913825,276,1720.421659
1888.300035,367,1721.671958
2048.560033,376,1722.448078
1789.528452,329,1723.128383
1393.213038,258,1724.051394
1039.941904,191,1724.451337
1689.942997,346,1729.30987
2943.199541,536,1730.804527
1533.689431,281,1731.387669
1657.310058,300,1731.996312
1604.887957,303,1733.028257
3229.919277,599,1734.258903
2796.554497,506,1738.961627
1848.563918,366,1739.74333
1745.705771,336,1740.436214
1465.748087,278,1741.507917
2317.591882,421,1742.390464
1811.350227,344,1743.1023
1077.902908,204,1743.908784
1926.812948,360,1748.710883
3367.922561,622,1750.518314
820.875048,150,1750.825785
2772.439559,496,1751.837757
3465.931951,646,1753.710245
1645.678991,314,1754.382717
1214.07796,226,1758.506753
2277.818437,418,1759.872306
1607.899429,323,1760.535518
3967.432865,723,1762.521223
913.309946,181,1762.897151
2176.65613,408,1763.742738
1322.012527,252,1764.650112
2043.860825,377,1768.658597
946.893298,177,1769.021775
1151.865851,227,1769.511892
733.692777,137,1769.79206
1835.861741,373,1771.090714
2083.021959,381,1771.872804
1879.795661,368,1773.162652
1247.994958,247,1773.671661
972.475631,173,1774.026539
2299.585877,412,1777.700078
3428.147849,621,1779.501866
1575.434312,295,1780.120655
2521.561578,483,1781.537272
1802.282939,338,1782.242344
1256.5002,258,1782.79507
2253.453584,393,1788.063888
3917.945452,738,1789.598605
2209.874903,395,1790.831938
3761.281883,703,1792.316303
4763.187479,867,1798.196589
1631.861103,298,1799.227994
864.130385,156,1799.548558
2154.53734,403,1800.387444
3066.600378,556,1801.951025
2112.180474,434,1802.869172
1252.68323,225,1803.333178
1773.664255,324,1808.382492
1242.602861,222,1808.846702
1652.589585,310,1809.508417
1224.720615,235,1810.011604
2984.00239,529,1811.512417
1063.653943,220,1811.974348
1846.355211,329,1812.644026
1669.383317,313,1813.758528
978.808026,171,1817.624436
1410.710666,260,1818.166727
1455.95307,269,1818.730354
3370.166032,635,1820.588935
1447.981659,275,1821.151521
2003.408062,370,1822.437435
1926.412497,382,1823.234143
5637.435493,1000,1828.417697
1161.622145,212,1828.859092
2361.162742,434,1830.165406
3669.118269,684,1831.587226
2627.849989,475,1836.228303
2285.719997,444,1837.164523
2212.324929,416,1838.528538
1648.779195,296,1839.14419
652.588171,127,1839.406985
4476.42584,816,1841.578337
1008.690596,184,1841.980588
1489.770083,269,1847.07304
2492.94454,430,1848.464032
1794.996605,328,1849.14074
2967.078589,584,1850.865559
1622.302276,290,1851.470666
1864.453121,345,1852.174691
2390.181131,463,1856.669005
1551.353123,281,1857.245347
1699.099537,337,1857.945107
1545.9088,285,1859.077163
1187.121901,226,1859.624624
1950.58338,356,1860.462282
2993.224287,535,1862.235758
1872.292455,330,1862.930745
5424.614852,1000,1868.97825
1015.069707,186,1869.361503
810.282002,156,1869.70503
2684.241994,466,1871.229563
1514.652185,275,1871.803804
2067.930284,376,1872.582662
863.55749,165,1873.446283
1365.256565,269,1878.256933
813.414405,145,1878.554251
2052.541223,372,1879.32493
1443.732326,276,1880.38211
2024.904865,370,1881.159633
1315.249595,238,1881.653522
2351.895416,420,1883.032453
1478.422202,299,1883.661923
1268.266554,248,1887.981424
5543.334095,1000,1890.573229
1578.372634,304,1891.205805
2039.889236,376,1892.523876
1959.197938,356,1893.254245
1377.412068,251,1893.774457
1995.69008,362,1899.42723
1715.165467,318,1900.081129
2878.293363,530,1901.726365
569.642466,127,1901.995066
1896.192604,345,1902.711022
1637.523493,296,1903.3166
979.425895,194,1903.714468
2115.872064,405,1905.086375
1159.592984,216,1909.631795
1244.143393,256,1910.176073
4521.237539,842,1912.463449
1262.008008,237,1912.952906
5544.947234,1000,1920.044582
5530.128784,1000,1922.53263
2066.545995,372,1923.706922
1730.325492,349,1924.453743
1008.157149,186,1924.844894
740.360542,163,1925.186999
1788.337706,324,1926.263859
1359.832146,245,1930.227263
3518.229931,640,1931.942131
1558.659096,277,1932.507237
1956.934071,361,1933.244815
2202.720298,397,1934.480359
2794.479639,517,1935.56502
2507.992347,480,1941.758965
3066.083176,559,1942.905294
940.972284,172,1943.268205
2812.7314,524,1944.89327
5332.036344,1000,1950.71943
848.709918,155,1951.036487
3483.569296,626,1952.73392
4284.799946,784,1954.36376
2595.400914,465,1955.739342
1111.867802,205,1956.164354
2092.249045,373,1960.070204
2726.179519,515,1961.547639
2579.711922,473,1962.537597
3038.408282,559,1964.088643
2109.882691,380,1964.870804
3832.869775,703,1970.705048
2761.64016,504,1971.766444
3375.264729,623,1973.495273
1108.239639,233,1973.991242
3238.880405,607,1975.676434
3124.411676,589,1981.878135
1511.310299,290,1983.002063
2288.426516,427,1983.91875
3316.620781,597,1985.630979
3494.357346,631,1986.931469
2308.805316,428,1993.364132
5216.937589,939,1995.73507
3229.732315,586,1996.958891
2098.163098,407,1998.215755
1322.598454,265,1998.762244
2662.369746,489,2002.8321
4297.60561,799,2004.901636
445.287374,87,2005.082286
2126.072245,392,2006.317487
3986.423116,732,2007.849555
1689.484812,311,2012.75347
3162.635592,573,2013.9396
1231.440183,218,2014.406745
1238.917287,246,2015.44548
954.267458,197,2015.86451
700.953977,142,2016.163081
1195.451463,217,2016.609869
2512.433874,450,2018.057324
759.370175,148,2018.366881
1640.095761,288,2023.169676
3007.764353,539,2024.806891
2558.13222,477,2025.799691
5020.792374,908,2028.224716
2697.600994,491,2033.619392
2222.382961,411,2034.980533
1931.895617,357,2035.718321
2754.42875,495,2037.255035
2848.527683,514,2038.320221
2191.747219,399,2039.140426
2022.829899,353,2044.322004
2912.571319,529,2045.420932
2100.160531,379,2046.724478
1332.04933,270,2047.290087
894.963687,174,2047.655225
2150.222478,391,2048.987734
1397.18361,258,2049.527026
1399.701729,250,2050.04582
1057.226118,223,2054.387603
3485.038185,621,2056.156149
2378.144078,427,2057.036586
1008.065622,185,2057.417968
1322.872015,267,2058.476155
3702.377131,670,2059.865084
3713.296954,667,2065.898887
1061.130444,215,2066.360063
5515.425043,1000,2068.930006
1553.202979,298,2070.091347
2087.495856,378,2070.871166
1375.738398,267,2075.853271
1264.611815,256,2076.387834
1267.552009,230,2077.376335
1204.584397,222,2077.834804
1605.825163,301,2078.444762
2176.193365,422,2079.827202
2055.105429,400,2080.676284
2558.076813,450,2081.607224
2236.109733,419,2089.073797
1430.694596,278,2089.649835
1219.196933,218,2090.097787
2688.876263,503,2091.686087
859.698228,155,2092.01771
1141.280025,206,2092.449303
2662.942366,492,2094.003067
1082.126356,223,2094.476485
1843.625853,343,2099.727879
889.514609,191,2100.132434
3014.845592,547,2101.782048
2689.341966,477,2102.781482
1228.865495,252,2103.841777
3948.776469,721,2105.332143
548.0469,125,2110.199819
2990.510484,555,2111.765413
1557.354738,316,2112.429585
2066.946376,367,2113.581636
1826.972055,337,2114.278163
860.416119,163,2114.615621
2543.555273,479,2116.12849
1266.410829,253,2121.695842
2359.15983,438,2122.60747
1363.326716,276,2123.18036
2844.58527,513,2124.785767
2878.371627,533,2126.43385
1498.547667,273,2126.999355
2456.899131,447,2133.297401
1391.74642,252,2133.8252
734.967426,138,2134.661083
2278.823403,408,2135.505528
972.934471,181,2135.89426
1434.373396,260,2136.447793
3031.595415,534,2138.065387
2351.205815,435,2138.968677
3712.886538,687,2145.911831
1185.698989,229,2146.383944
1482.348418,271,2147.488534
2658.297234,495,2148.529525
2088.61645,376,2149.320928
702.924037,131,2150.119105
1708.536208,319,2150.782515
2339.640622,424,2156.917727
1324.346604,253,2157.442811
4116.747879,728,2159.477339
2424.002475,454,2160.954461
5577.267368,1000,2168.896817
1154.229765,224,2169.364692
3207.817684,574,2170.563441
2240.844863,419,2171.941735
1100.881019,199,2172.357423
1352.44471,240,2172.863812
2175.831371,421,2174.255146
2182.81221,399,2179.556911
5334.891032,955,2182.068321
2103.708702,382,2182.874966
5500.58851,1000,2185.481167
5585.996472,1000,2193.102494
1382.347958,257,2194.150853
3208.28975,580,2195.349631
1895.024229,357,2196.101013
5532.886935,1000,2204.194642
3046.594814,566,2205.876501
1628.964943,287,2206.468688
5508.914795,1000,2208.96675
1873.847101,348,2215.022916
1224.645746,224,2215.482702
2510.080856,445,2216.415401
2823.9042,493,2217.833282
1852.568967,361,2218.585307
2738.47253,489,2220.001642
1537.806662,266,2226.192559
5421.328795,1000,2228.665214
1424.265778,254,2229.184863
2743.439496,480,2230.588945
2901.479917,526,2231.67613
1962.352611,353,2236.810749
2072.058562,390,2238.030222
1902.323802,348,2238.758055
3520.82122,632,2240.499374
876.177453,167,2240.850126
2589.203142,450,2241.798554
3588.610595,653,2249.409727
3213.665739,599,2251.184134
1971.312021,375,2251.975746
3732.710047,669,2253.919087
485.435256,111,2254.155848
3134.948263,576,2261.510849
5514.860428,1000,2264.125938
1349.615666,240,2264.617417
2267.116957,408,2266.013329
4463.267456,790,2273.031013
3677.960893,658,2274.394316
2533.209722,470,2275.893442
2199.309323,393,2276.707623
4861.988743,895,2283.388007
1943.154415,343,2284.097645
1034.259949,185,2284.488219
2208.492675,399,2285.85192
5560.526182,1000,2288.473012
2347.563842,429,2289.360501
1801.156671,344,2296.586879
2540.981402,478,2297.580127
5492.482589,1000,2300.202117
1713.161723,321,2300.869163
547.44438,125,2301.135545
4299.102273,762,2308.868729
5681.787088,1000,2311.467638
1291.918721,235,2311.949596
1848.528406,330,2313.16143
2814.595024,531,2321.031998
5598.83925,1000,2323.622492
4766.513869,878,2325.973048
5600.418193,1000,2335.218034
2503.093861,460,2336.696996
1843.956448,329,2337.367547
1417.351353,261,2337.909344
1696.857502,348,2338.63283
5672.822419,1000,2346.632663
2539.241318,466,2348.118713
3003.928354,565,2349.279448
2384.705574,434,2350.725977
3738.450101,709,2352.727527
1629.506128,307,2359.387954
4277.044388,763,2361.453164
1208.109575,237,2361.957344
5519.745722,985,2364.516923
1448.556286,257,2368.549805
1038.640133,187,2368.929744
3409.981473,630,2370.738322
1762.190614,312,2371.372632
1539.100591,302,2371.998036
2872.023212,513,2373.602979
1711.849084,317,2374.260314
2967.063692,526,2380.537372
1210.464546,213,2380.975
742.159903,160,2381.314034
2339.916746,420,2382.589364
2583.510898,449,2383.507019
2017.638411,365,2384.269709
2602.447662,461,2385.625681
2089.73067,368,2392.551454
2335.70502,410,2393.793308
546.911763,122,2394.052151
1881.422607,336,2394.746133
5458.027616,986,2397.179392
1988.809956,359,2397.915899
5536.674338,1000,2405.421281
1572.724465,285,2406.408513
5729.90976,1000,2408.86242
5116.831733,894,2415.777222
1735.480982,299,2416.900627
3586.805411,629,2418.197107
3574.546653,643,2420.026283
3666.22019,648,2428.094831
656.029589,147,2428.411201
3446.408312,608,2429.673585
3883.195169,689,2431.599162
5089.011083,896,2439.688142
2757.299453,514,2440.760637
2315.23354,413,2442.14082
2000.197282,364,2442.890425
5509.004819,1000,2445.498374
2075.213897,375,2451.682297
1796.443405,315,2452.845239
1690.581159,299,2453.459769
2603.837989,470,2454.955095
1701.852028,299,2455.573828
2134.900463,389,2456.371911
4683.377901,843,2464.860545
1389.427999,281,2465.459772
2695.158321,491,2466.992374
1835.657596,332,2467.681706
1902.794149,347,2468.396825
2980.507295,534,2470.043223
5508.136264,1000,2478.088293
3552.231503,651,2479.932893
5638.918462,1000,2488.721072
1599.953666,292,2489.320152
1595.382102,285,2489.903412
3028.791153,564,2491.599577
1662.728023,294,2492.201517
2928.756294,509,2493.236802
3998.320359,695,2500.132763
4334.690421,773,2502.241957
1660.463752,294,2502.847164
5154.684957,918,2505.272509
5256.945873,912,2513.662128
5310.21218,924,2516.092218
3299.657518,589,2517.306203
1932.643392,343,2523.397333
3419.154319,592,2524.617259
2951.249826,571,2526.336708
3971.229354,722,2528.359865
1415.098551,251,2528.877968
5714.010966,1000,2536.621655
2304.016021,419,2537.485144
5558.891013,1000,2540.083242
1665.486994,318,2541.275836
3225.669642,578,2548.950283
1030.443632,201,2549.366917
3665.492393,643,2551.216264
1546.107063,275,2551.786226
4086.543808,741,2553.862896
2559.920452,444,2560.807954
3928.64042,734,2562.879085
5550.917417,1000,2565.458906
3587.748942,662,2572.980896
1363.659506,249,2573.492132
1960.8293,346,2574.210305
5527.560035,1000,2576.836881
5542.424177,1000,2585.832426
2601.232021,470,2587.319193
5664.017305,1000,2589.918083
2397.757179,456,2590.873719
3140.042606,558,2598.860757
5697.744841,1000,2601.399148
2930.164679,521,2602.448738
5500.865998,1000,2610.930839
2004.56488,358,2611.663533
1640.588299,288,2612.759126
1633.993403,284,2613.337189
1699.098376,316,2613.98548
4652.706938,839,2616.220292
1919.628741,341,2622.851727
3483.48346,633,2624.634259
3362.129907,619,2626.411616
5574.321605,1000,2628.957433
3409.984541,610,2636.757901
4083.411572,765,2638.841046
2975.655978,528,2640.452066
1096.345663,208,2640.879947
857.022889,153,2641.190669
5292.287986,965,2650.208453
4172.042027,740,2652.213379
2477.882915,456,2653.151781
3262.234929,631,2654.968383
4664.879869,822,2663.363726
2454.155499,447,2664.809396
1259.827891,233,2665.294805
1545.853361,308,2665.94414
2131.775821,381,2667.250374
2724.862659,484,2675.595289
3855.253871,692,2677.505933
1052.607543,193,2677.90135
1386.958731,243,2678.391995
1504.020807,271,2679.450042
1544.139531,279,2680.029085
2298.086436,423,2680.8979
5568.509654,1000,2688.205817
3694.284155,666,2689.969078
3936.39387,726,2691.866283
5724.932909,1000,2700.004847
5748.675147,1000,2702.599875
5722.821101,1000,2710.344939
1797.074703,364,2711.11628
2757.127051,493,2712.139524
5582.432308,1000,2714.701637
2901.662155,516,2721.871299
5509.289858,1000,2724.426253
2127.85096,384,2725.206328
1573.666499,276,2725.760532
2527.377585,457,2727.223541
5128.746445,919,2734.650596
1404.748996,258,2735.181825
1554.445472,271,2735.734059
1425.208414,254,2736.784535
1817.696565,325,2737.442022
5747.755275,1000,2746.726756
5583.999108,1000,2749.302205
503.644093,106,2749.534615
1530.307343,274,2750.099905
4490.367719,791,2752.160674
2214.498021,398,2758.75873
3526.136837,646,2760.460711
4752.892456,852,2762.718006
3376.294875,593,2763.915633
2024.151184,362,2769.448833
2089.632929,385,2770.235779
4053.869992,721,2772.164755
3625.493336,653,2773.550434
1904.374259,338,2774.638909
5693.138479,980,2783.307934
3775.284092,681,2784.700765
3406.640693,600,2786.32859
3514.81499,613,2795.187952
2294.089151,414,2796.027473
3440.83551,607,2797.657569
2288.212965,407,2798.489166
5083.098315,890,2800.688272
4003.657045,699,2807.744249
5638.476322,1000,2810.176879
5654.229224,1000,2819.291122
3120.278683,556,2820.420559
2103.795252,373,2821.195385
5061.663516,883,2823.387531
3838.198142,666,2831.645299
1384.292562,244,2832.141659
2860.893421,509,2833.556992
2077.779744,363,2834.291642
5613.335638,1000,2836.722337
1221.721981,223,2842.478878
4436.974547,790,2844.492749
1153.511843,240,2844.993334
5698.523801,1000,2847.424675
3235.164842,568,2854.614625
1793.667887,317,2855.263392
5597.600855,1000,2857.672523
2821.057664,503,2859.103596
1631.33553,288,2859.688932
1656.559156,284,2860.266319
3233.849211,578,2867.502695
2772.186582,488,2868.507647
4180.734329,747,2870.420349
2397.389635,451,2871.354197
1477.096639,265,2878.116692
1374.819372,246,2878.622122
3300.870718,606,2879.862076
995.052539,181,2880.638934
1353.40177,254,2881.159463
1536.237024,281,2881.730858
5581.354718,1000,2889.510914
5208.325514,938,2891.932893
1993.595337,348,2892.650429
2641.04039,468,2894.043892
2502.283317,446,2894.954407
2687.605097,461,2902.146143
4949.263754,878,2904.352648
5673.668746,1000,2906.858477
902.275276,189,2907.249096
2102.553763,374,2913.985231
5571.266123,1000,2916.410956
1156.643696,223,2916.871552
3444.532392,625,2918.553039
2297.956094,416,2919.398414
1252.694859,223,2926.580122
2292.801696,421,2927.833051
2925.142222,516,2928.888686
5493.366209,998,2931.338888
5494.43349,982,2940.181187
4456.564435,793,2942.207589
5574.633156,1000,2944.672439
4369.126196,797,2952.92649
2840.44083,499,2953.941182
1561.947161,284,2954.909765
5669.16682,1000,2957.339873
3576.095675,645,2964.181163
5733.02902,1000,2966.602941
5011.821529,896,2975.041475
1874.082534,350,2975.750833
5519.693128,1000,2978.191253
1099.679709,210,2979.012939
2585.482815,455,2979.951172
3131.656285,551,2988.272053
4743.40889,836,2989.963149
4242.968885,759,2991.911863
2330.706606,408,2993.137307
3999.047509,751,3001.070165
5587.824086,1000,3003.513108
3676.90911,657,3005.267516
4195.089867,727,3013.113867
4187.31292,733,3014.615588
3591.724158,631,3016.292982
5683.545936,1000,3025.359775
2224.109976,409,3026.192388
3464.101925,590,3027.793444
2220.654947,400,3028.615772
3599.109771,659,3030.365321
5604.321247,1000,3039.337326
4157.165393,733,3041.229811
4752.129209,819,3042.886612
3823.406712,675,3051.126285
2943.988923,532,3052.617521
2503.298837,479,3053.606403
5041.490212,905,3055.856589
5664.620606,1000,3064.024468
4032.29964,701,3065.837515
4298.182945,756,3067.368559
2006.659469,360,3074.700965
2237.356602,384,3075.481844
2162.163278,378,3076.255961
1332.330366,272,3077.216105
5700.842917,1000,3079.62569
5664.637278,1000,3088.398629
2024.466036,363,3089.139682
3579.929538,635,3090.817328
5662.360065,1000,3099.712034
4981.582469,872,3101.487805
971.248398,175,3102.2485
4413.91705,775,3103.826033
3867.559647,660,3110.897793
2739.600831,482,3112.274743
815.045376,157,3112.596175
5645.656363,1000,3115.041421
1948.855885,351,3115.761914
1821.899477,326,3116.426775
2661.864325,474,3123.791953
3036.504268,519,3124.855123
3781.306359,659,3126.732681
869.886272,155,3127.050056
1618.034938,310,3127.700453
3551.249375,640,3135.210807
1624.050809,284,3135.79003
2137.159208,359,3136.909049
5604.849428,1000,3139.341331
3723.699296,656,3140.680539
3217.338489,567,3149.198922
5669.223379,1000,3151.63579
2878.230672,508,3152.67143
5675.142768,1000,3162.003864
2012.013023,370,3163.159367
2805.096096,508,3164.206027
3450.120351,630,3165.89187
2777.479754,482,3172.962069
5601.60484,1000,3175.389754
1554.123206,278,3175.955734
5685.969546,1000,3178.39396
4937.836107,857,3186.758143
1149.962556,220,3187.209302
3298.707494,584,3188.796062
5684.950568,1000,3191.218446
4720.884847,824,3200.164829
2489.133626,433,3201.041767
2560.694538,448,3202.340792
4369.866949,772,3203.910176
2265.441612,397,3210.774722
3310.862326,588,3211.967348
4020.279719,697,3213.790565
2003.714676,382,3214.573586
1988.520379,350,3215.691907
5740.352317,1000,3222.963855
2188.283674,381,3223.746264
4951.655118,896,3225.985248
5716.493661,1000,3234.860951
5587.207439,1000,3237.43474
1817.321194,331,3238.113308
2064.341061,372,3239.410557
3213.727922,576,3247.556435
5563.68787,1000,3250.146151
2064.01988,364,3251.413916
756.065874,161,3251.752298
5559.703975,1000,3260.516721
2303.13154,412,3261.360968
5700.745783,1000,3263.922426
2623.397971,467,3265.398907
1922.483652,348,3272.250642
5631.613966,1000,3274.813737
5589.462857,1000,3277.39125
2817.990111,497,3284.382579
2129.319355,381,3285.668798
4826.506571,859,3287.926032
2923.99317,514,3288.9857
4329.84211,762,3298.363719
5721.157645,1000,3300.91598
5607.042021,1000,3303.465467
5626.368331,1000,3313.341919
1876.373523,329,3314.010954
2574.334055,473,3314.976091
5744.838108,1000,3324.554319
4645.450167,850,3326.800974
2675.673767,493,3328.347015
3650.045164,651,3329.673456
5666.631751,1000,3338.880076
4220.006863,777,3341.027448
2045.287825,371,3341.804254
5751.495558,1000,3351.065459
2173.941336,384,3352.317691
1844.534456,331,3352.998827
5740.299992,1000,3355.433249
5698.802239,1000,3364.572374
5697.631504,1000,3367.01251
5759.980407,1000,3369.424724
2787.564526,492,3377.311305
1978.014853,346,3378.015006
3425.363984,606,3379.251108
3311.496612,601,3380.869915
3109.926764,538,3382.357208
5725.936881,1000,3389.37032
3107.886084,565,3390.531353
5765.156436,1000,3399.208952
3194.018202,567,3400.760818
3108.366567,569,3401.923317
3792.714258,672,3403.668797
5595.731604,1000,3412.056013
1839.113224,323,3412.724352
5586.466305,1000,3415.289684
5564.983131,968,3425.312018
5746.797288,1000,3427.740003
5659.095251,1000,3430.171153
5609.031403,1000,3439.435026
1192.874364,236,3439.910979
2595.392757,473,3441.278014
3044.357684,539,3442.374991
3373.077901,586,3443.95736
1945.100492,342,3451.575818
5717.110965,1000,3454.000401
5207.874184,916,3456.265123
1382.948791,249,3456.770458
2510.277743,469,3464.079929
2547.968045,445,3464.983228
2783.958971,490,3466.367571
2883.848054,509,3467.408818
4770.704989,839,3475.765543
3371.992124,593,3477.374849
2567.621166,444,3478.282651
5280.201714,912,3480.532914
5746.936778,1000,3489.911616
2965.710857,525,3490.987238
2146.563474,377,3492.151501
3422.118647,626,3493.42815
3849.049694,671,3500.458981
2633.656492,454,3501.389418
4637.619919,816,3503.449094
2032.136159,369,3504.593756
2144.768342,384,3505.376791
5617.300527,1000,3514.166228
5577.124123,1000,3516.694006
2429.381392,439,3517.597879
2185.534158,385,3526.489348
2742.235305,485,3527.495603
5706.083431,1000,3529.927151
3896.747988,677,3531.716067
3680.008581,641,3538.576637
5598.390826,1000,3541.085145
2999.324842,530,3542.66119
5317.959014,931,3551.047634
4142.848043,732,3552.930468
4948.280117,871,3554.724527
5676.766443,1000,3563.498766
3212.068399,560,3565.037195
1616.565226,293,3565.633853
5706.143743,1000,3568.077777
3011.342572,529,3575.989683
2007.336784,351,3576.711945
2706.623148,488,3578.095122
2056.210203,387,3578.889011
2236.567964,392,3579.690938
2264.100986,381,3580.875999
5733.865016,1000,3590.781987
5752.695811,1000,3593.226913
2950.705826,546,3594.356892
4083.596597,721,3602.122103
5757.945313,1000,3604.579973
2086.884911,359,3605.303408
3887.811266,692,3614.093478
5680.538202,986,3616.48898
5027.556504,871,3618.658405
5556.193419,1000,3627.901882
5658.719889,1000,3630.477223
1478.274475,260,3631.007488
2826.744044,483,3632.001196
5736.981787,1000,3641.884169
4112.135029,743,3643.928131
5610.518911,1000,3652.713582
3807.825363,679,3654.641905
4517.303681,791,3656.262144
1951.539456,348,3657.498939
1849.632136,319,3658.151707
3834.828185,681,3666.74143
5639.374267,996,3669.299777
3752.431456,655,3670.624059
5639.908594,1000,3679.264194
4629.70476,821,3681.469398
5671.327776,1000,3684.042971
4548.002025,785,3693.000355
5812.139388,1000,3695.585506
4868.515451,857,3704.962166
2163.550273,378,3705.736107
1019.16842,201,3706.168669
2355.424692,427,3707.57186
5632.332439,1000,3710.164691
5663.156349,1000,3719.10852
2628.757124,462,3720.059756
2195.380627,396,3720.870946
5732.456045,1000,3723.44047
4917.12821,846,3732.152992
5761.925194,1000,3734.696598
5549.732041,970,3742.536319
5761.318838,1000,3745.089776
1002.737305,178,3745.457605
3989.953709,698,3747.408374
5687.804901,1000,3756.515846
1174.942885,224,3756.977209
3860.188634,681,3758.886031
2925.75576,521,3759.955163
4128.333885,714,3768.653168
3027.360173,531,3770.260804
2943.75391,541,3771.391509
5643.858451,1000,3773.950509
4133.425181,738,3782.968847
5778.180686,1000,3785.541832
2730.657926,470,3786.500744
5811.541015,1000,3796.199496
5719.23707,1000,3798.777235
5694.695198,1000,3807.126685
5627.824787,1000,3809.693678
2342.582536,436,3811.090949
4431.63423,771,3812.670311
5702.206744,1000,3822.873741
5359.290784,932,3825.292224
940.650743,170,3825.638482
2611.357887,486,3827.171139
5801.862841,1000,3835.659476
5689.454772,1000,3838.239593
5755.085515,1000,3847.872598
1590.51672,302,3848.508636
5431.514237,956,3850.973864
5742.522827,1000,3859.641622
2641.660843,483,3861.167617
1341.123288,257,3861.696046
5813.042102,1000,3864.259005
2917.223679,507,3865.29424
5765.472091,1000,3873.82855
1080.040763,193,3874.222668
5741.859435,1000,3876.801659
5692.037587,1000,3885.855428
5722.699558,1000,3888.298612
5729.574112,1000,3896.691807
1919.301735,343,3897.796502
671.616206,140,3898.096513
3107.837824,541,3899.215717
5647.208152,1000,3901.662963
747.434802,137,3901.954407
3984.494402,706,3909.249151
5716.450149,1000,3911.810596
5728.605844,1000,3914.383965
848.57515,159,3920.68241
5738.118027,1000,3923.227251
1631.572146,285,3923.807552
5814.77401,1000,3926.360129
2260.672243,399,3934.377133
5703.427213,1000,3936.945213
2426.335348,428,3937.82278
5647.86674,1000,3947.333328
5783.37962,1000,3949.85706
5839.1552,1000,3952.415851
5694.104679,992,3961.195321
5000.998318,906,3963.607776
3449.106964,605,3965.373628
1208.619533,218,3965.822844
3864.005084,671,3974.000472
5741.766321,1000,3976.559032
4091.014199,715,3978.576228
5719.125675,1000,3988.075574
5720.170259,1000,3990.659133
5720.208812,1000,4000.473871
649.020588,123,4000.726851
4348.959804,761,4002.786777
5783.078839,1000,4005.349956
4084.231625,704,4012.548112
5709.960608,1000,4015.102391
1616.492104,283,4015.67686
5771.425977,1000,4024.425327
5765.270606,1000,4026.853654
3954.844378,682,4028.250203
2116.250883,378,4029.422545
3587.082359,628,4038.190843
5742.400369,1000,4040.64914
2296.623379,406,4041.966148
1858.511977,329,4042.63759
1375.087343,244,4043.137775
5785.913463,1000,4052.672731
5571.549588,970,4055.094845
5759.187034,1000,4064.631741
1642.997661,291,4065.622519
4035.853362,701,4067.070452
2976.878279,525,4068.546965
5739.117023,1000,4077.794888
5805.571425,1000,4080.250674
5825.785651,1000,4082.693148
3221.643939,564,4089.664592
2919.733108,502,4091.079806
2078.939849,363,4091.820559
4404.772101,760,4093.789575
2298.56032,390,4094.586529
3459.911881,615,4102.00193
3772.091689,661,4103.366316
2649.907016,472,4104.739947
5759.242664,1000,4113.800575
3742.502656,664,4115.572644
5807.857809,1000,4118.027584
2391.847221,420,4118.890646
3636.414381,626,4126.51081
5848.644438,1000,4128.950289
5629.40348,985,4130.98508
5694.623163,1000,4140.323234
5594.771622,993,4142.882748
5665.053695,1000,4153.147091
5647.512879,1000,4155.612838
5371.130001,930,4157.92072
3079.649604,545,4166.238588
3891.133108,672,4167.625477
5688.059431,1000,4170.20369
1888.865977,336,4171.430965
4156.777033,713,4177.977217
5715.925324,1000,4180.546921
5576.005826,1000,4183.15152
3448.869883,599,4191.774139
3487.828201,613,4193.546072
5753.233095,989,4196.094941
5683.821448,1000,4204.626252
1601.39259,279,4205.205466
2466.048859,431,4206.099349
3912.277011,683,4208.02857
2141.026529,381,4208.812592
5636.289042,1000,4218.083232
1634.063921,288,4219.190064
3923.930235,667,4220.564164
5667.494909,1000,4230.036196
3913.438987,717,4232.032796
4294.604863,771,4234.155092
5639.606349,1000,4243.034472
2989.336454,526,4244.12276
5188.30602,904,4246.508142
5675.115643,1000,4256.136364
5772.386855,1000,4258.696325
5808.792598,1000,4261.287293
5706.275192,1000,4270.575655
1292.583444,226,4271.040663
2082.121476,362,4271.785416
4833.895566,826,4274.005859
2828.526096,487,4281.984021
5711.661871,1000,4284.566406
3324.115056,597,4285.807901
2138.625812,386,4287.134615
1116.408984,199,4287.547118
5729.658692,1000,4296.517776
5437.436621,974,4299.060635
5798.198645,1000,4308.762475
711.678499,135,4309.040681
4038.821111,712,4311.018858
4061.194776,688,4312.453034
2154.493474,379,4313.743021
2035.963344,362,4320.64922
2681.063739,461,4321.600424
5763.173877,1000,4324.174611
1015.978558,184,4325.07476
2056.346694,352,4325.795613
1806.749756,323,4326.456696
4023.758805,704,4333.599993
5708.40645,1000,4336.177871
5710.442601,1000,4345.625952
5424.044863,935,4348.039596
1831.022871,331,4348.723383
3087.041049,545,4350.364189
4227.234174,755,4358.132044
5867.185616,1000,4360.697609
5707.774599,1000,4363.268445
1500.262979,264,4371.390659
2357.335039,439,4372.289423
3585.310462,619,4374.073962
4720.104778,822,4375.778811
3357.389595,579,4377.459518
5724.294006,1000,4386.809389
1664.279394,292,4387.411539
5697.057002,1000,4389.858408
5039.733399,872,4395.990734
3645.197986,633,4397.693547
2698.892966,465,4398.642887
2604.666674,451,4399.960783
5413.36941,959,4409.629183
3668.927638,632,4410.934666
5649.434133,1000,4413.500764
3655.962287,632,4422.231763
2975.512321,512,4423.298269
5734.588748,1000,4425.878661
5707.669169,1000,4433.987122
5791.421197,1000,4436.545666
1225.24731,219,4436.99575
5719.27566,1000,4445.523921
2623.212327,470,4447.003362
1729.493234,300,4447.622005
5791.547349,1000,4450.178968
4114.970565,706,4458.880518
2847.85734,478,4459.866618
5711.499939,1000,4462.425752
5813.594034,1000,4471.860121
5777.764995,1000,4474.454411
5762.974613,1000,4477.029935
3273.608903,576,4484.615457
5733.056012,1000,4487.167585
2721.349454,473,4488.139698
5726.750517,1000,4496.978324
2745.522145,492,4498.479605
5782.732193,1000,4501.044193
2703.694271,465,4501.99414
5823.659691,1000,4511.659564
5686.223224,1000,4514.266158
5603.506153,972,4522.414182
5692.660889,1000,4524.973502
1474.852787,255,4525.499064
4503.833178,809,4527.590203
2850.4183,489,4535.353283
5851.168299,1000,4537.780617
1426.80011,255,4538.698879
2012.63399,349,4539.413438
2404.984402,421,4540.286007
2051.012885,358,4546.410247
5718.041264,1000,4548.983392
4855.437257,820,4551.162185
4061.319401,699,4558.424773
1524.842919,285,4559.568062
1488.111117,257,4560.096751
5561.981226,985,4562.673951
3835.08605,671,4564.075451
5769.15441,1000,4573.295306
2560.307182,454,4574.75698
3152.316883,554,4575.888759
3476.539671,612,4577.662294
5740.026584,1000,4584.773164
1116.851852,196,4585.17744
3350.972179,574,4586.883235
2988.718943,526,4587.971527
3503.318303,597,4596.667687
5802.417655,1000,4599.233999
5725.968579,1000,4601.790677
5796.575063,1000,4611.630561
4775.490727,836,4613.864846
5836.157431,1000,4623.586373
4304.804048,745,4625.111707
1517.311076,273,4626.180055
5818.398403,1000,4628.728183
5740.135188,1000,4635.986892
5869.528347,1000,4638.566647
5694.507494,1000,4646.85113
4318.966445,748,4648.923644
2487.660281,435,4650.344655
4151.891385,737,4651.855005
5415.119534,919,4659.88133
4224.330717,727,4661.776931
5959.06345,1000,4664.239046
5790.650365,1000,4673.132272
5106.123365,877,4675.452955
5866.922799,1000,4685.622417
2644.430198,449,4686.613539
2829.758971,483,4688.175868
5824.019604,1000,4690.779999
1101.447521,212,4691.22331
5823.494991,1000,4701.211164
3070.096114,535,4702.32537
5847.722814,1000,4704.920547
1930.436161,351,4713.165204
5045.003789,871,4714.965351
5792.940502,1000,4717.553118
5764.631546,994,4727.552049
5700.312859,1000,4730.152586
1511.93248,276,4731.249179
2894.263707,501,4732.290561
5764.775426,1000,4741.073473
5818.127034,1000,4743.651704
1909.645509,351,4744.383327
2148.222833,368,4745.671566
5830.916993,1000,4754.060888
5763.579397,1000,4756.63858
700.766976,131,4756.906949
5697.665334,1000,4766.176885
4456.602626,772,4768.317855
1641.663708,286,4768.905924
1702.079433,298,4769.520015
2929.310233,498,4771.069913
3234.000377,564,4778.961184
5767.9025,1000,4781.422773
5729.714582,1000,4783.884838
1682.318629,293,4791.135852
5656.695005,971,4793.545194
5371.880024,918,4795.826518
4372.679417,748,4803.561799
770.348712,153,4803.876969
1290.797937,228,4804.345311
1199.498322,207,4805.161494
5503.938957,944,4807.513422
4419.62006,771,4816.185612
2207.871589,388,4817.383899
3040.463609,522,4818.451307
5791.077899,1000,4820.927925
5809.625386,1000,4830.080207
2646.315925,450,4831.402605
4420.231694,779,4833.008066
1556.316588,286,4834.060229
5882.91311,1000,4842.933827
4302.062771,742,4844.471205
4139.074216,704,4846.458873
3059.417512,537,4854.243236
3211.298966,563,4855.403291
5743.047922,1000,4857.988995
2510.40458,446,4858.910592
2867.000408,489,4867.008565
3211.531432,561,4868.569161
4313.806481,741,4870.086206
3554.155599,630,4871.927517
5878.254423,1000,4880.761004
2256.574371,390,4881.567517
1109.530486,211,4882.004601
2549.886379,444,4883.426742
2929.654091,537,4884.529816
4123.835434,719,4893.062879
3038.746878,512,4894.629869
5851.671357,1000,4897.204297
3725.542718,644,4904.730453
1856.424165,337,4905.961949
5842.512048,1000,4908.050629
2662.18385,459,4909.507065
3193.432383,569,4910.682416
1536.536466,271,4918.058986
2789.623262,491,4919.072433
5774.914619,1000,4921.637687
3159.088743,546,4923.284026
2772.430998,490,4930.800691
1586.605843,278,4931.371577
5664.80559,989,4933.825224
2526.77881,438,4935.135479
3391.416604,584,4936.343429
2918.197671,509,4943.959637
1329.04209,237,4944.452437
2569.670024,442,4945.875248
5821.324091,1000,4948.504515
2638.305322,462,4955.988566
4705.506235,808,4958.172316
2136.189929,376,4958.939478
5847.14402,1000,4961.524774
3594.815226,615,4969.625884
5784.930424,1000,4972.101478
4773.329625,838,4974.226816
2466.332806,419,4979.715213
5442.571088,937,4982.113014
4945.36869,827,4984.321312
4338.344444,733,4992.103318
4638.141186,777,4994.208269
5793.017585,1000,4996.656392
3362.32922,584,5004.481636
1726.368149,301,5005.099964
4240.250685,783,5007.143351
5882.338816,1000,5009.596179
3502.832776,594,5016.531913
909.122697,174,5017.29478
3973.912736,677,5018.682038
1286.215999,226,5019.146759
5714.813417,974,5021.546709
2170.784684,374,5027.851907
5755.605149,1000,5030.313553
4650.993875,805,5031.984345
1426.787543,247,5032.891003
5869.873994,1000,5042.021671
5827.828298,1000,5044.480944
3820.5486,658,5045.844306
3579.81583,618,5053.445013
2690.771491,453,5054.37212
2162.894062,378,5055.553505
5758.240169,1000,5058.153058
3089.6223,526,5065.812966
2635.880398,452,5067.265958
5785.290013,1000,5069.851734
1173.61401,205,5070.270906
4620.788987,793,5078.922597
3707.507521,633,5080.213253
5859.635813,1000,5082.771523
4355.823881,761,5090.734567
3134.16674,537,5091.850444
2001.309382,370,5093.14788
852.292914,164,5093.491143
5263.965521,915,5095.881369
3715.921254,657,5104.18004
1296.461347,222,5104.631531
5929.403428,1000,5107.212331
5863.077201,1000,5115.34571
2605.667188,453,5116.286392
3171.155074,539,5117.920255
5811.723537,1000,5120.491069
5802.899726,1000,5128.927811
1996.142223,364,5129.677713
2066.631839,363,5130.425408
5777.051673,1000,5133.006745
1022.660421,192,5133.402801
5850.019063,1000,5142.008994
4609.952739,787,5144.180535
3417.671198,595,5145.943127
5780.772242,1000,5154.971242
3358.072336,587,5156.194561
5330.123606,925,5158.611811
5825.428503,1000,5166.668614
3327.060669,577,5168.256456
2795.200258,490,5169.272052
5712.63207,1000,5177.971542
5880.117259,1000,5180.431206
3361.608672,566,5182.120322
5741.663833,1000,5191.829448
1717.75558,297,5192.437894
1513.1665,266,5192.983394
5774.526139,1000,5195.568068
2478.009062,419,5196.965444
2390.489568,414,5203.557088
5738.993192,1000,5206.162622
5614.488724,977,5208.71784
