#{"t_start": 1787586223.5986555, "env_id": "Humanoid-v5"}
r,l,t
83.337178,19,4.565317
103.1304,24,4.708548
126.983255,28,4.867234
97.624727,22,4.98717
101.67633,22,5.11201
74.418414,17,5.219062
109.807572,24,5.343431
115.745093,26,5.472991
181.799152,39,5.655213
76.473016,17,5.728568
164.777524,35,5.874407
75.803573,17,5.942992
96.414467,21,6.024107
75.905103,17,6.085876
125.403049,28,6.186357
79.997378,18,6.252224
85.902928,19,6.317968
76.079393,17,6.372225
76.248562,17,6.424698
95.528295,21,6.489379
85.005117,19,6.546322
159.79683,35,6.644335
104.973525,23,6.705436
111.804315,26,6.771921
94.312551,21,6.824391
67.419171,16,6.86237
85.72214,19,6.907787
90.102195,20,6.952736
80.307975,18,6.992464
96.819106,22,7.042429
99.505296,22,7.091677
82.044393,18,7.131221
108.970263,23,7.179459
70.461453,16,7.211567
71.470233,16,7.243463
127.082589,30,7.303738
89.301474,20,7.342797
85.331237,20,7.382026
80.570088,18,7.41642
114.728808,25,7.46164
120.101804,27,7.510789
79.539916,18,7.542822
84.816704,19,7.578372
79.762806,18,7.613274
91.758035,20,7.649318
75.595689,17,7.679733
85.358465,19,7.71139
90.467385,20,8.486223
81.618289,18,8.516052
101.070815,23,8.556055
137.301245,32,8.612094
109.606694,26,8.65799
89.522444,20,8.693195
82.276976,19,8.727722
81.12628,18,8.759267
121.166782,27,8.809826
76.360556,17,8.839163
71.799867,16,8.867864
85.981724,19,8.901451
139.888924,31,8.959026
78.61005,18,8.994369
81.187109,18,9.027522
76.579337,17,9.056672
115.408477,26,9.102323
96.269633,22,9.140112
144.785194,31,9.195125
75.922053,17,9.224986
109.989704,24,9.270472
136.660546,29,9.326681
97.106143,21,9.367263
101.902915,23,9.411311
81.041063,18,9.440838
100.251177,22,9.479594
71.747111,16,9.507137
101.340789,23,9.548136
76.54854,17,9.57951
79.592004,18,9.613836
79.748381,18,9.647338
81.179194,18,9.681705
86.167724,19,9.718113
203.007926,43,9.801502
76.176812,17,9.829878
103.736154,25,9.873474
90.280238,20,9.906886
99.308259,22,9.947524
136.907838,30,10.003914
182.856372,38,10.077065
78.716662,18,10.107394
162.644572,37,10.171398
148.937043,32,10.22743
92.017129,20,10.264899
108.998001,24,10.312451
74.644879,18,10.858184
79.886618,18,10.892008
70.852639,16,10.923536
165.710314,38,10.997177
132.465536,31,11.055741
80.799501,18,11.089076
76.822083,18,11.12232
104.434298,24,11.167563
75.358487,17,11.198591
115.005991,25,11.245687
84.721309,19,11.286637
175.775638,40,11.375398
75.962998,17,11.410101
152.444976,32,11.474419
87.001371,19,11.508064
79.20201,18,11.538133
95.604731,21,11.581708
124.196525,28,11.639397
71.294057,16,11.672446
71.034064,16,11.706273
71.354325,16,12.324244
115.876439,26,12.374969
156.653234,36,12.45386
87.90129,19,12.497718
86.82214,19,12.532712
84.812988,20,12.570307
119.100647,25,12.617381
71.800944,16,12.646258
189.528316,41,12.723986
81.350145,18,12.762172
91.608251,20,12.806868
73.669133,17,12.841901
222.496023,48,12.943584
107.880088,25,12.986929
76.110846,17,13.01499
80.320558,18,13.046668
138.802339,29,13.098546
170.93753,37,13.166336
107.220094,24,13.210773
71.341732,16,13.240158
76.277514,17,13.269384
112.744218,27,13.315109
86.248275,19,13.348161
70.128683,16,13.377593
89.079976,20,13.851768
84.401875,19,13.884346
160.872645,34,13.942742
86.417755,20,13.976554
126.231491,29,14.029033
80.508535,18,14.063577
81.874707,20,14.103532
115.197528,26,14.164853
126.588774,29,14.233291
85.333606,19,14.269296
75.570372,17,14.300257
116.857335,25,14.347374
142.537,30,14.402539
83.115181,19,14.437788
105.493609,24,14.482132
109.178276,25,14.529736
106.976022,24,14.576982
129.277417,30,14.635825
71.415996,16,14.666777
86.528792,19,14.717682
90.152748,20,14.768364
76.990884,17,14.804985
87.02709,20,14.848323
171.057902,36,14.927077
86.628001,19,14.965193
125.705707,28,15.016468
86.78213,21,15.055929
76.245419,17,15.086837
86.218479,19,15.122361
107.884263,24,15.168205
78.983583,18,15.201319
117.587824,26,15.250106
148.443795,31,15.325207
70.995674,16,15.355221
81.554244,18,15.388527
239.174483,49,15.475165
89.9852,21,15.510684
103.876415,23,15.550053
80.601926,18,15.582265
76.723712,17,15.614472
104.816123,23,15.657394
76.237228,17,15.68975
97.629536,21,15.728546
75.950958,17,15.757488
87.328435,19,15.792577
115.827375,25,16.340353
89.722964,20,16.376696
123.844385,29,16.43287
126.284149,28,16.485537
113.936455,26,16.541798
120.525242,26,16.614062
143.998126,32,16.671437
108.79108,26,16.715652
69.31817,16,16.742971
116.018395,27,16.789539
145.826738,32,16.84805
123.598111,27,16.895416
89.294009,20,16.930539
73.807787,17,16.961395
76.408513,17,16.992633
97.804953,23,17.03539
75.526201,17,17.065016
76.088204,17,17.094949
175.117874,38,17.161106
94.52771,21,17.197041
94.627139,22,17.235005
85.115935,22,17.272724
83.658578,20,17.307055
72.901021,17,17.336802
187.168778,42,17.412894
76.14441,17,17.442369
80.997872,18,17.473717
109.852863,24,17.517272
87.252336,20,17.554937
105.410502,25,17.602897
145.49166,30,17.66147
166.700167,36,17.729356
102.013752,22,17.766313
75.713911,17,17.794336
114.777509,29,17.845356
111.640422,25,17.889272
76.322176,17,17.920902
129.553256,28,17.973438
138.535221,31,18.757405
83.21176,19,18.793201
74.624642,17,18.823737
95.600681,21,18.862247
131.322977,33,18.922023
132.805439,32,19.447876
156.425179,37,19.514994
131.410396,28,19.567621
138.462443,32,19.627288
142.9227,30,19.684649
178.409234,39,19.756137
111.217201,26,19.80273
182.637166,45,19.883845
136.993558,31,19.941519
78.001896,18,19.975153
93.635948,21,20.013007
141.075023,34,20.077725
79.925813,18,20.108506
213.111821,46,20.194866
101.97455,22,20.235605
122.448965,27,20.288681
96.283302,22,20.328934
192.182018,43,20.409987
163.555826,36,20.475871
264.909154,60,20.582756
100.644993,24,20.626754
85.601309,19,20.659772
98.496441,22,20.70095
148.056008,33,20.765365
133.918846,29,20.828596
149.159903,34,20.89041
136.324675,29,20.941127
179.490015,38,21.008672
127.143425,28,21.064254
91.063951,20,21.101774
99.4251,24,21.151422
143.927894,30,21.212555
100.922206,22,21.254155
88.423706,19,21.287521
81.732039,18,21.767704
109.527223,24,21.813018
98.53404,21,21.850714
117.467778,26,21.898533
193.654014,43,21.979719
162.747335,37,22.046255
130.689192,32,22.104953
275.91544,60,22.215542
122.182824,26,22.264514
172.43227,39,22.339212
103.717684,23,22.384464
111.810087,26,22.433926
170.2744,39,22.502979
151.13282,31,22.557502
138.961367,31,22.614151
74.145136,18,22.647396
140.114559,31,22.70581
73.794162,17,22.737782
89.751519,21,22.77767
132.384798,30,22.846726
123.759033,26,22.898138
174.515563,39,22.968492
103.418594,23,23.007598
122.412241,30,23.060746
266.051355,54,23.163299
82.403062,19,23.205618
176.724775,39,23.29122
166.922523,37,23.358039
88.48828,20,23.393353
241.812957,52,23.485163
98.677247,21,23.529231
132.544874,31,23.597969
112.276269,25,23.651774
165.632608,39,24.294608
242.978292,53,24.417998
214.896775,47,24.507921
197.671769,45,24.588619
181.080362,40,24.662768
259.463089,55,24.772825
145.509687,31,24.844768
153.231835,33,24.904713
112.841672,25,25.55459
187.659523,41,25.632382
129.246474,27,25.680358
121.543624,26,25.727706
226.034465,47,25.8145
115.342032,26,25.866766
84.781697,19,25.903677
130.966106,30,25.961549
198.628508,44,26.041448
133.210921,29,26.092573
182.871653,40,26.16678
76.216611,17,26.199047
251.159199,52,26.30044
187.122429,39,26.371259
117.434021,27,26.419844
123.831718,27,26.467116
112.779114,29,26.521913
112.256435,25,26.571216
151.918514,36,26.641686
151.20335,34,26.706998
96.151483,22,26.7459
169.707711,37,26.815004
174.592184,37,27.417988
115.520582,25,27.4643
173.762673,38,27.532095
90.631264,20,27.568957
268.97336,55,27.669508
174.253301,38,27.740039
125.012506,27,27.790438
94.073759,22,27.835748
147.941175,31,27.897306
185.161363,40,27.971502
221.121789,49,28.061597
212.062591,45,28.141977
95.492726,21,28.18067
81.713294,19,28.214425
206.256606,42,28.293517
71.368002,16,28.324075
70.131112,16,28.354189
101.059331,22,28.398282
247.854646,50,28.498519
165.783827,37,28.567029
194.572257,42,28.644317
183.771643,38,28.714536
125.251542,27,28.765324
249.020241,54,28.866538
184.906949,39,28.942337
115.688639,25,28.993991
161.015656,34,29.061435
149.037701,33,29.126404
156.940961,35,29.195354
69.910244,16,29.223462
131.341484,29,29.275893
295.102026,60,29.950563
125.988803,27,30.005337
275.769398,67,30.145185
146.678526,33,30.232346
275.228368,57,30.349453
143.763699,32,30.408824
149.858339,33,30.470408
176.148251,39,30.544269
75.950174,17,30.57574
198.368732,44,30.659086
74.845562,17,30.690864
120.038201,26,30.741389
81.089709,18,30.780556
83.81478,19,30.822024
151.676407,33,30.899676
175.473745,39,30.985318
140.508031,30,31.05365
358.15242,78,31.207975
101.219132,22,31.248682
130.632337,28,31.301192
132.413835,28,31.351803
320.996863,63,32.006184
205.221923,45,32.096184
137.034264,33,32.163962
241.352491,49,32.280439
173.777273,42,32.366689
187.867795,40,32.442161
329.724669,65,33.104027
81.139498,18,33.141998
115.395776,24,33.199663
96.35044,22,33.245593
156.429954,35,33.311387
227.83349,51,33.412205
303.529935,62,33.533545
89.240587,20,33.574267
152.212347,36,33.64524
198.352845,42,33.724102
251.32114,53,33.828495
162.801316,38,33.90752
169.287034,36,33.97655
171.700708,37,34.04411
280.837548,60,34.159492
252.272393,52,34.269265
162.427828,35,34.336857
214.390577,47,34.424768
129.03558,28,34.476428
212.044285,43,34.556837
225.074922,49,34.647722
184.972111,38,34.717818
210.718399,49,34.807179
290.786616,60,34.919882
198.497158,42,34.998355
238.613827,48,35.632038
186.28368,40,35.707049
239.577717,48,35.796668
350.907022,76,35.939686
193.493027,47,36.028165
193.382308,42,36.105143
95.228869,21,36.143363
317.186336,66,36.272652
167.927814,36,36.340445
231.949069,49,36.435506
97.027437,21,36.47395
265.12002,58,36.583812
238.723504,48,36.67446
254.513647,54,36.775818
172.637825,39,36.849695
208.704373,44,36.930243
164.267153,35,36.997098
232.250421,53,37.098413
187.01981,38,37.170398
233.501357,52,37.268919
118.613858,25,37.317456
227.577805,51,37.420426
146.988671,31,37.486165
179.437593,39,38.09092
177.085335,38,38.163436
226.923031,47,38.253972
90.714725,20,38.2921
357.947106,73,38.434489
289.972426,62,39.041571
229.821672,48,39.133718
230.906009,50,39.229252
117.45657,25,39.277826
209.07593,49,39.370591
184.842623,39,39.444167
185.856152,39,39.516469
111.002674,24,39.561774
275.525081,56,39.668758
235.702044,54,39.772041
233.989915,47,39.862179
220.99894,51,39.95727
284.073317,58,40.06873
255.600943,50,40.164688
296.971034,64,40.289479
106.385577,23,40.335001
301.105445,63,40.463171
318.373736,65,41.186011
259.071594,53,41.292595
185.360191,39,41.387811
237.551315,57,41.515309
246.331035,56,41.62519
228.647788,49,41.739884
217.466177,46,41.829858
188.945808,41,41.910939
308.258861,59,42.033004
193.207245,41,42.118081
306.054038,66,42.259664
276.701186,55,42.387684
254.020165,51,42.534536
295.621589,57,42.668958
282.820754,58,42.78243
168.250302,38,42.856865
281.952271,57,42.966014
174.568488,37,43.045432
269.743642,58,43.220366
306.746368,67,43.929625
225.192198,47,44.021701
395.547588,76,44.178531
294.308819,57,44.312073
197.094651,42,44.403859
287.091173,58,44.526702
196.698453,40,44.621127
191.423107,43,44.718151
275.599608,62,44.843941
151.100387,32,44.911222
219.767519,48,45.012738
278.54605,57,45.122436
244.761828,50,45.22487
76.318261,17,45.256008
279.123255,56,45.82596
311.420925,71,45.963924
222.85998,45,46.049586
428.459699,95,46.238094
196.185196,42,46.31878
221.585684,53,46.430727
226.673851,47,47.141047
91.807352,20,47.192187
315.827045,65,47.353114
256.391521,57,47.474621
233.951159,51,47.574268
307.515498,68,47.707687
261.373036,55,47.821532
259.653059,58,47.942043
194.024728,39,48.022297
341.080955,70,48.164659
97.892075,22,48.210244
256.121801,54,48.327073
248.096008,50,48.430548
215.28107,47,48.527091
351.681973,75,48.678487
76.487561,17,48.71276
277.820379,57,48.832285
253.407414,52,48.947608
352.224844,70,49.103686
215.905761,46,49.204298
304.924858,70,49.903079
164.209733,38,49.978369
350.968612,68,50.113617
385.919978,91,50.294836
170.215822,36,50.363839
198.690486,41,50.442384
325.133485,65,50.569228
377.141538,78,50.72147
168.212541,41,50.798429
242.801582,53,50.901062
279.488984,57,51.0088
376.827799,74,51.151788
267.980591,52,51.256583
331.367123,75,51.401995
85.224226,20,51.438928
147.488732,35,51.505359
97.558806,21,51.54562
296.69725,57,51.656094
381.603333,80,52.318146
302.557286,63,52.439241
338.260803,72,53.026172
231.205963,51,53.126699
328.456457,79,53.280143
170.015999,35,53.346438
264.640899,54,53.449196
317.874189,66,53.577669
231.907867,47,53.667034
251.910444,52,53.766459
469.21077,106,53.977595
320.029769,61,54.095278
236.260781,47,54.187806
363.875511,70,54.327172
294.533045,60,54.445382
219.070863,46,54.53545
209.598694,43,54.618641
386.2912,87,55.316231
99.2975,23,55.358917
384.641625,77,55.511879
378.627795,86,55.681567
299.664851,70,55.820126
309.267522,62,55.938575
434.264285,84,56.102731
983.949993,199,56.496493
300.572791,60,56.614796
274.758566,54,56.718898
258.52282,52,56.819325
267.889386,53,56.922912
276.854043,57,57.033963
241.301411,52,57.135908
81.237448,18,57.170566
264.778275,54,57.278298
348.192981,69,57.946139
261.275738,52,58.049776
309.813285,65,58.179206
166.015665,36,58.248291
315.526696,63,58.370713
300.741922,60,58.487362
263.461012,59,58.603119
271.62875,56,58.712561
406.293507,86,59.343889
223.384277,45,59.431843
434.622126,86,59.60353
238.981046,53,59.709476
243.884718,50,59.804511
260.936516,53,59.904538
399.797521,78,60.061252
325.709045,79,60.219295
220.191688,44,60.828689
369.934904,84,60.991618
491.6551,98,61.183165
244.050899,50,61.279023
228.480005,47,61.370918
237.919059,57,61.480913
325.806911,64,61.608347
289.837719,60,61.727512
328.730604,68,61.861835
310.642259,70,61.998861
334.806218,69,62.135169
325.417136,83,62.299936
259.412695,52,62.401951
234.910274,47,62.492455
400.085605,90,62.669342
287.686985,58,62.782275
217.489621,44,63.403572
292.905726,60,63.523595
337.36982,68,63.660415
338.584217,68,63.794118
185.433042,41,63.874808
537.530481,108,64.087001
215.242258,44,64.17319
317.050474,64,64.300536
339.251662,79,64.454187
287.105489,56,64.561928
99.993287,22,64.602395
301.051407,60,64.718314
284.948844,59,64.834786
161.829855,35,64.902883
304.404542,62,65.023772
189.965323,38,65.097078
315.831497,63,65.219217
304.308866,58,65.80363
385.889076,77,66.494146
200.844647,43,66.580168
266.580364,52,66.683966
418.84776,96,66.876293
227.207004,48,66.969492
270.584986,59,67.08381
204.326493,42,67.16608
476.845036,93,67.354208
288.172347,57,67.465028
326.191133,66,67.594574
272.66851,54,67.697268
251.885328,59,67.813374
212.424156,46,67.904603
336.390416,73,68.053742
404.000744,82,68.219457
387.679693,77,68.371483
320.41618,64,69.025638
369.686272,77,69.177672
273.320153,54,69.285832
336.224695,64,69.414766
133.233249,31,69.474284
331.061076,69,69.607567
292.738383,57,69.720515
253.238468,61,69.84153
272.952673,54,69.948595
338.287593,67,70.085433
239.314242,46,70.178469
363.496907,71,70.321274
376.861893,74,70.471162
380.182692,78,70.626442
225.436367,47,70.722918
271.177339,55,70.832078
362.163594,69,71.416115
372.101993,80,71.574955
326.19836,72,71.716811
479.44512,94,71.907806
324.732037,76,72.060534
319.293473,64,72.187914
271.068602,54,72.793178
323.527072,65,72.92255
296.624443,60,73.047122
356.399246,70,73.190762
362.866914,75,73.339452
263.16018,62,73.463081
261.956898,55,73.572411
335.084597,65,73.700983
215.206798,47,73.792339
555.144599,110,74.427552
242.523025,51,74.528448
270.165057,55,74.642298
279.898633,62,74.770609
394.773372,79,74.935486
430.659131,86,75.108096
399.317802,91,75.294055
364.640132,86,75.467486
345.754713,74,75.620101
317.878101,62,75.74586
560.844015,111,75.969838
309.678754,63,76.095186
290.051037,57,76.213471
286.117037,61,76.337993
310.493988,61,76.991528
222.434865,46,77.083675
438.530966,86,77.25849
333.597047,67,77.394499
321.191915,66,77.526555
278.294023,55,77.636215
326.973216,65,77.767385
376.395647,74,77.915615
223.288049,54,78.024696
387.838126,80,78.188061
363.425069,73,78.335256
230.669133,51,78.43788
447.783348,87,78.614388
341.135709,67,78.748666
361.951031,77,79.424881
253.320817,50,79.526042
469.478813,95,80.268418
326.954695,73,80.420535
190.080526,42,80.502257
387.082133,77,80.663883
187.315091,43,80.74991
409.693028,86,80.925112
380.947435,87,81.098659
232.811279,47,81.192039
368.629234,83,81.357444
293.307687,57,81.469707
340.473628,68,81.611011
386.020554,77,81.767734
242.150066,54,81.873724
396.267923,82,82.039795
320.839397,63,82.167362
302.913295,59,82.825757
503.432292,103,83.036516
306.011288,73,83.183273
308.286579,72,83.339628
395.789759,81,83.514385
156.484312,36,83.587953
279.785822,56,83.710246
294.457375,57,83.824534
242.740682,53,83.929602
269.278768,60,84.051152
330.197088,66,84.188424
192.193688,44,84.274428
348.213966,69,84.419598
363.498751,79,84.579679
492.487978,110,84.805091
356.300811,70,85.487137
246.097026,52,85.591721
406.705841,78,85.750439
304.982771,59,85.867978
315.47853,68,86.575647
304.374999,72,86.720327
302.531906,61,86.840735
207.186082,49,86.937694
309.351811,59,87.054058
387.147153,76,87.206217
217.46703,46,87.296808
311.410633,64,87.424913
313.184201,61,87.548061
386.193154,76,87.699699
317.277853,65,87.830259
527.707262,107,88.587501
351.853392,69,88.728194
350.048358,71,88.871356
309.195706,62,88.997548
234.224521,47,89.090334
427.143188,95,89.281028
364.732449,83,89.449913
321.105472,71,89.593905
499.061311,107,89.809827
316.190399,66,89.942298
226.206346,47,90.03811
298.17199,67,90.175034
230.181455,50,90.277406
208.74059,44,90.36449
260.107673,52,90.469231
370.63899,70,90.611309
351.831273,71,91.295795
323.671229,69,91.435817
346.189165,70,91.577693
355.338683,72,91.722377
313.810376,63,91.848834
524.318606,105,92.058659
262.155032,62,92.18599
253.578963,53,92.294739
421.014746,95,92.492594
436.749479,88,92.669034
394.65418,95,93.409554
302.0759,61,93.532139
367.262436,73,93.67734
348.646507,68,94.335649
374.256746,78,94.495717
371.675631,76,94.655035
462.219888,90,94.838116
337.413138,65,94.968241
319.176211,63,95.09481
451.724066,91,95.281032
378.092626,87,95.459767
255.636507,62,95.584767
153.943156,32,95.649048
341.501787,68,95.78791
250.335772,55,95.897776
384.314338,76,96.05248
275.631248,62,96.180613
544.248807,125,96.980754
352.792319,68,97.118081
330.368451,75,97.270492
334.430666,65,97.402764
328.988236,69,97.545666
258.223438,52,97.652238
267.019796,58,97.769158
273.495187,56,97.881567
368.356141,74,98.030663
382.774896,73,98.179596
275.654619,55,98.289213
248.761356,54,98.395183
332.222752,64,98.520907
172.057986,38,98.599249
476.171273,96,98.80035
265.215912,63,98.929562
318.265311,62,99.599225
276.532607,56,99.711118
332.718453,65,99.841379
338.554446,67,100.583327
237.184557,54,100.691537
324.711074,64,100.819669
329.188808,71,100.965726
262.457911,53,101.074117
245.311652,49,101.17332
301.577783,61,101.295549
341.938502,66,101.428422
320.329101,63,101.556726
297.102358,67,101.694896
366.24253,81,101.863399
260.645593,53,101.970507
342.425479,68,102.107409
443.884977,86,102.813195
390.449305,74,102.961313
342.364706,67,103.095182
286.08372,58,103.210594
298.929488,59,103.331556
375.465622,72,103.475611
263.025201,55,103.583127
385.760527,76,103.737982
407.436374,86,103.910103
442.215636,96,104.103943
237.13213,56,104.22083
385.349632,76,104.37291
392.290622,76,104.527646
283.039463,57,104.642115
294.970092,66,104.77388
417.276502,87,105.464355
343.876485,75,105.613947
349.97145,69,105.752264
337.540571,68,105.890207
288.00049,58,106.009281
474.244482,95,106.202667
333.993348,65,106.32907
773.095802,164,107.280474
300.858306,60,107.400814
385.659633,89,107.579255
325.079405,66,107.710968
330.878024,64,107.838412
294.332522,68,107.979426
260.522536,62,108.638657
484.184039,97,108.839279
322.09597,62,108.962689
565.464621,118,109.21237
769.131691,167,109.560339
562.387423,113,109.791456
694.859645,149,110.103091
332.61087,75,110.254964
377.908956,75,110.411218
412.186377,80,110.572301
431.515077,88,111.306131
337.025298,65,111.439874
280.415212,55,111.552007
246.657278,58,111.670922
325.13188,65,111.805061
293.867612,57,111.920015
346.965247,69,112.059564
285.807496,67,112.195219
362.792249,70,112.339271
348.051985,70,112.486929
403.749034,77,112.644443
294.637468,60,112.762329
306.817632,62,112.88629
186.36768,39,112.965646
259.538864,62,113.088853
373.926434,87,113.263368
376.250551,80,113.937971
287.620229,58,114.655874
350.583627,72,114.800748
356.128303,67,114.933725
302.234371,61,115.055701
351.040968,69,115.196802
318.313871,66,115.333532
302.211345,61,115.456112
227.698363,52,115.561698
447.458291,91,115.747973
343.260056,67,115.88491
301.440859,60,116.006325
301.593087,59,116.127602
285.259593,58,116.244713
379.17935,75,116.399219
268.054801,54,117.020149
297.009499,58,117.136844
251.323709,50,117.238743
311.371399,61,117.36379
251.725514,61,117.486732
432.546561,103,117.695213
313.72935,74,117.844226
285.324359,69,117.985166
438.381868,87,118.161254
295.497253,59,118.28386
294.741281,58,118.401867
535.242215,107,118.619274
427.156795,93,118.810326
317.792189,66,118.942397
432.36244,84,119.636855
327.706328,65,119.768493
247.517879,50,119.87105
443.981654,89,120.050661
576.766228,125,120.308818
342.70071,71,120.452861
395.266904,77,120.609657
351.0209,86,121.434992
266.658008,63,121.567924
535.392156,117,121.808686
275.550601,56,121.92597
408.060242,82,122.091463
412.855899,91,122.277373
478.017698,94,123.004141
571.854122,126,123.264353
425.51374,92,123.456544
423.212238,81,123.624003
352.02866,74,123.776605
411.33824,87,123.954034
278.758376,64,124.082923
468.105962,98,124.283992
318.276163,77,124.445203
385.526675,85,124.616079
391.336398,76,124.76839
325.044948,69,124.908681
242.166551,48,125.516703
352.660646,69,125.657329
537.371399,103,125.874433
489.052538,97,126.070456
377.648096,87,126.246687
297.553681,59,126.365333
409.841934,85,126.537465
264.604356,53,126.644957
355.792178,73,126.79243
271.092742,63,126.919785
377.911692,72,127.06721
335.993086,78,127.224024
295.655554,63,127.348333
341.915356,79,128.147284
296.439112,68,128.824859
316.907815,62,128.950843
320.326778,64,129.07913
235.370932,57,129.198703
431.411895,87,129.377286
286.738862,65,129.510167
214.381196,46,129.604122
306.962187,73,129.752334
296.523518,60,129.870961
314.566031,62,130.000911
495.414117,102,130.20769
540.02273,111,130.433079
371.433348,72,130.58493
321.478834,65,130.718574
356.571105,80,131.406052
297.752262,70,131.551809
304.383398,63,131.680969
453.000161,90,131.862618
392.499306,90,132.041984
398.770758,76,132.199573
329.67573,77,132.353105
289.710813,58,132.471103
328.997821,75,132.628485
248.488133,53,132.732211
319.078586,63,132.861868
355.64457,69,133.000799
239.512937,58,133.117201
290.558834,57,133.232177
601.597663,124,134.012349
328.457396,64,134.139698
261.756835,52,134.246721
331.577338,70,134.390345
375.728326,85,134.565858
626.976418,130,135.459005
391.148982,77,135.616251
316.688539,69,135.757906
497.844779,100,135.96647
480.532179,107,136.187102
287.481411,57,136.30515
563.220493,116,136.545157
424.2604,85,136.718497
335.924411,74,137.399881
494.280709,100,137.607089
656.492067,149,137.919616
430.896593,85,138.090928
323.972997,64,138.223364
458.421115,90,138.404685
366.222699,72,138.550186
263.676666,63,138.675828
280.649208,56,138.789665
357.231157,68,138.929056
342.261554,66,139.062624
338.539483,70,139.205278
720.080669,161,140.059592
355.713143,69,140.20096
314.802115,62,140.328514
274.842776,64,140.456394
443.573961,97,140.653804
384.735054,75,140.805931
377.480726,72,140.952801
374.711968,75,141.110906
438.996267,93,141.303712
599.884878,126,141.566911
323.64785,64,142.320386
371.807908,74,142.470805
378.957886,74,143.134655
383.967071,74,143.289023
331.078148,65,143.422523
392.979066,88,143.601717
465.07116,95,143.797934
293.776946,59,143.915772
532.343415,118,144.163429
387.593554,87,144.342922
354.954134,69,144.485611
454.915906,91,144.670899
315.639451,64,144.804955
395.231767,80,144.965142
355.98316,70,145.103975
267.479794,54,145.740846
331.326776,66,145.877072
418.94938,87,146.055928
548.091988,107,146.282675
405.34718,87,146.461744
254.875062,51,146.563282
280.336961,65,146.691478
452.835237,89,146.873607
334.664218,67,147.00959
448.873543,89,147.195797
353.401008,71,147.340415
471.953962,92,147.531071
342.841796,64,147.663835
426.817979,85,147.836337
293.638298,59,148.495181
390.615672,75,148.650898
282.579089,57,148.76721
389.7871,80,148.932823
372.089712,72,149.736025
493.082114,101,149.948283
454.802903,89,150.13412
342.321549,68,150.275053
469.902578,92,150.464681
415.291179,89,150.653066
519.68457,106,150.872551
529.792038,108,151.095527
406.695832,81,151.78076
319.228169,63,151.911912
402.356408,86,152.088873
272.617672,62,152.215836
357.460382,70,152.361288
433.918527,88,152.547325
301.867255,72,152.699153
427.662446,85,152.874352
495.539552,103,153.086803
296.139215,69,153.228651
351.435604,69,153.370544
356.938567,86,153.550386
490.230149,94,153.744503
421.590082,87,154.425053
441.408339,86,154.600728
463.939583,92,154.789844
309.69603,61,154.917046
291.861556,66,155.055341
480.122731,94,155.248515
439.376892,87,155.42923
292.944792,61,155.551864
278.089607,66,155.687034
464.683598,102,156.576476
215.556273,52,156.685209
368.597853,74,156.836956
340.111577,69,156.978555
398.046301,77,157.6436
523.516161,103,157.860032
577.799654,118,158.102977
377.50478,85,158.277173
390.151374,76,158.43496
281.456165,66,158.570743
455.262819,101,158.779795
430.670645,84,158.953085
461.774118,89,159.133486
348.41248,69,159.277087
440.694899,84,159.448959
482.829374,97,159.64542
318.951835,64,160.286988
499.278031,103,160.502213
302.694069,59,160.620613
275.581755,62,160.749107
465.693411,91,160.957325
436.120676,85,161.138721
431.216964,87,161.318319
337.770638,68,161.454683
537.224852,107,161.677149
291.961009,64,161.806424
356.181679,84,161.977504
448.653881,86,162.151909
388.664821,77,162.309187
738.655061,151,163.14607
337.232281,65,164.070795
316.58147,63,164.205169
291.692414,57,164.32357
359.962459,69,164.465574
325.353606,66,164.603402
307.441378,60,164.725985
341.340111,67,164.861399
419.745314,93,165.048666
493.560025,107,165.271826
466.112478,102,165.482413
322.104403,73,165.628895
310.837111,72,166.187654
383.829586,75,166.347283
368.681077,84,166.52494
432.288045,86,166.700552
401.036924,88,166.883779
313.029859,75,167.073949
365.052829,86,167.257493
369.922639,74,167.413966
684.935019,146,167.720403
500.884975,97,167.92396
425.023411,84,168.095727
329.120399,74,168.247793
360.405873,82,168.830878
460.748982,90,169.014655
380.632172,74,169.170125
494.029516,113,169.407624
322.604805,77,169.566622
454.213326,86,169.746979
351.302159,82,169.917073
457.83992,92,170.970861
397.317473,77,171.130875
400.002019,92,171.332082
352.792402,68,171.473198
397.121694,80,171.64057
270.304188,63,172.181602
384.371828,78,172.345745
490.680622,96,172.545102
327.371908,64,172.679784
514.580296,101,172.889316
327.933943,74,173.041563
471.551228,104,173.254485
347.265463,68,173.393565
273.195195,62,173.524077
432.940376,88,173.707874
455.282306,87,173.88857
597.840485,125,174.147958
538.789627,107,174.793284
433.499824,86,174.973862
528.024976,112,175.20732
512.541378,100,175.417326
455.000355,102,175.629647
417.09298,86,175.808475
614.084708,123,176.065084
334.221106,65,176.199479
323.592196,62,176.326446
238.55707,55,176.439964
481.168351,107,176.666288
370.701233,74,176.819155
255.457587,64,178.225723
494.037756,97,178.427232
446.285471,87,178.60766
329.728487,77,178.765803
369.66284,81,178.932388
420.899408,84,179.107035
297.217704,59,179.227802
277.444353,66,179.365556
402.212113,79,179.526115
414.684419,80,179.688783
394.863122,79,179.84984
450.508108,90,180.03778
450.442952,88,180.218178
299.888364,60,180.748508
611.404552,123,181.010003
387.704925,74,181.164819
299.192213,58,181.285752
350.505614,86,181.464554
422.562065,88,181.646378
423.496247,83,181.822406
499.161568,110,182.054426
297.054225,70,182.196695
398.107192,87,182.373833
417.742609,80,182.538558
441.841213,87,182.718219
369.844036,75,183.388326
388.500669,73,183.539724
413.11712,82,183.707294
581.339109,117,183.949738
432.021455,83,184.120319
364.755581,83,184.290883
416.206298,84,185.309992
426.045131,95,185.505001
366.604627,79,185.668539
313.257927,67,185.806218
377.347788,87,185.987039
451.065026,89,186.173512
321.318847,62,186.835986
326.976517,75,186.993243
390.953199,85,187.170397
444.67216,99,187.379218
321.488008,65,187.513945
818.026875,171,187.869261
427.702472,85,188.045358
411.691888,91,188.232821
305.705591,72,188.380219
602.86861,130,188.651133
411.288364,96,188.850377
478.75474,94,189.567529
348.109017,79,189.733474
459.97011,92,189.921689
469.322572,94,190.117718
307.754432,71,190.264158
323.384284,71,190.408903
461.411204,105,190.627208
260.183338,61,190.753043
314.767549,61,190.879062
462.838459,100,191.085323
242.507881,55,191.199003
484.368206,114,192.385983
352.528822,71,193.068477
440.868149,88,193.250073
388.206095,78,193.413388
513.202249,104,193.62991
341.55729,67,193.769087
364.643699,71,193.916685
410.377252,83,194.087996
454.832679,90,194.272837
331.59128,77,194.429893
382.787094,75,194.584857
528.456776,104,194.804739
378.829901,73,194.952176
326.157332,72,195.100894
328.140027,65,195.765736
532.489749,116,196.003469
465.713396,99,196.207934
537.079606,109,196.433768
378.133978,74,196.585668
365.089722,82,196.754278
387.444451,75,196.907661
599.018061,130,197.181709
329.467612,75,197.335931
344.512954,68,197.479993
563.614571,117,197.7244
282.990497,58,198.359564
345.770955,68,198.499009
497.795503,101,198.70764
654.049101,131,198.980095
395.074047,90,200.120637
563.316384,114,200.357821
403.487131,91,200.541355
347.75877,68,200.681399
553.215466,106,200.902888
673.853195,133,201.175564
321.036913,73,201.324855
586.888921,125,202.096221
612.158932,121,202.349721
397.628976,88,202.532667
673.265831,133,202.807911
612.985022,135,203.085655
410.277763,79,203.252794
667.136828,137,203.538004
441.925426,88,203.722003
419.067511,84,203.896404
535.556617,122,204.672659
385.630101,95,204.8671
412.736042,98,205.067115
402.288647,80,205.23011
511.939339,108,205.449883
454.056954,87,205.6307
469.980386,104,205.84431
410.69923,80,206.007635
507.186557,100,206.213351
418.713853,97,207.266597
513.993771,104,207.483979
345.531409,78,208.177994
339.825858,79,208.345459
700.774533,148,208.649236
325.974078,75,208.805647
350.895142,85,208.97865
462.112749,89,209.1616
433.442951,89,209.346452
340.040422,77,209.503111
355.878611,70,209.646251
443.613789,89,209.823168
410.101191,82,209.990431
486.54322,102,210.742066
275.345095,56,210.854564
292.394038,65,210.991198
354.167265,79,211.15338
424.217877,94,211.347553
500.040279,113,211.575068
369.739628,73,211.721918
295.609376,71,211.866218
304.666339,73,212.01397
748.548158,143,212.307641
308.108024,60,212.429727
317.820326,62,212.554493
469.730973,89,212.738598
441.142454,85,213.445122
455.978844,107,213.66761
553.717135,126,214.803445
409.03334,94,214.994137
382.390515,90,215.178471
469.502649,103,215.391215
406.131854,90,215.576065
439.854743,86,215.751662
378.037717,87,215.931144
343.654834,73,216.081216
427.48574,98,216.285398
438.806064,88,216.872604
656.152529,144,217.173429
405.886454,80,217.335253
481.702465,99,217.541651
352.934778,68,217.684603
388.032459,78,217.842899
410.626937,81,218.010874
550.935387,125,218.268915
499.237771,96,218.465768
452.404429,87,218.642841
673.965507,133,219.438115
447.566037,91,219.626518
486.228234,94,219.821034
377.563492,84,219.994545
515.506382,102,220.209449
532.71342,102,220.421882
463.242738,88,220.604724
314.623136,74,220.760623
756.31493,151,221.858027
343.401959,66,221.992373
371.050739,84,222.166871
581.072866,117,222.950768
379.026171,76,223.106126
395.908865,77,223.26615
367.375403,75,223.420794
365.068478,79,223.585143
355.089451,71,223.729406
465.732651,88,223.91184
405.865423,92,224.103878
396.722947,75,224.262494
758.828344,149,224.572748
650.503664,132,224.84283
454.898219,106,225.57058
617.260882,125,225.827244
691.925163,139,226.120337
394.620546,79,226.279714
469.15021,91,226.46502
308.210834,63,226.589936
505.770358,100,226.7909
434.162086,100,226.9986
328.215527,76,227.156143
469.691523,93,227.348232
426.328071,87,227.52879
470.064076,92,228.246429
499.139694,98,229.387221
492.346812,107,229.60804
703.274592,145,229.904176
315.646399,65,230.034398
586.8769,129,230.299776
432.976069,96,230.494323
365.735517,83,230.663632
455.710692,92,230.851003
347.540022,67,230.985996
502.623974,95,231.607881
359.154233,69,231.752086
534.772114,124,232.007308
556.30126,110,232.23331
531.298253,104,232.448081
522.678316,105,232.664642
272.744663,63,232.79285
512.496846,101,233.000694
518.871025,117,233.242592
416.116679,83,233.412075
462.383183,99,233.613823
354.887032,69,234.28377
328.964473,77,234.444801
510.370617,98,234.649021
448.664876,88,234.826315
603.452488,126,235.083546
604.529474,135,236.273494
416.638054,80,236.437195
449.476266,88,236.61644
768.482213,150,236.923901
668.994004,149,237.632596
453.536733,95,237.826365
522.734142,105,238.042166
402.521279,91,238.228295
345.598068,82,238.395686
385.289605,84,238.56795
398.073539,78,238.731642
343.628077,81,238.897273
656.242309,142,239.186767
326.060153,77,239.34422
145.685661,31,239.406374
383.4549,74,239.554412
460.789938,89,240.173788
404.997591,93,240.363345
399.116083,94,240.561728
338.981071,78,240.727415
289.032196,57,240.842544
351.286073,70,240.988531
406.823266,93,241.180674
334.152433,66,241.320213
306.529494,61,241.447265
313.085911,74,241.600877
402.43796,82,241.7715
253.659656,54,241.881449
446.289795,91,242.068745
291.634962,58,242.185818
396.617623,80,243.963441
458.633937,106,244.178709
459.772637,101,244.388164
337.035868,65,244.524604
493.784289,114,244.759164
536.599763,102,244.965781
676.694668,137,245.249919
415.970846,95,245.441991
325.605412,65,245.576464
473.215861,104,245.790854
360.020649,85,246.480055
362.923849,73,246.626286
283.288419,66,246.763164
533.922532,119,247.006674
462.177651,103,247.222085
296.912362,70,247.36561
530.800213,118,247.604926
527.177446,119,247.850437
473.633068,94,248.043081
394.827675,78,248.207886
413.215903,80,248.365803
396.06744,89,248.550264
578.26678,126,249.334176
630.685807,136,249.616805
528.343233,118,249.864124
635.138548,143,251.160157
662.962219,140,251.448879
422.518969,82,251.619673
598.291849,136,251.899493
350.375389,68,252.039937
526.843351,103,252.785789
452.755741,97,252.984811
698.206228,142,253.280566
366.591795,84,253.453336
417.710915,82,253.620803
475.565366,97,253.828167
443.37963,91,254.013772
378.66694,85,254.186673
349.736375,72,254.331016
518.450654,99,254.535116
355.358522,84,254.707482
387.822579,77,255.39724
416.574507,80,255.559459
310.124966,74,255.711488
453.206765,89,255.896889
329.022484,64,256.025658
406.61695,79,256.187083
426.03994,79,256.349145
429.179808,86,256.520774
298.477557,72,256.66688
460.671709,89,256.850987
401.711211,82,257.013208
309.16608,70,257.152357
666.75226,135,258.519181
341.435868,78,259.193168
424.966773,100,259.394415
477.527491,112,259.624711
387.789856,90,259.80644
321.818847,64,259.936307
460.968918,94,260.129543
558.757588,109,260.35635
335.178008,66,260.487881
581.199038,115,260.719869
291.491263,59,260.838673
477.105603,95,261.032843
484.768392,95,261.753133
627.28218,141,262.044429
300.321913,67,262.17992
587.729167,122,262.427102
551.231972,125,262.683276
350.557527,68,262.820872
382.07162,74,262.967774
343.109001,81,263.131416
456.721533,101,263.339381
356.965978,85,263.513798
354.660818,68,263.648555
553.436679,109,264.370338
403.056626,80,264.535201
490.435719,96,264.733314
431.415183,82,264.902497
445.543863,92,265.963331
374.900381,72,266.111348
340.812922,69,266.255556
478.321598,107,266.473893
450.655854,89,266.656122
548.125804,115,266.889223
465.16102,93,267.0788
390.356931,89,267.777495
578.926198,130,268.047469
657.213924,132,268.320113
369.956284,84,268.493827
458.038966,89,268.670641
336.187779,80,268.832113
537.574224,107,269.044928
489.697952,96,269.239427
477.811507,94,269.429521
453.916458,88,269.609451
395.650484,77,269.765928
345.662802,69,270.430716
507.508086,102,270.642541
341.031148,67,270.778969
319.782433,74,270.927943
641.505759,125,271.184599
464.425849,88,271.362491
473.730371,104,271.573199
425.111938,83,271.737411
394.055312,89,271.915054
482.00048,96,273.094244
539.484999,106,273.307634
491.424096,91,274.022066
534.13883,101,274.231996
751.932139,164,274.569542
338.989673,77,274.728484
419.154032,84,274.905523
525.062393,104,275.116843
314.235863,75,275.269448
350.11865,81,275.43323
471.734752,91,275.620212
552.462026,109,275.841882
586.631833,116,276.600629
431.323714,87,276.776962
380.488625,74,276.930287
557.374378,122,277.18141
441.098922,91,277.367815
557.136962,109,277.591872
489.972938,111,277.818226
743.099246,150,278.123795
455.72413,104,278.33741
341.255895,69,278.475518
356.551139,79,278.634335
639.262392,128,279.426544
562.478278,109,280.494661
465.255367,108,280.713203
427.627277,83,280.88024
724.800336,145,281.174367
438.535632,101,281.384025
454.907608,99,281.585649
483.92633,97,281.783009
303.407722,73,281.933077
369.045302,73,282.082825
369.745881,83,282.778697
487.79953,96,282.977459
501.000288,98,283.17719
231.9126,55,283.28963
596.416751,129,283.556451
432.279729,98,283.758376
559.266715,128,284.024238
281.819283,58,284.143699
676.645254,138,284.424147
480.733914,104,284.637665
437.036032,85,285.334011
384.368386,86,285.507169
472.372521,91,285.696509
343.176877,83,285.864628
444.562937,104,286.078235
363.300252,71,286.224602
335.834376,65,286.355383
388.946819,92,286.547728
552.910624,104,287.607888
489.880839,93,287.797289
481.796903,94,287.988961
412.080544,80,288.151155
412.763423,96,288.854733
356.266506,82,289.024013
485.823422,108,289.249217
399.578789,90,289.437359
360.236808,83,289.611018
253.125743,59,289.732549
470.093523,92,289.919782
441.646495,90,290.103505
358.762846,84,290.275697
756.359173,152,290.585394
401.186198,80,290.748419
342.216609,75,291.427321
448.361588,91,291.612082
499.901241,98,291.811324
667.269796,140,292.096122
596.183884,120,292.345611
421.19653,90,292.530014
543.700444,107,292.745892
370.424778,86,292.919805
335.343546,65,293.056014
474.518397,94,293.256631
425.952565,80,293.416685
308.298296,61,294.060894
451.383195,89,294.98889
594.506984,115,295.224102
428.362018,83,295.392395
368.359315,75,295.543331
455.140366,99,295.746498
380.152019,87,295.923593
383.992955,86,296.096895
519.940369,120,296.346485
502.321717,98,296.547594
670.149492,135,297.350302
373.152772,76,297.507082
390.73717,89,297.689106
1088.998382,220,298.145207
562.493062,112,298.371171
339.580671,79,298.532779
472.566512,91,298.721188
727.088646,157,299.043516
586.633423,116,299.280188
321.659118,74,299.435849
332.474374,74,300.110155
521.621685,118,300.348179
276.743567,64,300.477901
329.771654,74,300.62771
498.116969,99,300.827833
419.075949,97,301.024074
485.47669,111,302.071601
543.040601,105,302.283911
312.392764,64,302.412586
696.358625,147,302.71084
321.568113,64,302.839496
322.01877,74,303.510064
436.720296,94,303.701354
408.919741,78,303.861812
307.990428,70,304.002396
568.892636,113,304.228988
580.21829,115,304.462137
403.226891,78,304.622022
567.898957,122,304.872033
404.032905,79,305.031961
376.316408,72,305.181376
370.644103,86,305.356322
533.362025,116,306.125468
365.443272,84,306.296512
433.342417,96,306.490506
464.571638,108,306.710368
360.712656,84,306.878673
834.332388,163,307.213637
461.720489,93,307.405236
407.672283,93,307.5931
620.284946,120,307.839014
464.503445,89,308.022079
534.322904,103,309.521151
440.882448,85,309.692834
526.277131,100,309.89608
353.820817,72,310.042788
628.617912,138,310.325713
537.594842,125,310.581674
497.952612,98,310.784045
695.054883,145,311.087956
613.046356,121,311.338597
561.306384,117,312.086715
433.642378,95,312.279305
647.765772,133,312.550357
557.986734,111,312.776106
481.675009,93,312.965044
370.37891,82,313.128829
403.129408,79,313.286757
256.378814,62,313.410457
393.653622,89,313.591496
486.520322,94,313.77979
590.193166,114,314.014119
295.455106,71,314.582465
661.003222,145,314.878075
671.191912,146,315.172464
365.433903,71,315.316448
725.737014,142,316.460495
410.264919,82,316.624839
556.222128,110,316.852691
502.072772,109,317.074694
383.98209,90,317.258404
839.687278,167,317.996542
378.617779,84,318.166979
436.965595,86,318.340282
387.533515,89,318.523708
380.011553,87,318.698838
545.710443,106,318.918113
499.183946,97,319.116359
386.523856,76,319.27163
399.369961,77,319.42712
436.577464,89,319.610402
472.830427,91,319.796327
467.392295,91,320.48684
460.56991,97,320.684559
534.090881,107,320.908523
304.884051,68,321.049247
469.316065,91,321.241119
535.835711,105,321.45696
598.509714,115,321.687087
561.847893,113,321.920174
405.624032,79,322.078387
436.97799,84,323.069023
609.259348,121,323.319214
420.386463,95,323.959967
497.564003,110,324.18575
290.283086,66,324.318826
447.323046,83,324.490863
487.503381,95,324.682066
621.947558,140,324.969322
395.894285,86,325.144732
404.603504,76,325.302036
563.850056,129,325.56928
451.211963,88,325.747586
356.007787,70,326.286776
435.611927,86,326.463599
551.312525,120,326.713026
329.255341,73,326.859585
708.32303,141,327.146956
323.667912,64,327.276073
411.82079,93,327.471049
435.73378,87,327.650001
541.44845,108,327.873211
372.005066,86,328.049144
327.778364,64,328.178332
367.210236,82,328.343981
447.883209,84,328.915768
429.919557,84,329.087099
353.320765,81,329.250973
495.937286,97,330.182427
510.860925,96,330.379345
451.278739,103,330.590181
428.275318,82,330.751338
365.778107,71,330.895635
374.310435,85,331.06944
417.101107,79,331.22897
528.510321,105,331.444379
399.147996,84,332.012926
659.569114,129,332.280332
470.746162,102,332.49033
557.322976,111,332.713202
419.904413,81,332.878411
553.404497,111,333.106387
582.384735,120,333.350727
525.107306,102,333.557528
426.333211,82,333.722953
410.533854,96,333.922241
390.978729,76,334.075867
580.523587,113,334.707222
617.679536,135,334.98474
274.517455,66,335.117631
649.822297,128,335.383217
405.881976,95,335.57801
463.787954,91,335.761691
555.802662,118,336.007925
514.849107,104,337.215363
555.275094,110,337.441726
729.318796,142,338.135136
384.473911,75,338.286351
463.303683,89,338.468778
361.23242,71,338.613167
529.00871,105,338.828963
648.7432,127,339.088924
361.720861,70,339.234272
376.884727,88,339.41331
505.770919,113,339.64401
552.38763,107,339.863171
461.788257,101,340.064292
471.972083,96,340.660068
467.108285,93,340.843387
422.923825,97,341.043059
369.618983,80,341.208506
436.305194,103,341.423618
568.399427,128,341.690093
399.929942,80,341.854468
485.075649,94,342.047528
510.941267,99,342.253477
830.173041,168,343.004714
678.732792,143,343.306733
667.398914,134,344.495927
548.768456,103,344.705435
574.659153,126,344.968951
432.694816,83,345.141442
374.997466,75,345.290588
503.331801,113,345.522528
562.93577,110,345.749122
473.430171,92,345.939213
427.037307,84,346.509058
475.673156,108,346.728071
635.54941,135,347.002471
460.158218,89,347.183472
474.974814,92,347.367701
401.814713,83,347.541773
390.239596,77,347.696719
472.072201,95,347.891302
576.123496,113,348.120864
365.085483,74,348.274934
319.6068,73,348.425551
507.100534,100,349.031067
475.566919,90,349.217468
422.016193,95,349.408823
337.792798,70,349.549781
706.848525,138,349.828623
474.690754,91,350.015344
586.543233,112,351.234175
342.02762,80,351.403975
406.855195,83,351.574398
337.57615,66,351.710406
444.355194,87,351.888768
477.742888,99,352.493948
317.641609,63,352.623412
346.327092,69,352.768705
801.062348,154,353.086979
530.114132,100,353.288429
391.00036,92,353.481714
513.416373,118,353.725224
648.328993,132,354.001157
526.687959,103,354.21027
475.62743,96,354.408121
686.428381,132,355.07926
426.563023,89,355.263047
710.924149,137,355.54544
593.299254,119,355.790059
615.369225,121,356.038517
403.683121,94,356.232693
594.45622,114,356.465124
434.236184,83,356.63296
570.026404,112,356.864435
583.051895,111,357.490121
524.47585,106,358.614179
397.18843,79,358.777815
432.933256,98,358.980888
378.114456,73,359.13167
594.025348,116,359.366503
406.343026,76,359.524107
570.430895,124,359.784394
509.274281,99,359.992171
393.806389,79,360.154348
556.492959,108,360.379758
550.200081,116,361.144389
894.320201,191,361.536362
396.666622,77,361.695918
426.239279,83,361.86844
487.88283,95,362.06679
407.833301,90,362.2531
633.258463,125,362.514596
453.007712,88,362.697009
366.673486,86,362.874163
470.634469,90,363.059389
666.155236,147,363.881974
546.770884,112,364.116543
331.254021,77,364.279962
464.051937,90,364.46289
413.336383,81,364.628358
553.921044,124,365.789755
460.717284,89,365.973911
318.283348,61,366.098242
366.608786,71,366.245749
378.614516,86,366.425712
528.996789,105,367.180175
542.640873,104,367.391785
787.111322,163,367.727999
455.090965,87,367.90602
431.830708,97,368.108951
544.364917,115,368.343024
357.21422,83,368.512024
373.670014,75,368.662133
384.943648,74,368.811826
510.423603,100,369.018291
460.179417,107,369.241331
366.119105,84,369.937303
393.157063,89,370.119208
823.880274,160,370.449861
622.867135,134,370.722614
753.517814,155,371.042947
345.145374,69,371.190225
416.111397,94,371.380805
422.677809,88,371.565535
932.153015,190,373.284261
508.810838,101,373.494417
332.344967,66,373.627528
381.803348,86,373.805727
802.17229,159,374.138297
445.067117,85,374.312783
570.791874,122,374.566368
582.726629,124,374.825825
534.306789,116,375.065668
494.043624,95,375.259077
395.165623,88,375.955417
418.351057,95,376.156729
445.744414,99,376.359639
548.356714,121,376.612809
900.819422,179,376.989279
504.260031,115,377.231108
387.614463,77,377.388067
490.184296,98,377.591278
397.73382,92,377.778856
615.19062,129,378.583507
439.624265,100,378.796439
580.319078,125,379.061724
567.080797,111,379.289941
375.490334,86,380.247663
443.844323,85,380.425538
313.707982,73,380.578991
588.021821,116,380.816306
373.758954,84,380.988935
597.380654,116,381.229369
577.362656,112,381.990744
435.852317,83,382.160361
766.741941,153,382.478428
781.366328,167,382.82766
347.749749,70,382.973474
424.488855,99,383.181719
358.153177,84,383.358461
615.24936,119,383.607722
590.977447,116,383.848232
469.681227,92,384.035851
467.764509,96,384.752472
356.969383,73,384.899381
599.957536,113,385.130801
530.349694,105,385.345601
510.976685,114,385.585336
493.065337,95,385.780169
428.19308,97,385.982437
445.363633,103,386.197188
358.551286,71,386.343066
342.422911,69,387.221227
425.36736,82,387.387758
537.426597,110,388.131135
549.294016,113,388.365489
476.821783,91,388.55071
358.664347,84,388.721772
516.211581,115,388.959573
599.588881,116,389.19947
809.949708,164,389.538357
394.645003,89,389.725492
524.625743,104,389.937629
468.814613,94,390.642915
639.194487,124,390.89976
588.46306,113,391.134697
528.161004,101,391.35327
658.463075,129,391.620235
670.527004,147,391.926046
513.495155,100,392.135797
498.115509,98,392.337586
493.757398,95,392.534932
361.474206,74,392.686726
570.100353,112,393.446499
520.632193,99,393.650712
513.212493,99,394.594062
602.215769,114,394.831743
617.24012,131,395.101918
451.493325,90,395.285851
638.604289,128,395.549871
517.321631,101,395.757516
712.128509,154,396.076699
663.339314,139,396.884012
455.03893,103,397.096039
685.22266,133,397.367878
517.700574,98,397.57473
329.771797,65,397.711798
493.995777,114,397.952452
424.958119,81,398.11865
315.562891,77,398.280727
345.23502,79,398.446357
484.283545,106,398.661566
803.190434,158,399.510232
624.883639,135,399.788379
536.806012,118,400.033728
341.544181,80,400.197767
427.583005,82,400.366019
762.420534,155,400.690149
439.463446,100,401.624807
875.943322,188,402.017108
659.454054,129,402.803919
480.714057,92,402.995023
809.623108,175,403.362409
778.162145,174,403.727616
573.65867,112,403.957654
530.24098,102,404.167544
615.650978,124,404.424605
431.86592,82,404.596179
480.911268,94,405.317692
454.609857,85,405.491663
412.871084,97,405.693553
486.1577,113,405.931432
572.499318,107,406.149244
498.20412,97,406.350936
369.783319,81,406.519454
513.046813,99,406.72176
531.588491,111,406.9513
490.092844,96,407.148078
498.559675,113,407.383039
413.168956,91,408.091924
505.984602,100,409.046542
546.674756,106,409.264608
453.045114,90,409.450988
742.01082,151,409.769726
673.185897,128,410.035723
545.646586,119,410.280005
542.617992,106,410.496553
510.10049,97,410.696862
503.598886,113,411.485669
475.853281,110,411.717335
540.223982,103,411.932443
463.930752,89,412.115313
380.494355,83,412.289977
568.389532,112,412.522822
687.3696,153,412.843484
411.608385,95,413.046307
529.272191,117,413.292446
588.776831,115,414.034991
367.465294,85,414.212349
522.126269,99,414.416078
339.123356,67,414.55547
392.499866,76,414.710276
394.370978,91,414.899365
635.702355,120,415.158635
687.137239,144,416.223469
644.96125,122,416.475675
410.125883,90,416.660742
673.15946,146,417.495024
409.898895,94,417.692068
442.961702,91,417.88066
370.704145,88,418.063923
467.698332,89,418.248915
510.647874,100,418.455131
736.974318,144,418.7542
409.176919,92,418.948625
716.364256,145,419.252525
641.819189,142,419.544247
499.711182,112,420.284127
428.836164,83,420.452046
966.896967,198,420.86219
479.710159,92,421.053594
596.534012,115,421.293764
866.4009,168,421.642287
459.662538,102,421.85368
461.151974,104,422.066533
600.543669,117,423.608676
435.201585,87,423.790741
442.787751,83,423.961683
436.436083,87,424.140112
512.500134,98,424.335609
430.58429,83,424.504406
497.695604,93,424.696001
703.000837,145,424.999272
707.027411,145,425.301761
383.015176,77,425.465288
550.476979,105,426.198664
523.341181,116,426.435814
503.301954,95,426.629881
759.055609,148,426.935227
734.908813,143,427.233191
474.950062,108,427.461127
434.887883,87,427.638495
416.247564,80,427.799342
409.858751,96,427.997607
415.484059,79,428.156029
471.471688,94,428.86407
820.197619,159,429.192757
604.373143,133,429.475376
951.925855,190,430.623034
586.761003,132,430.899843
598.288811,132,431.177889
700.875775,156,431.509507
558.686701,114,432.261975
621.195717,119,432.499821
744.807538,146,432.816265
499.975267,94,433.011198
663.321067,130,433.283416
555.290403,106,433.500932
478.208984,94,433.696256
1116.457627,242,434.208081
462.038933,104,434.951945
511.824025,94,435.141978
543.190821,122,435.389128
659.141373,124,435.648388
455.399486,88,435.828902
668.230855,133,436.106798
859.781664,168,436.450011
511.820315,111,436.680234
598.952926,126,438.237622
508.677975,98,438.445754
470.347605,89,438.630525
765.553,148,438.93763
609.353011,130,439.216515
462.204033,99,439.419252
478.344838,89,439.601331
386.09593,88,439.779908
442.617085,88,439.966192
598.079686,132,440.2432
370.206188,85,440.949682
473.82686,103,441.168748
571.58717,131,441.444914
457.821513,105,441.663304
516.542643,100,441.869852
779.89497,148,442.172355
596.935297,113,442.407234
566.835241,110,442.633572
588.294606,112,442.865938
394.869467,76,443.027346
633.758256,120,443.801388
675.215917,154,444.12568
607.704865,126,445.198425
674.191383,147,445.509314
408.999351,96,445.711661
449.338554,89,445.893844
374.656263,75,446.050287
625.747773,121,446.299945
568.678065,113,447.069379
450.175045,84,447.246717
425.029472,83,447.421455
630.727012,122,447.675195
394.609061,74,447.827778
527.354099,117,448.073292
499.443236,94,448.265944
747.824338,165,448.609447
452.658051,90,448.796826
669.814496,125,449.056991
361.845053,84,449.783403
504.039958,109,450.012524
395.48758,95,450.211373
618.685248,119,450.463025
381.610383,89,450.652141
414.176278,98,450.858207
602.003439,116,451.100242
926.604567,183,452.278164
447.03445,103,452.489856
547.312774,118,453.259367
537.526102,102,453.473134
460.195744,88,453.65696
696.950389,134,453.934106
696.602834,138,454.214083
602.235429,113,454.446482
738.569403,146,454.749082
650.25326,128,455.014383
629.502366,123,455.275621
517.236331,94,456.009982
638.21566,132,456.287101
676.688051,134,456.568532
661.416581,146,456.87637
443.715945,101,457.089175
515.511268,118,457.337528
415.015372,98,457.543509
389.417992,89,457.731762
576.302548,118,457.976098
529.161374,104,458.736102
545.246056,107,458.954607
432.973611,84,459.946933
767.760218,173,460.315575
691.654487,137,460.605016
571.811199,118,460.847569
749.835633,151,461.156677
690.441934,133,461.429071
743.131065,152,462.249222
347.497541,69,462.395651
653.59786,125,462.655982
469.106213,90,462.841467
605.965525,128,463.11734
435.109043,85,463.294803
456.198047,89,463.477312
486.272537,93,463.669131
506.541498,106,463.887174
660.632764,126,464.665175
584.842117,120,464.911915
694.597325,158,465.237668
558.976361,121,465.491514
573.076426,112,465.719594
370.875941,72,465.869608
420.89355,82,466.037983
377.405476,84,466.957958
732.502549,149,467.27002
350.890751,83,467.443939
708.076723,136,468.232906
497.771732,93,468.429291
420.141386,97,468.62724
436.03377,84,468.799962
436.75783,92,468.988898
680.669988,132,469.259443
527.523173,99,469.462419
586.500487,110,469.691753
749.766106,140,469.974061
310.888646,74,470.654297
512.282956,94,470.851186
476.898787,107,471.072718
406.324808,77,471.240701
530.992258,100,471.444641
425.26414,91,471.634846
395.659591,75,471.789288
337.839447,81,471.957725
559.880835,124,472.216373
534.846802,106,472.433009
333.663309,68,472.569308
347.414729,68,472.706373
645.982342,126,473.47766
555.923944,109,474.509321
619.068414,121,474.772237
696.715317,148,475.087882
501.795826,113,475.329928
466.381165,97,475.530313
485.435108,96,475.727312
446.118819,102,475.936201
581.656374,113,476.166806
616.247479,114,476.92156
710.600554,140,477.217743
546.748721,122,477.475149
450.201416,88,477.660554
561.945428,124,477.915154
489.407477,95,478.11145
686.716449,148,478.425676
1052.73577,204,478.848845
410.86959,93,479.558721
412.082155,85,479.735456
517.893983,104,479.950596
541.213583,107,480.170309
526.013765,108,480.394412
516.391802,111,481.737608
641.951722,125,481.99986
1062.922238,206,482.423
422.635039,84,482.598512
835.742472,157,483.459216
499.11932,98,483.662801
840.315898,183,484.048399
415.636876,96,484.256343
599.942708,135,484.533036
540.159814,126,484.794395
555.579324,106,485.014201
442.765329,82,485.179754
1124.475932,232,486.204247
507.446237,96,486.401781
484.301039,110,486.632355
664.907764,121,486.880213
646.413098,123,487.132238
642.815574,123,487.390428
899.577394,170,487.742262
476.569624,91,487.931962
448.677322,89,489.493637
728.167459,160,489.828058
378.125592,85,490.00511
587.469088,133,490.2877
510.627313,98,490.490075
1162.492295,231,490.987293
656.446206,134,491.268757
465.965006,90,491.455887
501.220789,109,492.214903
524.016677,110,492.445461
847.473539,170,492.800785
620.344416,142,493.100421
751.456649,161,493.437182
740.443615,140,493.7222
656.91715,123,493.974475
494.225364,94,494.717218
544.130795,121,494.972132
800.385016,148,495.280291
397.848743,90,495.468311
696.933046,135,496.616028
622.262006,116,496.860706
559.229859,108,497.086456
511.938162,97,497.283677
368.316366,87,497.464835
880.489108,189,498.372295
433.837007,85,498.548701
499.297666,103,498.766373
386.276748,91,498.957546
325.540063,77,499.118794
688.815053,158,499.450584
645.016437,123,499.709933
1206.606133,233,500.196763
539.243249,103,500.932065
711.27902,136,501.208415
496.434326,111,501.439677
583.278662,109,501.663209
887.218077,177,502.032756
274.375284,57,502.153506
418.864837,77,502.313325
496.568811,116,502.558781
543.584559,111,502.790187
564.145705,105,503.961868
823.476633,155,504.783868
557.546376,113,505.022961
527.761209,99,505.226574
595.561553,129,505.494557
606.330372,130,505.763098
475.88601,92,505.955425
465.087215,105,506.1707
639.67425,119,506.415646
598.063978,119,507.189214
636.594299,122,507.439677
541.037582,102,507.651347
501.607316,114,507.888547
474.884758,95,508.085473
516.655499,103,508.302528
658.96439,125,508.558874
674.14633,130,508.831043
709.330108,135,509.105169
714.738513,136,509.908389
492.329299,92,510.095376
582.510335,107,510.320021
536.977211,120,511.555378
644.035843,129,511.828654
443.745221,101,512.04141
579.384607,133,512.32309
528.581882,102,512.532321
694.03726,135,512.812948
458.066476,87,513.524024
592.563589,117,513.76303
630.425206,119,514.001325
582.866843,129,514.269442
491.974941,94,514.459836
458.024316,87,514.637003
513.515456,101,514.84198
474.008528,88,515.024286
618.644571,133,515.308561
435.811188,101,515.520255
531.315274,112,516.2823
1077.312424,227,516.750955
666.213395,127,517.012856
546.477865,101,517.219085
487.222302,110,517.452043
417.727844,97,517.656949
531.707789,103,518.860696
694.580943,136,519.149597
724.901713,138,519.960811
761.276789,173,520.330708
526.203684,100,520.535395
396.027939,90,520.721352
488.945772,96,520.921133
643.020891,126,521.178809
446.88187,86,521.358458
655.851948,126,521.617997
1050.656141,211,522.564223
394.770576,93,522.757638
620.359094,130,523.026217
714.009708,154,523.356603
465.219131,90,523.542745
420.210495,98,523.750502
472.331525,108,523.979478
580.383414,112,524.216483
723.975834,146,525.03876
331.333621,75,525.195035
557.249352,111,525.421157
571.64805,107,526.586545
766.997836,163,526.925079
412.334916,80,527.096533
1051.070148,203,527.523025
564.193565,118,527.772059
549.759375,107,527.992217
817.778548,168,528.866228
472.735962,94,529.060399
502.553908,118,529.308465
570.577658,130,529.582519
579.313628,111,529.814344
477.532913,110,530.043557
581.34319,132,530.332126
394.515927,92,530.533711
632.565781,119,531.310552
534.379442,104,531.524463
518.517866,100,531.734442
628.035141,123,531.995413
619.134405,119,532.246754
518.122439,109,532.473859
562.951172,128,533.598383
847.462512,185,533.987458
366.666914,73,534.135844
739.597447,136,534.936002
774.30709,149,535.24744
637.571356,128,535.515113
682.60084,127,535.778054
1147.570378,223,536.24084
496.322994,96,536.435955
1311.639657,283,537.557037
504.064109,98,537.757604
543.858261,99,537.961883
526.355614,119,538.208873
585.310236,118,538.45029
414.551559,80,538.616854
549.377942,119,538.868652
482.739611,93,539.060292
487.478217,102,539.277108
842.621986,161,540.133487
495.472858,114,541.24069
618.609066,136,541.527905
535.750689,104,541.743633
1103.145152,220,542.210516
805.151008,180,542.590593
576.542835,112,542.825597
543.380131,106,543.044407
565.563674,130,543.851497
771.237461,171,544.203702
629.805233,144,544.507844
699.89705,151,544.832067
509.271145,100,545.037831
820.628179,156,545.360281
676.716139,147,545.667411
680.853377,131,546.465335
669.050475,151,546.782531
607.860447,115,547.018871
669.172546,132,547.294896
526.677548,103,547.515723
440.99942,88,548.643828
585.847464,109,548.874632
455.168935,95,549.075268
610.740414,115,549.314497
601.127819,112,550.067527
410.466659,92,550.265922
928.954862,173,550.63529
489.487092,99,550.838114
625.292259,121,551.093196
548.187753,111,551.32232
504.402183,110,551.557608
436.141899,83,551.728045
823.818788,164,552.077973
780.026279,147,552.906678
534.706222,107,553.127954
588.800222,112,553.362499
841.220106,156,553.690536
754.807808,141,553.98867
405.94882,93,554.186946
700.677388,133,554.459816
452.355936,87,554.637517
696.553533,135,556.357878
435.336636,96,556.563553
593.678727,129,556.84229
494.651147,113,557.081444
815.771897,152,557.392248
536.030096,101,557.599239
919.676213,180,557.981209
604.149937,138,558.279023
575.156618,130,559.093277
730.862315,142,559.395193
510.640784,118,559.644725
350.587603,83,559.81801
527.220746,120,560.073179
645.521396,121,560.322659
481.91735,109,560.552058
602.402883,120,560.795524
560.210457,107,561.014362
741.103054,162,561.861852
1189.212418,227,562.338484
628.875635,139,563.559215
584.843924,133,563.836839
710.046333,130,564.112752
455.80317,103,564.349077
535.989441,103,564.573561
607.501011,115,565.357991
781.910069,142,565.673421
499.630562,98,565.88696
632.781536,122,566.161142
673.29739,129,566.502808
755.817575,152,566.83151
581.155617,108,567.053162
552.722886,108,567.27458
815.613218,149,568.115815
534.455867,101,568.331282
522.266789,110,568.562304
901.636684,174,568.924762
729.881087,142,569.225528
635.715969,116,569.465996
454.750975,86,569.644522
668.005812,124,570.879773
505.210855,95,571.073313
489.156377,93,571.783737
598.840981,122,572.043481
570.515674,131,572.326293
461.604189,87,572.50517
595.725038,111,572.736822
682.599322,147,573.050265
405.952354,93,573.246172
644.109308,124,573.504555
362.516859,70,573.65115
559.367887,114,574.406813
475.027968,108,574.634085
388.936646,75,574.788968
753.682746,147,575.095717
535.236847,125,575.366256
639.148616,122,575.617833
643.930233,143,575.929525
660.41396,128,576.192315
487.834844,95,576.394695
650.572544,125,577.182355
717.570737,159,577.526297
738.941729,159,578.957091
1003.222758,217,579.416204
540.846702,109,579.639775
643.319496,125,579.894865
641.804228,121,580.143687
722.454637,143,580.971506
897.488326,191,581.365678
523.43707,117,581.611089
673.41257,129,581.879719
437.443598,84,582.050677
812.613251,161,582.385019
856.566682,158,582.720274
887.562909,173,583.58603
893.281531,170,583.939359
495.916199,109,584.170466
724.047582,135,584.451234
404.941428,78,584.610018
572.011089,114,584.847531
639.25948,118,586.27601
610.435839,113,586.508963
629.801193,117,587.290789
976.781312,192,587.700715
848.493482,170,588.0489
447.091109,90,588.239258
597.469124,116,588.475056
458.866153,92,588.66937
634.897212,127,588.937863
492.081437,106,589.152744
1085.092788,214,590.133097
789.556252,141,590.423471
715.974781,136,590.700451
757.805196,156,591.036026
483.246799,91,591.233333
673.136983,129,591.503892
532.059029,100,591.708109
506.739531,98,591.91399
537.264355,124,592.707278
521.932717,122,592.976039
817.075162,165,594.439439
863.529654,163,594.779625
761.761875,150,595.096703
760.158759,144,595.385679
573.044152,131,595.658394
679.432324,133,596.450314
597.648154,124,596.712225
859.257897,191,597.111997
647.810558,128,597.380575
822.01031,161,597.718368
681.551465,131,597.991454
775.724735,150,598.308666
378.926419,79,598.472519
1003.627123,189,599.408479
753.705488,148,599.713813
504.622932,99,599.924658
475.232925,106,600.152261
894.242866,165,601.74008
701.553069,142,602.039811
504.24199,113,602.283805
470.252796,109,603.0267
630.787423,118,603.274473
1273.564597,231,603.755344
569.257041,117,603.998661
780.720699,151,604.318554
692.050678,144,604.623308
612.788404,139,604.919414
833.149013,175,605.815536
530.762565,101,606.025115
650.389782,124,606.286895
744.89155,163,606.628782
1196.597715,228,607.096308
591.826276,118,607.334249
1006.107814,193,607.734522
499.106746,116,609.694429
1135.574456,203,610.115314
944.421714,188,610.50544
568.246401,108,610.733321
593.165463,117,610.981746
553.460343,121,611.240847
878.386868,174,611.607471
699.209673,135,612.41097
1071.121166,231,612.887961
1252.878081,239,613.392165
714.087182,131,613.66374
503.859719,91,613.854966
588.899308,126,614.11662
607.469694,111,614.851419
590.891213,127,615.121138
639.472989,142,615.424058
762.919797,168,615.782821
776.931901,167,617.335903
453.325993,96,617.529973
617.268739,140,617.828087
990.047415,200,618.752907
590.632503,129,619.023463
479.165244,112,619.266321
525.185605,115,619.51071
562.585786,107,619.728823
443.309741,99,619.941756
528.973963,122,620.197591
761.717624,142,620.486912
1186.214784,238,621.49024
723.207347,139,621.783203
1158.484744,233,622.264136
499.583666,115,622.509858
704.716357,147,622.819503
573.076221,130,623.098487
784.749682,163,624.545317
598.325585,111,625.316012
445.319708,85,625.491698
619.066143,140,625.784123
517.663541,116,626.026124
827.692671,164,626.366868
786.406604,147,626.671016
481.960698,87,626.847395
817.218656,152,627.175346
691.258943,126,627.954216
537.507629,123,628.21391
1072.974216,213,628.649527
597.312717,115,628.887577
499.427006,110,629.11281
594.262428,113,629.340957
708.371605,131,629.609219
527.961304,98,629.813606
531.264116,101,630.548456
859.130489,187,630.943293
510.353346,98,631.149127
858.522328,162,632.835417
914.592398,169,633.191673
639.678734,121,633.444355
685.879969,129,633.722936
863.701211,170,634.520138
495.121071,95,634.723534
540.421584,109,634.956868
441.172002,104,635.175689
754.62405,152,635.493882
581.941889,111,635.721998
794.644299,168,636.083596
728.949358,139,636.368473
439.080756,94,636.964319
510.424237,115,637.207957
795.80746,148,637.513245
816.887641,173,637.878815
623.660147,132,638.157809
815.289595,169,638.511383
716.128251,151,639.940104
670.984065,151,640.656397
1048.970082,197,641.070969
1039.256186,190,641.467613
1112.889744,214,641.914426
929.319758,204,642.35216
900.877389,169,642.708518
685.544366,127,643.370586
777.64298,174,643.740968
964.651355,198,644.156831
624.916532,120,644.406203
931.015583,193,644.811049
932.471263,190,645.217394
512.566435,98,645.819603
787.425424,169,646.182403
993.903249,185,647.892884
575.569636,130,648.16532
534.343319,112,648.408378
419.999834,97,648.61166
1097.659204,208,649.045573
665.89094,143,649.739277
702.794716,134,650.02073
629.724419,117,650.263231
564.664418,110,650.501756
673.836894,130,650.773385
495.113459,109,651.000698
627.764085,122,651.263307
865.905824,163,651.605669
781.288411,175,652.38556
871.946592,181,652.770341
968.686076,188,653.158309
642.164129,119,653.408799
595.850579,130,653.683331
644.467653,121,655.174691
754.833673,138,655.465478
559.173537,114,656.096233
408.742537,98,656.310722
540.767634,108,656.54389
1754.904287,328,657.213677
716.948203,141,657.500717
585.669295,114,657.736026
668.622865,124,657.997986
541.884058,126,658.669115
592.961701,110,658.894455
872.749823,166,659.238037
897.942208,192,659.644536
969.933884,182,660.020493
659.986475,120,660.270217
712.373629,148,660.57564
927.156664,174,661.331616
638.028982,142,662.896842
864.86258,156,663.217032
703.884803,130,663.483191
397.35042,84,663.657522
745.932479,157,663.988412
703.441072,128,664.256756
858.600915,189,665.061937
735.331404,136,665.337125
930.072316,175,665.707743
554.38101,104,665.926208
712.082118,133,666.205197
530.454928,123,666.467752
629.359963,123,666.725393
609.641978,135,667.524234
750.978788,144,667.819444
695.740141,134,668.098434
646.68454,122,668.353021
809.930251,148,668.662913
903.385402,165,670.498145
719.504627,139,670.794892
578.518308,113,671.032261
517.180883,95,671.747393
360.181026,85,671.929691
915.242794,181,672.310272
754.919701,171,672.66978
833.451347,158,672.995159
1077.119535,215,673.444746
547.056151,126,673.714368
459.567808,101,674.447078
672.19733,141,674.755741
929.077312,174,675.115609
797.097233,172,675.480678
512.398431,114,675.724402
631.633409,116,675.969017
874.623119,161,676.304696
781.935968,142,678.520023
771.105112,145,678.817083
1182.083345,225,679.282631
1700.535264,332,679.983116
629.142194,118,680.227416
713.67458,132,681.022209
600.271133,115,681.261528
447.207819,84,681.434297
961.206234,202,681.871749
1067.828186,205,682.299493
615.266543,113,682.535863
748.661569,142,682.839598
1090.902781,213,683.806824
400.742886,91,683.996148
616.661218,116,684.245152
1253.058848,243,686.002439
656.408345,136,686.294174
764.989257,167,686.643899
683.077109,129,686.910802
841.735611,180,687.822525
677.563251,152,688.145429
539.216557,98,688.351827
946.858705,179,688.731658
634.511767,133,689.012651
753.877778,139,689.300428
551.048847,104,689.511388
817.164635,168,690.38896
670.395897,132,690.660642
657.484357,121,690.912013
648.027779,123,691.170438
549.449552,105,691.392246
327.44928,63,691.520395
716.55775,153,691.842987
717.275492,132,692.117372
571.846874,127,693.824867
541.841152,116,694.605097
765.868372,164,694.952562
983.017912,180,695.327902
592.016612,107,695.55278
1067.830045,215,696.010446
633.316741,124,696.280451
603.592129,122,696.528175
541.909463,121,697.306887
1071.636661,206,697.739782
1087.440154,207,698.165415
743.721154,136,698.445215
847.211602,159,698.778308
474.176085,89,698.963948
1065.207335,218,699.946652
642.029637,143,700.266322
820.151921,164,701.999822
1283.497037,247,702.521208
425.403605,80,702.684562
531.629363,121,702.945504
528.314471,123,703.205486
870.755479,166,704.069179
741.639754,135,704.353939
870.342249,181,704.736576
526.72525,99,704.937
975.219686,177,705.302585
478.421689,111,705.536155
581.620038,112,705.767245
728.599746,158,706.607977
771.007055,168,706.966621
536.63999,100,707.169068
841.487209,154,707.489888
542.479124,104,707.704127
1078.259303,209,708.137336
805.13098,162,709.893081
533.430374,110,710.641454
399.177095,93,710.842558
959.638641,200,711.264203
1064.767824,222,711.72995
525.601814,105,711.950848
590.651336,113,712.192155
596.210002,135,712.471974
584.614513,133,713.276795
699.609992,136,713.557761
942.854602,203,713.985692
700.554951,152,714.309456
994.611979,191,714.717965
1015.564211,197,715.13483
1194.173019,240,716.158563
653.940714,147,716.467816
518.917753,119,718.211047
397.777569,78,718.372361
1112.508752,208,718.794905
517.237153,102,719.011703
480.051899,91,719.201247
624.81989,129,719.47496
705.170259,146,720.308144
773.230028,143,720.601472
889.800396,166,720.938105
654.707837,137,721.227932
856.764277,167,721.575256
872.180982,168,721.927754
1436.223479,272,723.018693
533.273454,119,723.266759
908.176097,189,723.668569
1148.499295,219,724.134587
1101.101875,203,726.143921
972.545708,205,727.083284
1080.731015,205,727.511198
911.723022,198,727.931005
756.821434,144,728.23626
943.420213,176,728.617586
985.913341,193,729.012596
645.108071,124,729.823269
738.635121,141,730.123137
984.880617,186,730.523869
708.684588,131,730.795402
1445.732231,276,731.396032
779.806998,143,731.69356
729.34265,136,732.503245
959.638653,181,734.381244
851.811169,161,734.711514
625.676221,124,734.972353
1081.804349,200,735.387227
643.010812,114,735.620179
1226.50697,233,736.631823
404.025264,79,736.795198
682.131288,136,737.073966
1213.147339,237,737.569561
469.194066,110,737.803387
602.624258,118,738.055441
702.298098,144,738.352011
1046.187323,188,739.269161
832.106222,154,739.586487
1270.312278,261,740.125482
1078.94016,192,741.710957
669.424308,140,742.001885
587.448496,110,742.234754
453.769094,86,742.420374
691.797697,143,743.244986
724.915334,146,743.553796
573.92162,124,743.817922
685.512635,141,744.114884
1024.549879,186,744.503839
870.604852,157,744.838091
650.928777,123,745.093605
678.683001,137,745.91557
1458.403593,292,746.526656
886.609725,161,746.859643
850.084773,187,747.271776
910.510504,169,747.622109
533.359125,103,747.835698
1206.893569,219,750.097478
491.173355,94,750.290966
722.900055,135,750.573899
703.003224,135,750.859489
757.986203,156,751.176712
1188.272343,214,751.617897
946.872396,169,752.461856
592.813001,125,752.728472
716.448838,135,753.008541
625.132455,134,753.291103
711.671764,132,753.56629
854.432291,187,753.962085
615.592077,119,754.206472
622.609093,117,754.448955
621.808295,117,755.234197
716.827016,139,755.51865
633.002916,139,755.807427
889.617333,174,757.459197
1472.045811,274,758.035695
756.385902,152,758.349116
1232.395841,221,759.327602
865.621942,156,759.654783
578.33877,109,759.881231
511.714887,99,760.086401
778.22348,163,760.439141
1083.480491,197,760.858285
598.825498,121,761.644741
581.00755,120,761.897803
813.720055,155,762.222421
1553.644864,290,762.814062
683.342353,137,763.10704
767.229589,140,763.391132
647.380184,144,765.090163
689.466666,134,765.882925
597.640817,139,766.173374
548.809463,119,766.43035
642.941304,129,766.691237
1041.801752,202,767.1125
999.128501,195,767.51443
477.690911,105,767.744446
452.627365,104,768.498091
1158.294202,213,768.938584
468.846499,90,769.12388
696.195956,137,769.399445
706.239607,130,769.665725
694.740824,132,769.933252
848.58527,162,770.275368
1009.349236,220,771.278585
527.829261,99,771.485314
604.805167,110,771.721037
662.785788,145,773.394916
897.115628,170,773.752781
1326.218523,234,774.249387
1233.098145,264,775.312709
795.147344,150,775.619328
1714.095611,333,776.320973
712.583662,135,776.607166
778.924208,140,776.896312
571.59667,126,777.161468
748.307831,163,778.036842
906.765441,168,778.382407
983.818828,196,778.802063
519.993191,120,779.046616
711.715061,133,779.316589
672.883117,153,780.883828
1456.317747,283,781.98044
927.842008,173,782.338397
1137.659955,221,782.800515
692.254593,132,783.069498
732.456507,159,783.396198
776.885587,153,783.711203
1005.097592,213,784.65689
1082.368746,207,785.080992
520.036065,96,785.284791
719.464235,138,785.57242
715.617968,139,785.857955
889.160505,173,786.217559
775.869979,149,786.947505
929.339045,185,788.788506
876.88945,197,789.199864
971.490445,175,789.560541
596.732523,110,789.790006
813.268892,152,790.109374
880.851005,197,790.929277
762.624935,142,791.222064
559.129834,126,791.485817
563.065793,116,791.721615
678.366201,149,792.028895
1488.060309,319,792.706661
742.285459,145,793.401815
884.961013,172,793.767191
714.809083,159,794.112073
650.395163,126,794.373653
981.240965,194,796.07962
611.622098,108,796.30355
1253.55225,249,797.226766
562.804424,112,797.466315
592.875638,131,797.744817
673.523704,125,798.005707
545.232714,124,798.277418
775.726381,152,798.598271
751.649372,145,798.903191
630.649692,118,799.146582
1023.220203,198,799.951282
358.358712,85,800.123756
436.081468,103,800.343401
676.263007,125,800.593159
634.280696,117,800.834739
761.381717,166,801.194919
705.740506,128,801.464827
275.362532,55,801.575646
662.013695,128,802.238907
970.066381,182,804.049242
681.456443,123,804.303474
672.910852,127,804.561459
840.49849,162,804.89914
856.068451,163,805.239311
1435.208283,258,805.775166
772.750707,168,806.522482
679.361893,131,806.800449
847.07659,159,807.127153
584.407645,116,807.371414
1116.097807,212,807.815518
985.36462,196,808.225039
778.720382,176,809.126764
534.73448,105,809.343599
780.221893,156,809.667509
932.731658,170,810.019923
740.758805,136,811.784983
625.080712,115,812.022245
594.241551,136,812.31324
1175.601824,220,813.289043
909.835639,172,813.654146
1170.514907,213,814.106357
575.612455,131,814.3833
818.202269,148,814.682958
1299.889055,272,815.786047
1083.892636,214,816.239208
655.041424,120,816.488215
863.02467,169,816.838629
964.704714,182,817.210257
991.258603,183,817.590238
1554.090232,279,820.410526
1234.94116,245,820.928101
647.474444,121,821.176461
855.303875,157,821.50084
560.412876,116,821.741889
825.125954,155,822.059524
913.74282,166,822.914232
987.817548,209,823.371109
1752.204448,341,824.099513
2049.258071,412,825.466543
663.576223,125,825.724202
825.814084,155,826.052884
1337.240704,241,828.044063
861.63189,154,828.360888
686.423523,154,828.700039
852.393448,168,829.572026
758.979753,144,829.878692
1043.549072,199,830.301937
486.709296,112,830.54256
868.141682,169,830.895652
825.122528,158,831.223953
1538.263152,293,832.371961
981.130215,198,832.796073
863.657236,171,833.158444
674.735024,126,833.423288
624.705407,143,833.738952
891.684588,166,834.075815
586.113996,113,835.78957
386.813355,75,836.466
684.836085,145,836.773088
878.559493,173,837.1365
1385.361664,255,837.663105
1062.239816,214,838.115062
1116.656385,241,839.172782
958.124618,190,839.56769
701.711564,131,839.855072
1004.70898,192,840.26539
1025.436464,197,840.686862
917.957927,177,841.061809
845.755406,186,841.990376
1308.715598,251,843.953924
1002.390268,182,844.340563
629.146481,138,844.630779
603.682465,109,844.85203
1272.481198,228,845.337955
645.86275,118,846.099471
1010.54745,196,846.516294
859.927953,163,846.866246
770.104102,155,847.192543
2310.980199,448,848.658792
843.604151,169,849.014207
1886.403804,366,849.776256
704.439849,153,850.103497
720.167055,132,851.818063
1046.486955,201,852.773514
1029.30133,206,853.214639
1251.612568,226,853.695447
900.070028,167,854.055879
648.266913,141,854.359548
793.006163,156,854.691178
804.461881,172,855.599364
1096.003509,224,856.069191
471.072806,105,856.297088
612.820213,115,856.538097
983.755999,198,856.963564
892.490893,176,857.337906
712.414033,156,858.186214
1170.560785,219,860.308755
1148.677732,240,860.819712
1127.597181,208,861.261027
761.366436,148,861.568546
601.301781,134,861.853917
897.423499,183,862.757102
981.354433,181,863.145469
650.793241,121,863.39479
623.204506,112,863.628662
1942.829605,385,864.453644
570.723636,125,865.230408
590.479291,114,865.468916
1173.951057,246,865.984788
997.393913,186,866.373032
942.690569,208,868.155148
949.109406,187,868.546804
726.451185,158,869.400524
891.179614,173,869.762474
787.445028,164,870.120991
1283.453011,244,870.637759
762.026668,147,870.941592
948.529784,174,871.299501
1017.233906,222,872.293147
675.745175,144,872.59506
729.989637,166,872.953003
1331.330643,274,873.540342
1195.192092,223,874.007077
1073.104861,204,876.185692
1120.82783,231,876.662105
758.158127,143,876.96428
833.861916,158,877.29807
557.66863,126,877.569381
941.048177,171,878.465753
647.506799,127,878.729782
905.325676,180,879.1281
794.506955,153,879.44636
687.237727,122,879.705378
591.392855,136,879.987501
921.702988,176,880.355372
930.055097,178,881.266171
833.665439,158,881.593828
1364.007738,259,882.15028
983.210019,184,883.806933
993.023974,186,884.205969
1043.776259,221,885.211784
707.023409,136,885.493198
831.219205,158,885.826757
972.13136,183,886.200447
1464.078043,270,886.766318
1957.406733,410,888.179057
979.968361,178,888.558746
669.412207,128,888.838351
603.717871,118,889.092412
826.311698,169,889.445184
827.590653,153,889.764743
1062.053244,229,892.252567
884.407834,181,892.625039
1354.96731,263,893.176085
969.764839,179,893.547744
610.091294,113,893.782989
1519.865879,291,894.920587
1213.115692,224,895.395564
777.156699,142,895.686268
622.190196,123,895.944374
1322.640086,245,896.467821
1513.433354,279,897.58997
776.826534,144,897.8896
1151.983215,201,899.671541
578.586003,133,899.953231
1524.616193,303,900.579668
1266.610691,235,901.592966
887.35712,165,901.940563
1075.43437,197,902.352422
1020.107474,182,902.728879
632.755608,117,902.970192
610.16421,110,903.195907
1069.23023,201,904.148704
500.720547,112,904.396815
753.636017,169,904.76205
433.245641,101,904.987413
668.370588,125,905.258537
740.808295,146,905.560782
1263.737068,244,907.51075
1073.264367,212,908.474518
820.865347,150,908.780715
533.561811,100,908.994315
837.907651,162,909.339818
647.5608,147,909.652206
940.175169,161,909.986304
1075.380801,195,910.914767
687.101323,138,911.198431
754.809009,145,911.500165
1142.682281,207,911.933078
2024.667831,375,912.71659
1503.777756,282,913.819125
1150.793774,238,915.749966
612.605032,131,916.029246
637.360319,142,916.335192
829.285132,155,916.656754
1154.154965,234,917.679607
623.13525,146,917.990826
854.405898,157,918.317115
755.402462,140,918.619825
873.766043,164,918.95998
852.754726,155,919.274065
1073.86444,195,919.675622
648.203006,128,920.468126
985.43293,193,920.886296
1562.643605,317,921.55582
1400.021471,273,923.639272
1299.612546,249,924.674733
975.530743,206,925.105553
817.685675,150,925.423311
542.809992,106,925.641743
530.547145,123,925.902114
978.283838,192,926.298968
726.839334,163,927.18387
902.434101,170,927.544793
944.565707,182,927.930861
914.104105,196,928.346104
722.764003,153,928.683767
684.653062,142,928.982244
632.42672,119,929.232283
1693.016797,304,931.695946
590.332572,135,931.990204
1478.269879,273,932.560808
1139.869107,231,933.0508
900.861573,165,933.913584
833.546362,160,934.241377
802.048618,148,934.544797
722.362208,139,934.837884
1800.542958,345,935.569706
558.584045,121,935.82341
761.299568,146,936.621672
733.025175,157,936.95042
725.185221,162,937.306557
926.687765,175,937.669844
1013.560685,193,939.598368
891.117814,165,939.944096
807.677514,162,940.788181
1293.065082,243,941.288896
647.071917,145,941.599824
739.365178,150,941.919938
1317.270347,258,942.458465
2100.911017,385,943.78008
762.747289,143,944.083574
803.485501,149,944.392013
746.558627,149,944.713047
747.436495,137,945.001172
712.964178,133,945.287134
1161.18684,220,948.202807
856.50549,165,948.544995
1150.88097,230,949.02412
1596.143194,299,949.644197
1745.836871,358,950.920435
720.603396,158,951.262022
1287.941553,243,951.768539
790.054868,150,952.07723
577.311161,128,952.357108
1325.345043,244,953.38478
802.930791,150,953.696072
1159.257076,219,954.165279
1430.390671,282,956.60626
1397.876712,269,957.176941
1047.034031,202,958.12015
1078.840431,200,958.537566
957.295985,164,958.87424
1010.047206,186,959.262762
1158.813477,212,959.70076
854.342869,165,960.57252
988.085305,185,960.960275
1254.704675,228,961.434088
1479.81607,276,962.005098
445.280852,103,962.230244
820.720933,173,964.232133
1010.345714,189,965.143425
1578.815876,298,965.771942
969.795922,184,966.163524
654.152583,140,966.45782
633.961606,136,966.741847
1537.807731,307,967.907207
564.615723,104,968.123614
1319.199762,248,968.641497
1718.257709,316,969.302549
660.461005,146,970.146983
823.797982,156,970.469695
972.557967,182,970.859268
632.240301,118,972.596864
814.572545,166,972.95111
1941.00406,383,973.765649
662.637072,139,974.58845
533.897953,105,974.819273
742.077332,135,975.105279
1917.963606,387,975.938807
1077.691579,195,976.343504
1023.850596,199,977.299514
1298.708939,241,977.810347
1169.688649,220,978.279574
1335.761186,248,978.804574
614.754709,126,980.719277
600.920811,129,981.5166
1236.136627,228,981.993254
698.990943,147,982.299631
738.006647,153,982.615233
972.16485,189,983.003482
1069.233291,215,983.456816
1106.484914,210,984.413222
867.039913,164,984.766476
1366.495059,249,985.290059
1438.48318,268,985.857526
571.401014,110,986.096217
957.640414,180,986.986117
1177.239089,238,988.875532
869.299872,155,989.198183
694.083948,138,989.485692
1809.441256,335,990.180166
713.097298,134,990.978021
453.866165,84,991.148049
826.922144,172,991.512292
1092.70663,199,991.935678
1413.024346,271,992.505293
955.060531,190,993.438052
789.256022,156,993.773839
2352.713511,456,994.748565
988.96501,185,996.597292
1413.57343,261,997.656456
868.120009,165,998.001284
1627.805294,301,998.629411
707.718458,133,998.903296
921.740737,172,999.272999
1058.621925,193,999.672394
544.50127,126,1000.464366
988.005708,202,1000.883833
1009.904332,211,1001.324167
1275.27735,236,1001.827613
878.261841,165,1002.166622
825.933136,148,1002.992118
800.312375,151,1005.174354
628.24225,121,1005.429205
1381.378855,266,1005.987885
1172.983445,224,1006.460813
543.718978,114,1006.699979
1160.060114,215,1007.673978
816.237237,165,1008.027788
1031.829752,202,1008.451386
1476.418337,277,1009.029698
775.77911,155,1009.352364
807.824947,158,1010.218581
906.91263,168,1010.565222
929.705503,170,1010.916375
666.166434,140,1011.226804
1150.386717,223,1013.3426
832.934988,156,1013.668278
798.615032,154,1014.512926
631.486762,128,1014.795442
1228.949888,236,1015.285933
1159.401054,215,1015.735469
659.136127,127,1015.995003
1118.977472,209,1016.430881
992.591589,201,1017.353178
1539.381787,282,1017.949187
1312.568032,251,1018.496562
918.516998,170,1018.842294
1001.363867,188,1019.228481
722.084289,152,1021.796069
1037.567637,196,1022.208544
1141.851298,214,1022.652396
1082.184297,196,1023.062637
909.679177,191,1023.456399
1473.88872,270,1024.521436
748.095576,148,1024.832557
1692.577879,342,1025.558501
1320.598416,237,1026.046082
936.90082,194,1026.956529
1170.408602,231,1027.43277
753.496886,143,1027.738038
1006.798629,184,1029.756156
878.407162,160,1030.084442
870.969244,182,1030.469844
682.186636,126,1031.244893
1485.643248,289,1031.856279
1128.952116,226,1032.327464
675.18091,130,1032.597199
718.189638,139,1032.888414
1134.674471,207,1033.78733
1066.372713,216,1034.246151
773.330112,143,1034.548671
2187.470628,398,1035.388002
1975.010597,370,1038.20184
1540.62885,311,1038.854297
1265.570899,234,1039.341276
1222.730404,231,1039.830848
1713.211404,311,1040.887986
1043.961892,202,1041.311685
694.728801,152,1041.634278
816.470934,177,1042.008094
1151.67972,219,1042.463953
1205.327339,220,1043.331757
801.834147,155,1043.657012
1363.625561,248,1045.759948
1171.356454,206,1046.186077
915.014808,170,1046.532773
1031.923767,191,1047.343641
954.381555,173,1047.711843
449.522707,88,1047.900262
1159.8595,222,1048.369152
923.505191,165,1048.708085
636.338463,114,1048.946573
1032.654312,185,1049.738646
996.208741,220,1050.224844
948.371121,186,1050.611737
1090.237745,219,1051.064324
855.172237,174,1053.458459
1213.728658,227,1054.450701
828.772366,159,1054.789675
1022.823187,193,1055.191744
1202.436969,235,1055.680531
789.000431,143,1055.970941
921.583268,168,1056.31766
1018.944129,187,1057.213066
2462.113357,479,1058.196339
626.388919,129,1058.467291
1848.191302,338,1059.708769
1688.200207,320,1062.168775
1223.306478,229,1062.645195
1331.461892,244,1063.154529
1219.218835,237,1064.040154
1539.708471,270,1064.597811
1209.617238,224,1065.0588
1488.890121,283,1065.645742
645.633224,134,1065.928371
792.118198,170,1066.693622
663.946161,123,1066.943799
1624.940506,313,1067.603903
1193.812388,224,1069.830332
1214.254366,219,1070.283607
1029.589696,212,1071.155928
1056.415058,186,1071.548015
823.473767,176,1071.922774
804.136763,152,1072.237476
1892.669012,351,1072.967133
1028.729714,197,1073.774537
1142.486532,234,1074.271614
903.25654,168,1074.612783
1000.42017,180,1074.988398
740.207224,141,1075.282807
1675.154847,316,1078.08478
721.380711,136,1078.369138
1842.859751,333,1079.05725
1226.274238,224,1079.526431
1087.413937,198,1080.347678
854.486662,168,1080.693417
1137.595259,212,1081.131406
1209.943723,220,1081.583472
916.100064,171,1081.937274
1081.386856,201,1082.750169
864.589476,161,1083.090098
788.352083,171,1083.454982
881.559397,172,1083.816274
811.31019,154,1086.034753
1505.420152,276,1086.607438
978.862732,188,1087.411921
843.717727,175,1087.78727
1315.332949,253,1088.317089
967.569231,184,1088.696775
1140.141314,225,1089.169397
1042.998852,196,1089.980034
1557.61644,302,1090.61503
1113.81353,208,1091.038044
808.155512,159,1091.371535
1140.257541,209,1091.807743
1826.047863,339,1094.581678
623.750462,126,1094.837755
712.919877,157,1095.167003
1383.925316,264,1095.73037
820.762546,151,1096.037273
1196.039984,230,1096.932791
1244.922209,267,1097.500657
915.288007,187,1097.883985
874.963253,178,1098.254176
1463.176158,279,1099.239172
1647.289763,312,1099.88883
928.845792,172,1102.080218
652.356362,127,1102.343209
2429.689003,435,1103.648865
894.161797,165,1104.005326
911.648978,169,1104.361372
878.583994,167,1104.718519
1059.873561,195,1105.123581
1921.349135,337,1106.252119
1081.831283,202,1106.669161
1145.806146,213,1107.124309
665.963766,145,1107.429422
660.060001,126,1107.691977
834.123615,169,1110.134232
918.789643,165,1110.887711
961.791594,200,1111.303986
796.46215,151,1111.610223
923.731209,196,1112.025218
646.240956,145,1112.330675
1107.735185,231,1113.224902
1877.345486,356,1113.976009
765.827348,152,1114.289599
1369.775188,263,1114.829484
712.575746,149,1115.13646
1231.177851,223,1116.013972
1505.889365,280,1118.616738
1360.740822,253,1119.138042
1130.37808,213,1119.5754
633.949059,122,1119.825243
794.178388,151,1120.554876
853.9585,164,1120.906621
582.920853,116,1121.151472
1020.925397,185,1121.534161
828.787307,154,1121.858239
1114.220464,200,1122.282757
1902.514192,338,1123.397603
1219.615742,221,1123.847524
1146.121962,221,1124.314962
1278.65337,228,1126.638426
954.239698,174,1127.414573
1061.676422,220,1127.869717
1360.603896,265,1128.428287
859.568226,163,1128.775531
1243.827887,235,1129.252362
1598.7236,312,1130.313357
830.702452,160,1130.650674
1024.344455,197,1131.064058
804.429591,172,1131.446839
1052.360032,211,1131.894699
675.531825,122,1132.562547
2050.323613,405,1135.290906
991.357013,187,1135.681726
865.425477,167,1136.025894
1440.118924,269,1136.992869
973.77034,209,1137.440337
1218.03781,244,1137.950693
792.448361,147,1138.258041
1000.017598,218,1138.725787
560.328003,127,1139.415447
852.224315,161,1139.750716
672.111455,150,1140.071338
1702.631137,305,1140.70494
832.822735,157,1142.899886
1448.747532,271,1143.885072
1147.519128,216,1144.334731
2129.901627,392,1145.155744
2141.476514,421,1146.459003
669.324054,149,1146.784322
945.517409,184,1147.175938
1255.22087,230,1147.667703
1722.921411,331,1148.36078
860.143804,190,1151.120265
1857.422561,349,1151.849532
1199.63517,221,1152.313994
1625.202588,307,1152.949098
1141.549598,221,1153.821573
1741.917333,333,1154.530182
961.253714,177,1154.896214
1345.194899,252,1155.427103
1179.604159,218,1156.294245
954.221039,189,1156.701824
802.729374,159,1157.027428
633.628815,144,1159.226197
881.044144,164,1159.564457
822.767831,158,1159.893801
2229.455852,406,1161.152373
1193.406183,213,1161.598164
1074.198316,201,1162.023839
857.721721,187,1162.42405
620.755179,136,1163.127807
770.385173,156,1163.458433
785.83631,142,1163.753989
843.841182,168,1164.107719
822.919333,157,1164.437967
1125.439826,203,1164.860945
1842.304461,330,1168.04299
1155.95615,238,1168.559792
1428.211531,263,1169.115109
1416.055112,269,1169.687153
789.431119,176,1170.481335
368.549727,83,1170.664299
823.814945,159,1171.006116
1186.530686,222,1171.473893
970.899857,205,1171.900524
2197.963368,407,1173.153276
1820.85978,354,1175.862183
800.570413,169,1176.213327
1525.233746,307,1176.856182
805.363465,167,1177.616034
1639.413159,319,1178.288691
1347.773873,256,1178.829948
1702.070348,333,1179.956044
801.099344,175,1180.327179
980.3657,188,1180.715739
1183.684794,214,1181.16882
885.526041,165,1181.522652
985.289378,208,1183.950263
1130.761397,219,1184.813557
1001.594511,202,1185.241786
1078.30554,210,1185.683833
1825.503487,333,1186.372428
1480.58248,275,1187.357408
1373.345879,243,1187.877489
1185.841099,214,1188.330951
1411.606063,275,1188.923416
1223.553358,246,1189.858452
1174.930429,227,1192.518221
1319.385141,241,1193.021611
1491.397255,267,1193.594439
1005.517736,192,1194.421087
932.724212,167,1194.766721
2873.941536,534,1195.863687
1104.043606,212,1196.306721
948.060116,174,1197.072914
1571.41152,287,1197.6737
1880.213312,347,1198.400685
1242.757262,236,1201.199765
1606.087388,309,1202.253808
555.453081,112,1202.492977
1857.903332,339,1203.201614
846.187276,158,1203.529467
1860.319018,353,1204.665763
997.485497,186,1205.062124
1142.85604,225,1205.547536
1767.856378,342,1206.283768
1069.915756,204,1207.111773
914.916207,169,1209.492408
1159.697624,219,1209.947912
783.971194,161,1210.286217
635.046569,137,1210.579629
613.316258,135,1210.878899
820.533022,151,1211.606486
1059.313974,193,1212.009984
898.507939,163,1212.34531
1373.141713,277,1212.923741
807.519579,154,1213.23769
1011.695519,201,1214.062608
1021.556257,185,1214.453847
1566.613034,286,1215.0499
1153.312949,207,1217.541914
1488.858826,275,1218.114192
1149.762429,231,1218.993559
1010.622916,207,1219.432668
817.945339,175,1219.809245
1021.934443,208,1220.251151
1065.2487,198,1220.666134
1274.092031,243,1221.603984
1477.469705,259,1222.144292
798.264851,141,1222.438698
1013.538715,197,1222.845435
1424.833615,264,1223.785647
1710.911709,325,1226.510327
908.035659,167,1226.854624
867.152702,177,1227.22107
1087.211179,209,1227.661132
1910.891996,354,1228.824005
1807.724827,362,1229.598351
1123.25419,213,1230.055743
1220.638648,233,1230.95667
1357.405574,271,1231.519685
1876.525908,345,1234.442467
2462.689142,475,1235.860362
1060.490786,202,1236.282753
981.750007,209,1236.739745
1146.962905,225,1237.215256
965.599846,172,1237.574267
1472.966878,310,1238.653078
3039.615552,550,1239.813093
1327.190822,266,1242.810711
1271.923319,257,1243.748105
3137.616196,576,1244.956303
1370.0872,259,1245.913116
1580.151018,298,1246.537811
1285.522335,244,1247.044062
1197.966719,221,1247.507092
1331.814921,240,1248.410201
1397.868329,274,1248.988149
828.467582,157,1251.570446
1968.100258,347,1252.286622
947.413246,175,1252.647554
1106.26915,201,1253.46329
2378.505187,442,1254.380238
1463.873967,264,1254.928488
737.843378,164,1255.273576
1595.511676,297,1256.310333
1973.116604,376,1257.086631
1596.486935,320,1260.073384
1231.130787,242,1260.9883
933.293381,193,1261.388437
981.606271,181,1261.761099
989.530801,189,1262.162068
962.120283,172,1262.520903
1743.207467,349,1263.661288
587.766002,112,1263.912989
1517.215721,280,1264.493416
1013.340846,203,1264.922768
1222.050952,222,1265.789276
1280.092858,232,1268.306576
1359.130853,248,1268.829206
1174.703215,221,1269.284654
640.077249,145,1269.589527
717.518042,132,1270.263225
1726.384847,307,1270.899458
627.124461,123,1271.162732
1062.750226,194,1271.562605
1135.881269,204,1271.975322
699.960966,153,1272.303995
1292.979601,240,1273.189609
1620.481838,299,1273.799952
1916.256549,372,1276.802428
1132.301286,209,1277.638796
878.290851,165,1277.977838
1570.984961,288,1278.58449
762.777351,145,1278.893963
958.802907,181,1279.273757
2203.009017,399,1280.513546
1043.450186,190,1280.907852
762.4347,161,1281.248775
831.985739,179,1281.628247
2606.760971,469,1285.46409
1207.528826,226,1285.926987
892.521465,170,1286.304298
943.544731,174,1286.685649
729.548663,167,1287.052097
1626.295611,307,1288.116544
1925.463636,370,1288.907702
1182.533271,220,1289.368278
1435.064932,278,1290.366318
980.63996,174,1290.725457
981.685878,196,1291.137447
1023.127737,190,1291.539916
1228.185,228,1294.393215
915.011962,167,1294.74665
1694.969768,321,1295.817468
1057.428807,210,1296.260107
1545.335734,281,1296.864038
998.49847,192,1297.269059
1936.875553,364,1298.436996
2606.531317,483,1299.447637
890.680879,161,1299.777214
1009.790186,181,1302.592952
1218.992585,224,1303.055933
855.064104,164,1303.394029
2009.529096,370,1304.156905
2470.019318,478,1305.545657
1186.890052,230,1306.028967
1033.49525,203,1306.451954
1512.566699,285,1307.436089
919.044904,177,1307.795228
1604.246207,311,1311.07674
1034.004302,206,1311.521141
1633.881022,321,1312.580745
761.895226,162,1312.920877
1568.447878,283,1313.516083
1468.550121,279,1314.101282
1150.960502,247,1314.62834
1195.217619,223,1315.487481
852.64388,166,1315.837772
1316.203114,248,1316.347057
772.036243,144,1316.64172
1709.131643,317,1320.161148
835.707993,156,1320.484869
2417.375189,478,1321.500171
1386.798311,253,1322.027802
1032.193555,198,1322.83967
1033.769659,195,1323.250625
2400.533073,439,1324.161409
925.275814,191,1324.570626
1304.393375,240,1325.469458
766.925323,168,1325.825458
1524.836328,278,1329.102521
853.839728,174,1329.470415
1665.41128,308,1330.515141
1250.936486,250,1331.038393
1930.669929,361,1331.809458
2071.618556,382,1333.004572
1081.565323,205,1333.440089
1030.497112,202,1333.861418
2096.73308,394,1334.688294
971.894958,188,1337.312151
537.412072,100,1337.90995
1630.751634,296,1338.51981
1181.561149,214,1338.965288
1376.839899,272,1339.527492
1977.650983,366,1340.684308
1149.122649,248,1341.210896
1375.934907,245,1341.710876
947.37363,188,1342.113008
1233.157669,222,1342.957998
2016.29197,378,1346.603602
1705.710495,310,1347.24995
1644.458541,342,1348.361907
789.037037,156,1348.681705
1432.154005,262,1349.240196
987.956282,181,1349.626057
970.824178,179,1349.997003
893.177419,174,1350.757166
821.104667,154,1351.078516
765.859484,161,1351.426776
1479.450675,271,1351.986196
1025.385992,186,1354.682656
1511.123104,296,1355.699588
1849.172431,352,1356.429759
2281.895882,421,1357.303651
1425.930445,258,1358.236916
1402.971115,293,1358.846796
1758.922121,323,1359.522527
772.459656,147,1359.829644
1693.596241,297,1360.836526
1496.758294,269,1363.94254
2015.761745,379,1364.740797
2231.827283,419,1366.131243
1450.30719,283,1366.722025
924.861734,163,1367.069574
716.840801,156,1367.401714
897.465833,176,1367.767999
1654.307834,308,1368.802696
963.635022,173,1369.166038
601.830797,114,1369.407928
1413.018791,284,1372.351209
1491.440405,279,1373.31719
1055.300982,198,1373.724045
1175.469846,230,1374.205467
832.779805,163,1374.546198
966.16529,211,1374.997399
1023.971606,212,1375.848137
2405.086788,452,1376.821124
564.278509,115,1377.06677
1656.846501,308,1377.697525
1127.912323,220,1381.264082
1290.64907,265,1381.808933
2266.130625,420,1382.690791
1593.415949,302,1383.720371
699.232986,131,1383.994512
1135.806837,202,1384.414243
1188.4769,251,1384.948518
1026.903099,186,1385.333145
831.330535,183,1385.743268
1534.39027,285,1386.734295
1145.382435,206,1389.571163
1601.981861,287,1390.176754
1702.048393,303,1391.219569
2271.654483,433,1392.121522
2182.576046,389,1392.921911
1403.407918,255,1393.840724
1116.70317,207,1394.267156
1777.410015,325,1394.946595
951.597705,174,1395.30549
1439.490494,275,1398.995883
1900.680717,363,1399.756881
980.981515,181,1400.14082
1528.628344,286,1400.733039
2503.95027,484,1402.239688
927.333936,167,1402.584094
2357.186158,423,1403.4715
1656.911028,308,1404.512997
1867.028868,353,1408.615179
991.004645,178,1408.995451
2930.139187,518,1410.465969
773.611631,164,1410.820169
860.164051,192,1411.221513
1694.509133,314,1411.87812
1132.634675,206,1412.696288
1761.847845,322,1413.362953
1720.775347,315,1414.011432
1103.386033,215,1417.863409
2167.536435,388,1419.045938
990.513229,206,1419.47945
1582.322938,325,1420.161231
1150.423177,205,1420.985207
3214.051184,578,1422.201327
1843.624091,337,1422.915783
1876.986514,344,1427.459549
1418.405026,267,1428.013917
3423.37876,645,1429.759715
767.757677,154,1430.09491
1619.843965,295,1430.72403
986.963429,186,1431.113471
1118.117003,204,1431.535183
1120.670105,248,1432.474917
2805.760257,516,1436.422065
1587.089108,284,1437.005668
748.212648,161,1437.741834
3234.401511,610,1439.017787
1514.172488,271,1439.975165
1290.57294,238,1440.462639
1924.641973,369,1441.229012
1835.98651,371,1442.00413
1404.008201,270,1446.006743
1713.331653,305,1446.631052
961.308051,172,1446.995244
958.41529,183,1447.385708
1851.916593,349,1448.635472
670.851191,144,1448.951506
1818.080353,343,1449.676407
1038.565301,221,1450.14942
1095.798783,210,1450.981317
1718.923496,316,1451.638602
1154.891285,210,1454.707256
479.007637,90,1454.890193
1603.508681,282,1455.462424
1155.259732,232,1456.462112
1808.48419,358,1457.219916
1013.643594,179,1457.584348
2227.914325,415,1458.931531
1178.916957,247,1459.451378
1529.63876,271,1460.011891
5303.364625,1000,1465.055538
1880.497783,344,1465.768666
895.832283,184,1466.629666
950.995922,173,1466.983263
1794.578691,332,1467.68226
1614.569583,341,1468.401879
623.686987,128,1469.193022
1687.785729,302,1469.825452
1105.846847,214,1472.867496
3932.56371,742,1474.839846
1636.278083,308,1475.498592
874.476397,165,1475.839424
1370.795773,255,1476.761172
2164.365689,419,1477.652083
3367.964325,605,1482.755708
1587.818612,300,1483.375732
1134.899281,227,1483.850744
1447.830433,292,1484.45687
2382.952011,434,1485.87106
3057.381854,592,1487.124377
1448.986019,282,1488.129291
2888.943195,541,1492.557149
1999.632443,369,1493.325942
2110.944648,416,1494.747807
1961.320684,366,1495.519221
1372.623127,248,1496.553635
2866.308654,538,1497.685203
823.465403,170,1498.042361
1271.01249,260,1502.058083
3547.219563,645,1503.952392
1597.796442,297,1504.576982
2480.369774,466,1505.960204
733.957517,132,1506.231095
1626.983397,289,1506.845616
1391.775592,278,1507.854811
903.974036,175,1508.229556
1718.703063,343,1511.871133
2911.649013,550,1513.408122
1736.149744,348,1514.139271
3102.084624,610,1515.414371
1758.653842,326,1516.494898
1129.967863,215,1516.941846
2948.357028,536,1522.346538
2898.553613,528,1523.431453
1253.777227,233,1523.902802
3351.957254,621,1525.645897
2517.714665,466,1526.609077
1001.896426,183,1527.394387
1323.965182,242,1532.032976
1786.109348,329,1532.731141
2190.428178,408,1533.584842
2545.989507,442,1534.897875
1385.610841,249,1535.421957
847.983,150,1535.727694
2570.033607,466,1537.093859
2004.532828,356,1541.526651
2647.624129,474,1542.92683
807.375567,170,1543.290805
790.847415,174,1543.652854
653.722012,147,1543.971901
1169.61048,244,1544.49947
1167.015059,242,1545.412274
1035.435827,210,1545.851576
2684.218138,522,1546.92835
699.625812,143,1547.233498
688.863365,144,1553.447935
1093.418388,200,1553.88241
1615.749097,329,1554.568708
1536.22615,308,1555.221003
1766.015784,319,1556.424787
2239.834278,437,1557.360658
1445.544701,271,1557.928483
2874.482332,550,1559.639223
1217.144095,252,1564.596979
1002.35544,203,1565.029236
2350.824115,478,1566.527354
1330.494712,258,1567.065675
1702.561272,313,1567.699448
902.92492,166,1568.047863
3146.659881,573,1569.760356
2170.672558,416,1574.067193
1275.697497,239,1575.082952
1338.817977,243,1575.586298
1699.003983,307,1576.220061
3048.735212,598,1577.991443
920.824717,162,1578.326565
1311.778594,231,1578.81324
1091.65602,207,1579.248001
1482.464761,263,1580.27194
2163.044428,389,1584.933732
3747.564217,692,1586.874398
1079.501609,198,1587.280387
1299.999804,231,1587.773727
984.835798,195,1588.182256
1704.745676,332,1589.376907
1724.57641,324,1590.051881
1548.503745,286,1595.561172
1177.893243,216,1596.013194
2154.819952,412,1597.37317
1828.441892,368,1598.140453
3968.421524,712,1600.141166
3032.755347,555,1601.30373
2384.815206,439,1606.952922
5463.34223,1000,1609.5307
1156.200622,228,1610.004123
2170.731198,401,1610.835428
2449.770581,458,1612.332789
2891.763635,528,1617.157061
1565.937961,283,1618.276325
1329.704053,267,1618.84443
3285.353926,618,1620.641856
3287.605047,628,1621.950977
1864.057017,335,1623.186594
1170.320105,241,1627.191138
1270.809975,240,1627.686586
1404.849599,300,1628.32389
932.389056,175,1628.689914
1138.421765,207,1629.632386
886.4981,166,1629.990999
1640.62182,313,1630.646641
2459.245119,462,1632.132849
2000.104094,379,1632.918091
1031.468725,208,1636.858788
944.218225,170,1637.206221
1371.922369,262,1638.274982
1000.681,195,1638.680268
578.462146,123,1638.933829
1466.669492,265,1639.489679
3071.938933,560,1641.172944
1963.251849,354,1641.9064
2666.905132,481,1647.197597
1221.256032,246,1647.724532
5573.446892,1000,1650.253908
1243.381227,237,1650.740551
1076.478746,199,1651.152721
1912.698955,356,1651.892192
3093.472553,564,1657.216186
3125.515692,572,1658.919415
4918.269164,914,1660.838274
1133.534831,237,1661.863603
1710.339016,328,1662.562995
1023.921592,205,1662.984388
1781.678885,355,1667.779844
1815.124652,331,1668.456929
1393.770514,254,1668.984218
1342.992946,260,1669.521499
1429.439498,263,1670.58919
1548.79582,282,1671.17133
1412.065902,252,1671.695933
1385.833396,255,1672.219886
1407.465148,260,1673.284704
982.982596,175,1677.089237
2148.438162,377,1677.867147
914.846482,163,1678.20348
2120.727712,393,1679.539789
1826.421768,322,1680.207586
1588.688787,301,1680.828274
2673.617317,510,1682.396873
3363.507817,648,1687.767158
1021.434573,196,1688.182757
1365.820043,251,1688.699702
1619.504538,315,1689.339983
1230.766174,255,1690.392687
2528.783063,481,1691.404804
1324.967962,256,1691.938404
2047.686509,385,1693.269529
1355.523892,259,1698.864271
911.070486,190,1699.257947
1904.771375,362,1700.014413
4242.65563,798,1702.178289
1358.840617,245,1702.68149
2739.485523,482,1704.197813
1128.748268,203,1707.739745
1950.25111,361,1708.481026
1660.493702,307,1709.654713
2068.25202,365,1710.413057
1968.292513,367,1711.174357
1843.081833,342,1712.371929
1318.381259,242,1712.887616
2569.245915,458,1713.861511
1160.720456,210,1718.920764
2951.282567,552,1720.067492
2209.494553,426,1721.458807
691.307055,153,1721.775648
1553.135614,302,1722.394435
3308.248868,593,1724.013235
2090.958377,385,1728.938336
767.533597,141,1729.24384
5571.168519,1000,1731.698621
4119.934581,766,1733.672424
805.77644,166,1734.017885
1701.24779,307,1734.643983
1332.917507,240,1738.802356
2364.854116,442,1739.742184
2727.724858,514,1741.301489
1918.153185,349,1742.026776
1457.08962,302,1742.667309
2692.88881,499,1744.075804
1637.989366,302,1748.75657
2097.302105,398,1749.583922
910.02769,170,1749.938698
2070.683634,381,1751.235227
1684.07635,307,1751.85805
2115.083721,378,1753.18029
1212.711926,243,1753.681364
841.070339,185,1754.085063
2409.031592,428,1758.628155
1203.706939,221,1759.59143
3533.97149,636,1760.892519
1556.791958,307,1762.012052
1214.920675,257,1762.55286
4018.707885,744,1764.090563
4063.922749,733,1769.225376
2057.555318,374,1770.530498
992.800505,182,1770.91128
1613.203259,306,1771.547555
1322.612167,264,1772.110316
1626.40124,287,1773.213068
3542.09005,679,1777.436092
2008.327053,396,1778.777427
2252.877742,424,1779.646695
1198.968327,236,1780.148452
3684.545658,644,1781.89717
1628.079249,325,1782.586131
1921.309544,356,1783.727263
4776.52943,852,1789.553421
3433.156689,639,1791.315783
1780.444463,323,1791.978406
1179.6558,250,1792.918368
1786.334323,324,1793.590127
3469.231535,648,1799.0158
1312.207951,249,1799.533215
2404.054142,445,1800.460553
1414.075957,283,1801.058395
3846.277148,726,1802.98401
838.118604,149,1803.28703
1732.105265,318,1808.323324
1091.664393,205,1808.752624
854.133003,166,1809.108796
1668.089864,309,1809.764228
1372.630658,244,1810.682452
1259.250875,246,1811.194347
2207.986152,399,1812.021994
927.023728,182,1812.39434
1755.569915,322,1813.520646
1150.364881,205,1813.944089
1358.502194,252,1817.984375
2933.724031,520,1819.601398
1966.310857,351,1820.325207
1025.516706,188,1820.728419
1278.081238,221,1821.179764
2551.384038,449,1822.627216
1021.739956,204,1823.051417
1403.326886,257,1823.598038
5525.424178,1000,1828.775038
5321.770758,982,1831.212001
1367.772067,277,1831.80144
3887.255934,710,1836.928647
1194.245011,235,1837.434419
2783.454497,530,1839.033156
2561.377335,511,1840.102204
1803.751521,343,1841.28149
2468.069474,447,1842.22537
3221.467105,588,1848.479048
1752.117241,321,1849.142416
3043.80264,559,1850.814046
1291.796709,225,1851.28612
3796.446668,690,1853.213042
1707.219809,332,1856.928672
2375.403659,452,1857.855024
1096.319269,197,1858.269044
1328.875796,248,1859.345819
2351.799099,429,1860.377634
1336.559695,265,1861.018953
3950.650131,719,1863.109275
2359.319062,425,1867.95897
1022.547847,188,1868.350939
2399.093761,424,1869.227104
1431.279721,295,1869.870727
1691.543376,303,1871.045535
1657.829412,305,1871.67921
1433.892804,267,1872.241624
4871.343548,903,1878.876673
5324.430704,983,1881.409811
2436.611815,450,1882.855448
1840.294154,344,1883.569943
1960.359445,358,1888.125
4621.145276,849,1890.403101
1566.648333,301,1891.026654
1668.007867,313,1892.213907
1733.765235,316,1892.865975
3640.187788,662,1899.133982
1760.507732,318,1899.794066
1674.929021,313,1900.445846
2342.867183,434,1901.886963
2222.016583,409,1902.740924
1200.171867,217,1903.187085
4605.137633,837,1909.54247
2661.052856,493,1911.109678
2874.800749,529,1912.218569
1532.853512,283,1912.805251
780.618306,145,1913.097972
3119.349826,562,1914.779484
1434.295168,289,1915.395471
2052.234229,381,1921.082319
2913.521334,528,1922.185489
1643.282945,320,1923.258132
1918.207568,367,1924.02341
2472.024561,465,1925.005762
3440.409666,623,1930.163131
2686.608767,499,1931.191202
4201.983925,766,1933.152343
3090.717946,575,1934.759053
4253.118296,783,1941.073966
2854.118165,512,1942.646052
1378.99527,271,1943.20983
3992.732402,721,1945.250725
3030.42271,599,1947.032923
862.107196,183,1950.615994
5429.209441,1000,1953.090556
1102.709141,203,1953.513167
5447.890189,1000,1955.996056
1594.934674,315,1959.784092
1521.911778,276,1960.351409
2187.680544,402,1961.598225
2580.90663,497,1962.636878
2760.84724,498,1964.061435
4105.577313,753,1969.985845
604.432909,111,1970.216648
1156.254575,213,1970.663588
1629.109137,302,1971.30291
2236.904228,400,1972.562196
788.47558,165,1972.913926
3703.730048,677,1974.33721
1431.012869,257,1975.273617
2615.227833,468,1981.244604
5349.280763,1000,1983.869555
5559.830509,1000,1986.411908
2153.6667,375,1987.192103
1524.861787,290,1993.333895
5457.925933,1000,1995.833635
1519.845843,306,1996.476589
2243.024463,409,1997.319887
4212.829853,775,2002.390476
2150.619357,393,2003.605615
1718.274279,312,2004.248734
3321.292971,620,2005.577277
567.222769,112,2006.20932
2849.105036,542,2007.351975
1217.256118,234,2007.833934
5554.245206,1000,2014.177168
4165.163518,762,2016.30209
1190.44641,237,2016.8008
5566.692477,1000,2023.585277
2226.968395,400,2024.935095
1793.461003,337,2025.63771
1629.512515,294,2026.245204
1626.636222,319,2027.454335
2163.758466,405,2028.299124
808.010091,174,2028.668477
1328.339369,239,2033.527162
3076.759309,548,2035.170168
2623.092127,480,2036.17101
1768.255147,352,2037.411788
2462.417348,451,2038.336442
687.151179,125,2038.594492
2142.665129,395,2039.915813
2222.626797,400,2044.685355
1159.25463,214,2045.133044
1345.516547,248,2045.653133
2719.230347,486,2047.173494
2756.47092,489,2048.203898
1631.434118,311,2049.370575
2306.606733,417,2054.101866
3303.758792,587,2055.808488
1730.436008,317,2056.471436
2035.324793,378,2057.250369
2548.222028,456,2058.700191
2383.975316,436,2059.602948
2624.969693,464,2065.204554
4198.189054,778,2066.835322
3409.313083,602,2068.590175
2214.825621,395,2069.406367
4194.117153,739,2075.902598
1493.2634,277,2076.481128
3455.13978,621,2078.266838
2760.542132,483,2079.776208
2336.67946,427,2080.679629
1345.763631,239,2081.17188
2608.700986,460,2088.723793
1473.490336,267,2089.269343
5476.040349,1000,2091.902279
3824.695438,704,2093.900216
3075.05751,564,2099.620599
3489.511733,635,2101.466063
2440.656194,471,2102.447211
1947.488693,362,2103.729461
2825.60831,500,2104.770023
2695.610205,493,2110.403983
3724.188781,686,2112.238913
3958.593352,721,2114.128392
1141.158493,227,2114.600057
1939.494186,346,2115.308902
2829.352164,511,2121.936367
5544.070854,1000,2124.557083
2246.450536,399,2125.380303
3710.614079,683,2127.343821
1695.103581,343,2133.43138
2874.232792,531,2135.084957
4733.970828,884,2137.453802
3794.71762,663,2138.827128
1056.977049,192,2139.754047
1946.29552,367,2145.496529
2019.531979,379,2146.290327
2520.759696,440,2147.741104
636.040843,123,2147.998819
691.05129,156,2148.335217
2337.860085,411,2149.201803
5599.769841,1000,2157.055784
1868.174032,344,2158.30234
2990.168467,561,2159.461746
1368.112326,245,2159.963021
1288.076844,252,2161.035407
1846.146213,336,2161.738259
1939.103666,340,2162.444674
1698.248257,328,2168.980382
2802.710964,510,2170.050726
2325.447808,429,2171.450339
1053.302712,192,2171.842785
4250.414044,773,2173.976725
1534.63196,273,2174.554701
5478.84432,986,2181.584137
3198.428259,569,2182.789948
2041.847888,390,2184.11352
5255.053277,1000,2191.756029
4285.831833,785,2193.380437
5645.492944,1000,2195.97498
4992.281801,925,2203.908242
2074.731043,379,2205.204199
1103.692517,200,2205.609995
2721.758993,523,2206.718204
2542.080005,465,2208.097073
3561.680917,657,2214.395869
1527.195552,291,2215.390637
1016.137884,186,2215.774894
2783.656575,533,2216.890812
1292.054103,245,2217.793936
5614.024564,1000,2220.274262
3102.213005,575,2227.097182
1929.839777,355,2228.232056
1988.660728,356,2228.974199
3807.264475,678,2230.78296
2219.037211,402,2231.61597
1752.1662,329,2236.699563
1574.480073,287,2237.705189
1878.385318,334,2238.405427
2673.655646,496,2239.445919
2028.379447,387,2240.671826
2926.060459,545,2241.814822
4998.021815,887,2249.907729
2997.645732,531,2251.547179
2928.228728,547,2252.708968
1874.44378,345,2253.964755
1868.090241,343,2254.692452
2704.391634,467,2261.811518
1289.656712,254,2262.877116
1941.087237,348,2263.596234
826.749207,176,2263.966773
5547.066658,1000,2266.5808
3027.020237,545,2273.101296
1151.832835,204,2273.518134
2172.38928,416,2274.378745
1838.004715,351,2275.629192
923.481304,191,2276.029219
4039.912153,777,2278.17918
1285.798308,231,2278.652312
1907.678522,339,2283.641214
1546.598569,299,2284.268443
1367.239435,292,2285.40312
821.542177,162,2285.740479
1190.210376,219,2286.20304
2513.332829,462,2287.163531
2562.964999,465,2288.671673
2382.939966,429,2295.546696
5495.830492,1000,2298.14645
5526.856986,1000,2300.768439
986.748106,178,2301.146747
4439.764617,804,2308.967047
1001.821179,201,2309.397228
838.688412,181,2310.284905
1058.979821,198,2310.688401
2058.260749,370,2311.462709
3475.203832,625,2313.281238
1966.059238,352,2314.001693
4674.515946,834,2323.030412
4010.421044,731,2325.05725
1694.4888,328,2325.743643
2505.175221,456,2326.69617
2367.909329,462,2334.825606
2285.290433,419,2335.693411
1483.111436,277,2336.791309
4313.782142,763,2338.365289
4363.970972,789,2340.538797
2882.634006,541,2347.586096
4754.558655,856,2349.339176
2776.549423,520,2350.975528
4348.969993,788,2359.140986
5521.432426,1000,2361.713671
3233.258287,580,2362.92678
2003.001815,366,2364.189986
3618.64218,646,2369.028745
5238.45462,934,2371.452657
2922.911942,525,2373.091737
4075.698046,727,2374.595455
5585.443644,1000,2381.850524
1568.314929,281,2382.84151
2609.109339,486,2383.836664
640.841733,132,2384.11318
1641.614317,290,2385.118789
1362.407774,245,2385.627002
1580.179475,282,2392.38021
2017.473631,372,2393.139807
2048.144407,381,2394.330591
593.993349,125,2394.594548
2013.18136,378,2395.380449
1897.38094,350,2396.499674
2328.444867,406,2397.331753
1919.040396,343,2403.06755
969.550276,178,2403.830129
3189.160087,577,2405.026682
3314.062569,594,2406.656801
3712.940741,656,2407.996996
4678.214252,863,2415.255697
5254.400905,945,2417.708451
2147.043762,372,2418.470544
5044.387212,890,2427.019449
2123.527158,395,2428.372407
1629.268322,316,2429.035944
3410.651891,616,2430.80601
2291.099317,410,2431.652816
2911.404527,535,2433.268652
3142.109318,579,2440.190433
626.770126,137,2440.480888
5482.11208,1000,2443.075616
4322.928192,773,2445.21492
1941.464538,355,2451.361593
2554.256627,464,2452.83013
2232.853417,405,2453.663005
2171.277452,393,2455.001791
2050.15334,374,2455.773347
2565.760062,468,2456.733744
977.795221,181,2463.857662
4454.50601,780,2465.485644
2201.766184,397,2466.823257
5485.33991,1000,2469.431064
1837.595716,330,2475.579659
1310.649866,238,2476.070499
2042.73034,370,2477.353632
5625.425376,1000,2479.917405
2153.810601,397,2480.731856
2609.984793,469,2481.705956
1972.469962,362,2489.174174
1295.903252,248,2489.678059
5495.837454,1000,2492.269802
3450.135614,621,2494.063904
2490.936269,435,2499.891121
5083.783458,918,2502.305095
5598.973403,1000,2504.89608
5555.8738,1000,2513.470381
1473.740951,272,2514.036081
3504.264224,623,2515.845815
4056.206479,717,2517.317906
2968.51528,544,2523.825475
2368.356465,427,2524.701241
3220.833915,588,2526.460942
5620.653159,1000,2529.052866
5613.488979,1000,2536.79626
1400.023827,255,2537.324637
3383.258004,590,2539.072818
935.741645,165,2539.410944
1356.375571,243,2539.915756
4670.544946,821,2548.630453
5581.021252,1000,2551.217227
1493.923704,265,2551.766068
909.395079,163,2552.105728
2393.14184,432,2553.535632
5709.426765,1000,2562.155615
1695.993519,306,2562.817605
5568.629797,1000,2565.40271
3666.975572,642,2572.882218
1169.416051,220,2573.333234
1599.910099,291,2573.934441
2328.86998,439,2575.401886
1367.28552,243,2575.901091
4746.040403,843,2578.186983
2905.018122,533,2585.675447
3836.949828,695,2587.642715
5624.920646,1000,2590.227935
5092.525599,894,2598.926949
5700.165773,1000,2601.461978
2555.915897,451,2602.373046
5626.758853,993,2610.839001
3164.312845,561,2612.494031
1840.211985,349,2613.20486
1384.168153,247,2613.705724
5417.680619,997,2616.271633
2103.550932,381,2623.476418
3087.439008,531,2624.551569
2832.009178,533,2626.148098
5612.000867,1000,2628.701238
1063.874915,187,2635.646833
3542.79294,632,2636.931884
2660.899131,483,2638.431973
5499.903935,1000,2641.015773
1464.579559,267,2641.561062
1237.365446,227,2648.570131
2800.416619,498,2650.083838
5450.062469,993,2652.611936
4287.132787,742,2654.137221
5576.786451,1000,2663.418911
852.141327,160,2664.266923
723.440979,146,2664.57239
4175.775724,781,2666.210423
5609.063705,1000,2676.122312
2060.768163,364,2677.363135
1166.596407,222,2677.822331
1769.408421,312,2678.45273
5126.873354,908,2680.825183
3784.666778,663,2687.443818
3169.03446,562,2688.592854
5477.895469,1000,2691.04422
1458.527393,265,2691.99262
828.586524,150,2692.29852
2264.92742,399,2698.688291
2956.458298,526,2700.287408
1957.402992,349,2701.010294
1902.46639,346,2701.739725
2556.178536,454,2703.181162
5470.317849,971,2710.890148
1874.411411,331,2711.584499
1572.113311,279,2712.161851
5767.750719,1000,2714.723121
1121.233723,214,2715.681014
3491.411296,636,2722.576504
3638.809764,641,2724.399421
1458.040378,261,2724.930759
2207.232499,389,2725.712945
5726.49384,1000,2733.330106
2328.744332,405,2734.661289
1873.285437,345,2735.373336
5603.672473,1000,2737.931955
1038.8437,187,2738.311499
5530.402428,983,2747.577138
5680.273637,1000,2750.167158
613.485775,133,2750.452232
2258.398753,402,2751.715568
1455.748682,258,2752.230202
5581.41991,1000,2760.440936
2081.123381,378,2761.215398
1282.872271,247,2762.233023
2369.92466,421,2763.091943
5794.533695,1000,2769.915125
5608.620114,1000,2772.428164
620.989343,135,2772.735218
1423.532335,288,2773.331046
4237.705772,761,2781.573647
2941.823019,523,2783.021412
1056.407535,186,2783.402074
1873.502518,336,2784.089953
1496.849255,301,2784.702826
2198.948272,382,2785.88373
3896.773682,706,2794.933709
5546.986534,1000,2796.970475
1974.597857,355,2798.088354
1499.325496,287,2798.680034
3172.708652,574,2800.229104
3264.621979,582,2806.658479
5560.643978,1000,2809.082356
4755.393869,809,2811.126529
1232.557705,223,2811.58406
1385.914726,268,2818.812374
3186.316743,549,2820.320178
1364.762062,285,2820.91635
2222.122275,395,2822.119357
1286.744699,241,2822.611771
3478.708683,613,2824.251635
1921.228386,342,2831.450152
3093.429,532,2832.530671
2970.716641,511,2833.945974
3127.593519,559,2835.095508
5236.484638,903,2842.625857
4545.883569,813,2844.682456
2167.986833,393,2845.493044
3381.460007,592,2847.094881
3468.432971,594,2848.805982
3119.694006,559,2855.48492
2214.012824,392,2856.665058
2950.0644,516,2857.703154
3207.735764,568,2859.2639
4734.380543,840,2866.634942
4817.378176,860,2868.794219
3784.320785,699,2870.617475
1926.824149,350,2871.338957
2491.481038,448,2878.472926
3031.556541,530,2879.555789
3733.115456,690,2881.380199
1469.440977,265,2881.920343
2593.439193,478,2883.28371
719.581737,135,2883.554801
1425.432485,254,2889.427889
1693.564753,304,2890.0543
3001.561539,530,2891.640054
2592.422075,476,2892.618039
2820.061235,490,2894.053827
2868.867182,497,2895.067918
3416.23531,601,2902.557682
1659.885944,308,2903.193511
2018.146945,357,2904.32049
4284.179544,758,2905.861323
578.561992,124,2906.124542
5523.327505,1000,2914.598055
5686.559333,1000,2917.031413
3324.578555,565,2918.591686
1838.189039,327,2919.259289
2529.507029,451,2927.293656
805.42889,149,2927.598951
4358.778041,774,2929.58335
3280.103467,601,2930.804981
2052.968861,377,2932.005483
2500.984296,439,2939.330413
3899.500763,708,2941.17429
2702.887351,485,2942.170101
1931.4958,345,2942.870691
2094.986392,395,2944.096789
5374.729438,934,2952.632554
5603.75447,1000,2955.065814
2184.400721,410,2955.900664
2910.951017,522,2957.354661
5650.082602,1000,2965.311926
3140.011487,561,2966.447438
4433.582618,794,2968.460366
3101.554507,549,2975.790162
2906.670226,518,2977.241249
4550.643487,844,2979.373165
5542.937911,1000,2988.608182
5638.290625,1000,2991.026548
3951.468654,695,2992.457571
4680.809641,830,3000.932942
5673.495027,1000,3003.384255
1217.900299,216,3003.827211
2991.497392,548,3005.356919
5497.694785,1000,3013.759359
2654.888937,473,3014.731686
1854.975124,321,3015.777239
5592.70652,1000,3018.220381
1360.550155,254,3025.362264
1906.214874,344,3026.064777
3011.69228,533,3027.547143
4983.164902,873,3029.734147
5683.571065,1000,3038.697803
4158.70648,777,3040.311772
2919.466921,517,3041.742183
3486.836247,611,3042.979819
1652.927118,300,3050.450547
5692.483305,1000,3052.903849
2348.042974,425,3053.791395
3674.762537,658,3055.529647
3855.678138,677,3062.642866
3446.311405,613,3064.286984
4389.295396,759,3066.218829
3422.979746,629,3067.490483
4322.309771,772,3075.66849
3543.45307,602,3077.295333
1480.10865,256,3077.810525
5682.401815,1000,3080.231693
4114.447896,725,3088.440132
3545.220352,626,3089.709481
5647.947527,1000,3092.141296
3377.397961,609,3100.245027
3986.808736,698,3102.057032
3275.885042,592,3103.266318
5529.708664,958,3110.944367
3720.318527,650,3112.667109
1408.240551,258,3113.200204
2248.14837,402,3114.024403
1634.217496,318,3115.068066
2502.301363,435,3115.957563
5605.071972,1000,3124.396632
5658.658664,1000,3126.975251
871.440495,158,3127.300587
5701.763558,1000,3135.561691
3548.96856,609,3137.188205
710.918953,136,3137.464321
3258.13489,566,3138.609437
2072.624605,363,3139.762355
5733.073851,1000,3149.157476
3798.856236,691,3150.571795
5644.216526,1000,3153.010652
2319.630471,413,3161.146111
5652.294757,1000,3163.584841
5628.948072,1000,3166.030701
4363.710398,751,3174.038187
4551.831367,800,3175.667345
5621.609107,1000,3178.106353
1260.081767,230,3178.966894
2264.021371,430,3186.078614
3241.968828,564,3187.219828
5239.83935,917,3189.484355
5722.332244,1000,3198.784184
4740.239947,842,3200.888618
3516.542802,640,3202.574125
4051.299277,710,3209.687395
2607.456397,460,3211.012213
4743.064967,854,3213.149257
3110.032722,545,3214.25821
5600.812613,1000,3221.545272
1962.466638,357,3222.66752
2072.465516,384,3223.460382
2322.227817,422,3224.320238
5677.09205,1000,3233.06998
1899.161289,334,3234.274769
5603.521582,1000,3236.848451
5110.845302,925,3239.279076
3527.277703,614,3247.512218
5616.615807,1000,3250.10189
1080.948624,208,3250.53348
5583.916437,1000,3259.320881
2353.260878,414,3260.670229
5555.880687,969,3263.169328
5692.482297,1000,3271.876066
1043.269412,207,3272.304974
5498.962821,969,3274.800384
2846.284686,514,3275.859611
4093.036919,712,3277.848131
5576.638884,1000,3286.367753
2622.402786,470,3287.325254
5637.459507,1000,3289.8805
3765.116738,649,3299.031731
5591.138603,1000,3301.578654
5632.336974,1000,3311.456735
3127.215619,555,3313.095747
2972.724342,520,3314.158239
3309.620271,596,3315.900983
5703.941353,1000,3325.464386
5515.646444,1000,3328.039596
5683.578341,1000,3330.586643
3974.522537,693,3338.662737
3942.788841,715,3340.673502
3906.35523,684,3342.612534
1648.259691,290,3343.204653
1029.692077,197,3343.613458
5589.506804,1000,3352.825299
584.2427,117,3353.070118
5637.348479,1000,3355.500228
4321.406314,752,3364.117631
2378.866547,425,3364.99813
5522.512576,964,3367.366363
3389.227853,618,3369.00426
4264.593806,747,3377.408002
3425.906885,601,3378.63494
4737.110268,833,3380.718448
3647.022093,662,3387.053864
3561.492787,614,3388.300891
5708.530285,1000,3390.74185
2093.050592,372,3391.895401
3026.350514,524,3399.203874
5585.277282,1000,3401.640162
5598.422846,1000,3404.053516
1920.180063,343,3404.747082
2319.300457,411,3411.941077
5112.187026,897,3414.304693
5630.106388,1000,3416.870852
5772.85798,1000,3426.826856
5725.777845,1000,3429.24854
1454.770033,256,3429.770242
2129.350512,395,3430.579607
2477.615167,437,3438.698434
3754.598626,645,3440.003051
2740.964165,504,3441.437355
5690.25266,1000,3443.861674
4118.233485,729,3452.258963
2544.587482,472,3453.612168
4715.783591,832,3455.701923
5542.070144,969,3464.032841
3468.121061,608,3465.272273
5606.104263,1000,3467.698922
5598.126812,1000,3476.388734
2906.724722,512,3477.833719
1572.272119,297,3478.441054
628.309433,110,3478.665156
5639.789773,1000,3481.098587
919.986025,181,3488.410311
2821.033795,498,3489.815149
5627.835692,1000,3492.255591
5687.681849,1000,3499.954856
4704.382669,836,3502.052354
1024.45075,198,3502.467237
5775.118099,1000,3504.896666
5050.754627,873,3513.424962
3026.605609,586,3514.642595
5737.552665,1000,3517.154367
5741.599978,1000,3527.315017
5719.803742,1000,3529.751928
5319.501454,940,3537.636779
5678.979157,1000,3540.141299
5790.894006,1000,3542.674202
3044.119889,540,3549.844293
2736.5246,499,3551.281812
5806.305544,1000,3553.725923
846.936234,166,3554.069674
5679.221433,1000,3562.840235
5785.88477,1000,3565.277412
5586.856036,980,3567.677559
3668.462939,638,3575.814269
5781.873767,1000,3578.247122
1943.786316,344,3578.954788
3866.893633,696,3580.784894
3296.792103,573,3589.407963
1279.564814,240,3589.911561
3876.230398,689,3591.730457
2032.21035,356,3592.45382
5642.611811,1000,3600.808761
3287.505234,579,3602.375693
1418.055342,255,3602.899817
2028.989849,390,3604.106529
3414.697989,595,3605.31352
1093.865924,197,3605.713884
5728.37608,1000,3615.12942
5729.961979,1000,3617.556823
2590.198552,469,3618.911823
2488.790154,441,3626.498894
4002.812212,694,3628.432838
5457.212028,948,3630.897348
5704.996688,1000,3640.751825
2570.018544,483,3641.766897
3529.970181,623,3643.567305
5829.457151,1000,3646.128208
5697.696265,1000,3654.941348
5717.076449,1000,3657.513767
1103.025667,188,3657.900266
3336.57181,580,3666.283926
3621.094356,644,3667.596477
5618.02329,978,3670.107053
5676.027357,1000,3678.736323
5639.998208,1000,3681.308751
2916.904163,532,3682.928882
1975.794956,359,3683.664625
2191.518606,415,3691.337732
4632.983437,807,3693.517735
5788.910148,1000,3696.099886
5765.835437,1000,3705.775447
834.379283,152,3706.103076
5776.625909,1000,3708.691401
5693.770797,1000,3717.656841
1850.298225,322,3718.828657
3263.678934,580,3720.024511
1624.335883,282,3720.600561
5641.427507,1000,3723.169364
5144.338505,884,3731.95942
1993.807289,357,3733.203528
3208.33427,553,3734.319778
3294.789881,583,3736.022397
4876.578012,844,3743.098766
5636.46977,1000,3745.653749
5232.164126,893,3748.001014
2897.372005,515,3756.110216
3699.064399,635,3757.416486
2328.417639,409,3758.765753
2270.797335,402,3759.59886
5789.19813,1000,3768.880636
3264.806827,584,3770.600285
3100.946202,544,3771.758546
5713.842182,1000,3774.2907
4290.042598,743,3783.324183
3085.467678,537,3784.945837
3453.08699,608,3786.194226
5711.606406,1000,3795.890328
4620.233031,807,3798.071147
3387.596255,588,3799.275532
5762.383669,1000,3807.620918
1316.117646,232,3808.627442
3118.277476,541,3809.724002
4789.798751,850,3811.975541
1856.440462,321,3812.628329
3910.095887,667,3822.140098
5687.363239,1000,3824.707618
2142.007461,366,3825.454839
5573.500511,1000,3833.968987
3078.424055,543,3835.592938
5825.545063,1000,3838.172973
5861.399761,1000,3847.802202
5755.96265,1000,3850.376585
5671.690069,1000,3852.939871
2539.638646,455,3859.991785
1153.477088,219,3860.44222
1966.09423,359,3861.701018
5763.201673,1000,3864.263778
5734.335601,1000,3872.798375
5750.39091,1000,3875.381986
4919.953244,871,3877.681469
3168.912076,553,3885.296054
5383.166589,942,3887.618311
4902.08116,843,3889.731787
707.310914,144,3890.029612
3181.001365,548,3897.506741
5674.193262,1000,3899.580351
5729.582845,1000,3902.045456
1203.239769,212,3902.8833
4141.446062,708,3909.776567
4433.303118,775,3911.878143
5845.389202,1000,3914.448291
1735.883551,309,3921.05741
1446.217044,273,3922.11196
1771.999719,324,3922.773573
4267.648021,740,3924.790461
4161.563768,750,3926.32708
5675.02432,1000,3935.588632
1286.029504,235,3936.573393
5727.709481,1000,3939.164631
3156.193867,557,3947.227736
4012.384378,690,3949.116388
4220.598853,742,3951.150213
4003.928318,683,3952.543554
5801.824323,1000,3961.342045
1603.78908,302,3961.964426
5708.473677,1000,3964.566361
2351.006743,398,3965.908181
5654.694835,1000,3975.27557
1058.35201,193,3975.669187
5651.020208,1000,3978.267541
5639.302298,1000,3987.769931
5616.419159,1000,3990.35013
2115.296702,369,3991.110409
1538.298345,266,3992.180785
5670.647861,1000,4001.964349
1483.300974,264,4002.510558
1528.853637,262,4003.045364
2599.52377,454,4004.488395
1642.949593,289,4005.079229
5691.148438,1000,4012.882963
5742.987308,1000,4015.439453
5783.130434,1000,4024.185319
5806.750426,1000,4026.615798
803.658997,137,4026.893044
5630.600842,1000,4029.33918
1431.078287,253,4029.857041
2989.140525,527,4038.820756
5458.350554,957,4041.269209
5619.78206,1000,4043.321733
5770.260115,1000,4052.856946
4085.817984,701,4054.727006
5770.837694,1000,4064.254133
3895.57836,699,4066.100777
2211.510439,384,4066.890159
4332.274006,767,4068.861756
5784.383425,1000,4078.112632
1968.143781,358,4078.847341
1130.253859,213,4079.29237
5226.32585,901,4081.533446
5406.347716,946,4089.680171
2264.404972,398,4090.8865
5805.282823,1000,4093.32847
3449.91715,609,4094.585533
1550.342374,267,4100.899032
476.507081,88,4101.471456
1128.202296,199,4101.876349
2064.302284,365,4102.632545
2763.869337,503,4104.064036
5704.56762,1000,4106.519268
3040.258961,549,4114.266093
5776.293274,1000,4116.727396
2849.871178,495,4118.134706
2752.367056,489,4119.146551
1693.952361,300,4125.704596
2801.965793,502,4127.119314
5701.418517,1000,4129.571748
5773.591869,1000,4138.906017
5274.32777,930,4141.337667
5813.619656,1000,4143.91843
2140.374462,366,4144.670725
3873.352213,668,4154.136337
1804.770704,312,4154.771122
5590.191259,1000,4157.235319
5557.246306,972,4166.435007
2010.39492,358,4167.172957
5176.324229,919,4169.583126
5771.320065,1000,4177.254352
5727.088803,1000,4179.821189
2211.890625,398,4181.18172
4350.645351,760,4182.75525
5592.862643,1000,4192.208146
4559.239384,792,4194.340903
5891.484653,1000,4202.865575
5701.691033,1000,4205.451161
3535.908696,628,4207.27299
5729.433678,1000,4216.540139
5709.591297,1000,4219.118488
5671.095643,1000,4221.178663
4612.530877,825,4230.291564
1348.258946,238,4231.284232
3354.769132,599,4232.53983
2836.519081,502,4234.096969
5418.942488,946,4242.868186
3885.530828,686,4244.286505
5706.834859,1000,4246.871212
4528.158699,793,4256.071896
4859.007038,841,4258.305256
5724.462317,1000,4260.889191
5804.198492,1000,4270.17927
3211.657498,566,4271.350222
5186.292686,912,4273.744682
5805.802518,1000,4282.779716
2390.473029,423,4284.173471
2389.446883,422,4285.050442
1506.93118,270,4285.611091
4488.892334,784,4294.149468
4707.323798,830,4296.380204
5695.031385,1000,4298.971007
4166.405145,737,4308.13853
5793.395095,1000,4310.192118
2042.809215,360,4311.458324
3137.023884,547,4312.595248
5666.876523,1000,4321.328026
5756.578674,1000,4323.90097
5829.649565,1000,4331.623894
2953.102813,530,4333.25809
5797.796476,1000,4335.840671
5681.624311,1000,4345.285172
5133.824368,876,4347.572031
840.157173,168,4347.919051
4844.860962,846,4350.175839
513.014829,106,4350.404412
1706.710703,297,4351.012012
1312.909148,248,4357.721147
2819.520046,484,4359.253136
4193.521419,741,4360.763378
5696.425741,1000,4363.335431
2502.067068,429,4371.793631
5758.619529,1000,4374.366959
3190.901266,559,4375.525547
3647.011011,629,4377.310684
3285.279842,591,4385.825473
3223.399854,562,4386.971772
1820.521505,319,4387.631568
5693.451381,1000,4390.07943
3831.521214,650,4395.75572
5496.516691,942,4398.087594
5816.293391,1000,4400.532387
5745.524139,1000,4410.289153
2062.634587,357,4411.024206
3462.014775,607,4412.783492
5802.331588,1000,4422.27291
3503.233768,615,4423.551226
5776.073543,1000,4426.130219
4444.140378,790,4433.807523
2895.60111,510,4435.355295
5783.063822,1000,4437.931614
5767.458793,1000,4446.456836
5737.152201,1000,4449.024032
2815.147788,501,4450.045015
5786.090966,1000,4459.35244
3087.59807,528,4460.948267
5711.433228,1000,4463.518663
4148.216581,723,4471.863024
751.369136,163,4472.21526
1099.081047,208,4473.16534
5783.822185,1000,4475.737362
5719.800652,1000,4478.340309
2958.7428,518,4485.262144
5745.061623,1000,4487.815037
3512.257243,620,4489.601547
4524.295396,782,4497.47269
1530.949464,286,4498.556963
2237.063235,394,4499.378574
917.609961,184,4499.756524
5407.947811,941,4502.180829
3620.658767,620,4511.060062
2626.372985,453,4512.006116
5728.615435,1000,4514.606978
5801.602383,1000,4522.809356
2477.271817,423,4524.18635
5759.661458,1000,4526.668994
830.124865,169,4527.018169
2121.633506,372,4527.779734
5821.8391,1000,4536.969549
2907.195755,499,4538.382732
5727.154756,1000,4540.837455
3724.227815,652,4547.167411
3806.654741,656,4549.039517
5791.237057,1000,4551.597967
2407.434743,424,4552.471902
5702.171482,1000,4560.904021
5704.325345,1000,4563.527946
5813.867878,1000,4572.746649
2914.761489,501,4574.307148
5703.547733,1000,4576.872348
3558.373211,606,4582.657418
5668.46801,1000,4585.231169
5820.004402,1000,4587.809191
5724.019088,1000,4597.344929
5593.448685,1000,4599.912054
5893.621012,990,4609.72126
5367.060451,925,4612.133871
1371.10668,241,4612.630937
5690.411113,1000,4615.200845
5782.403818,1000,4624.911659
5665.014948,986,4627.427991
4351.33372,742,4629.457876
5809.322255,1000,4637.242882
5843.971774,1000,4639.81502
4621.115398,798,4647.710491
2867.131436,521,4648.777733
3412.628069,587,4650.519205
4767.507585,824,4652.199588
5750.492572,1000,4660.397123
4400.661286,762,4662.366365
5789.312318,1000,4664.828382
711.126102,136,4671.53509
5683.175458,1000,4673.999551
1860.503247,319,4675.168252
4185.53256,725,4676.662162
4582.686291,802,4686.488537
2163.603741,376,4687.330626
2187.019453,378,4688.620144
2049.674506,377,4689.43987
5764.092258,1000,4699.381702
4183.531979,760,4701.504333
5754.305855,1000,4704.093743
5759.976286,1000,4713.680867
5765.519449,1000,4716.271486
5929.023466,1000,4718.872472
3105.019419,561,4727.443913
4993.759721,872,4729.781362
4559.445107,788,4731.937745
2891.670608,518,4739.175747
707.871412,155,4740.03483
1647.603265,291,4740.644231
1645.947679,289,4741.242627
3666.388873,612,4743.021358
1731.173254,321,4743.687384
5045.769629,866,4751.927282
1794.026309,315,4752.577311
1621.760692,305,4753.612307
4608.414048,770,4755.208492
5743.774109,1000,4757.776998
5707.398205,973,4766.986995
2713.380294,470,4768.508224
3227.123435,549,4769.639751
5801.27847,1000,4778.952124
4066.881843,698,4780.789657
5757.563752,1000,4783.251743
3374.293079,600,4791.136831
2699.245318,463,4792.507698
3003.717675,528,4793.586942
5733.54058,1000,4796.039132
1784.439046,305,4802.863625
5907.244237,1000,4805.308363
2518.122261,427,4806.180001
2163.352746,407,4807.434774
3333.97931,568,4808.601039
2775.318651,484,4817.083504
3085.971321,511,4818.131173
1715.529962,304,4818.750839
5666.196244,1000,4821.228923
1847.44835,321,4828.984635
3180.035809,557,4830.131931
2223.002957,386,4831.323784
5746.441529,1000,4833.842469
4742.985383,804,4841.790152
5774.278763,1000,4844.384246
1780.633515,320,4845.59324
2982.877275,512,4846.634938
1708.393809,300,4847.252428
5550.419598,952,4855.890286
2713.316976,474,4857.387433
2415.831955,428,4858.280499
1054.127337,187,4858.665098
1357.670778,237,4859.680396
2878.577967,509,4867.292733
2727.958223,486,4868.699754
5833.077382,1000,4871.289869
3136.285716,544,4872.412589
4738.893231,796,4880.829566
5780.314627,1000,4883.402189
2493.327082,435,4884.293679
4554.076926,781,4892.953305
4117.984341,703,4894.910388
2900.619524,499,4895.929093
5729.657046,1000,4904.716542
2691.800289,472,4906.228379
4644.412863,799,4907.89689
4749.456666,829,4910.12276
3390.996411,576,4918.126138
2032.66314,363,4918.878044
3492.392616,626,4920.673432
5806.070148,1000,4923.255155
5843.957989,1000,4932.227152
5767.083069,1000,4934.702809
5781.7822,1000,4943.349478
5918.91605,1000,4945.913251
2132.611103,379,4946.699681
2358.79244,434,4947.609118
5774.3308,1000,4956.747298
2395.436818,410,4958.114141
3802.073471,643,4959.428187
2515.433059,441,4960.85936
2212.822901,393,4961.679071
5599.624818,976,4970.517858
5710.021538,1000,4972.998377
3267.665377,555,4974.531066
1589.063078,277,4979.731217
2958.252897,517,4980.793987
5726.606525,1000,4983.318278
2309.058785,400,4984.647239
2285.391978,392,4985.446341
2122.692074,365,4993.008303
4845.526487,825,4994.684743
3614.184125,611,4996.339108
4057.484599,699,4998.168076
2356.607618,399,5005.215868
781.539761,159,5005.556069
5832.938334,1000,5008.032367
5836.689461,1000,5016.202551
3486.827718,618,5017.869976
4944.11621,860,5020.039051
3206.833768,569,5021.213037
4435.873516,758,5028.306648
5779.653363,1000,5030.762147
4795.178349,812,5032.84952
4881.918639,842,5041.656391
5766.932035,1000,5043.709868
1365.117615,244,5044.617554
1895.733996,335,5045.318512
4082.782862,708,5053.102832
5845.511121,1000,5055.556386
4651.795745,794,5057.726658
5798.790839,1000,5066.367532
5891.756532,1000,5068.94277
3258.704782,575,5070.656995
2180.629251,385,5077.954728
1630.363795,291,5079.065516
2978.685635,517,5080.116273
3904.888877,677,5082.012991
2972.517367,503,5083.046803
1724.444601,316,5084.240014
1892.9311,327,5090.768367
5840.429603,1000,5093.376077
5850.044227,1000,5095.946786
1110.647507,202,5096.370554
4097.97423,709,5104.760495
5889.824978,1000,5107.3408
5556.108574,953,5115.377891
1422.432741,250,5115.892903
1003.750126,189,5116.289457
2107.767425,364,5117.045395
5726.173369,1000,5119.621466
5879.617143,1000,5128.030283
4371.59562,761,5130.140741
1276.311502,236,5130.627365
4273.800238,720,5132.626418
3605.207258,617,5140.448704
3036.138939,530,5141.539516
5856.846534,1000,5144.149563
5365.006914,941,5153.059048
2684.94142,474,5154.568568
3406.622681,623,5155.864911
5785.975124,1000,5158.439529
2566.28357,444,5165.349874
4489.223971,776,5166.94456
2008.917519,352,5168.068562
2154.970558,374,5168.843844
5728.821766,1000,5177.548295
1582.090871,280,5178.122146
2778.651805,472,5179.49775
5911.064954,1000,5182.080273
5795.913715,1000,5191.789874
5822.433494,1000,5194.363766
5808.53185,1000,5196.9623
5772.41506,1000,5205.31032
3950.661245,652,5206.65736
3076.878117,539,5208.304055
