#{"t_start": 1787586223.6074083, "env_id": "Humanoid-v5"}
r,l,t
79.900319,18,4.550858
96.261789,21,4.676743
122.771219,29,4.842021
157.401807,33,5.021485
102.194353,23,5.162118
94.540497,21,5.281118
82.320845,19,5.374873
80.110687,18,5.465161
71.215617,16,5.54235
90.876102,21,5.637845
121.183369,26,5.750899
76.156983,17,5.821531
111.346132,26,5.926763
112.210911,24,6.020058
79.987517,18,6.085073
71.534324,16,6.141921
119.259877,27,6.240138
87.339884,19,6.30618
83.398907,19,6.367332
77.037281,17,6.419381
99.637919,23,6.490444
98.793357,21,6.55208
80.000362,18,6.604085
88.171546,20,6.658336
86.79103,19,6.707199
120.238004,27,6.776458
80.863208,18,6.82085
148.998799,32,6.896917
76.428569,17,6.935069
84.929668,19,6.977264
191.665387,41,7.070027
96.791956,21,7.116384
71.060244,16,7.149435
76.216079,17,7.184895
81.032636,18,7.221405
89.762147,20,7.260781
80.916972,18,7.29746
176.327379,41,7.377834
133.00878,30,7.433908
107.261924,23,7.474887
124.747817,28,7.525418
70.012398,16,7.556233
140.789692,32,7.615339
94.243855,21,7.652976
75.482866,17,7.682769
103.562886,24,8.464108
80.629428,18,8.494379
105.061161,23,8.533353
90.326029,20,8.568464
111.533795,25,8.612449
76.176438,17,8.642252
75.994413,17,8.672592
93.681528,20,8.706883
76.332001,17,8.738139
120.411622,26,8.786774
76.570953,17,8.816574
70.321333,16,8.845236
76.213529,17,8.875654
81.20217,18,8.907736
110.027074,25,8.954781
133.441415,29,9.009154
171.407455,39,9.078065
80.600039,18,9.108665
110.319068,24,9.150341
81.723246,19,9.184596
76.169172,17,9.214399
80.825963,18,9.248327
127.216711,28,9.302711
76.098315,17,9.335322
152.288397,33,9.399119
76.291753,17,9.427129
118.804394,27,9.47485
74.432415,17,9.504016
80.54634,18,9.53576
76.587189,17,9.567004
83.338783,19,9.603255
75.320791,17,9.634532
81.202137,18,9.669348
99.64731,23,9.713798
130.770884,32,9.776443
71.512668,16,9.804497
92.766089,22,9.842991
81.425104,18,9.873221
101.02838,22,9.910874
69.959553,16,9.940872
76.069188,17,9.97259
90.333646,20,10.011506
91.396817,20,10.051479
91.600664,20,10.085505
98.902987,22,10.123142
74.733318,17,10.151855
86.419646,19,10.185248
76.073542,17,10.215588
80.74542,18,10.248398
173.037371,38,10.832849
75.456108,17,10.866582
119.973412,26,10.917192
80.20091,18,10.951441
82.571009,18,10.986485
71.052125,16,11.017069
116.778038,26,11.065274
182.60196,41,11.141727
89.651308,20,11.178945
148.355597,31,11.237682
75.600341,17,11.274365
91.99105,21,11.320215
111.986438,27,11.380146
129.047042,28,11.436681
154.590751,35,11.501344
87.544206,19,11.533509
106.636963,25,11.584641
108.599496,24,11.634616
81.342789,18,11.672661
118.65946,29,12.317686
75.350667,17,12.350631
128.633936,31,12.4131
95.9262,21,12.468028
100.734885,22,12.509095
140.267775,31,12.567609
75.430822,17,12.599635
100.477246,22,12.639741
81.452533,18,12.67251
135.611838,30,12.732299
91.068641,20,12.776576
82.252843,18,12.815233
132.47263,30,12.876932
173.307593,37,12.952833
114.178563,25,12.99492
83.275596,19,13.027262
70.924548,16,13.055352
75.637409,17,13.08595
76.630725,17,13.117119
76.606662,17,13.148543
107.326937,24,13.193194
145.218148,33,13.252413
149.851744,37,13.315363
97.327362,21,13.352362
90.772584,21,13.390765
98.263824,22,13.866634
78.853102,18,13.898187
90.484005,21,13.934345
70.550496,16,13.961383
114.835504,25,14.005965
76.764917,17,14.036149
80.4973,18,14.072938
97.701742,23,14.121583
182.925008,40,14.218202
75.48184,17,14.251514
99.771037,22,14.291873
89.963358,20,14.328235
83.157619,19,14.364157
76.54738,17,14.396095
84.119578,19,14.431211
75.371278,18,14.464354
81.335303,18,14.498958
123.841556,26,14.548698
95.205988,21,14.589738
91.106224,20,14.629665
70.646708,16,14.660119
91.463255,21,14.717877
87.062087,19,14.765162
99.786445,24,14.815341
123.872834,27,14.875767
76.404436,17,14.912211
168.13684,37,14.985216
124.108185,27,15.033699
79.18294,18,15.067122
173.004641,39,15.140956
76.191109,17,15.173442
142.626108,30,15.228348
69.4888,16,15.258329
127.906699,27,15.326392
75.719998,17,15.35795
96.706422,21,15.395794
124.801369,26,15.44152
190.219007,42,15.51373
80.602234,18,15.545131
86.741958,22,15.585576
87.378325,20,15.623004
113.176147,26,15.671542
130.349949,30,15.726793
203.757432,46,15.808871
92.562621,20,16.347975
263.413568,56,16.454556
100.175461,22,16.497429
166.297754,38,16.59661
76.329098,17,16.629051
105.139727,23,16.669779
98.104921,22,16.707201
130.296784,30,16.758681
86.442675,19,16.790982
104.725371,24,16.835863
148.422522,32,16.892185
121.29115,27,16.940136
76.441501,17,16.970259
76.278266,17,17.002394
102.083408,23,17.044407
99.644854,22,17.082712
116.003045,25,17.126618
97.807409,22,17.164424
95.13402,21,17.200232
92.538007,22,17.237991
123.889058,26,17.28362
108.538697,25,17.32654
136.663926,30,17.381066
76.308235,17,17.411363
76.634006,17,17.440861
131.348059,30,17.494148
167.695154,38,17.566535
132.713349,30,17.624288
80.539461,18,17.659226
163.742344,37,17.727602
102.688968,22,17.764428
89.581054,23,17.803072
114.916006,27,17.850933
108.142848,25,17.895663
83.266327,19,17.93099
107.729844,25,17.978304
152.536948,35,18.769751
75.38971,17,18.801245
236.251749,52,18.895309
87.129067,19,18.928711
123.860438,29,19.450168
114.194927,24,19.493214
124.297993,27,19.543615
86.498994,19,19.579678
134.935798,28,19.632943
96.405339,21,19.671735
84.174018,19,19.709013
101.679992,22,19.747716
194.920624,42,19.823241
75.021423,17,19.853317
84.505594,19,19.888397
155.178671,35,19.953813
73.857045,17,19.984809
85.164937,19,20.019086
108.444949,26,20.069379
84.687685,19,20.102072
138.017403,30,20.156445
143.368356,33,20.219964
128.320958,28,20.274282
96.169183,21,20.313249
97.58433,22,20.35421
124.903884,28,20.406968
84.711465,19,20.44198
210.209418,44,20.52135
147.880488,31,20.576082
132.626096,28,20.626947
157.435314,35,20.690567
85.131581,19,20.729015
80.975189,18,20.762402
156.215416,35,20.838019
80.840349,18,20.869784
152.559349,33,20.927239
81.75142,18,20.958619
86.569163,20,20.994639
137.333526,30,21.053508
67.623231,16,21.083655
225.508932,47,21.1803
183.1564,39,21.254616
128.286905,27,21.302416
144.506577,32,21.809873
170.056023,38,21.879544
228.457154,56,21.984194
103.232663,22,22.024081
118.896241,25,22.06922
79.721219,18,22.101513
201.811676,41,22.179449
90.403948,20,22.21447
140.789406,32,22.275285
150.734293,34,22.34078
89.90942,20,22.379791
181.83562,40,22.454799
79.405992,18,22.485957
75.100855,17,22.515211
104.301146,23,22.55639
189.702854,44,22.63682
164.735387,38,22.708469
190.83266,44,22.792427
172.321389,37,22.876513
95.829779,21,22.915348
166.407308,37,22.980547
87.492437,19,23.012387
110.498306,25,23.057763
108.948501,24,23.101335
211.603528,44,23.192199
99.197177,22,23.242237
95.733002,21,23.286583
147.826822,33,23.346011
86.951223,19,23.379137
75.670581,17,23.409589
81.401613,18,23.440336
163.346289,39,23.516185
92.700597,21,23.562396
98.943817,25,23.618446
115.180844,25,23.669026
89.364921,20,24.272635
150.191129,33,24.352434
139.053923,32,24.422744
174.089016,38,24.494239
154.712602,33,24.552282
193.208045,41,24.62817
129.030933,28,24.681373
143.997468,31,24.742901
143.823391,30,24.810116
134.758248,29,24.869507
79.39736,18,24.901744
117.750001,27,25.555645
120.030584,27,25.607655
74.026313,17,25.637805
86.559242,19,25.671949
98.050848,22,25.711961
125.532287,30,25.767097
146.364959,34,25.8312
117.218424,25,25.88198
103.674207,24,25.92737
243.627722,56,26.031107
157.944358,36,26.095194
154.864786,36,26.162339
144.202777,38,26.236264
76.235785,17,26.269434
105.85679,23,26.311528
135.250986,31,26.368415
92.350019,21,26.405569
80.255496,18,26.43756
172.152898,37,26.50599
140.823147,32,26.569347
117.104222,26,26.619978
161.958693,35,26.687798
76.405169,17,26.716514
170.051683,37,26.785569
221.451587,50,27.413431
254.158308,52,27.507788
268.953815,52,27.602442
84.071183,19,27.637603
143.31553,31,27.693633
181.831854,39,27.765786
184.750812,40,27.84678
175.892757,39,27.922476
168.613174,38,27.992501
141.96808,32,28.051194
143.767868,31,28.107134
166.950037,39,28.177884
152.479769,34,28.23868
214.163948,45,28.325142
150.475363,33,28.38993
156.03,33,28.45619
107.453889,24,28.5037
262.393341,59,28.612227
153.122226,32,28.672144
174.054455,40,28.745375
151.580949,32,28.807062
85.619271,19,28.842479
157.606585,36,28.910445
153.861372,32,28.974868
111.229347,24,29.02318
80.275001,18,29.058482
124.79534,27,29.111932
147.9624,33,29.177346
192.634059,43,29.254417
206.251299,43,29.895365
81.431518,19,29.931512
179.772666,40,30.012411
261.318912,56,30.129783
184.175769,42,30.237564
175.597388,39,30.318872
92.106969,20,30.355262
111.141321,26,30.403964
237.457826,52,30.502197
224.941942,47,30.590592
81.240953,18,30.623577
270.042804,53,30.72421
180.696557,38,30.806461
216.691265,49,30.920555
143.684383,31,30.987631
205.680837,44,31.086106
119.195845,29,31.142127
233.791165,48,31.233166
185.183353,38,31.30348
81.333562,18,31.336357
432.791956,88,32.038506
259.838365,56,32.153257
248.989002,52,32.275868
191.163423,43,32.363761
243.519956,51,32.462094
301.519949,63,33.119215
287.955833,56,33.245069
188.088125,39,33.318141
194.757947,45,33.408055
211.301841,44,33.494535
210.450008,46,33.585351
187.563574,41,33.66457
219.015351,48,33.756476
211.858337,52,33.862629
186.600289,40,33.942719
173.082369,37,34.010293
107.667033,23,34.052339
211.395114,45,34.139339
181.419113,40,34.223185
167.24609,38,34.30092
156.911041,35,34.365222
159.208811,36,34.432309
144.608717,31,34.489822
119.7517,26,34.538701
126.252438,28,34.592193
105.601901,23,34.633894
80.351011,18,34.66552
251.459551,53,34.764425
173.777377,41,34.841354
172.080844,38,34.911442
112.986464,24,34.955452
232.686443,52,35.597208
285.342158,58,35.70575
242.420333,56,35.809919
167.927162,38,35.88334
189.916688,40,35.957262
162.9514,38,36.028716
193.447726,44,36.109113
304.183161,61,36.226846
178.580991,38,36.300793
143.730599,30,36.357173
208.809625,42,36.437431
282.898467,61,36.55249
159.272495,37,36.622056
222.934004,51,36.716558
301.603666,60,36.831929
191.065532,42,36.909696
300.770098,69,37.039952
144.642677,31,37.099473
209.85385,49,37.192154
274.282319,58,37.303347
257.486931,56,37.416175
188.977822,38,38.026642
117.025322,26,38.075135
321.688784,63,38.195095
148.608041,32,38.256741
150.535206,34,38.321289
247.997293,56,38.921222
108.360292,24,38.967078
151.333709,34,39.031126
184.29426,40,39.107987
214.632233,47,39.198755
210.253333,46,39.28643
277.419929,56,39.393353
155.188998,33,39.453432
247.50111,51,39.549055
230.081383,53,39.651286
337.750589,74,39.791615
133.858134,32,39.853791
115.227634,25,39.899887
200.655254,46,39.987043
326.721499,66,40.114386
76.753117,17,40.146591
185.86196,41,40.225397
138.196072,30,40.285172
210.931028,45,40.37642
219.061983,46,40.468184
98.850469,22,41.085789
224.082387,52,41.211408
207.692109,45,41.298349
234.151852,47,41.416466
328.1172,71,41.563368
172.204767,37,41.639754
245.910726,52,41.761408
129.355982,27,41.812679
243.062739,54,41.917352
164.51181,36,41.994404
120.162241,25,42.044291
197.109393,40,42.12851
246.704393,55,42.247011
318.795577,63,42.398097
346.546821,71,42.58863
258.038047,56,42.710465
319.515544,70,42.846494
488.785742,98,43.043439
173.238911,39,43.156705
177.414264,37,43.267555
250.52247,53,43.934434
286.474876,58,44.048654
171.248135,38,44.123626
185.441057,42,44.219984
175.722816,41,44.3158
369.707003,73,44.471267
257.808901,54,44.596118
277.22644,53,44.715504
288.154606,59,44.835637
266.408292,57,44.955791
244.247272,51,45.057054
322.907608,64,45.187103
248.761968,49,45.279928
377.33804,74,45.885659
160.509679,34,45.951268
166.872493,34,46.016629
311.386355,61,46.136793
254.012127,61,46.255701
117.21712,27,46.30808
400.472796,87,47.096024
428.986696,87,47.316288
353.858997,72,47.4719
174.07633,36,47.543377
213.467967,43,47.626843
358.50537,69,47.764692
314.645239,65,47.900172
237.632234,49,48.001342
211.15759,45,48.091609
279.259179,65,48.226058
418.006724,80,48.398212
82.312252,18,48.433048
246.124299,53,48.542337
202.510703,44,48.631979
364.709083,74,48.785811
240.014813,50,48.892331
189.101151,44,48.989799
233.177619,50,49.101652
288.508279,57,49.224057
260.898107,55,49.892655
147.061745,32,49.956315
152.298594,34,50.021987
286.806926,58,50.137738
319.642581,69,50.276657
360.021329,76,50.42237
232.239502,52,50.523451
242.963473,54,50.628668
288.957031,57,50.738624
255.410308,55,50.843462
123.365379,26,50.89448
148.514149,32,50.954849
269.548608,60,51.070052
317.229137,64,51.199384
200.559623,50,51.293163
240.449245,49,51.389956
178.62102,41,51.466242
283.792957,56,51.574938
90.146747,21,51.615806
210.841816,45,51.70101
196.970027,49,52.304144
400.372862,88,52.473065
205.287948,43,53.004799
326.489191,76,53.15334
299.41532,59,53.267969
246.037095,51,53.364267
334.753598,68,53.495773
274.312082,57,53.605732
271.201352,57,53.714407
318.465197,64,53.840623
255.488017,58,53.955957
224.667048,46,54.043978
315.171373,62,54.165767
277.90562,55,54.275263
212.3851,42,54.357507
308.187064,69,54.493813
277.021837,57,54.604419
381.238832,80,55.289223
314.295378,64,55.41161
350.014665,81,55.573102
368.832959,75,55.719056
288.378626,65,55.84713
305.020459,63,55.969325
178.00491,40,56.048478
265.716872,54,56.153409
231.194762,46,56.2437
244.302318,52,56.347264
152.986984,34,56.415833
287.703807,60,56.532964
222.528509,48,56.627187
294.227655,58,56.739338
266.863553,53,56.841765
226.92642,47,56.933533
264.360441,53,57.036851
340.930511,67,57.167836
288.724331,55,57.809612
413.722667,93,57.994227
407.154801,82,58.156423
253.435593,53,58.258975
237.514564,53,58.362278
340.577885,70,58.497392
241.510983,52,58.600369
234.152462,47,58.692711
116.201799,25,58.741381
232.216804,53,58.844343
247.884612,50,59.406549
245.713845,49,59.502322
275.121485,56,59.613147
292.962456,59,59.730971
408.323464,88,59.897972
249.599037,50,59.997853
514.69583,114,60.225662
100.216897,22,60.266438
285.8395,56,60.902001
214.124676,45,60.988858
296.923837,61,61.108645
367.027215,74,61.251969
267.383304,61,61.369628
310.271239,60,61.485449
338.852505,66,61.616207
526.538487,123,61.860518
256.629466,56,61.970408
247.721033,49,62.067559
217.537601,47,62.159847
502.378458,120,62.39705
172.881792,41,62.476622
391.91622,85,62.643452
261.585307,56,62.754172
253.260097,52,63.389276
517.979426,102,63.594353
381.114551,83,63.758706
321.55686,77,63.910061
309.707144,64,64.035874
446.416964,97,64.227567
285.46435,58,64.340126
292.386419,62,64.460741
311.14574,60,64.57619
297.120774,60,64.691875
92.761564,20,64.729085
256.515156,51,64.829944
419.983038,80,64.988544
236.969284,55,65.092098
364.683141,75,65.237461
369.815001,82,66.405996
467.646078,90,66.586191
357.686422,69,66.726677
289.53042,62,66.85095
172.973632,37,66.921016
277.382393,56,67.030715
290.013183,65,67.157723
353.726929,76,67.312174
257.415871,51,67.412591
281.833837,60,67.530238
306.035276,64,67.652261
249.209613,50,67.751002
253.822633,55,67.858674
343.538337,67,67.993761
216.583524,46,68.085749
322.276013,63,68.215036
337.037788,66,68.346296
415.482922,84,69.037982
270.109388,54,69.146575
314.429565,61,69.268793
328.514569,65,69.398121
215.879285,46,69.486662
328.892262,72,69.626612
564.887875,120,69.864543
336.05218,75,70.016586
419.221882,85,70.188817
256.650471,51,70.291112
243.772136,52,70.395623
424.876051,96,70.589362
411.43116,80,70.750851
290.90553,67,70.883381
224.901248,46,71.421462
254.498394,56,71.532222
267.73974,53,71.638452
235.783743,48,71.732126
634.497886,145,72.027005
277.300145,55,72.135582
428.866244,89,72.810357
341.221542,68,72.947928
374.16293,81,73.115575
320.880094,66,73.24606
279.939397,55,73.357349
260.889264,56,73.468361
258.026417,51,73.569445
274.373685,59,73.686684
345.052293,72,73.827348
339.025489,67,74.377262
533.338428,110,74.598755
351.786041,68,74.740113
207.757217,43,74.829639
330.690178,67,74.967358
212.235597,48,75.062674
352.947066,75,75.216029
453.814913,92,75.401283
534.74684,118,75.64359
234.975947,45,75.735246
258.389251,57,75.848957
300.020315,58,75.96709
265.727711,63,76.093053
201.022589,46,76.188381
447.081082,89,76.370485
278.779423,60,77.019992
265.896554,54,77.127089
229.380967,47,77.22717
424.820117,92,77.411304
396.51987,81,77.573147
377.983254,76,77.727417
216.38834,50,77.828022
279.331282,55,77.937074
275.901606,55,78.048268
427.860166,81,78.213605
246.575378,60,78.334115
378.687509,87,78.511606
262.419325,56,78.623232
320.582073,67,79.277349
279.577076,58,79.39699
323.088874,63,79.522963
361.515415,73,80.221346
292.994286,57,80.339964
275.556369,56,80.452857
397.440152,84,80.628066
327.834,75,80.777764
296.22122,72,80.924934
525.276161,125,81.173968
299.428259,58,81.291005
281.064973,58,81.404068
311.879793,64,81.535358
320.763749,63,81.663664
458.772112,95,81.853235
398.525382,81,82.017613
228.456984,55,82.130232
337.672197,67,82.803338
413.597965,80,82.966114
318.441642,62,83.091347
366.460924,73,83.24623
348.707222,67,83.389546
344.796184,67,83.531081
306.551734,60,83.665635
276.243705,55,83.775822
304.946152,66,83.905943
240.864235,48,84.004325
231.59042,56,84.116049
401.649163,78,84.27426
362.580557,71,84.421851
366.684179,80,84.585019
634.495716,127,85.384948
282.632938,57,85.499778
351.746635,85,85.673071
278.989308,54,85.781092
590.453968,120,86.59248
303.223888,67,86.726791
279.023166,61,86.846996
347.922775,68,86.983765
230.100346,47,87.074799
399.349311,90,87.255862
324.097418,67,87.388023
345.182049,71,87.532277
300.944291,60,87.652669
362.246083,72,87.797177
240.690546,48,87.890336
439.526783,87,88.609861
360.219552,72,88.753855
395.31207,79,88.91371
423.409508,85,89.085561
266.397955,53,89.191778
357.892292,70,89.33313
378.527283,76,89.487242
445.854378,85,89.658874
391.951063,78,89.816746
280.423329,57,89.931787
410.683089,79,90.093048
389.689117,90,90.276417
210.146816,50,90.376062
307.798853,62,90.501936
362.987786,76,91.193703
337.454394,67,91.330844
299.088975,61,91.454357
344.974575,78,91.611255
374.677073,71,91.754907
318.786783,62,91.879021
258.230222,55,91.990094
308.638688,63,92.117408
276.708836,54,92.22806
227.284905,48,92.325715
429.669985,84,92.501372
310.054656,64,92.630541
291.686979,68,93.314299
386.487844,80,93.478355
282.252471,56,93.588783
342.689374,82,93.751653
310.273296,63,94.404247
302.701352,64,94.535791
296.006828,70,94.680113
418.718287,83,94.847459
251.177534,54,94.957861
370.686025,74,95.106443
375.293742,78,95.266992
344.389528,69,95.407926
411.943566,79,95.568418
320.57293,62,95.693377
336.30481,72,95.839177
277.74611,57,95.951742
385.288163,74,96.104302
311.646504,61,96.231191
297.879388,60,96.353487
291.160285,61,97.021746
354.564459,70,97.164328
453.484308,86,97.33864
395.068229,79,97.502788
337.51216,68,97.641436
383.947154,86,97.815326
343.855501,71,97.959007
377.443673,77,98.114892
321.760945,64,98.242785
282.527553,56,98.353453
372.513522,74,98.49948
321.821215,65,98.630967
423.227552,94,98.828293
492.524941,108,99.592636
479.571899,107,99.807894
531.774505,106,100.627379
358.422413,75,100.778543
400.579198,79,100.939808
338.84509,66,101.073302
429.949933,84,101.243275
322.768759,66,101.37649
532.38066,110,101.599872
328.052164,67,101.737961
246.875525,50,101.843017
489.449147,98,102.042097
248.947243,51,102.142334
347.118383,80,102.836094
414.645108,82,103.000982
117.978804,26,103.052341
308.721596,79,103.209224
343.908781,67,103.345706
268.957931,61,103.469188
319.71425,67,103.601161
475.944684,100,103.804187
361.683695,79,103.960752
288.497673,58,104.081435
421.762721,81,104.246764
316.502707,64,104.374537
425.695552,83,104.542864
287.440902,67,104.67882
249.970174,52,104.78059
433.710755,86,105.469704
302.754757,58,105.586712
300.995089,61,105.70745
381.340273,73,105.856754
310.56269,69,105.996878
299.749274,58,106.113358
371.317542,72,106.259416
264.171009,54,106.364609
397.149463,84,106.538646
335.607341,69,107.294136
194.013955,42,107.378186
204.947083,42,107.463193
353.32359,69,107.599661
348.638346,69,107.738113
560.026962,115,107.973136
482.015763,96,108.700774
355.370388,70,108.846731
228.551318,46,108.938884
488.042487,96,109.142504
336.647295,66,109.279766
386.245911,89,109.465501
276.95789,54,109.57451
270.493974,64,109.707702
265.093068,67,109.845711
397.557535,84,110.022076
310.048593,70,110.165126
305.838359,62,110.293255
377.118454,73,110.443316
430.744213,100,110.64747
422.774959,99,111.403068
222.605339,49,111.504151
351.679697,70,111.646965
514.075875,101,111.853624
566.382249,117,112.088222
267.327294,55,112.200521
396.406276,79,112.363417
395.589333,78,112.524319
283.822087,58,112.644968
179.580404,38,112.720961
322.108053,63,112.847144
270.107085,54,112.955076
259.244851,55,113.066274
315.211043,63,113.190789
275.170009,54,113.298389
308.795091,61,113.93552
322.108285,61,114.658878
342.646489,71,114.802567
398.137358,81,114.962397
467.420629,91,115.14946
257.0824,55,115.261538
384.601006,75,115.412733
148.232194,31,115.476131
576.91481,122,115.726252
366.313293,73,115.874337
282.663129,56,115.987761
402.605338,82,116.154134
353.51339,69,116.294334
296.959126,61,116.420434
326.227782,67,117.06777
326.197824,74,117.219086
386.930148,78,117.376026
392.0922,79,117.53653
355.087917,67,117.674339
259.312333,52,117.776908
252.07918,52,117.881384
326.403019,62,118.007192
215.895418,49,118.110546
344.519369,73,118.260405
415.779911,83,118.426737
374.841086,82,118.595101
629.76102,128,118.855143
432.98371,85,119.026359
414.627888,83,119.719942
330.376574,65,119.853475
426.596733,85,120.025062
398.232049,78,120.18488
392.227673,82,120.35436
425.729922,83,120.522373
455.232627,94,121.364186
613.541184,120,121.614236
416.883807,82,121.782706
457.347199,99,121.98573
245.892846,49,122.085055
338.192109,67,122.221637
383.511096,73,122.907493
332.243888,66,123.038821
353.708498,84,123.214359
376.580128,72,123.364723
497.366279,103,123.57986
379.234734,76,123.736023
378.365884,73,123.885787
347.190269,67,124.020143
348.953614,76,124.177612
236.73702,57,124.291634
403.549052,81,124.459703
293.312721,58,124.578682
309.408468,64,124.70821
249.828801,60,124.827981
381.457767,75,124.97872
437.754429,88,125.66786
439.075344,86,125.851101
349.758733,70,125.993146
363.262012,71,126.136864
435.52069,98,126.334955
291.167818,58,126.45219
362.832264,81,126.61674
393.261501,78,126.774853
361.507966,73,126.92118
447.915646,85,127.094975
273.725354,59,127.21345
347.730776,66,127.343878
399.940765,79,128.142869
272.16687,64,128.812307
454.434248,89,128.991666
383.735693,75,129.145752
385.296612,75,129.301198
322.500661,63,129.430948
406.862539,95,129.622728
292.930949,58,129.741661
294.098175,60,129.860219
298.614835,70,130.005778
317.37604,61,130.132133
330.749462,68,130.26872
357.184111,69,130.408592
423.317487,84,130.584697
274.981849,65,130.718488
294.375281,57,130.837359
460.323732,106,131.576406
361.509483,72,131.725181
314.652413,63,131.852124
242.365346,50,131.951222
418.589612,88,132.130685
404.171017,80,132.294709
326.894306,71,132.437437
483.253044,93,132.629286
263.262491,55,132.737846
340.351694,66,132.872998
269.56696,58,132.990063
368.967687,74,133.13839
328.766544,66,133.272937
507.984316,104,134.010954
366.205833,72,134.155026
486.467659,109,134.379951
372.922345,73,134.531961
340.412697,68,134.669357
360.372363,72,135.444853
397.225658,81,135.609614
435.213502,94,135.803502
295.501345,60,135.929249
338.302494,66,136.067733
331.420757,65,136.19742
406.414988,96,136.397824
456.961618,90,136.583544
476.844112,98,137.312134
318.466603,68,137.450979
438.460055,85,137.626742
449.532477,88,137.813564
322.740245,75,137.968151
475.532727,93,138.159307
312.551218,63,138.285533
288.202124,58,138.403584
257.346189,52,138.511247
265.391819,53,138.614294
339.484497,80,138.777012
359.672909,76,138.932217
502.380846,98,139.131783
463.206351,90,139.32271
571.913652,112,140.067908
372.595356,74,140.220592
374.561058,73,140.369409
218.116869,50,140.469172
341.427599,72,140.618057
291.92149,66,140.751057
378.976365,77,140.907846
301.789579,75,141.06391
455.04873,102,141.276891
474.395826,93,141.474572
504.950935,113,142.324482
349.475266,71,142.469589
358.175262,71,143.128356
690.767296,147,143.430381
337.285888,66,143.567959
400.510608,80,143.731249
283.501713,58,143.849447
337.96777,66,143.981794
526.885222,104,144.20307
271.117634,56,144.318144
386.521073,74,144.471233
381.399553,74,144.622608
273.803648,55,144.736696
366.51193,74,144.888673
298.889138,68,145.023393
259.919912,50,145.121387
293.114248,58,145.766854
529.853333,118,146.010792
314.973748,62,146.13893
621.376722,124,146.400299
404.671461,77,146.554852
429.92715,86,146.724246
512.317743,101,146.933068
376.780214,72,147.081047
379.235269,74,147.234886
360.428968,72,147.381717
393.972767,93,147.574983
357.287978,69,147.715117
591.771292,119,148.496598
417.18451,82,148.667858
609.566917,122,148.918319
355.960915,71,149.719253
444.904111,103,149.935421
324.501485,64,150.070564
568.315471,113,150.302106
315.023974,66,150.440325
287.755695,67,150.582949
363.003058,72,150.730775
392.422628,88,150.911727
713.325578,144,151.730842
460.29036,102,151.93789
465.434018,94,152.131997
411.414953,81,152.302519
314.872442,72,152.451954
400.347845,80,152.621167
422.754377,99,152.827557
530.654385,106,153.046713
374.421071,71,153.192592
406.721818,78,153.352106
446.51565,88,153.535591
391.323702,77,153.693411
434.21444,98,154.397945
374.420117,84,154.571899
342.085422,67,154.707955
519.540537,116,154.949176
440.00741,91,155.134994
381.235678,74,155.287293
350.592327,82,155.457725
286.598431,56,155.571776
383.307306,76,155.728032
354.441038,71,156.553652
414.10651,80,156.719978
431.022621,85,156.894453
354.188693,83,157.065864
437.123738,96,157.771131
320.537785,64,157.903518
446.933812,90,158.090218
326.690162,73,158.240744
382.403549,85,158.4159
514.641271,102,158.627825
449.665841,87,158.806327
381.69059,74,158.957779
302.532046,71,159.104427
403.072951,79,159.266502
387.846038,76,159.423497
401.305748,78,159.581188
277.502487,66,160.226786
475.078218,99,160.431372
364.0647,84,160.602212
398.950322,78,160.762527
369.726993,73,160.93408
345.269705,81,161.108346
518.128208,106,161.324927
372.269248,85,161.496819
464.267905,95,161.694587
348.944236,68,161.832148
337.052895,70,161.97513
364.160227,76,162.130056
336.466148,65,162.262955
238.678015,59,162.906121
374.596504,77,163.067574
330.985177,65,163.992324
455.865916,104,164.20957
401.628671,96,164.410173
451.917359,95,164.60701
325.698526,64,164.738403
293.068605,60,164.858489
352.04759,69,164.998955
357.110326,79,165.159754
184.559718,41,165.24694
340.773493,68,165.386101
359.595546,70,165.528629
271.729123,66,165.663535
266.135543,54,166.185596
535.039833,117,166.43503
307.789406,75,166.590133
391.675132,89,166.774844
340.699097,66,166.909518
284.231049,58,167.065815
388.066718,86,167.249102
364.221645,82,167.421775
459.14641,89,167.611055
297.859136,58,167.729388
432.548804,84,167.907803
312.692101,63,168.036334
436.523731,85,168.211918
525.336491,117,168.863713
364.908444,74,169.016002
478.402594,95,169.214274
510.195474,114,169.450552
759.983568,164,169.79571
323.254124,69,169.93768
235.105125,57,170.92378
453.907029,87,171.103885
575.449554,124,171.368691
416.459388,87,171.550706
330.771197,65,171.682479
478.950472,113,172.33281
381.506701,91,172.523351
398.454774,79,172.685519
561.990939,117,172.929664
370.54409,73,173.079358
300.648592,65,173.213844
463.908919,89,173.395088
571.166826,124,173.657278
496.817769,101,173.866191
504.444327,96,174.067083
377.837785,75,174.224141
393.710322,85,174.819809
451.310361,88,175.004216
521.289372,115,175.243962
483.2773,106,175.467109
264.432594,63,175.598609
439.903805,97,175.800144
379.608923,75,175.95732
344.329381,67,176.093046
449.800476,89,176.280809
512.650934,97,176.479013
456.133636,102,176.695135
214.916236,45,176.788553
459.666869,89,178.245526
398.5354,76,178.405521
482.517545,109,178.630442
421.376999,84,178.800261
330.131559,66,178.938194
376.249036,89,179.12303
392.487112,89,179.308892
271.445592,64,179.438716
400.952349,79,179.599915
345.558848,66,179.732746
473.634651,94,179.926221
381.319849,88,180.110571
370.363757,73,180.664882
520.839503,106,180.887895
288.272578,64,181.023793
441.509422,94,181.222843
217.962498,48,181.318309
456.946334,91,181.511323
326.038051,65,181.644053
378.922709,74,181.802204
383.073633,82,181.974957
378.730763,85,182.149038
284.062531,66,182.284132
333.195212,66,182.417964
437.61247,86,182.597702
361.184612,71,182.740714
319.090273,65,183.391077
386.999024,75,183.546745
550.155284,112,183.777153
510.014313,117,184.020682
313.304584,73,184.169069
450.797435,90,185.198915
398.233437,80,185.364625
300.678309,68,185.504486
314.710829,74,185.658124
430.800045,82,185.826609
307.825217,70,185.972748
540.812628,115,186.211374
343.404579,67,186.886624
344.172594,79,187.048827
322.207272,77,187.211385
430.103189,101,187.423086
409.98652,90,187.612814
413.267705,80,187.778162
382.7125,74,187.928746
413.927708,83,188.104851
279.305631,65,188.23701
509.826767,109,188.46168
430.292814,82,188.632845
391.148539,76,188.791289
287.742515,64,189.447055
302.111258,59,189.567355
474.374427,97,189.769851
465.956634,106,189.988519
315.670958,73,190.138709
684.731556,144,190.43507
387.260682,76,190.594728
415.173429,80,190.758199
438.614791,85,190.932971
478.996756,92,191.122685
389.085596,90,191.309152
386.220309,77,192.41866
388.610595,86,193.136807
258.037671,59,193.25485
387.23345,86,193.435093
432.257943,100,193.643684
418.302186,82,193.813119
468.593306,98,194.016552
412.934755,82,194.184559
395.564565,77,194.344692
734.13159,146,194.645217
521.491445,109,194.873457
300.997474,72,195.019216
521.258384,99,195.755125
412.282231,80,195.919156
471.031557,92,196.108065
439.316917,101,196.31833
368.611175,71,196.464389
469.161382,99,196.667778
340.87323,78,196.827133
310.440967,73,196.980595
570.694282,124,197.239459
354.246034,69,197.383451
414.833049,80,197.549673
360.140527,82,197.721907
430.117234,83,198.407429
457.577515,89,198.591372
554.948487,124,198.847977
514.611129,119,200.052866
448.53232,89,200.236071
457.0712,93,200.425864
422.976572,82,200.59238
417.344145,81,200.759461
473.320794,94,200.955321
358.147939,82,201.124268
367.153995,87,201.303457
526.845342,103,202.02942
452.985383,84,202.202957
473.436571,103,202.417933
393.18396,85,202.592275
629.316176,142,202.887904
225.995256,51,202.992606
449.468914,90,203.179228
524.482978,106,203.401852
548.55949,123,203.660378
377.292826,77,203.82266
418.311043,82,203.989198
539.946891,104,204.727162
473.536316,94,204.919768
393.453562,76,205.074375
347.501391,69,205.216034
431.356551,93,205.4052
377.207489,88,205.588886
305.870225,68,205.727877
427.642257,84,205.900664
306.443199,60,206.020655
429.702629,80,206.187608
324.161178,75,207.194852
459.401508,104,207.411197
404.668211,80,208.109052
398.140342,90,208.300665
596.241495,125,208.556831
417.524277,91,208.746441
565.695362,124,208.997197
412.007533,80,209.163048
374.06782,87,209.343788
322.954678,73,209.492685
443.468402,85,209.664819
290.086772,69,209.803104
394.384334,78,209.962199
414.757189,98,210.70562
300.328038,59,210.8251
408.771137,79,210.988482
479.005272,94,211.18173
491.921457,109,211.402948
403.444194,86,211.57788
428.227178,84,211.746982
476.604055,93,211.938332
374.654865,87,212.112641
293.658497,58,212.234997
404.854583,81,212.399311
304.743332,60,212.521031
509.273507,100,212.726485
417.645586,94,213.450307
472.535051,93,213.645534
782.591533,160,214.847787
376.788518,75,215.000015
431.931827,87,215.179789
621.909566,129,215.447318
683.680259,135,215.723027
345.94925,72,215.870781
482.671419,95,216.067062
409.38074,80,216.234017
355.64596,71,216.786812
314.778733,74,216.938247
366.338885,86,217.122003
499.318898,98,217.319492
576.467122,122,217.570569
352.696418,70,217.718319
430.534347,84,217.888681
490.215312,99,218.09478
654.548409,132,218.367816
480.879341,108,218.588736
453.821411,86,218.765707
490.927594,96,219.48464
384.48708,73,219.63376
309.71938,64,219.767833
404.984701,81,219.931641
416.632358,84,220.108774
669.764357,129,220.380608
460.096902,92,220.572142
408.802524,78,220.736446
434.230292,85,221.698544
382.023098,75,221.851661
307.467074,71,221.995303
1254.231239,265,223.085959
505.419583,100,223.293294
836.544171,178,223.661959
345.627387,70,223.804247
455.206336,90,223.989481
492.026061,98,224.196965
323.63107,64,224.331834
415.967082,81,224.502425
652.750434,142,224.793936
558.302955,128,225.564345
431.097185,98,225.767331
455.914157,89,225.950101
425.092758,91,226.142045
296.549108,65,226.273249
301.105145,60,226.395687
434.367404,94,226.583365
328.530125,78,226.740596
702.499501,141,227.031247
431.838343,84,227.204697
334.3838,65,227.339824
345.92563,76,227.497813
420.345202,88,228.207736
506.391689,101,229.353718
295.51136,59,229.476946
396.665574,87,229.653581
530.382209,106,229.871923
356.017594,80,230.031754
425.221791,94,230.228095
442.87454,95,230.420973
367.968474,73,230.568613
339.900167,66,230.701429
443.308963,102,230.910775
487.157109,102,231.545736
477.681605,93,231.737733
369.495597,71,231.883054
408.232386,82,232.050948
456.531955,89,232.234725
484.227761,101,232.443391
395.362301,92,232.635021
522.254857,104,232.843855
445.185239,89,233.027021
499.979536,102,233.239468
410.92351,94,233.431702
432.342224,84,233.603216
285.459714,57,234.248241
350.128516,76,234.406666
709.580059,138,234.692726
257.355866,56,234.806253
439.862161,88,234.987496
731.225838,160,235.316834
399.749527,92,236.414936
576.262668,124,236.667661
609.26586,123,236.918921
459.874658,106,237.139926
570.750249,114,237.774263
464.095637,93,237.965357
494.162314,113,238.196223
473.943866,91,238.381207
343.398614,68,238.521291
385.3963,74,238.676342
579.246941,115,238.90906
604.928171,122,239.161168
389.900171,84,239.331711
407.750403,80,239.491886
380.260523,76,239.64412
418.097796,93,240.274218
497.138523,104,240.489277
334.694512,68,240.634735
315.15426,73,240.784663
341.007997,67,240.922906
396.193326,88,241.106247
292.108711,72,241.257358
814.267766,167,241.604054
558.871718,125,241.863931
439.42091,92,242.052428
374.006281,74,242.202134
311.659036,62,243.943627
534.123716,104,244.154127
364.833569,73,244.306098
482.203678,104,244.522138
321.520546,63,244.652757
457.853418,89,244.834399
325.519586,76,244.988036
272.266622,62,245.116028
397.335741,82,245.285156
432.484398,97,245.482214
366.460435,75,245.634576
459.286933,92,245.825961
603.92966,121,246.587233
494.217331,96,246.785503
366.035689,72,246.93367
419.48939,86,247.11021
348.68671,77,247.269684
289.764589,67,247.408285
413.671177,78,247.566471
390.724185,83,247.737583
281.637128,68,247.876597
437.367035,100,248.081611
534.901242,113,248.314192
394.258159,76,248.470374
309.418113,63,249.124825
506.461673,113,249.355986
482.11803,107,249.582244
515.907917,101,249.790437
289.014903,68,249.932669
335.218537,78,251.092978
554.910912,107,251.315944
405.22138,93,251.50748
486.753506,96,251.706247
305.712227,72,251.854961
490.258033,95,252.048108
351.520484,81,252.752052
378.33491,75,252.904393
768.21903,172,253.262566
363.860235,70,253.407141
343.336796,76,253.561694
449.053216,87,253.741483
562.738826,115,253.984635
346.932916,82,254.151083
335.804908,67,254.285283
552.069036,108,254.507231
520.124103,96,254.703033
434.445288,86,255.409446
479.110018,104,255.62403
425.710012,95,255.820585
516.488342,99,256.021391
580.522102,113,256.253308
428.892396,99,256.454431
327.894871,65,256.58497
785.31709,157,256.90262
331.124956,79,257.059556
308.0252,77,257.216273
398.093908,77,258.464149
393.75741,77,259.135845
403.922385,81,259.29873
398.226572,89,259.481309
577.644269,128,259.742241
510.665896,99,259.940787
555.471602,125,260.200626
401.379522,94,260.393014
469.931044,93,260.579238
387.92799,85,260.750461
409.957517,94,260.942506
529.978902,118,261.710688
467.847187,87,261.888665
481.330934,94,262.081112
385.865078,77,262.238378
367.211583,70,262.382501
334.573554,75,262.534745
445.790799,86,262.708844
284.570657,66,262.842517
440.39117,84,263.008894
503.585685,114,263.241741
360.237304,84,263.414196
390.228831,90,263.597024
708.183843,138,264.375163
676.10057,150,264.688541
350.725288,72,264.835954
489.114284,96,265.905029
469.409847,101,266.111547
445.583449,101,266.319314
289.287877,71,266.465538
364.516803,84,266.638002
477.078619,90,266.819583
451.927247,89,267.001664
583.331984,117,267.757431
640.940047,134,268.035277
505.739362,113,268.26848
502.156515,100,268.474859
334.562355,63,268.600569
487.83426,105,268.812299
479.672928,103,269.017368
476.978492,94,269.208063
446.182838,85,269.3782
473.795111,94,269.57139
513.838055,103,269.778663
428.888322,100,270.508502
785.68114,170,270.856656
461.08499,101,271.063235
440.274106,104,271.274263
341.491838,68,271.412747
408.987003,93,271.599653
371.320984,73,271.744509
375.609221,73,271.892281
422.778179,81,273.04021
442.945948,89,273.217999
399.170797,92,273.403497
616.727631,118,274.179298
454.8975,90,274.365327
761.556889,159,274.692062
452.174714,103,274.907089
514.466825,101,275.112077
514.004214,117,275.348336
339.875001,79,275.51131
488.071774,111,275.7377
396.535385,77,275.894828
332.172117,70,276.036488
1000.834394,198,276.965444
659.407275,128,277.227302
491.122226,95,277.421501
438.098773,92,277.611716
434.880167,85,277.787069
487.65097,94,277.977882
440.721242,86,278.151049
467.073797,98,278.353116
439.404842,84,278.521434
443.140786,85,279.215063
298.069506,68,279.360459
419.304656,85,279.54287
537.937877,122,280.630859
350.988873,68,280.765371
426.243066,101,280.969723
411.675449,95,281.163759
672.047991,143,281.457795
467.844386,92,281.64481
535.682463,103,281.854651
485.369744,104,282.070451
664.392192,150,282.905152
506.626683,98,283.105966
279.328352,69,283.245944
512.291439,112,283.47824
328.432117,77,283.636115
558.370898,111,283.865057
667.313721,145,284.164625
420.59415,81,284.329854
418.695845,83,284.50135
370.296628,73,284.648855
396.726426,84,285.341783
368.918111,73,285.490826
630.413175,131,285.758613
458.202635,105,285.974912
579.68592,111,286.204204
406.31026,89,286.385134
417.16671,94,286.577419
480.44635,109,287.649935
357.49593,83,287.819522
490.806731,94,288.010345
428.754686,95,288.203559
408.982829,92,288.899341
403.033533,82,289.069491
651.981456,129,289.339263
383.620533,87,289.519873
586.284773,126,289.781271
569.76664,133,290.05408
496.82462,98,290.253706
435.209584,87,290.431938
446.44927,88,290.608856
523.207412,102,290.817711
528.967734,119,291.586071
375.869467,87,291.762433
618.066164,122,292.011044
406.337402,78,292.170063
631.103345,133,292.445816
383.776828,86,292.620972
620.408186,132,292.888672
348.842371,80,293.053288
546.420835,123,293.314208
393.6387,75,293.98696
447.961924,87,294.165242
316.209227,71,295.052348
530.375275,106,295.266813
351.008148,78,295.425782
371.889789,87,295.60251
472.617961,96,295.799042
541.747954,119,296.040255
559.767423,110,296.270264
307.293841,70,296.413193
626.109617,122,296.660691
463.25896,93,297.377097
495.000312,100,297.584888
488.088402,95,297.777561
438.697477,85,297.954761
474.351223,105,298.172999
349.328966,69,298.31344
321.723268,75,298.466743
587.303073,118,298.708793
458.996108,89,298.89013
431.495011,85,299.066503
416.307958,90,299.250739
451.725535,101,299.982748
589.52463,115,300.21583
460.663264,89,300.395738
675.669216,136,300.670413
732.768107,150,300.975013
357.957189,83,301.965118
374.802925,74,302.115086
696.81704,146,302.409787
323.37879,77,302.565341
452.69612,87,302.74078
435.107052,97,303.459028
401.210074,94,303.651006
457.174694,107,303.868673
407.602099,81,304.031348
407.866821,80,304.192983
420.328491,82,304.35724
366.794326,71,304.500997
673.982974,135,304.779212
288.908916,63,304.907768
410.731876,80,305.071385
400.507149,80,305.235822
414.258754,81,305.40089
460.70873,101,306.139468
390.956378,77,306.295372
478.770296,93,306.484077
307.332601,71,306.627148
523.714902,114,306.858706
244.521212,55,306.970649
613.287271,122,307.22094
704.389145,148,307.524025
355.93261,81,307.691317
419.389337,97,307.888002
434.145445,85,308.830997
632.183304,123,309.600698
428.017764,84,309.771601
311.969407,61,309.8951
509.497737,115,310.131322
437.825892,84,310.302807
525.629384,104,310.517269
448.90784,87,310.696651
698.48877,143,310.99399
388.062789,85,311.169714
438.505738,84,311.343833
369.765191,70,311.998832
456.660493,88,312.175546
344.479062,67,312.30921
543.750386,119,312.554229
360.92903,79,312.715513
414.101519,83,312.884124
356.919426,81,313.045276
448.796779,88,313.222575
420.416598,81,313.384438
368.289809,74,313.535384
435.665278,85,313.707372
548.151653,107,313.922654
389.135984,91,314.533499
443.445059,97,314.732668
451.376715,87,314.907952
436.640296,88,315.083759
463.524005,89,315.266823
414.012752,97,316.315679
644.149193,126,316.573334
500.093535,110,316.799982
591.617652,133,317.070312
407.295664,80,317.234664
469.588399,95,317.8243
348.776654,82,317.99222
342.974824,72,318.138839
417.862038,84,318.308576
403.605232,78,318.468144
382.772096,73,318.614561
738.633462,150,318.92256
399.478316,91,319.109775
398.993952,90,319.293191
543.83662,113,319.524962
660.949769,127,319.783957
624.054623,126,320.543272
355.136731,69,320.686199
685.438925,138,320.971982
376.462605,76,321.131907
392.01642,86,321.311615
392.093857,90,321.496457
404.033117,79,321.654925
374.975022,73,321.805364
455.068402,88,321.984355
410.663401,79,322.143931
641.26457,139,323.250243
598.009557,131,323.963603
443.47187,86,324.142231
425.267262,83,324.308149
391.704707,89,324.492076
444.071749,91,324.675693
990.889052,195,325.075887
618.685479,136,325.353997
564.584415,122,325.607022
445.117159,86,325.780686
303.226327,70,326.321074
561.817546,109,326.546237
600.93726,118,326.790364
396.447314,92,326.972484
546.279744,104,327.185724
482.642055,94,327.382681
730.145825,145,327.680378
505.059691,100,327.885833
504.128879,98,328.085903
455.946879,95,328.279129
488.244249,97,328.87725
570.111177,118,329.116628
489.618479,109,329.338652
564.276805,112,330.300178
446.557165,89,330.482941
542.716426,110,330.703491
423.297829,80,330.866244
523.337965,103,331.074648
514.902899,107,331.291503
337.551867,80,331.455044
469.836534,93,332.040445
480.558819,95,332.241648
410.457172,94,332.43453
538.863842,106,332.648517
586.878886,113,332.877708
604.15434,116,333.115708
491.169088,96,333.313373
519.544992,106,333.528218
581.25999,131,333.793037
590.613244,111,334.020653
391.495402,91,334.607833
712.519612,144,334.902506
463.614944,90,335.086921
454.610731,103,335.301126
336.428326,65,335.431448
682.41237,144,335.724986
596.170548,123,335.980861
350.273208,81,337.140682
381.506157,87,337.318505
642.194752,129,337.988073
566.204032,109,338.210681
427.166355,83,338.378479
493.714517,94,338.569136
401.358163,79,338.734608
362.588988,84,338.903707
538.067538,105,339.119283
500.915076,96,339.315772
565.912837,108,339.536858
389.22092,90,339.722043
426.351556,83,339.88774
401.955078,81,340.051845
757.136323,147,340.747163
361.311526,81,340.910687
360.467739,69,341.052637
484.479429,111,341.283132
343.708061,76,341.440393
723.600384,139,341.731217
510.980182,116,341.970388
507.385186,112,342.202256
553.422654,109,342.430429
958.197444,205,343.260276
526.409526,109,344.39766
481.554634,107,344.617179
347.869794,68,344.757813
506.624717,116,344.999553
517.113851,98,345.198948
602.715163,134,345.473722
475.059359,100,345.681579
633.809346,127,345.94017
457.514535,88,346.518164
328.24597,65,346.649506
372.960189,84,346.821261
428.061279,81,346.986012
407.315004,89,347.167535
521.425946,100,347.366941
420.523607,91,347.556173
511.86192,99,347.759697
458.058541,88,347.936918
430.89721,85,348.110279
356.814097,79,348.27404
446.250594,87,348.452868
381.381747,86,349.03029
364.5252,71,349.178541
567.620631,114,349.407579
321.430821,65,349.53908
337.273963,74,349.688874
378.13904,73,349.835484
319.509964,76,349.99322
623.925906,122,351.232331
537.862039,107,351.457568
499.86049,111,351.686046
386.839262,74,351.838151
731.964435,163,352.575562
481.555344,92,352.765737
541.03286,106,352.986282
652.930259,129,353.249236
426.280297,82,353.419336
479.409381,92,353.608795
609.174807,118,353.853106
519.062362,100,354.061775
508.676709,99,354.262248
699.963471,143,354.957668
457.699496,89,355.137754
586.489807,112,355.370866
504.955307,115,355.607949
609.433163,136,355.887548
620.397497,122,356.140497
614.896859,119,356.382664
287.828907,69,356.524248
547.338527,122,356.772769
469.440374,90,356.957284
421.977978,91,357.543761
433.250701,84,358.621952
445.373054,103,358.83598
729.645226,140,359.125143
416.121205,82,359.293786
717.605994,160,359.625735
424.985108,84,359.797583
359.449047,85,359.977698
310.745907,61,360.100737
444.121869,92,360.294248
432.596788,83,360.988773
689.199166,138,361.273724
512.826973,100,361.481263
349.590075,71,361.626497
402.470835,91,361.818927
386.479137,75,361.969469
598.230846,115,362.21295
632.396812,121,362.464886
526.678755,122,362.7158
454.460101,86,362.893313
515.527197,116,363.652068
505.651442,110,363.879724
514.553188,100,364.089503
433.935943,99,364.297117
413.609141,81,364.462224
497.017909,112,365.598539
378.683078,74,365.751121
397.550375,90,365.935892
450.52011,90,366.120631
729.821789,143,366.419365
407.657167,93,367.150114
346.341886,79,367.309717
334.864289,75,367.463361
476.442617,91,367.651175
374.943909,85,367.826272
452.853619,89,368.008957
391.834682,91,368.19725
572.501199,110,368.420691
426.300452,80,368.58459
516.307371,101,368.787258
638.607409,128,369.051211
390.069375,91,369.240596
386.355258,74,369.917167
511.209451,95,370.110801
486.072212,95,370.307204
507.041996,96,370.503911
308.730976,60,370.624939
426.602029,85,370.798743
431.432257,98,371.002601
357.206246,83,371.179548
457.482376,90,371.362557
556.905109,109,371.588419
510.902605,99,372.604986
510.881879,98,373.322655
509.369704,97,373.524727
501.951827,108,373.74748
423.040096,87,373.929297
363.769473,78,374.092412
623.631657,119,374.334574
533.509255,104,374.551588
296.057251,66,374.689651
510.562793,104,374.904756
826.064943,174,375.261528
649.283527,131,376.049408
439.920885,86,376.230207
438.818686,85,376.404735
370.130258,85,376.583556
343.965634,77,376.744841
451.262776,97,376.949706
513.336604,98,377.153119
437.575964,86,377.333284
396.53409,83,377.504101
601.842483,115,377.741347
751.564321,143,378.572787
617.585209,138,378.87045
436.869122,85,379.047457
330.969136,76,379.203684
400.362529,93,380.173608
488.461938,94,380.372387
569.715944,112,380.604863
414.943115,96,380.802248
351.88902,80,380.966286
521.524173,103,381.180136
495.365794,110,381.411111
568.983166,128,382.199917
530.76944,103,382.416205
550.836996,121,382.668932
649.987221,128,382.935101
427.722499,94,383.133629
811.442844,173,383.491985
315.511135,75,383.6499
526.975923,102,383.862284
416.406651,79,384.023603
550.728495,105,384.757588
395.437801,82,384.922582
349.274113,80,385.087991
478.315491,94,385.27872
614.721822,133,385.559565
475.787636,92,385.749383
379.454868,87,385.929718
422.549085,98,386.135016
489.85815,95,386.328427
462.176,89,387.24535
403.255031,82,387.412446
602.288828,117,388.172973
457.032056,91,388.360811
572.021537,113,388.589334
412.922569,88,388.770293
597.487792,113,389.00469
431.592599,96,389.203332
697.007549,154,389.522202
799.050095,158,389.850264
507.94274,96,390.044343
690.788341,143,390.854496
545.283955,110,391.082589
564.081716,126,391.353175
443.367989,90,391.539454
356.851946,68,391.678078
416.665753,96,391.880574
712.252294,140,392.173593
469.949669,91,392.358163
457.959208,106,392.58104
530.716957,104,393.321326
669.529858,134,393.600282
394.861985,91,393.787052
417.661014,79,394.688289
347.616803,78,394.851096
469.911436,93,395.044408
745.430872,149,395.350456
810.685488,157,395.674096
397.134411,81,395.841561
408.489846,79,396.002535
579.277925,126,396.783854
375.390672,75,396.937225
556.314362,111,397.16891
657.116807,134,397.441985
893.090756,173,397.807445
378.043504,89,397.993999
641.005988,136,398.278501
451.543874,97,398.480079
400.213911,76,398.63513
450.502133,89,399.340322
437.957398,91,399.52694
458.098961,95,399.724622
429.41449,83,399.895076
450.25381,101,400.104778
495.727531,97,400.304973
491.790448,93,400.498339
551.430484,104,400.714633
492.112141,93,401.634489
519.765779,102,401.847362
503.886136,98,402.050414
573.83241,115,402.809439
370.160191,73,402.964006
611.540272,118,403.205507
654.621187,131,403.484282
624.136525,122,403.738554
505.766412,96,403.936609
617.754345,120,404.182699
512.695514,108,404.408782
425.03171,97,404.608654
515.316728,97,405.336292
517.626649,97,405.537735
553.634565,112,405.770037
366.641962,86,405.950245
401.96773,79,406.112227
361.486454,85,406.290726
569.488311,125,406.546858
706.00889,138,406.832104
560.958129,106,407.051986
493.331352,92,407.23828
580.333984,109,407.98614
524.296326,111,408.217624
492.780993,112,409.194916
365.290752,86,409.37238
577.981857,112,409.609217
379.594768,88,409.79265
631.966416,121,410.042401
642.311911,121,410.290385
436.900574,85,410.46661
497.918199,95,410.661795
739.839676,148,411.523144
906.67485,201,411.943647
629.193683,122,412.197438
465.17079,106,412.416778
394.649113,77,412.577155
514.504604,101,412.79131
463.72717,91,412.986614
402.369241,77,413.147994
377.824618,74,413.301542
321.665999,76,413.4584
579.303278,111,414.196169
708.480432,156,414.519441
434.741069,101,414.723319
559.119532,107,414.950967
498.132341,113,415.192282
620.678382,125,416.2168
497.846821,99,416.421724
544.936405,102,416.631854
549.966747,106,416.855799
657.562393,127,417.649119
558.555419,109,417.874244
472.524623,88,418.057767
886.745311,173,418.414988
473.324051,89,418.601268
771.8676,150,418.916704
670.439924,130,419.187622
523.858353,102,419.398033
399.089547,79,420.073874
604.229097,117,420.310185
497.474439,93,420.500054
463.235262,89,420.684614
298.963326,60,420.808344
420.641668,94,421.002952
489.007315,92,421.196582
378.721125,87,421.37711
580.080282,122,421.629662
640.375247,123,421.882312
492.257634,94,422.074894
424.86582,99,423.582256
560.809733,109,423.807486
550.46126,124,424.064364
528.645324,97,424.260966
515.218744,98,424.457505
391.689899,90,424.642581
494.610084,98,424.845435
755.59814,150,425.157393
755.256724,167,425.509672
292.913763,67,426.166841
411.829118,79,426.325328
772.383134,146,426.62533
412.516773,80,426.792996
578.66693,131,427.064162
469.130852,91,427.251381
591.428665,116,427.493648
436.260251,84,427.664402
565.906566,108,427.885203
615.398716,119,428.127994
631.477775,118,428.882621
538.940906,104,429.100411
491.753457,113,429.33721
630.016574,118,429.582528
565.141774,116,430.579658
622.865086,140,430.873425
521.816716,117,431.12057
893.68164,190,431.520412
477.430125,106,432.257011
606.082193,115,432.487333
516.440899,114,432.738332
358.857091,80,432.90415
439.033919,103,433.119654
494.619157,97,433.316673
616.377856,126,433.579042
433.897429,101,433.791067
454.445814,98,434.002724
699.247876,133,434.276448
544.603809,122,435.058062
624.913085,119,435.297335
586.863919,128,435.566124
339.973836,80,435.72935
391.220327,93,435.92105
395.297568,93,436.114574
472.095249,107,436.33286
582.18454,131,436.603081
354.392144,77,436.760178
482.031664,101,438.267713
549.666874,119,438.521757
1257.748872,242,439.02343
492.922451,98,439.235385
608.44026,116,439.474096
492.87116,94,439.665236
400.460854,91,439.852309
634.3908,132,440.132116
451.463056,85,440.306552
591.5916,130,441.111068
529.541713,102,441.327021
505.116204,108,441.551036
496.754576,102,441.763748
544.558243,106,441.978797
452.526925,104,442.195557
576.256521,122,442.449079
770.471923,151,442.759728
481.04112,102,442.975053
436.702175,98,443.700546
449.143797,97,443.904819
487.409152,96,444.108993
429.993638,98,444.315358
470.69418,89,445.304312
395.939254,89,445.498711
815.861687,172,445.856504
445.919735,84,446.032021
427.11873,85,446.207765
513.946289,118,446.456455
436.675361,101,447.198684
375.281443,88,447.384587
531.637606,106,447.606168
595.624534,137,447.890974
358.414441,81,448.058388
566.037227,113,448.290315
622.896277,137,448.57832
575.872729,110,448.805155
417.192682,97,449.008241
400.304102,88,449.742251
675.602364,134,450.021889
563.787628,110,450.253796
837.276521,181,450.637286
513.523082,98,450.844035
434.21603,99,451.051549
422.930873,99,451.255267
489.14764,114,452.28933
601.552182,135,452.566513
575.549586,128,453.362999
383.945585,75,453.517384
470.144339,108,453.74228
501.875659,97,453.940809
560.326023,112,454.169312
539.422147,106,454.386588
370.664024,72,454.53524
608.036638,116,454.77513
1019.288,219,455.238325
562.722779,107,455.997401
615.575246,134,456.278799
616.89042,138,456.568391
565.969883,110,456.801446
502.883918,114,457.040805
597.056799,116,457.285214
415.396868,93,457.481053
463.466728,87,457.662086
721.436779,150,457.975492
629.512003,126,458.780674
437.003988,84,458.951855
841.376885,182,460.156793
561.350173,107,460.381376
766.586479,147,460.686284
684.703259,133,460.962649
498.061185,117,461.20155
405.920401,78,461.361001
423.570971,80,462.032536
466.201718,90,462.218783
558.618857,125,462.483726
915.662258,193,462.882711
481.834512,94,463.086091
417.395804,99,463.292213
520.551778,102,463.500229
722.559773,156,463.823435
479.155099,95,464.020914
411.826708,79,464.700058
359.507816,80,464.864889
719.348969,142,465.159198
370.351454,88,465.340356
486.462488,92,465.532229
417.820246,83,465.701257
433.237477,101,465.911335
439.719546,83,466.081481
434.890432,98,467.031563
476.957375,108,467.257739
411.470084,91,467.447376
540.64177,118,468.201257
474.634755,110,468.430545
513.044645,98,468.629799
369.008081,88,468.811549
595.572047,112,469.040236
783.508124,157,469.363221
415.201138,94,469.562373
689.070412,133,469.829052
615.488466,125,470.086482
736.626548,160,470.946549
569.605304,129,471.221921
619.619204,116,471.45786
379.241676,89,471.644271
331.933026,77,471.802147
491.658243,111,472.03451
451.920139,86,472.213979
417.236207,80,472.377235
459.997733,90,472.55842
547.18553,103,473.284301
444.055079,99,473.48339
470.950665,110,474.517415
503.913119,115,474.7681
561.620765,127,475.040377
797.055594,161,475.382427
467.498267,91,475.570237
560.367673,109,475.791554
455.964976,86,475.967334
604.354049,114,476.202165
692.126498,154,477.045756
445.76428,98,477.248996
397.131465,91,477.442194
341.309393,80,477.612317
624.020887,131,477.880904
671.619974,132,478.150213
546.528822,119,478.407026
698.440136,134,478.688807
522.512327,98,479.403353
704.279796,135,479.685797
941.208151,180,480.056325
431.337342,83,480.226002
900.137366,177,480.597195
511.325953,97,481.913396
643.761511,128,482.173643
552.768423,113,482.408415
717.458535,142,483.236754
844.114363,164,483.580412
643.424352,122,483.835157
437.493777,82,484.008312
541.937317,122,484.270593
519.157372,102,484.480295
526.467735,100,484.683908
450.097361,86,484.865564
709.453231,144,485.160119
762.084884,144,485.998558
390.029715,92,486.191945
701.813294,140,486.478566
606.978011,135,486.761307
526.069976,100,486.965193
632.292882,124,487.221146
565.272102,112,487.457065
481.119447,95,487.653273
505.565199,113,487.889823
524.190781,117,489.507399
526.828325,101,489.715274
514.257457,98,489.921592
476.844299,91,490.114053
725.759349,139,490.406328
615.36874,131,490.68596
504.328813,116,490.938212
695.479689,148,491.248674
374.169792,85,491.424247
466.756994,100,492.163531
428.532435,83,492.338063
390.327632,76,492.496629
735.677044,158,492.827957
438.442752,99,493.038417
981.910586,191,493.436246
506.400484,99,493.641299
624.489833,117,493.879691
545.074428,104,494.090059
810.519928,157,494.969749
736.359886,139,495.259949
377.737603,74,495.414248
443.718332,85,495.591768
574.142315,129,496.730556
634.423603,142,497.0256
592.970881,118,497.267218
872.322472,170,497.61917
518.168317,101,498.346325
300.663439,70,498.491237
441.53184,81,498.661004
604.347189,126,498.926604
583.045579,111,499.156218
519.679777,101,499.37245
764.932008,153,499.693599
462.370788,88,499.872502
767.212329,155,500.19982
565.045622,108,500.944133
504.82902,97,501.142554
597.879616,112,501.373596
809.939419,158,501.700783
712.025059,143,502.001996
682.602651,126,502.265232
639.614394,140,502.558821
469.836269,90,502.748765
574.689354,104,503.917138
532.229195,116,504.656928
498.106982,110,504.888602
514.000673,103,505.104927
409.444541,77,505.259807
697.500948,133,505.537299
956.95381,186,505.924746
514.390761,101,506.131907
686.810642,129,506.396696
586.467656,114,507.161854
690.967731,130,507.427293
513.677299,103,507.640742
464.513453,91,507.831017
439.831885,99,508.038113
513.195388,119,508.285598
438.278681,85,508.460022
466.125238,108,508.685354
472.463706,95,508.879719
515.747313,95,509.073799
529.317068,103,509.809536
616.911462,126,510.066967
606.923584,137,510.352193
577.362885,115,511.578768
695.306749,131,511.854999
877.669684,196,512.273481
656.644218,127,512.531456
416.553823,80,512.698758
767.161961,147,513.533797
582.469163,111,513.760511
643.651486,121,514.002004
650.278157,121,514.255041
827.463498,149,514.557198
712.61427,136,514.833631
804.587714,176,515.202628
703.203922,136,515.491541
685.524623,129,516.287288
440.082654,93,516.477832
593.301681,114,516.716125
569.086613,123,516.971166
363.213672,81,517.135236
743.069834,156,517.462407
496.147734,110,517.693921
670.869188,127,518.949479
465.281884,104,519.171441
541.00741,121,519.946132
632.545579,137,520.241463
867.725489,166,520.583135
851.508333,180,520.955684
568.897207,100,521.160316
525.556984,117,521.405333
575.32244,114,521.637722
717.351632,139,522.434767
535.139185,102,522.646335
459.316679,90,522.831589
468.039457,108,523.056967
791.550438,154,523.387263
700.166522,134,523.667883
573.644596,131,523.945721
495.594708,112,524.184512
507.064215,96,524.384273
550.311922,124,525.160587
664.680087,123,525.410574
797.881094,174,526.716503
625.13071,121,526.966103
484.472487,97,527.174192
502.691275,104,527.392954
618.576285,126,527.659992
741.711306,152,527.973776
982.410588,180,528.871952
685.773438,149,529.180546
583.850095,128,529.453482
627.786584,124,529.712456
488.182074,98,529.915204
666.60823,146,530.230006
425.523484,98,530.444607
401.890956,94,530.647537
459.381503,93,531.367434
755.178198,141,531.658916
703.587456,137,531.95049
487.795382,93,532.144833
534.691218,121,532.399473
620.864618,122,532.652393
746.087548,142,533.810056
677.199744,130,534.077532
563.277664,110,534.826453
618.47324,121,535.075541
863.506337,171,535.435244
775.632923,149,535.743425
621.20237,118,535.987715
694.777039,130,536.255655
652.82646,126,536.515528
528.665883,118,536.770884
548.155689,102,537.503954
522.287892,100,537.710907
724.139629,153,538.023874
651.31129,143,538.320457
478.765764,106,538.540513
786.565609,150,538.856258
579.980384,107,539.076226
458.74788,107,539.304799
493.500905,98,539.504078
652.383088,145,540.334732
568.902911,108,541.429028
455.574753,88,541.610837
582.419334,133,541.895002
505.086893,109,542.126913
1022.534997,207,542.561342
614.510315,137,542.847784
700.769629,131,543.11734
848.698609,165,543.997507
388.160361,73,544.148076
386.525761,88,544.335713
1003.437048,192,544.740812
598.916923,116,544.984074
636.14024,120,545.231983
432.594619,98,545.436138
634.770375,121,545.687453
785.985676,152,546.530743
350.032586,68,546.674242
797.876527,161,547.006153
526.913842,100,547.213609
553.279215,123,547.47694
446.981329,107,548.645536
494.166073,113,548.883964
689.495129,137,549.17357
990.891676,220,550.151082
769.361473,139,550.449473
660.433032,132,550.727725
460.729845,88,550.913533
729.480093,136,551.194796
501.753061,103,551.411019
518.224344,99,551.621022
698.43064,142,551.922633
648.032626,122,552.703526
522.615915,101,552.910021
404.350926,92,553.101965
446.748966,82,553.27427
627.759766,126,553.532596
625.30955,137,553.829863
1003.207615,204,554.257281
564.566948,107,554.475363
723.008519,155,556.230522
863.051979,160,556.574318
562.222513,124,556.842564
629.016634,137,557.130595
379.937742,76,557.287072
683.902954,134,557.560169
481.424598,107,557.788806
650.58613,147,558.096205
464.34793,106,558.330232
493.783488,98,559.074336
677.416703,151,559.395169
852.161005,157,559.722992
509.087853,109,559.957774
472.729178,90,560.144514
696.20113,134,560.424067
680.393688,127,560.684563
511.851376,101,560.890964
510.341155,95,561.588358
538.85939,107,561.819647
572.721039,109,562.043246
637.309691,126,562.313134
643.972114,122,563.496397
705.320592,136,563.781752
725.907147,137,564.070966
676.119571,128,564.360182
715.36797,133,564.655036
698.942146,135,565.479081
424.987849,96,565.695206
790.260809,153,566.031631
472.550826,90,566.248924
596.002074,110,566.534877
461.469686,108,566.77043
555.876937,109,566.992852
759.852067,144,567.288095
715.744775,145,568.121701
588.354962,110,568.357243
956.094856,181,568.735603
824.280459,173,569.096676
538.637225,107,569.323339
716.284165,145,569.624092
753.616793,143,570.897048
597.083423,112,571.648136
714.271994,156,571.974094
633.332214,142,572.279327
529.323678,100,572.486864
564.405801,104,572.70463
457.644484,103,572.925251
506.669477,94,573.121131
674.76429,128,573.388098
508.676088,116,573.633127
1005.002797,177,574.520001
550.925575,112,574.753999
769.289191,145,575.055811
565.326796,132,575.341911
499.752347,93,575.533096
656.317437,150,575.859231
545.149061,102,576.071083
441.504769,82,576.239391
642.395745,117,577.014239
631.654158,123,577.271393
591.499687,133,577.560802
558.313147,107,578.882017
551.114569,106,579.104113
686.220524,131,579.381655
582.587418,111,579.611367
729.581963,141,579.898136
612.34442,117,580.139844
637.688739,117,580.911563
716.52348,136,581.195028
589.746056,114,581.428634
684.413054,128,581.699028
786.904551,163,582.034454
564.042417,107,582.257546
782.796049,173,582.62213
646.075311,121,582.872674
607.882228,136,583.666173
615.626945,123,583.91968
652.583817,147,584.230589
542.842143,128,584.49439
392.523467,87,584.672482
810.957613,152,584.987868
504.161681,97,586.372967
681.825349,141,586.664253
819.18976,152,587.529037
619.513406,120,587.778031
781.660575,148,588.081598
718.346783,135,588.363886
605.141259,113,588.596843
506.438319,109,588.829117
672.819395,131,589.097715
458.791465,105,589.314847
507.859562,97,590.048892
924.68334,178,590.419345
451.559602,83,590.588495
653.229563,148,590.899241
447.677638,105,591.124172
581.966858,110,591.361294
786.948823,156,591.684651
496.357658,95,591.882885
653.749487,142,592.71298
611.446882,136,593.013098
768.256598,143,594.428822
469.800107,105,594.650005
453.215083,100,594.862875
613.392663,113,595.096515
627.980662,117,595.331632
677.465082,132,595.60435
617.361918,112,595.837541
872.318447,172,596.713834
789.530292,149,597.026631
865.455926,175,597.391546
655.81804,121,597.647946
590.881577,128,597.91478
488.701925,115,598.155808
778.98211,158,598.485978
618.988478,124,599.287881
699.899404,129,599.555067
534.077344,102,599.766197
646.090418,129,600.044767
922.557662,174,600.411106
438.174957,102,601.865427
788.848524,167,602.223373
1129.489781,215,603.18934
724.262984,131,603.462265
647.935541,130,603.735468
777.124424,151,604.045809
603.926313,126,604.316331
804.677216,154,604.642019
736.154435,152,604.964795
588.014366,113,605.732681
854.953046,175,606.096585
599.860744,140,606.392841
1162.683474,225,606.859157
890.618473,163,607.190264
725.097921,136,607.470608
541.584433,106,607.688452
1087.629,222,609.869592
608.472934,114,610.104701
600.422312,110,610.331339
940.344144,177,610.704517
932.685272,189,611.104386
658.748807,148,611.41895
554.120479,119,612.194229
794.72129,150,612.503285
720.850512,139,612.791208
815.354356,151,613.106698
597.635464,133,613.387933
525.539113,104,613.601722
770.930773,143,613.902487
613.20916,113,614.135786
886.115064,193,615.047528
500.455129,117,615.297429
591.802124,110,615.527313
461.469094,97,615.739817
1230.270277,230,617.420622
661.630166,137,617.707255
742.586264,139,617.999376
513.719867,102,618.720113
722.942527,145,619.02312
469.615367,95,619.2299
1012.55188,191,619.629786
765.75781,150,619.947788
723.678834,148,620.254948
582.189625,121,620.501519
739.291231,136,620.779891
726.483414,141,621.588815
912.730452,170,621.942986
669.077743,146,622.246282
352.43453,81,622.417174
724.599647,139,622.711349
657.31464,128,622.985172
535.75147,104,623.207756
655.98834,131,624.584082
802.2883,156,625.44843
607.237665,118,625.690601
730.854512,144,625.995554
894.340311,164,626.336153
727.008638,134,626.615529
583.690507,104,626.825058
757.341291,166,627.1809
806.485205,152,628.012306
748.948366,157,628.34352
379.8312,87,628.524119
941.732683,187,628.904183
729.170886,131,629.171169
666.288587,144,629.465512
674.261074,137,629.749666
707.248934,134,630.552206
611.16239,137,630.841881
595.958489,112,631.07588
565.466975,109,632.658073
1062.957697,210,633.09665
650.423475,126,633.360101
592.390944,130,633.63715
661.071474,130,633.909218
1013.272573,221,634.822007
783.769502,156,635.152628
604.989778,130,635.426174
763.294658,155,635.746008
1194.88906,244,636.263481
797.02826,158,636.988662
618.648431,136,637.27972
483.836265,100,637.483533
456.010017,88,637.664469
451.498318,104,637.886668
592.780555,112,638.12366
675.869467,133,638.404528
1400.912926,255,640.048873
814.164291,174,640.814619
449.576963,103,641.030264
764.971343,153,641.348916
616.269374,117,641.592375
653.113707,141,641.890321
802.981012,156,642.219434
764.977687,169,642.586327
625.837953,126,643.239918
872.345391,162,643.582184
667.463357,126,643.849777
784.628155,171,644.208743
468.615487,105,644.428444
869.911871,165,644.775901
774.76489,171,645.141088
765.056434,147,645.844542
705.623085,147,646.164139
725.746724,157,647.814188
598.917784,120,648.064816
929.067319,177,648.443284
544.453576,105,648.666125
621.389293,112,648.901381
960.516628,177,649.665662
1242.326256,239,650.16453
654.815859,145,650.474204
498.348695,93,650.666933
805.974227,156,650.99438
693.199336,135,651.282904
730.008268,156,651.611337
870.150256,166,652.372757
743.589427,152,652.696445
586.32185,116,652.933582
484.777382,110,653.164139
775.034664,146,653.47008
733.745737,138,654.999138
550.40341,124,655.265504
1297.570448,247,656.174701
799.048116,178,656.55945
794.603953,158,656.890285
825.047364,152,657.19284
831.899227,151,657.500727
426.283151,80,657.66695
1225.734509,262,658.62339
1026.51459,186,659.003457
1353.492141,278,659.591465
563.648267,106,659.8091
774.676787,160,660.143646
474.867012,92,660.332464
854.486729,171,661.083416
599.116359,118,661.325173
666.704917,131,662.866815
687.199767,131,663.136973
587.287426,114,663.370418
655.041135,133,663.645092
865.747625,178,664.018282
807.652197,163,664.361012
973.182146,189,665.161554
749.501087,158,665.490194
684.350293,133,665.771598
859.410784,186,666.16248
567.035947,112,666.39723
707.489613,150,666.714899
759.244938,150,667.543769
662.081809,126,667.803038
481.915926,98,668.007674
754.631898,145,668.30944
977.05112,175,668.674302
779.19989,148,670.475586
720.446291,147,670.788448
507.40087,96,670.992045
739.922341,157,671.835604
1006.102419,196,672.253806
703.104522,131,672.525993
514.530096,99,672.733051
798.00841,162,673.066883
633.808182,144,673.370442
594.642368,113,673.608725
626.729322,117,674.375572
733.754318,159,674.724564
1122.022649,225,675.188882
570.346368,121,675.448224
630.229705,117,675.698972
929.308432,180,676.076062
515.682487,122,676.331954
686.357845,136,678.534418
571.550959,116,678.772545
612.272587,115,679.009791
1087.570464,218,679.463697
820.967104,178,679.839342
828.524189,160,680.17523
708.162672,135,680.455515
1086.248272,220,681.430146
539.888455,117,681.684606
1131.112112,224,682.160174
869.521892,180,682.534142
716.014026,140,682.833151
830.664818,169,683.707836
946.484529,208,684.152675
730.88837,140,684.435994
928.765061,177,686.061819
531.000771,122,686.323697
678.197966,122,686.57913
632.461407,121,686.829051
849.600106,180,687.73916
460.900688,103,687.959677
962.127984,183,688.345508
682.742819,147,688.660732
783.457096,168,689.012945
703.371582,138,689.297548
636.898498,141,689.587285
445.389029,83,689.763025
508.047664,94,690.477823
559.1803,128,690.74722
841.841296,179,691.122376
628.183061,130,691.393723
1777.252132,340,692.102947
695.847432,136,693.829709
674.585227,131,694.640538
973.090069,211,695.088526
846.827012,162,695.423491
622.592381,119,695.674028
611.899244,127,695.946818
548.59997,128,696.225138
947.812769,183,697.121783
695.542104,157,697.459023
835.692942,176,697.826428
850.843301,168,698.169193
382.377154,91,698.359227
573.418575,118,698.603319
675.455314,141,698.89667
588.457207,109,699.125834
703.85735,132,699.927693
498.523236,114,700.182354
691.216513,126,700.447992
538.567981,99,702.048839
696.506749,156,702.382704
584.927253,110,702.605921
845.951368,161,702.948572
672.505958,148,703.261881
701.971455,140,704.07088
930.755077,168,704.426485
1063.734715,206,704.857587
1233.346437,226,705.320877
435.3925,89,705.509721
927.001007,189,705.899256
689.156448,154,706.737185
967.138308,190,707.132537
627.42772,124,707.390329
963.557557,181,707.763237
1168.582331,209,708.196585
687.222934,152,709.932222
571.852985,126,710.717479
1003.375802,191,711.111654
578.669562,109,711.351932
626.926157,114,711.59185
519.265927,118,711.841043
752.348288,165,712.189536
883.963775,169,712.538831
601.692971,119,713.315048
895.356043,162,713.64796
897.566125,188,714.049521
592.792005,109,714.28189
689.522882,141,714.586028
642.512288,120,714.838095
1110.023808,241,715.34944
600.301673,122,716.124585
550.63792,106,716.344247
787.448566,171,718.198503
778.474853,154,718.517802
702.247552,133,718.784414
683.796582,125,719.051476
588.240531,111,719.280606
664.995041,139,720.105645
558.943273,110,720.331003
778.527568,144,720.626992
760.117461,137,720.90541
884.127047,165,721.251901
731.2402,143,721.550793
679.872094,128,721.81594
526.673123,120,722.069757
1149.788305,214,723.038001
1115.669602,204,723.467254
726.472788,137,723.759776
539.179754,103,723.981537
1250.853893,234,726.055488
659.351112,126,726.31334
701.630208,131,727.103175
1182.134726,224,727.575036
1142.56004,229,728.057267
804.443317,178,728.441293
780.814411,147,728.751874
1132.480856,212,729.740651
878.462422,161,730.08132
406.898166,98,730.297482
606.081527,116,730.538455
674.013737,141,730.833411
759.653791,150,731.166911
908.234645,180,731.548718
753.68467,139,731.832509
711.013842,133,732.637715
800.302214,150,734.451219
707.405322,130,734.716728
916.661581,176,735.087537
750.884402,139,735.374782
1013.787129,188,735.760376
597.855767,122,736.541907
936.63464,173,736.901947
634.105921,114,737.134917
375.699013,74,737.288967
1074.295307,208,737.724753
854.550586,165,738.078407
1479.30241,284,739.193398
772.791453,145,739.492566
903.877319,170,739.842514
574.764396,107,740.063931
581.840987,132,740.337011
750.855117,139,741.811307
757.135025,152,742.132814
602.193883,135,742.420105
776.497429,150,743.258446
982.967744,186,743.652729
721.037813,145,743.959378
1169.236228,218,744.421613
1085.040173,218,744.880343
775.7769,153,745.733309
520.377591,112,745.970309
850.507767,158,746.298733
494.387073,116,746.540048
784.198484,154,746.859036
533.724975,115,747.115782
748.678123,142,747.41608
572.268251,128,747.683816
425.896268,85,747.858091
814.985488,155,749.990962
577.714993,106,750.20767
863.286429,156,750.531291
807.484521,155,750.859083
659.06353,131,751.125156
823.824269,154,751.443631
627.768879,114,751.675994
791.904121,154,752.490268
621.141292,134,752.779487
969.816587,178,753.144152
819.58575,158,753.477064
945.775193,202,753.905628
919.651646,177,754.271556
593.690772,128,755.078156
696.599387,127,755.337333
865.925921,160,755.668208
572.722118,107,755.891256
994.980209,193,757.589601
707.87882,138,757.880375
1146.128948,227,758.346229
1113.554944,217,759.317204
574.866452,124,759.576088
726.194406,142,759.872868
782.978788,145,760.174899
679.777606,139,760.480807
455.220602,87,760.661775
824.296826,177,761.038057
1242.62124,233,762.057834
575.328321,110,762.288105
653.82603,124,762.540668
810.216021,168,762.887043
1098.024294,214,763.332777
836.974325,157,765.055655
1203.997697,224,766.035621
845.398726,176,766.413862
605.375132,114,766.644419
699.486718,138,766.932453
680.400601,142,767.229081
990.23315,182,767.604501
783.31982,158,768.479509
612.56077,120,768.727481
760.520703,140,769.015545
718.342046,132,769.282714
888.128083,171,769.633233
1126.678679,211,770.065192
536.854489,99,770.275426
667.657869,151,771.131774
803.274945,157,771.46223
1015.824717,193,773.239814
601.31727,113,773.476731
692.380631,155,773.809047
650.611146,123,774.063456
808.768774,157,774.401588
830.900387,168,775.26206
859.870882,169,775.606762
514.440225,103,775.824936
910.493209,176,776.193508
611.423848,144,776.499675
1064.621514,226,776.972199
830.938031,161,777.830374
1556.567385,292,778.449713
858.163225,162,778.795587
645.097694,115,779.029197
963.084742,177,780.632116
755.618473,150,780.950887
774.392901,150,781.770375
742.171916,137,782.058226
773.991543,152,782.372993
745.268913,137,782.662894
1050.544605,197,783.062885
505.330031,100,783.26559
1033.993089,185,783.647141
474.246185,110,784.377259
668.138781,129,784.648577
1070.241999,190,785.03672
1294.790163,233,785.528003
1010.926347,203,785.948678
744.528699,134,786.222035
406.992547,95,786.842169
1028.618846,221,788.757265
1120.183222,208,789.191513
740.156848,140,789.478252
917.193686,190,789.876052
490.872465,94,790.074339
628.98382,116,790.322259
890.435683,166,791.067038
940.870134,170,791.421746
992.908901,184,791.799034
747.922137,150,792.110372
560.660867,104,792.329944
431.222395,96,792.534779
959.993814,177,793.299631
532.34911,108,793.525409
712.954709,157,793.867943
1209.213484,226,794.344898
1022.679235,187,796.036195
944.329722,186,796.424546
753.908227,139,796.715541
684.682023,141,797.416703
813.969134,149,797.7321
941.166936,167,798.08233
868.244443,160,798.432335
666.721162,124,798.687736
752.112465,149,799.001076
683.59419,123,799.253176
1046.376513,191,800.042168
953.988979,183,800.426754
538.29444,102,800.630488
778.006021,155,800.951183
1263.521188,244,801.475749
680.829817,132,801.746518
864.867356,159,803.910186
715.262155,134,804.188595
941.164679,175,804.542796
993.996229,183,804.922608
630.515672,118,805.16991
595.110584,117,805.417152
662.122434,125,805.673549
805.883729,151,806.383903
662.94299,127,806.650679
1106.231015,209,807.084942
1074.764973,209,807.522455
897.671152,165,807.868204
1437.366911,292,809.011072
736.370333,134,809.290684
1082.984797,228,809.766877
991.96154,187,811.634243
510.422698,105,811.853758
908.77994,184,812.240446
696.8931,131,813.037461
596.680973,111,813.264115
676.235513,148,813.577515
974.52166,202,814.00945
565.859709,110,814.235648
661.192944,126,814.501015
1784.738518,331,815.717408
1006.155321,192,816.123932
672.585924,127,816.392655
637.59182,121,816.641995
654.100524,124,816.899637
549.03902,109,817.119272
460.249175,106,817.34738
861.901542,163,817.676883
669.061442,125,820.179794
1094.046657,202,820.601344
1436.359136,281,821.187332
770.610849,143,821.484029
1739.097716,337,822.690598
894.811088,183,823.077963
666.405209,149,823.405304
510.776006,118,823.661506
1617.014525,302,824.290318
1081.171605,204,824.720301
725.079531,145,825.532256
649.330485,139,825.823964
682.208515,127,826.08749
1103.712472,202,827.999219
1022.19005,182,828.372418
662.076852,122,828.641201
1017.622279,185,829.553579
662.215453,124,829.818002
1831.500041,354,830.571863
1127.099756,203,830.990717
608.774096,126,831.257584
960.362084,186,831.650698
927.919391,195,832.598766
685.993581,131,832.872654
794.008224,166,833.225975
546.401065,127,833.499087
1304.678737,260,834.043562
1053.321902,204,836.465284
719.979442,137,836.756662
730.981926,142,837.053624
730.85159,130,837.329443
930.408008,174,837.683578
840.333103,156,838.012335
1092.775209,196,838.437877
1261.046642,241,839.481178
657.10576,133,839.767991
1470.100094,280,840.364261
889.274341,189,840.777904
1170.280974,240,841.815311
671.133471,135,842.098072
1058.348729,202,843.959097
654.107031,144,844.267701
807.550775,149,844.579422
1141.982301,209,845.011595
823.800343,177,845.909602
770.66045,141,846.200253
715.797759,163,846.550803
657.289502,121,846.809191
1045.199825,191,847.209781
571.262912,107,847.432359
607.455452,123,847.69115
1088.811988,203,848.645855
663.503225,124,848.907494
808.547837,175,849.274365
1138.870014,207,849.702231
1065.14604,204,850.134959
585.492918,111,851.807317
757.662273,140,852.101527
844.681715,152,852.956537
574.422609,132,853.243583
1372.330888,263,853.800629
1078.268511,203,854.237813
1119.467281,206,854.678468
1088.000852,190,855.622698
1008.510823,182,856.004231
659.136804,142,856.31167
824.824118,153,856.63428
1577.812454,302,857.281248
1040.144571,189,858.198041
763.263977,169,858.566769
793.425702,170,860.575273
586.772986,116,860.823509
1375.112487,261,861.377456
967.917216,208,861.814667
965.535759,180,862.709766
810.553727,177,863.091082
1301.319734,231,863.571739
1361.691635,249,864.092782
890.762375,170,864.465381
725.926518,136,865.264112
745.350595,146,865.566641
1006.964802,196,865.982654
909.879948,168,866.335361
1026.981605,198,868.091364
499.182661,107,868.316321
1279.002173,249,869.361633
1136.717865,233,869.856598
948.617679,175,870.234443
929.941792,171,870.597073
881.217403,185,870.977077
1862.079562,379,872.294867
1173.138237,226,872.768223
680.821943,125,873.043672
1179.469351,219,873.512904
1155.055143,214,873.959218
515.117154,117,875.961805
1196.735115,218,876.413022
558.162795,112,876.641645
917.429382,164,876.985437
1325.232953,244,877.506626
546.515574,108,877.73315
815.103119,154,878.594769
583.376419,125,878.867765
1152.450402,212,879.316807
828.5421,161,879.660568
759.265733,141,879.951258
867.002417,165,880.298671
966.750934,187,881.226759
1155.89556,227,881.701496
1365.520117,253,882.24158
801.8185,150,883.827418
801.740773,164,884.180836
1156.576517,214,885.171613
769.638789,140,885.463325
1041.031806,199,885.879602
797.306939,142,886.170433
1085.40764,198,886.58094
1305.803705,243,887.093127
776.040564,151,887.945033
514.647523,119,888.214761
859.751683,181,888.602204
610.725849,134,888.893764
1485.196527,290,889.50239
798.934093,161,889.839972
1023.770649,201,892.267781
828.635837,157,892.593398
846.327912,156,892.912277
484.754104,89,893.101515
1274.834301,242,893.608682
875.706175,164,893.952494
867.016948,188,894.872609
1029.440116,188,895.272023
1134.230403,206,895.696194
1194.571717,221,896.163545
962.770756,182,896.550696
753.449255,156,897.413344
959.180984,186,897.805032
815.867409,176,898.168038
1082.968762,204,899.963527
686.29063,141,900.255462
1175.397108,220,900.712966
655.437529,145,901.535651
907.494431,171,901.897545
558.129653,103,902.111186
905.646886,181,902.493787
816.667317,153,902.802598
1329.854214,262,903.349298
792.494783,157,904.211185
1143.790786,214,904.676917
751.418611,150,905.008853
973.250784,202,905.437667
586.178767,112,905.671865
521.904605,101,905.88896
970.84081,200,908.262517
997.451994,183,908.638411
749.244918,143,908.937471
1494.631212,286,909.547734
742.752412,144,909.848484
1064.357501,204,910.272486
714.442345,132,911.068258
1445.740614,271,911.634404
975.508216,177,912.003679
1528.910556,287,912.603846
1853.018815,386,913.927605
850.372667,156,915.677087
922.359885,183,916.068076
1766.869986,328,916.762766
834.876149,160,917.627004
781.928739,141,917.927896
919.785182,166,918.27661
499.923579,112,918.518987
899.77224,181,918.896081
965.963633,179,919.259853
583.802619,110,919.487692
1079.089878,194,920.414386
772.992677,172,920.789615
761.301594,149,921.097193
981.361946,181,921.480772
873.591009,174,921.85205
922.428037,184,923.749793
1393.466869,250,924.781016
664.086384,127,925.045987
740.192282,143,925.353204
540.80641,98,925.555267
1061.025995,197,925.966254
1175.375734,211,926.407521
1504.150985,279,927.538374
663.69886,130,927.81403
670.941315,142,928.114745
999.352546,196,928.532954
545.187375,105,928.767644
1493.618949,294,929.921875
1065.169908,202,931.631841
901.986225,193,932.051584
724.774124,144,932.350842
1099.417774,201,932.771453
1327.38393,272,933.863455
937.557454,172,934.217353
745.774289,133,934.489287
804.611682,167,934.839347
846.984719,158,935.170182
680.622015,144,935.483536
717.283879,137,935.768606
1085.448876,202,936.680892
848.833606,175,937.055967
948.976791,187,937.458684
940.752624,176,939.354515
776.579932,148,939.657989
1197.235199,224,940.132909
1222.750794,250,941.148704
713.994093,136,941.434542
909.09939,169,941.795322
360.690452,86,941.982802
761.230089,153,942.304074
1679.753524,302,943.453548
912.900827,172,943.80726
591.688602,137,944.097435
822.689792,150,944.409584
1615.999101,325,945.101191
1012.15815,183,946.022204
936.629781,184,948.328837
713.986141,143,948.625455
1594.05545,296,949.237269
606.941308,130,949.513139
695.915724,129,949.782108
848.829856,157,950.630353
1013.846801,197,951.04819
835.250642,160,951.395188
1058.601983,206,951.823731
692.700106,132,952.092886
1637.190689,307,952.740316
564.503982,103,953.482862
1287.082639,250,954.00884
509.139132,120,954.268349
711.836315,133,956.393114
1732.617165,326,957.078808
2154.452716,423,958.487552
1244.430367,231,958.965135
1307.432014,254,959.491674
645.02787,118,959.7354
812.97935,153,960.582352
914.393329,171,960.942204
1181.786924,220,961.399657
685.05847,132,961.674885
952.857221,185,962.056319
1340.213085,260,964.760161
657.220724,124,965.018658
739.347888,146,965.327492
889.209342,176,965.701474
569.90847,100,965.913415
672.354303,124,966.177492
1059.282998,197,966.588552
773.546621,161,967.453566
675.064452,140,967.742431
1261.938381,234,968.234643
895.299835,164,968.574901
1599.659676,290,969.180066
697.185185,150,969.500435
986.400281,179,970.403029
1002.680587,199,970.829777
816.42222,152,972.639719
797.191747,169,973.001047
1233.969203,225,973.474719
1094.807782,211,974.449772
899.306897,184,974.852742
784.548285,147,975.168661
956.319066,208,975.613822
900.07546,167,975.971028
1234.385525,231,976.450883
631.389153,132,977.268111
711.693891,137,977.561688
1003.398513,192,977.971806
1146.62003,210,978.413272
1141.128907,226,980.537572
999.646106,204,981.496067
994.080165,179,981.871657
1120.219516,217,982.322071
1111.273754,203,982.740779
1356.439007,270,983.30246
658.322589,119,984.070529
771.135536,140,984.364197
486.684066,111,984.600708
1420.771372,272,985.17745
770.194376,146,985.481062
648.289391,144,985.792044
1365.673951,265,986.867723
977.427843,181,987.246837
1148.149321,210,989.07283
1244.212666,232,989.556924
740.680103,134,989.834903
697.882468,135,990.11519
871.123428,164,990.975212
1365.919428,259,991.516158
964.264115,178,991.896014
1852.844666,346,992.62735
1045.266265,209,993.599886
1848.895801,356,994.362071
829.460423,163,994.710335
980.860207,191,996.573292
1455.246137,273,997.656248
516.840397,110,997.886255
905.810523,171,998.242319
934.387614,177,998.612726
777.681127,143,998.907339
1157.450615,216,999.36991
1247.005884,236,1000.383768
968.730252,183,1000.766406
1753.680076,318,1001.432723
724.732969,155,1001.765564
897.056577,167,1002.109621
833.645705,170,1002.979738
798.183716,146,1005.152395
1244.663584,234,1005.645534
800.325436,146,1005.94953
1000.93063,184,1006.341594
660.492739,122,1006.591866
1490.867214,285,1007.715493
753.080321,163,1008.066871
1315.469597,238,1008.563466
914.852668,173,1008.928012
753.834035,142,1009.21595
925.087808,179,1010.131583
1191.723321,220,1010.585819
827.049162,147,1010.889775
1078.298224,213,1011.35602
787.760938,153,1013.32288
1117.604194,215,1013.76774
654.756094,128,1014.567333
1430.368669,266,1015.126209
1207.569362,227,1015.602071
1568.897304,291,1016.205281
1181.979192,221,1017.172606
1103.950339,191,1017.569579
1414.259345,277,1018.164135
544.637525,121,1018.426623
1284.405977,235,1018.908291
1260.848485,237,1021.648075
936.730706,189,1022.052516
1192.400169,221,1022.507923
792.453108,176,1022.878793
1324.655199,257,1023.407057
2089.91788,390,1024.722458
1102.774487,204,1025.152656
737.751534,134,1025.438492
1104.065063,223,1025.904653
994.009961,182,1026.277146
568.523626,119,1027.0332
1849.312025,353,1027.771338
1685.166393,311,1030.050219
1122.295978,209,1030.49104
1022.543959,195,1031.408426
1912.343807,375,1032.200696
770.241293,149,1032.511317
757.544121,140,1032.804172
1111.869508,212,1033.710063
1362.853902,261,1034.264176
621.775911,130,1034.540323
929.451149,194,1034.94773
1321.641744,266,1035.51838
891.541145,175,1037.92422
724.049234,134,1038.195414
889.968735,176,1038.56141
1057.113606,204,1038.995233
938.528633,192,1039.389652
822.490801,182,1039.778465
1010.738835,193,1040.589274
821.795565,165,1040.933773
637.970949,118,1041.179228
1063.652659,199,1041.602899
906.177927,172,1041.964693
968.218476,173,1042.328268
1136.933115,210,1043.173696
879.336173,168,1043.522671
771.009419,153,1045.426002
683.606466,125,1045.6921
1279.077874,237,1046.181821
899.318288,158,1046.504482
771.22305,138,1047.197379
1356.180713,272,1047.782957
917.037646,167,1048.139549
1094.671409,211,1048.576016
735.434024,138,1048.861498
1003.762008,197,1049.679319
792.786134,178,1050.071449
3009.693968,524,1051.164178
890.021696,168,1053.547318
688.806787,154,1054.386024
531.356566,114,1054.633141
862.618178,159,1054.961611
1107.394904,218,1055.416029
926.835205,177,1055.780769
947.123029,177,1056.143963
1252.932006,232,1057.132143
732.969415,137,1057.413651
1555.431634,283,1057.988874
953.451797,179,1058.364599
1054.834474,199,1058.780957
782.337485,147,1059.085558
515.330836,118,1059.881433
992.588477,181,1062.040807
834.858314,156,1062.363132
809.680366,160,1062.701103
940.079664,178,1063.070396
1432.989014,261,1064.007843
899.42529,179,1064.380774
591.714535,110,1064.60308
1240.06468,229,1065.075397
659.268301,122,1065.329151
958.141766,182,1065.704581
1109.347878,204,1066.5436
822.789962,152,1066.857257
885.736375,165,1067.194226
1226.523671,228,1067.684453
997.12032,179,1069.815968
720.616013,151,1070.130899
1066.81585,214,1070.991882
1167.168218,240,1071.509902
1375.776051,257,1072.052785
1359.379851,254,1072.583726
1624.292481,305,1073.610078
1611.535867,295,1074.233436
900.543304,172,1074.585152
896.347402,170,1074.938872
1768.631022,375,1076.131061
1078.179951,205,1078.290729
960.292133,175,1078.653443
886.576925,181,1079.028114
1193.470335,232,1079.513951
899.987525,180,1080.298822
864.546047,165,1080.637709
638.349755,120,1080.888769
930.002119,174,1081.241099
864.569368,159,1081.571068
675.319991,123,1081.823159
986.264998,183,1082.202252
1371.992388,268,1083.164342
925.538097,182,1083.551261
870.967106,155,1083.877601
1543.770656,283,1086.356903
1686.192625,353,1087.517521
1611.507455,295,1088.135972
1625.886492,306,1088.771148
1407.965661,274,1089.749841
1094.400471,225,1090.22162
886.367121,162,1090.561437
996.397493,186,1090.938823
1072.504937,194,1091.34557
1211.23344,235,1091.836518
1272.950905,225,1094.368427
1378.899469,238,1094.85946
874.580845,166,1095.207164
911.443731,183,1095.601263
1417.135077,256,1096.537392
1617.516549,293,1097.154323
1597.807056,294,1097.776256
853.887376,154,1098.093117
1200.670232,224,1098.557299
1042.8449,201,1099.382746
1584.653229,303,1101.846823
825.56083,162,1102.185736
538.397581,101,1102.392316
535.175273,101,1102.599444
1167.564139,225,1103.470448
768.013226,144,1103.77394
545.403772,106,1104.005097
947.811754,197,1104.42349
936.996427,173,1104.787067
952.436502,184,1105.173875
1049.650892,200,1106.007746
1140.909897,216,1106.462541
985.753848,178,1106.835106
990.48216,191,1107.241136
886.219805,161,1107.577951
850.496215,187,1110.057533
1719.527754,313,1111.118536
962.138482,177,1111.482775
972.698177,179,1111.858022
1145.01665,230,1112.343091
595.393713,110,1112.573351
910.303398,166,1113.330477
963.620625,213,1113.786356
1593.995616,298,1114.399275
1253.080124,248,1114.911497
878.910416,163,1115.249854
1148.957495,231,1116.140222
945.759455,171,1118.518982
2115.953632,396,1119.333498
883.408005,161,1119.660871
1616.402871,294,1120.693294
1579.771105,291,1121.308149
633.798255,131,1121.577885
1001.562624,191,1121.987418
911.350851,164,1122.330438
919.906754,173,1123.103023
1382.36299,251,1123.618506
926.483332,173,1123.971616
960.582181,181,1124.355606
1164.522438,245,1126.720873
1471.858851,265,1127.672146
1279.409078,239,1128.172942
955.155535,206,1128.619607
1123.532695,211,1129.050192
914.023065,179,1129.824924
931.747359,167,1130.168168
1291.449348,253,1130.714522
2051.770802,387,1131.545215
872.64447,181,1132.34073
815.523224,158,1132.673226
724.574935,151,1134.869404
1085.690623,208,1135.304652
978.757745,186,1135.691312
956.088421,177,1136.056405
1051.548784,210,1136.904469
705.33545,139,1137.195726
1167.150408,214,1137.64829
1021.931775,194,1138.052979
704.251134,133,1138.332159
968.362309,197,1138.757586
596.46491,137,1139.470142
970.383598,176,1139.833994
881.472737,185,1140.234546
3200.289441,615,1143.795438
1398.950605,262,1144.340691
1524.355079,288,1144.943231
1130.39666,208,1145.384001
1363.931946,271,1146.364373
1294.912001,269,1146.949213
893.225377,196,1147.374329
1658.227039,295,1147.984924
644.048758,138,1148.280199
1071.255896,208,1149.133245
1656.997618,312,1151.73163
2078.991336,369,1152.49912
1072.179106,195,1152.901106
1485.630676,273,1153.884832
1184.733219,225,1154.362719
1081.133802,198,1154.779085
1108.456307,220,1155.245173
1722.975994,322,1156.323845
610.303153,136,1156.619237
711.2756,131,1156.892379
2163.739155,411,1159.644275
1242.081498,225,1160.513952
1420.193543,251,1161.047445
1291.95083,263,1161.596527
1373.825787,257,1162.139574
990.084023,181,1162.531873
807.075691,152,1163.26322
592.39452,129,1163.537538
1806.76448,337,1164.244244
1679.45404,312,1164.896521
1572.678063,283,1167.976151
597.666638,135,1168.276864
849.170615,161,1168.617581
954.579652,175,1168.986291
1209.606832,225,1169.460195
788.028385,169,1169.827227
1311.736937,266,1170.822683
1094.687546,210,1171.263483
1626.439368,302,1171.896612
737.732026,134,1172.171819
2157.045102,403,1173.417065
977.186334,190,1175.788451
1097.189929,205,1176.213404
2048.717428,409,1177.48033
1046.982262,205,1177.90798
1158.551797,211,1178.356318
1080.595327,220,1178.821562
982.927251,216,1179.293417
1085.250787,213,1180.146194
910.324099,174,1180.513822
1568.795026,298,1181.142898
979.738195,186,1181.537859
1721.454629,302,1184.56965
792.776554,155,1184.890583
582.669844,129,1185.166428
732.989765,139,1185.456758
1205.88554,226,1185.928622
1247.004361,252,1186.456359
1384.646442,251,1187.389168
1155.597027,243,1187.909808
1402.66224,292,1188.540548
714.831481,132,1188.819782
1147.17414,224,1189.701899
681.420561,142,1190.011503
1011.876485,185,1192.575548
1085.528499,210,1193.015444
865.930028,187,1193.417512
780.59612,157,1193.760364
629.426218,118,1194.420795
685.40802,127,1194.685061
1949.671931,346,1195.398772
1484.144122,275,1195.960183
787.139608,163,1196.30224
2128.248295,388,1197.513295
1148.394455,216,1197.967272
1152.302381,216,1198.421563
1410.415774,265,1201.283978
1232.583147,226,1202.162613
1191.982906,236,1202.660867
1054.234985,194,1203.063349
651.934487,123,1203.321788
964.707632,176,1203.689264
778.675779,161,1204.429567
1366.93334,260,1204.973279
927.760161,192,1205.382707
1164.34574,238,1205.896894
762.78152,169,1206.262886
1848.378615,329,1209.380341
1430.568496,284,1209.969945
1266.708103,240,1210.475897
744.443409,162,1210.836945
1298.60943,245,1211.759352
1167.436262,241,1212.262427
1201.447137,228,1212.73163
1289.565318,240,1213.229394
556.287164,131,1213.50624
802.953049,163,1214.256442
813.489272,168,1214.605332
1155.402791,223,1215.06918
1080.355471,203,1217.551758
1187.189044,216,1218.00035
2309.600495,460,1219.366267
869.048647,176,1219.744068
462.989465,103,1219.963834
1253.731146,227,1220.441861
1296.46038,255,1221.394101
624.593132,134,1221.686852
2154.529897,409,1222.538024
1476.621753,277,1223.107907
1013.010762,193,1225.947925
1021.291607,186,1226.336624
2359.273969,461,1227.297507
1457.443147,266,1227.846732
1027.304826,220,1228.734454
806.95675,151,1229.053059
1591.127353,286,1229.669531
1021.231964,203,1230.107399
1412.880686,255,1231.048573
1108.16875,206,1231.478233
1317.004384,256,1234.212245
1401.654145,259,1234.752383
1082.019376,231,1235.253558
1112.924988,203,1236.087235
1156.738558,241,1236.600056
1970.785285,410,1237.475789
1111.951193,202,1238.307701
948.12225,177,1238.696892
1157.607365,239,1239.204146
783.161891,164,1239.550552
1251.207861,250,1240.068683
1963.498818,369,1243.686741
1210.048479,229,1244.173576
1237.22183,237,1244.667465
1561.607434,311,1245.319511
844.597134,158,1246.060964
1072.358244,203,1246.486674
1856.543599,339,1247.193322
2056.344217,392,1248.411043
622.956243,138,1248.703079
1060.542408,203,1249.126834
1259.784412,227,1251.85429
1054.599791,200,1252.26752
1288.083315,240,1252.763387
1375.721665,246,1253.67582
1020.850465,190,1254.065167
1228.324807,224,1254.529928
1742.971366,312,1255.18213
2129.407112,409,1256.451195
1681.315583,313,1257.097179
790.790457,148,1257.408665
991.609881,179,1260.101667
1125.467775,204,1260.93744
1188.445758,212,1261.375973
1503.366784,273,1261.947483
957.880351,203,1262.371994
2112.051135,404,1263.625051
594.335913,123,1263.900397
831.703008,166,1264.244276
1284.650675,260,1264.790398
2411.358175,476,1266.183167
614.264209,144,1268.530157
1171.485939,215,1268.978568
890.313327,169,1269.321517
703.700512,145,1269.625143
1358.534389,251,1270.547789
1144.883421,213,1270.991927
939.731801,179,1271.36603
1465.495651,275,1271.924913
1776.264921,330,1273.015222
1419.78426,261,1273.54817
627.487317,118,1273.785014
702.237145,132,1274.060598
673.14799,142,1276.578157
2205.014042,391,1277.796878
797.104978,148,1278.102377
1276.260433,236,1278.601877
1436.594216,271,1279.17507
1732.178611,338,1280.282457
1371.059338,259,1280.827991
929.512627,178,1281.203943
1540.836026,291,1281.813213
1843.935784,332,1282.889784
1180.884294,215,1285.809439
741.443337,159,1286.149321
935.751551,199,1286.590822
1521.632115,282,1287.203523
1857.280705,334,1288.325422
1405.483311,265,1288.892046
1643.205248,296,1289.514113
578.153367,112,1289.747712
1456.801503,269,1290.721416
1068.532844,190,1291.121238
1127.289174,229,1293.971158
598.598658,129,1294.253367
2889.084885,522,1295.745511
2245.01843,438,1296.692675
1443.783704,266,1297.242952
1030.354972,221,1298.111329
921.366887,178,1298.48183
1127.163098,209,1298.910866
1862.917738,332,1299.612437
1024.074458,182,1302.426641
1011.613701,184,1302.809402
1824.50663,337,1303.506459
1154.465412,213,1303.943068
906.654747,166,1304.285876
1181.860465,209,1305.117472
1169.045291,220,1305.574175
1391.156693,259,1306.113832
863.528643,160,1306.449786
880.287098,167,1306.794793
3127.854442,568,1308.356183
1250.480922,246,1311.523592
1236.093323,230,1311.994141
1214.116896,225,1312.863447
643.745956,142,1313.167589
1515.621232,295,1313.782122
1419.143893,254,1314.312149
981.662457,217,1315.177462
964.684812,181,1315.548676
2160.632577,400,1316.378836
2294.68442,405,1320.078481
3525.96381,671,1321.494081
1510.309322,280,1322.075907
2052.745275,370,1323.252479
1624.65198,290,1323.8516
980.064703,180,1324.229276
1123.954062,209,1324.674873
888.544568,188,1325.465313
1482.346908,261,1328.718313
2171.48012,405,1329.566209
1890.113366,352,1330.700427
1693.084868,316,1331.372438
1036.809766,202,1331.798745
1075.100462,206,1332.233965
1299.768017,245,1333.137397
1028.22384,210,1333.586522
1480.580217,281,1334.178305
959.515412,177,1334.545132
810.369429,150,1337.08767
1622.174715,298,1338.092692
592.256547,112,1338.320851
904.108119,182,1338.710232
761.593446,143,1339.002622
1276.716314,237,1339.492398
1085.396653,204,1340.314316
924.067722,167,1340.659762
1793.540664,361,1341.417454
643.207994,136,1341.694596
1779.985003,315,1342.355688
1959.045132,367,1346.367951
1049.890407,198,1346.779195
1213.958065,234,1347.266154
2059.444713,373,1348.442807
904.141397,172,1348.797319
1195.742435,218,1349.262241
1670.238126,312,1349.918912
1802.398566,344,1351.032984
659.74221,127,1351.309281
1747.221698,312,1351.95617
1607.270675,313,1354.925462
1451.468586,285,1355.907858
857.994529,159,1356.235999
1270.87957,230,1356.717894
1758.065637,340,1357.423273
920.269612,188,1358.212732
1705.429805,311,1358.857641
1915.001836,364,1359.624381
617.54711,126,1359.882487
1502.41427,267,1360.828153
870.42476,163,1363.71004
1957.529037,371,1364.494724
1276.418296,243,1365.010789
3851.883169,691,1366.962743
1612.996042,296,1367.595454
2780.583638,524,1369.078227
1328.698928,240,1371.929696
1075.899727,197,1372.345016
1654.023574,292,1373.337039
1232.881973,231,1373.812092
851.692096,155,1374.135616
1020.901086,181,1374.51796
1463.871239,273,1375.099638
858.929063,166,1375.851965
936.171774,198,1376.285073
970.47585,187,1376.6797
1284.679004,244,1377.199452
1139.27524,207,1377.620072
1560.583718,292,1381.336533
1119.952984,205,1381.756191
1112.223972,206,1382.18992
1670.586803,305,1382.832246
2738.823845,492,1384.25492
1964.128727,368,1385.031257
1276.076539,263,1385.593019
2327.793644,419,1386.876993
1266.448246,271,1389.86099
1125.840283,234,1390.354992
437.189611,99,1390.556207
611.230275,136,1391.246125
986.360632,194,1391.652428
1533.622169,305,1392.287189
1305.10682,245,1392.787055
2102.587205,382,1393.961131
1488.556149,275,1394.541164
2258.468283,415,1395.397494
2210.791908,414,1399.378303
1795.245007,348,1400.115434
609.096976,116,1400.358615
1081.629802,201,1400.772568
1309.22608,255,1401.798272
1457.337942,266,1402.354113
1426.9101,283,1402.947744
1765.261413,339,1404.050446
1558.727271,283,1404.645494
1364.874746,273,1408.579752
2723.554287,515,1410.057627
1166.933574,220,1410.512204
1626.19776,304,1411.157553
1652.203184,320,1411.830328
1608.343067,290,1412.819292
756.620082,148,1413.12412
1299.986064,238,1413.617703
2633.835962,483,1418.412199
1624.24441,304,1419.031425
1325.461839,249,1419.556817
1450.565873,256,1420.089958
957.171645,201,1420.515177
958.395974,179,1421.291083
966.816002,170,1421.640084
3113.938493,583,1422.87351
852.506699,166,1423.611041
1014.090139,193,1427.448954
997.143673,184,1427.831608
943.042996,189,1428.228674
912.649584,184,1428.61741
2350.795712,437,1429.929833
1276.915237,251,1430.467653
1174.355987,241,1430.975083
2340.337497,418,1432.256268
2148.672726,418,1433.142091
693.768129,151,1436.324733
2009.345411,364,1437.468162
1490.823804,277,1438.058249
1058.263783,199,1438.474011
1977.373306,359,1439.222291
1617.294743,303,1440.237137
1259.045306,246,1440.747196
2402.625857,459,1441.700845
717.90313,136,1441.987464
1759.059821,323,1446.097637
963.61811,171,1446.447713
1546.523595,291,1447.058917
1480.709586,290,1448.195548
1282.25803,255,1448.732923
1599.92141,298,1449.363271
2355.221978,435,1450.287378
821.7373,186,1451.076999
1576.546593,299,1451.693195
1099.543873,205,1454.753471
1808.16757,324,1455.410361
1983.087092,375,1456.716131
1266.02348,236,1457.209398
949.821546,172,1457.560049
1476.702414,259,1458.092584
1546.822651,295,1459.192021
1529.404742,279,1459.777223
2245.313638,399,1460.606162
3436.026028,642,1464.907409
1710.565178,332,1465.598184
1623.090619,292,1466.681294
987.842643,182,1467.050392
819.500757,147,1467.365712
3910.269539,723,1469.401931
1119.122999,201,1469.829096
1122.255729,235,1472.91856
2222.739315,427,1474.219988
1154.270192,205,1474.645948
3594.539438,674,1476.077923
1000.848157,185,1476.853735
718.032985,147,1477.172626
1080.402948,203,1477.599712
1370.2545,270,1478.168752
1833.573268,344,1482.723448
2002.388728,388,1483.527308
1752.765695,319,1484.187133
1200.401332,222,1484.655138
1190.64488,217,1485.609499
3413.496245,662,1487.006353
1752.286238,332,1488.123257
3618.828345,665,1492.802519
831.710359,180,1493.176421
4026.667151,785,1495.386286
1834.117624,372,1496.683111
1096.734576,202,1497.110941
2673.358421,513,1501.643691
1308.541595,233,1502.138175
1266.358107,226,1503.129432
3179.963929,594,1504.405684
592.158254,106,1504.62502
1347.667356,273,1505.602764
872.52255,162,1505.943689
791.408423,158,1506.270706
1497.343966,313,1506.939878
2221.339285,430,1511.180439
1449.022533,292,1511.801612
1529.231077,276,1512.377288
1914.619488,347,1513.494621
983.128144,199,1513.904947
2809.03968,527,1515.007901
1433.49052,263,1515.961276
2202.556561,432,1516.864254
1426.312234,261,1521.301332
1694.401162,337,1522.402125
1021.581628,198,1522.8122
1392.418966,259,1523.337332
2071.981001,363,1524.073562
1606.421836,307,1525.166312
2675.71882,488,1526.181423
730.544997,144,1526.476387
2120.673079,404,1531.856327
965.413424,198,1532.274571
788.693057,171,1532.633246
3301.187266,603,1534.294307
1701.559218,323,1534.963236
1595.373975,293,1535.571986
577.500042,134,1535.855366
3757.966016,693,1541.382037
1408.653644,285,1541.981679
1060.538052,218,1542.840518
1902.286107,333,1543.541615
1897.602647,347,1544.286153
1023.16245,205,1544.724147
1486.702889,264,1545.682137
2303.650227,420,1546.547621
3776.516101,718,1553.984152
2564.708561,482,1554.997328
1899.808582,355,1556.280992
1677.343249,328,1556.976988
1819.220802,335,1557.687882
876.66704,173,1558.050965
1570.358599,333,1559.304729
2298.455871,429,1564.638245
1328.505048,243,1565.147353
2526.590542,489,1566.674802
752.483555,149,1566.985355
1047.190412,192,1567.375589
1266.05656,247,1567.886805
1982.503183,372,1569.184684
1674.779275,317,1569.837425
2085.292391,407,1574.131416
1137.751968,210,1575.080458
1702.183598,303,1575.704374
1138.613726,224,1576.170157
1217.281257,224,1576.633929
1502.500521,270,1577.708571
1651.78452,307,1578.360149
999.32315,203,1578.790029
1157.943644,235,1579.282925
1736.650899,311,1580.405079
1753.810088,357,1585.007303
2121.941244,388,1585.812057
2897.179358,559,1587.473075
2271.230009,427,1588.36833
1062.593788,195,1589.277054
3794.946459,736,1595.729783
1586.126753,310,1596.872947
3015.592563,563,1598.050732
1450.970175,300,1598.684058
561.893091,125,1599.462618
1125.890248,205,1599.878797
1765.322785,353,1600.61892
1048.104373,202,1601.036466
5357.949145,985,1607.833847
864.885255,160,1608.16504
1450.552602,263,1609.213503
934.949319,174,1609.567919
1025.523444,188,1609.958535
1420.027305,278,1610.535348
5357.545955,1000,1616.888252
999.245627,193,1617.821012
2116.304468,382,1618.616635
2178.686197,400,1619.453502
1065.720538,209,1619.881124
4677.078435,881,1622.241585
2355.285227,438,1627.190785
1880.772961,345,1627.90798
2894.752026,515,1629.501711
784.72463,165,1629.858139
1811.413938,361,1630.616493
2783.286131,510,1632.201913
2329.213257,428,1636.596953
2004.076101,352,1637.325167
3247.712185,584,1639.057699
1532.796119,316,1639.730328
2452.928571,439,1641.151758
1588.748839,286,1641.748287
2361.89309,440,1642.661057
1222.70719,223,1647.415295
2036.107336,372,1648.21118
1869.772919,348,1648.953408
3114.841308,556,1650.526021
2268.380279,414,1651.381148
2177.162761,406,1652.622201
2128.275479,404,1657.219617
1491.281042,265,1657.777297
2260.685192,399,1659.122202
1759.476078,330,1659.805087
1683.541266,324,1660.484672
2680.696435,517,1662.119061
1459.904652,281,1662.701262
1430.943984,262,1666.778884
2706.10575,488,1668.302948
1440.337464,273,1668.867244
1394.388811,263,1669.415928
2445.702326,448,1670.860595
1668.867579,305,1671.501482
2392.047882,439,1672.92847
1200.631064,227,1676.843041
2939.011244,529,1677.936104
1930.575541,334,1679.14166
1209.393584,228,1679.615851
1271.710231,230,1680.094503
1953.259748,372,1680.863778
765.418312,167,1681.716588
2061.725826,416,1682.587808
1411.693938,260,1686.644804
2133.884001,387,1687.955263
1243.173447,224,1688.424679
2456.291998,420,1689.280166
1889.081215,378,1690.596033
1182.972875,246,1691.109592
2289.622714,413,1691.972483
844.880532,176,1692.355811
2956.432931,540,1699.043321
899.697614,166,1699.390031
1565.33836,292,1700.001983
2027.959727,363,1701.268427
2664.399346,470,1702.239272
1762.869567,329,1703.430454
1695.589389,314,1704.080157
3125.084688,576,1708.391179
1889.644086,359,1709.672862
1193.874774,216,1710.120528
3139.527488,577,1711.818469
1772.636383,321,1712.472271
1460.819512,313,1713.148184
1473.13317,309,1713.799746
1149.944232,205,1718.850953
3539.356186,693,1720.301835
2806.936902,504,1721.839538
1574.451429,299,1722.456335
837.14015,166,1722.800999
1592.11053,288,1723.787579
1128.503785,212,1724.228806
1320.735203,245,1728.858588
1261.570179,231,1729.355062
1614.338879,296,1730.361032
2056.420516,359,1731.089085
1921.738166,339,1731.791028
1008.908387,183,1732.165488
1271.300461,231,1733.047837
5280.190501,950,1738.663898
3604.094702,665,1740.060945
3132.9526,589,1741.78456
4512.659313,812,1743.849329
3030.863886,583,1749.1219
1963.456406,359,1749.860465
3918.924053,731,1751.870432
594.399346,120,1752.124053
1304.171331,280,1753.238812
597.706244,108,1753.459032
1810.683079,361,1754.231436
742.825183,145,1754.526875
1427.158804,257,1758.718498
2721.460647,494,1760.235361
1429.103224,266,1760.778902
4488.763593,839,1763.01963
1307.131693,233,1763.494998
1902.902154,348,1764.602112
1879.300548,344,1768.543769
2145.987826,367,1769.303521
2142.067993,387,1770.630827
1122.362017,212,1771.08069
2073.2999,390,1771.881476
1494.466231,282,1772.483405
1478.91006,260,1773.53066
1808.54589,326,1774.202239
1958.68478,351,1777.750255
1576.974381,288,1778.867767
1090.315116,195,1779.26821
1528.780974,273,1779.825049
965.605474,212,1780.287407
1915.059667,377,1781.472761
1413.095401,263,1782.024038
2507.154588,442,1782.954875
2452.215152,433,1788.314524
2553.504069,460,1789.259467
2036.331653,369,1790.444212
2504.443168,470,1791.446918
2047.993024,368,1792.203869
1950.90841,342,1793.323424
1950.747207,362,1797.762992
707.972679,132,1798.029809
1316.047785,264,1798.984399
1290.552826,242,1799.486624
5347.33272,987,1801.947057
2136.945421,403,1802.800113
1571.222385,289,1803.400853
1809.750558,358,1808.524382
1375.611092,270,1809.094249
1359.913109,268,1809.662858
3090.952721,565,1811.250248
3619.002814,674,1812.638791
2738.074025,504,1817.661111
663.185953,139,1817.952768
1863.811785,379,1818.743488
4978.619618,911,1821.166915
1514.801193,279,1822.266546
2113.558785,392,1823.074579
2461.769422,446,1826.723065
1427.009854,274,1827.68959
2541.057619,478,1828.676741
1360.92512,252,1829.203319
1449.894786,270,1830.165715
2750.355814,513,1831.223631
1389.188713,250,1831.757736
5339.006858,1000,1837.504761
3141.289181,577,1839.195771
1767.322804,312,1839.848731
1730.385742,321,1840.99009
2070.28058,410,1841.850834
2221.734827,400,1847.222322
2060.318176,388,1848.52921
1266.430207,228,1848.99852
5660.987907,1000,1851.587574
2052.097256,363,1852.327069
3387.098888,629,1857.163755
1163.621971,212,1857.59637
1135.41967,222,1858.065517
1282.254386,252,1859.130077
1012.749624,197,1859.614807
2784.149805,512,1860.82784
3460.94054,656,1862.809276
1516.904569,270,1866.819373
2315.805594,422,1868.217274
3518.970342,626,1869.52566
1075.15571,197,1869.952134
1334.90078,280,1871.081817
1158.049987,234,1871.567999
5486.090139,1000,1878.416427
3042.036455,560,1879.575682
1567.915497,306,1880.703873
830.623306,154,1881.02281
1220.233195,229,1881.497309
1556.754352,291,1882.097964
2017.960256,370,1883.374911
1147.249268,232,1883.87822
1575.04761,295,1888.286375
1075.269809,197,1888.695683
1813.016482,334,1889.912084
2940.783719,538,1891.020403
5576.168111,1000,1893.627549
1536.227315,282,1899.108195
2219.566335,402,1899.94023
1561.830995,315,1900.611333
2868.098011,529,1902.243949
1399.527178,257,1902.775742
1870.938068,339,1903.466784
621.817395,132,1904.271917
3838.703384,716,1909.855452
1664.915561,321,1911.065246
1535.429109,276,1911.641801
1426.984717,280,1912.227754
2064.836528,378,1913.007558
1334.533219,231,1913.994712
1685.91612,300,1914.62375
1150.606315,238,1915.120278
2924.097982,527,1921.122289
1164.220952,234,1921.62232
2592.097583,467,1922.582723
2198.730332,401,1923.823917
1718.284772,322,1924.510611
1908.401441,358,1925.265538
2881.99577,534,1930.227448
854.846331,157,1930.560783
1161.302432,210,1930.986065
1472.443513,267,1931.930126
3328.357165,591,1933.136189
2490.583342,464,1934.509799
1418.80426,263,1935.059983
2294.736185,416,1940.598665
1270.120807,238,1941.615603
1399.660558,248,1942.13352
1303.400199,248,1942.644201
3141.595609,612,1944.447603
5442.356562,1000,1947.074581
2663.164944,483,1951.278041
1475.453978,265,1951.815425
2026.728323,403,1953.066399
5497.717953,1000,1955.548368
1477.900093,273,1956.11486
900.572517,168,1956.465144
768.751522,142,1959.890957
3761.249598,706,1961.77447
2735.905669,493,1962.796714
1703.080123,305,1963.825616
4652.942381,841,1965.948436
1751.38077,335,1970.628691
1432.176414,261,1971.180816
1328.828793,248,1971.702121
1932.754208,353,1972.865409
2036.542253,375,1973.647359
1930.466603,348,1974.385513
5447.260411,1000,1981.862611
2371.750418,422,1983.269942
925.626955,191,1983.685081
2709.209044,509,1984.749141
3229.7242,579,1986.411429
1165.63468,243,1986.913993
1897.783418,340,1993.158499
3866.981683,705,1994.629337
2735.117867,507,1996.100387
4997.09974,901,1998.388155
1536.634537,306,2002.063423
5349.786093,1000,2004.555943
2105.478548,430,2005.472828
871.160349,159,2006.207033
2487.34093,454,2007.1633
1208.006455,216,2007.616146
2334.781033,414,2012.729773
1179.121696,215,2013.177299
2348.490831,450,2014.115606
2131.323191,396,2015.473784
1876.16246,349,2016.208504
1851.643471,329,2016.898309
2416.062319,430,2018.295935
575.119054,131,2022.771459
1735.511693,324,2023.445235
2698.995561,482,2024.964351
3435.058198,608,2026.226747
2359.707918,424,2027.656974
2972.578911,527,2028.761585
1454.670847,257,2033.655277
2260.977336,410,2035.013407
3918.633368,710,2036.488454
1467.165529,260,2037.538779
1139.751811,223,2037.998882
910.029781,168,2038.340679
1575.25789,280,2038.918922
1805.205402,336,2044.063495
2010.72526,365,2044.817745
2363.790755,457,2046.289171
1167.974604,213,2046.726544
835.25029,153,2047.042077
1565.840238,314,2047.71471
1300.817194,237,2048.20264
2783.897707,508,2049.779752
1364.606716,245,2054.15486
1873.541948,332,2054.847651
3534.16001,659,2056.70195
4487.911846,808,2058.879775
1683.419777,308,2059.515934
5599.534671,1000,2066.241262
1522.784868,274,2066.814481
1442.076822,268,2067.88652
1094.548618,196,2068.2872
2651.03372,487,2069.287759
3088.574243,578,2071.02303
1639.110293,302,2076.074719
5139.292711,927,2078.50207
1427.343475,263,2079.041
1171.511891,236,2080.055466
3784.030284,705,2081.524134
1476.127186,279,2088.699856
1387.724768,249,2089.209166
1528.08044,282,2089.799539
1582.503757,308,2090.44315
3671.232113,661,2092.364884
3311.103274,606,2094.15577
2196.620397,401,2099.536543
1281.053653,229,2100.016424
5589.217743,1000,2102.619091
4427.158729,790,2104.791964
3122.6166,587,2111.038129
3070.906437,557,2112.18767
1930.125027,341,2112.894369
1889.153807,350,2114.017184
1582.359587,292,2114.622362
1439.407375,258,2115.151454
3218.921938,587,2121.933957
5290.796167,967,2124.485554
2873.758245,531,2125.583386
2366.534612,444,2127.052692
2099.830192,397,2133.246364
1641.674183,286,2133.844496
2839.944219,503,2135.437844
793.857891,167,2135.794931
1693.87959,322,2136.478315
2636.439739,501,2138.027597
3838.125281,679,2139.962332
2700.920456,484,2145.958204
1411.899514,294,2146.576068
1947.83196,366,2147.86824
1404.872852,263,2148.425485
871.764553,173,2148.799532
2330.462256,423,2150.198228
2463.650079,462,2151.161526
1684.383635,296,2157.027522
1747.591696,340,2158.265676
2092.07491,370,2159.033488
2442.571073,439,2159.933656
3263.294344,603,2161.738152
4939.998993,887,2169.441707
1296.805475,254,2169.97544
987.314207,179,2170.34498
5061.630187,925,2172.780737
2424.141122,427,2174.184913
1086.545495,241,2174.702973
5414.953739,1000,2181.753821
1724.437194,336,2182.471689
3010.159453,547,2184.125756
4414.214677,791,2190.800506
1359.723759,240,2191.830506
2762.690921,507,2192.874869
5508.250557,1000,2195.471883
1988.379694,364,2196.75164
1338.17028,238,2197.243956
2234.850821,416,2203.597003
4353.699311,768,2205.694956
1776.771629,330,2206.389258
3305.586906,606,2208.073622
1918.933031,348,2208.78799
1303.782158,239,2214.225614
1135.925151,207,2215.050894
2346.612569,421,2215.922453
5342.967993,977,2218.353783
1782.202762,325,2219.025455
3368.706539,606,2226.323092
2118.030446,381,2227.108866
2006.792267,366,2228.267628
1228.601753,221,2228.732121
2962.265019,533,2229.839784
3047.985208,576,2231.436033
2558.884833,462,2236.790987
2538.843386,470,2238.178949
1675.516526,302,2238.810995
1653.309338,313,2239.4711
2837.320062,549,2241.033773
1089.973469,225,2241.513084
1714.853552,316,2242.1668
2964.78235,525,2249.512166
2228.234254,407,2250.348381
2719.225924,489,2251.915967
1888.126169,338,2252.627939
2664.257806,504,2254.235282
3415.97923,616,2261.664704
2773.096098,498,2263.240315
1916.272358,357,2263.977871
3004.894373,548,2265.658538
1906.710144,339,2266.359238
2952.598587,517,2272.809517
598.253686,133,2273.097633
700.556779,131,2273.364686
2498.303346,444,2274.276183
499.827632,102,2274.495348
4380.009608,786,2276.646611
5294.163588,972,2283.483637
4743.455166,879,2285.852014
1294.556665,245,2286.358649
2365.551942,424,2287.77937
3776.709785,681,2289.197457
5470.731776,985,2297.753655
2345.920936,439,2299.197583
2021.321914,365,2299.96528
2346.773453,427,2300.855731
2018.543728,360,2302.130832
796.110804,141,2308.06518
3234.879163,605,2309.316767
2407.885834,428,2310.714206
1720.054412,315,2311.37541
2228.869009,404,2312.739178
3745.422991,672,2314.121806
1773.7546,312,2322.082505
4292.197501,780,2323.687179
2478.478068,439,2325.105694
1671.581947,302,2325.737249
3668.689289,660,2327.633585
5435.845239,996,2336.870776
4276.123753,775,2338.472514
2982.080991,545,2340.124887
807.734202,173,2340.498403
1141.813787,240,2346.384655
4092.023933,716,2348.387579
2887.508821,513,2349.972513
2322.704793,404,2350.836655
2102.601887,376,2351.631839
2409.434238,440,2359.06668
992.75305,205,2359.50833
2364.378357,423,2360.370796
1268.386324,226,2361.329533
2275.07279,425,2362.226264
592.69092,122,2362.483527
2889.539274,523,2364.068968
5664.912126,1000,2370.145207
2132.872178,382,2370.932946
1194.94933,226,2371.392695
2091.077157,385,2372.733496
3899.607108,687,2374.158209
3260.784631,587,2380.559597
2747.494333,502,2381.604063
1273.120317,245,2382.519278
1564.984541,281,2383.093547
2543.625743,462,2384.045341
1820.288302,328,2385.130342
3910.684814,676,2392.691293
583.017816,117,2392.930755
1979.491814,352,2394.064536
2787.768062,502,2395.10912
4301.165758,750,2397.047312
5463.179294,1000,2404.544531
5557.646884,1000,2407.013761
4645.727034,818,2409.090241
2584.656943,463,2415.116542
5654.449501,1000,2417.686328
1336.369757,238,2418.175324
2601.645902,454,2419.611007
4894.423663,880,2428.163493
1359.271961,249,2428.689989
5539.51251,971,2431.205758
2182.607273,391,2432.00782
1981.916594,356,2433.256065
4177.591753,734,2440.504633
4804.038868,848,2442.788532
2015.873795,371,2443.553797
4463.534934,808,2451.175611
2707.536358,480,2452.683611
3950.058127,690,2454.100865
1961.813114,360,2455.370266
4700.568648,824,2457.609234
1561.698278,284,2464.401136
1416.749894,266,2464.954364
5478.387839,1000,2467.556007
2766.509932,484,2469.095244
1665.278511,304,2469.730136
2486.678984,446,2476.111024
1511.184122,275,2477.197443
4474.918545,777,2478.791697
1842.746211,333,2479.985996
2311.868964,425,2480.857134
1334.856552,253,2481.381662
5558.353144,1000,2490.166834
3182.554968,567,2491.862756
4099.263957,723,2493.341203
1526.046695,276,2494.438709
936.196098,170,2499.718982
5670.806097,1000,2502.300859
1593.096326,289,2502.894624
3969.551875,709,2504.887748
2081.309455,370,2505.656639
1426.29824,264,2512.184608
970.364881,197,2513.115047
4099.135361,731,2514.626125
2486.290881,449,2516.070296
1207.16555,217,2516.520996
2387.425739,427,2517.400892
1780.633096,326,2523.45443
1944.304651,348,2524.178474
3104.512888,551,2525.842956
3170.771097,566,2527.015696
2448.105686,429,2528.436679
3891.700376,698,2535.027201
3052.84343,527,2536.642654
1183.990255,232,2537.124238
4645.202435,828,2539.36003
3044.822946,540,2540.476187
2119.620454,376,2548.276042
4383.015451,799,2550.441756
1014.977865,205,2550.868484
5543.324593,1000,2553.474819
2486.69037,431,2560.401866
4481.45994,821,2562.632591
865.607254,169,2562.996361
4110.323238,717,2564.993966
3369.059348,598,2566.242885
5516.267942,1000,2574.452942
5468.267566,1000,2577.086439
2401.383476,419,2578.47835
1457.089701,260,2585.40705
1797.44584,339,2586.112558
2645.042175,494,2587.656837
3780.254324,682,2589.065212
2879.148737,495,2590.605412
5525.871559,1000,2599.518555
4924.050037,868,2601.781733
2998.179028,522,2602.831802
2538.242424,465,2604.281933
3023.071754,544,2611.339982
2243.582429,392,2612.647611
3119.571428,564,2613.798328
1758.44272,316,2614.960308
5684.646338,1000,2623.439857
2358.994656,414,2624.276719
2750.62567,477,2625.246045
3993.48677,730,2627.267937
1958.707703,354,2627.986635
5568.56686,1000,2637.084702
1882.890957,332,2638.274608
3038.476307,554,2639.416329
5295.255658,950,2648.424721
4886.646743,864,2650.693421
1628.267772,291,2651.285474
1551.860305,293,2652.382243
5530.545778,1000,2661.687154
5463.880608,1000,2664.243009
1392.141789,249,2664.761022
5621.019878,1000,2667.359348
5657.364058,1000,2677.253841
2524.230811,456,2678.18695
1829.226398,337,2679.375983
5420.966979,1000,2686.70201
3499.675184,630,2687.98048
5637.611771,1000,2690.432401
4832.516762,872,2698.200939
4617.944158,824,2700.40686
2173.842674,425,2701.30312
3055.321288,549,2702.942573
5030.850161,919,2710.540704
2090.97285,368,2711.306448
818.752314,180,2711.69018
1929.104056,354,2712.415175
5516.206879,1000,2714.972524
2592.5115,462,2722.034514
3810.717533,668,2723.913362
5628.710389,1000,2726.463659
2910.688833,507,2727.505607
1809.510943,323,2733.212599
1555.093419,276,2734.279078
4751.434062,858,2736.042397
1912.036693,337,2737.248557
5603.495359,1000,2746.535899
3451.271278,607,2747.779877
3113.468266,574,2749.49397
1410.137294,250,2750.013093
4673.381738,835,2752.160016
1241.62715,224,2758.397323
5524.01315,1000,2760.832755
3192.004637,585,2762.542544
5687.557541,1000,2769.363104
3157.565284,573,2770.541956
1232.343395,235,2771.470081
4661.462466,826,2773.201744
2934.386411,524,2774.678103
631.968464,122,2774.923021
2896.693088,518,2782.266552
5560.040999,1000,2784.696479
1464.594219,270,2785.648883
1716.669408,313,2786.291403
2850.210384,509,2794.93472
3661.567174,637,2796.232196
4164.888893,737,2798.130558
3159.90139,543,2799.234848
1412.30377,247,2800.122796
2703.467041,486,2806.359372
4960.238852,860,2808.495292
1896.341093,337,2809.183708
1779.5086,328,2810.255812
3795.856591,686,2811.647667
2475.374799,431,2819.598561
2401.117844,426,2820.466538
2717.247356,490,2821.878225
3920.986351,685,2823.268572
3199.285954,577,2831.343361
3232.640436,558,2832.477243
5649.658289,1000,2834.891088
2869.668423,502,2836.30949
2010.712276,356,2837.029873
3615.151144,656,2844.073543
2572.622063,441,2844.986096
2960.962448,519,2846.437981
2209.178496,392,2847.233759
1692.253897,302,2847.844976
4846.786524,874,2855.66798
4492.509084,775,2857.618394
2012.81538,367,2858.382622
2950.156234,507,2859.800719
3898.416524,667,2867.217437
2761.940898,512,2868.276256
2626.417512,469,2869.227477
4718.960426,805,2871.272999
2087.51153,389,2878.288772
5135.111623,934,2880.611567
1447.561737,259,2881.141973
1262.136218,215,2881.579266
5260.860629,902,2883.799666
2861.17602,501,2890.185045
3271.663113,570,2891.852337
5588.182457,1000,2894.338162
3110.615838,574,2901.369529
2244.844279,422,2902.634645
3231.800275,598,2903.860373
2774.389217,477,2905.233196
1807.195825,342,2905.923816
3177.020082,585,2907.610438
2024.813508,363,2914.305073
700.257887,129,2914.565832
2974.900814,514,2915.998024
5661.60654,1000,2918.451664
5201.662454,918,2927.44269
2107.400282,376,2928.217434
2323.342241,434,2929.502574
1383.352921,254,2930.016873
4396.522399,782,2932.043291
1628.409135,298,2939.081656
2854.719726,505,2940.10691
3458.556154,628,2941.794858
1698.559894,323,2942.456217
1440.66271,260,2942.983723
4140.240926,748,2951.165331
2882.490411,506,2952.592123
2771.1098,510,2953.638534
2128.923647,380,2954.800145
2993.947422,518,2955.855152
5270.511629,933,2963.668103
3793.761159,686,2965.463954
1636.890336,286,2966.040881
2100.605383,373,2966.802188
5671.645527,1000,2975.450834
4051.597349,749,2977.369561
5618.912426,1000,2979.816562
5755.814044,1000,2989.048146
5623.393616,1000,2991.47935
4330.914666,771,2993.444299
2631.610984,465,3000.783698
5559.57173,1000,3003.236931
2174.123895,404,3004.471295
2133.042162,376,3005.243908
2444.596981,437,3006.132233
2196.831214,393,3013.298571
2420.698066,428,3014.171081
1816.53966,338,3014.869343
5673.398383,1000,3017.307806
3836.880881,687,3025.730352
1843.115062,339,3026.423962
5660.567572,1000,3028.855832
1879.120457,342,3029.967389
5587.469694,1000,3038.924151
4807.27376,845,3041.058959
2342.713892,410,3041.887718
5667.428262,991,3050.763489
2997.338591,534,3051.870348
5136.480228,908,3054.145057
5737.825495,1000,3062.299853
1065.340731,194,3062.697348
1451.461917,260,3063.620864
5637.061301,1000,3066.043167
4019.820006,727,3067.516779
5623.330794,1000,3076.156131
1135.536137,206,3076.96989
4578.036656,800,3078.597394
1582.197976,287,3079.566236
5646.762638,1000,3088.339606
5044.135235,865,3090.096783
3012.314831,533,3091.574068
4821.682883,877,3100.226758
2737.03106,472,3101.181149
1075.990399,213,3102.012189
3833.090977,680,3103.401304
3359.220453,611,3105.034916
5727.997163,1000,3112.810748
2466.785663,435,3113.70311
4755.689364,824,3115.78406
3071.304275,541,3123.282237
3080.87769,543,3124.394189
1437.620647,267,3124.94786
2815.798164,514,3126.524317
2842.363093,537,3127.639033
5587.379754,1000,3135.884757
2643.874429,463,3137.214492
4859.805224,873,3139.394331
1602.845895,296,3139.999509
2618.725571,461,3147.89633
5618.97549,1000,3150.334008
5252.095271,928,3152.625757
4529.37893,784,3161.521791
5716.175925,1000,3163.96718
4287.401426,758,3165.915076
4386.159705,763,3173.556725
3261.152232,579,3175.127414
5586.036936,1000,3177.566039
2689.617252,466,3178.513831
1537.146873,284,3185.708258
5622.901488,1000,3188.144839
2046.244103,383,3188.926441
1349.014168,243,3189.423433
5703.874245,1000,3198.720597
3652.460745,640,3200.415146
5706.638007,1000,3202.835679
5631.23699,1000,3210.92634
5719.610602,1000,3213.362751
3775.773377,660,3215.112569
3411.714057,591,3221.15091
5580.934849,1000,3223.59887
1173.652187,213,3224.031647
5641.816856,1000,3226.487376
2117.321186,383,3234.084957
5643.083955,1000,3236.663086
5601.243184,1000,3239.246748
2099.361059,388,3247.019253
5602.425026,1000,3249.607896
3414.536257,620,3251.398743
5569.859479,1000,3260.171391
5039.762463,876,3261.959962
1130.938499,212,3262.914962
4082.055525,750,3264.458086
5208.218299,900,3272.949047
2282.555629,391,3274.270529
1852.284429,337,3274.95902
5464.860873,1000,3277.539798
5659.205191,1000,3286.060868
1974.415062,353,3286.789889
3257.898929,600,3288.523356
5686.053541,1000,3298.38535
3860.612187,697,3299.80798
3502.871186,609,3301.560302
5637.834626,1000,3311.438587
4351.985198,767,3313.509868
5757.591202,1000,3316.080606
5565.505891,1000,3325.642728
2360.233826,430,3326.522794
3220.232911,573,3328.220691
5624.795787,1000,3330.768456
1942.998606,340,3338.120588
1107.059994,223,3338.580255
5726.678461,1000,3341.187455
1949.548246,364,3342.460808
4631.273312,826,3350.854929
3258.609834,570,3352.486377
2513.351329,445,3353.401947
5734.088444,1000,3355.834452
961.453771,179,3356.721165
2767.888943,514,3364.342929
5682.564466,1000,3366.785792
2286.947748,396,3367.586822
5720.342499,1000,3376.493083
2577.919809,458,3377.821967
5119.424543,892,3380.026319
5673.719323,1000,3387.051661
5712.863727,1000,3389.476686
3427.52527,616,3390.744584
4510.859796,784,3392.73082
3629.894488,639,3400.677079
5636.900559,1000,3403.103112
4839.929617,829,3404.774756
831.947436,181,3411.498714
5766.939947,1000,3414.069223
5732.642854,1000,3416.639896
3011.085537,560,3425.305639
1008.237289,179,3425.670831
1869.610436,345,3426.767698
4290.574429,747,3428.279126
5616.363462,1000,3430.716216
5731.055529,1000,3439.97206
5686.108983,1000,3442.413116
667.345016,133,3442.690799
5818.774141,1000,3452.02615
3340.524976,589,3453.615798
4871.494462,854,3455.751077
5218.8124,913,3463.963937
5861.138045,1000,3466.390374
5799.731145,1000,3468.832462
5162.074395,917,3477.349092
3543.740983,634,3478.648937
5600.730773,1000,3481.082132
3670.824975,649,3489.739621
5198.423848,943,3492.061571
5652.004991,1000,3499.756237
5540.366278,1000,3502.19946
3468.024212,631,3503.490898
5775.494891,1000,3512.28104
2577.484476,466,3513.619954
5580.595232,1000,3516.133138
2019.234189,366,3516.895788
3666.524508,642,3526.319153
3052.649722,574,3527.506952
1268.503608,232,3527.977009
1911.962772,331,3529.043515
1204.981829,215,3529.483152
2976.598303,514,3530.534682
5714.863053,1000,3538.535869
5765.117704,1000,3541.043672
5742.479817,1000,3543.583766
5653.202062,1000,3552.102337
5768.010803,1000,3554.553655
2521.189442,495,3555.982161
3504.384893,639,3563.606379
2477.079196,436,3564.887465
807.067211,150,3565.191363
3027.435988,519,3566.649283
3060.147862,550,3567.777184
1651.327112,293,3574.808054
3369.571077,593,3576.42036
3260.878681,553,3577.538847
5383.264108,951,3579.881912
2613.128338,459,3588.68647
2558.432397,469,3589.653589
3372.891512,603,3591.292809
5599.576361,977,3593.680417
5752.503323,996,3602.021076
4197.469434,768,3603.996726
5254.383419,913,3605.857972
1889.634442,331,3613.910564
3643.100411,642,3615.217248
5010.131654,881,3617.401053
2343.048149,440,3618.695501
5623.412958,1000,3627.938106
1242.636509,219,3628.3886
1086.403717,206,3628.818638
2768.504672,474,3630.306873
2306.314801,432,3631.193905
5467.555799,1000,3641.054098
5581.558108,1000,3643.641465
5744.646075,1000,3646.20609
4833.032395,843,3654.695524
1869.495012,339,3655.395057
2512.950551,460,3656.333596
5693.953463,1000,3665.593262
3981.648224,693,3667.514195
5853.710312,1000,3670.070902
5784.766798,1000,3678.699638
5642.060736,1000,3681.27214
4614.417783,805,3683.44791
5720.753172,1000,3692.851742
5523.75984,968,3695.366093
3601.220249,647,3696.695297
5661.289447,1000,3706.388777
1091.188751,204,3707.33201
5746.329844,1000,3709.920886
1678.262578,306,3710.55178
543.119262,102,3710.757971
3671.072273,645,3718.978985
5770.251203,1000,3721.547086
2053.65248,363,3722.284459
1986.775505,353,3723.011791
5747.752308,1000,3732.045618
5637.566589,1000,3734.591584
1702.245293,318,3735.753045
4164.050197,717,3742.563753
5673.576085,1000,3745.118842
5738.189545,1000,3747.688641
2957.755027,512,3755.789569
5668.962246,1000,3758.358859
2188.067606,392,3759.168733
5743.544891,1000,3768.451398
3879.944498,663,3770.327598
5726.637662,1000,3772.916358
5031.29357,905,3782.259052
4863.590733,869,3784.057491
5767.219137,1000,3786.619483
2988.646548,513,3795.329881
1388.433818,241,3795.818075
2267.106847,408,3796.64741
4416.393704,776,3798.769599
5758.260404,1000,3807.119286
2797.0783,500,3808.670779
5738.245915,1000,3811.214418
2578.545119,446,3812.129236
3172.848726,559,3821.425087
5697.191299,1000,3823.989881
5697.450532,1000,3826.55837
4227.545793,746,3834.025029
5701.739665,1000,3836.579189
3996.176645,706,3838.566606
5677.226073,1000,3848.206423
5640.004187,1000,3850.767376
2702.932952,479,3851.756611
5646.736472,1000,3860.433822
3115.777796,545,3862.068213
3456.700525,606,3863.833738
5714.982645,1000,3872.360138
5798.457837,1000,3874.406742
5754.962692,1000,3876.98765
3024.287151,533,3885.08647
5782.691889,1000,3887.526843
3854.234204,679,3889.310532
1277.515353,224,3889.762208
5463.561376,974,3898.135105
419.658667,81,3898.30506
5643.732793,1000,3900.752851
2805.008177,507,3901.799216
4362.820495,755,3909.200835
5736.842662,1000,3911.761853
5691.862761,1000,3914.336213
5771.696791,1000,3922.853008
4097.371178,707,3924.802175
5774.610311,1000,3934.053116
5693.076332,1000,3936.616432
2162.56989,399,3937.438223
5686.895918,1000,3940.032521
5746.623047,1000,3949.471814
5601.901629,1000,3952.032372
5824.734411,1000,3960.825299
4066.707892,698,3962.787071
4829.737053,842,3964.538352
5744.481555,1000,3973.916541
5677.860031,1000,3976.475749
4273.63807,732,3978.527159
5677.864391,1000,3988.027658
4269.28807,758,3990.109348
5724.391952,1000,3992.697435
4607.839579,817,4002.105903
2501.621652,436,4002.998662
3754.6683,655,4004.852709
5792.144953,1000,4012.656785
5745.045792,1000,4015.212317
2970.773627,514,4016.259185
2627.161805,494,4017.730894
3050.503841,523,4025.038385
5707.658852,1000,4027.473539
5694.734608,1000,4029.916386
5730.465862,1000,4039.860673
1278.255979,230,4040.329733
3231.475997,562,4041.96752
3661.593852,655,4043.307538
4285.101015,780,4052.384698
5749.866448,1000,4054.874228
4199.945872,727,4056.759146
1731.149261,320,4064.508573
2459.928939,443,4065.81012
5572.325946,1000,4068.270417
3730.96876,667,4069.642462
5272.185243,917,4078.718933
3395.329751,595,4080.341197
3714.398416,654,4081.681021
5759.842043,1000,4089.940731
2424.038454,429,4091.205075
5632.261841,982,4093.625819
5664.149017,1000,4101.830379
5595.95742,1000,4104.290086
2432.457782,431,4105.178808
3190.408651,562,4106.730754
2112.456722,387,4114.146502
5552.089576,1000,4116.602593
3921.529042,676,4118.38346
2456.102738,457,4119.336593
5874.782068,1000,4127.707893
5102.213082,898,4129.953936
5749.76385,1000,4139.290111
3273.409124,552,4140.930799
5688.532977,1000,4143.000332
4865.04463,860,4152.978209
5684.838781,1000,4155.437744
5762.94922,1000,4157.895403
2653.564918,503,4166.123891
4076.829908,702,4167.57529
933.485478,168,4168.437301
2373.442108,411,4169.285196
2028.685844,370,4170.047502
5645.567681,1000,4177.724336
4487.528787,768,4179.808448
5742.128009,1000,4182.419554
3932.753964,711,4191.257361
5675.457141,1000,4193.839424
1931.894475,335,4194.523264
5761.566603,1000,4203.052058
5728.262709,1000,4205.641476
2677.2405,489,4207.172579
5696.369045,1000,4216.440842
2560.075454,447,4217.362015
5617.313297,1000,4219.943306
5726.824574,1000,4229.405928
5689.526576,1000,4231.987211
4421.512345,774,4234.115273
5756.091228,1000,4242.996442
4832.211434,840,4244.731594
5664.815509,1000,4247.321267
3791.970466,665,4256.253472
1512.68927,267,4256.79953
5733.844035,1000,4259.363347
5628.223123,1000,4268.672056
1773.703743,311,4269.817225
5737.99479,1000,4272.393142
5586.674987,1000,4274.973833
1599.98096,293,4282.037792
5601.750342,1000,4284.621986
3311.918619,585,4285.837611
5579.183267,1000,4294.828513
5768.50066,1000,4297.403872
5597.057145,1000,4300.002377
5644.811127,1000,4309.701379
1817.297776,331,4310.895877
3714.470107,671,4312.294726
2546.020336,451,4313.731349
5810.765087,1000,4322.469797
5678.243187,1000,4325.048777
3217.004414,561,4326.196738
5822.789489,1000,4333.952132
1920.448238,343,4334.651837
5316.547085,908,4337.035985
3395.055593,581,4345.628297
3018.381147,515,4346.673872
5008.713676,895,4349.032926
5854.094989,1000,4357.802612
4412.237369,755,4359.88062
2839.536892,492,4361.40048
5471.826508,966,4363.386254
5699.796753,1000,4373.02264
3739.371788,658,4374.895803
2954.170037,513,4376.451163
4939.111059,868,4385.031185
4374.088885,782,4387.1349
5828.550565,1000,4389.578485
5676.881549,1000,4395.975514
5394.792424,947,4398.320193
4494.052011,805,4400.359846
5639.470109,1000,4410.117788
5667.513556,1000,4412.688159
5696.374698,1000,4422.174731
5703.647695,1000,4424.778162
1768.924672,309,4425.403849
5789.994906,1000,4433.513885
952.870737,168,4433.856715
2627.497292,494,4435.376311
2545.775701,440,4436.278461
4591.014359,797,4438.438568
3076.707691,575,4445.579499
1665.950364,294,4446.691751
2355.297146,426,4447.569807
5822.523453,1000,4450.126888
4554.512492,810,4459.045288
3580.969571,631,4460.852543
5718.504131,1000,4463.422673
1002.764664,177,4463.785215
2378.674214,411,4464.624236
1152.871104,201,4471.901134
4141.087882,717,4473.913343
5759.228956,1000,4476.493354
3665.810868,651,4478.373621
3754.199178,685,4485.639045
5805.329846,1000,4488.18965
2231.70826,394,4489.513253
2143.564248,376,4490.282303
5562.336946,964,4499.03936
5782.425372,1000,4501.587711
5761.514986,1000,4511.249144
5767.048517,1000,4513.847443
5778.824368,1000,4516.427095
3742.243602,637,4523.3693
5740.716901,985,4525.909945
3345.257028,575,4527.513376
2094.436322,369,4528.275615
2510.815352,438,4536.317945
2112.089419,363,4537.052461
5701.953513,1000,4539.4951
2952.58812,540,4541.008304
5773.374091,1000,4548.572651
5721.843611,1000,4551.12237
3046.278071,537,4552.236908
3520.161398,610,4559.866229
3732.253401,665,4561.241515
3780.676765,682,4563.20155
1873.734886,322,4563.866381
5831.287616,1000,4573.085629
2650.909489,462,4574.565428
5801.013195,1000,4577.132145
5768.086383,1000,4584.244442
1964.783738,363,4584.988324
5814.986229,1000,4587.568759
2610.158279,459,4589.018334
3290.662137,572,4597.167959
5701.804248,1000,4599.736036
4801.225036,841,4601.958211
5838.380464,1000,4611.800254
5685.903312,1000,4614.375162
4413.391848,775,4623.631872
5754.617428,1000,4626.187877
5822.890841,1000,4628.737151
5742.833083,1000,4635.995676
2998.806936,527,4637.599521
1768.64411,327,4638.274817
5041.786877,891,4640.630991
4881.68335,854,4648.623152
832.79584,165,4648.96733
2349.584569,441,4650.405724
5892.084235,1000,4652.968019
2393.675439,420,4659.429749
652.541729,143,4659.746558
5765.729627,1000,4662.207261
5836.714204,1000,4664.665443
5326.637185,918,4673.384336
5627.76578,971,4675.898709
2997.868547,517,4676.977262
2076.163272,362,4685.836169
2756.302147,471,4686.879491
5681.318715,1000,4689.541009
5873.299426,1000,4699.485113
5813.037812,1000,4702.096888
1431.241738,255,4702.624341
1296.971641,226,4703.609485
2280.439514,392,4704.431746
1427.793095,253,4704.95239
1370.21367,244,4705.96346
1561.424108,274,4713.539311
5731.211145,1000,4716.130184
5751.392293,1000,4718.732394
5804.279861,1000,4728.743225
5770.124211,1000,4731.336417
3572.486468,622,4732.626571
3533.883564,637,4740.655602
1931.919635,344,4741.36964
3071.849775,546,4743.010887
3518.219408,588,4744.233081
5253.234874,882,4752.500461
1737.503309,315,4753.554713
5396.160311,908,4755.434413
5726.18272,1000,4764.691335
5855.58118,1000,4767.279952
3825.492685,657,4769.176769
5800.932309,1000,4778.492369
5880.796277,992,4780.936306
5022.570604,868,4783.124785
4144.679698,699,4791.631547
3342.942924,560,4792.78008
2110.063539,369,4793.535428
5921.006392,1000,4795.987547
4215.168775,730,4803.681633
5890.390413,1000,4806.124428
644.014656,140,4806.423884
5804.820609,1000,4815.969975
3867.430573,681,4817.773627
3996.117813,685,4819.586971
4468.093976,766,4821.167333
1809.03452,323,4828.928303
5720.065269,1000,4831.385079
5828.549664,1000,4833.903954
4285.523187,748,4841.736353
5774.163924,1000,4844.329388
1158.481739,236,4844.833447
5722.333636,1000,4853.578261
3756.0495,640,4855.411245
2799.510891,481,4856.916462
5691.132917,968,4859.448926
5764.613804,1000,4868.080554
2550.768094,444,4869.394833
3369.434637,574,4870.570334
5811.249044,1000,4879.423689
4730.48189,816,4881.628926
3335.911316,563,4883.303205
2936.377156,505,4884.336473
5886.235307,1000,4893.446969
5827.396066,1000,4896.007937
1533.934996,266,4897.085147
4574.742693,768,4904.86858
5011.904333,894,4907.259123
1650.190119,318,4907.926169
5753.054513,1000,4910.50362
5746.001134,1000,4919.383243
2488.683476,430,4920.773029
5829.057316,1000,4923.355694
4386.299218,753,4931.818314
4020.41611,685,4933.237528
4292.110548,728,4935.146583
3171.799584,546,4936.275418
2817.9872,480,4943.835757
3350.832877,582,4945.030849
5954.800211,1000,4947.628265
3928.94765,663,4956.075279
1871.29994,323,4956.738948
2798.535095,491,4958.274655
2466.951143,420,4959.131463
3733.741812,669,4961.034392
2252.104666,390,4961.847136
5840.003469,1000,4970.729363
2201.969068,384,4971.937241
1780.434008,315,4972.588573
732.979261,146,4972.888539
2652.901735,466,4974.245062
2320.659736,405,4979.705605
1260.87744,231,4980.183162
2255.563974,410,4981.493198
3842.298695,649,4982.823718
5690.244463,1000,4985.380313
5791.79582,1000,4994.231052
1856.636496,327,4995.302255
5851.935829,1000,4997.350384
2627.818049,456,5004.916577
746.935997,140,5005.199743
5865.950345,1000,5007.688171
5795.203157,1000,5010.146839
5841.735182,1000,5018.31242
2960.985782,513,5019.769688
2839.832032,487,5020.77297
2351.415691,407,5021.605698
933.123093,173,5022.363762
4786.892286,815,5029.17797
5872.255579,1000,5031.646557
5721.933504,1000,5040.787903
2037.393536,351,5041.901214
1759.086006,318,5042.562181
3349.603608,562,5044.10936
3282.335508,564,5045.286893
5384.948494,935,5053.535704
5144.305848,877,5055.741508
4504.544069,789,5057.901603
2206.242413,384,5065.275739
2058.041201,356,5066.001569
2232.282808,397,5067.349403
3228.647469,547,5068.471213
5510.572522,948,5070.958213
5852.781685,1000,5080.011197
5863.609797,1000,5082.572275
3902.073609,681,5084.515049
5789.649247,1000,5092.966311
5963.335527,1000,5095.542577
653.868369,121,5095.793049
5232.478504,893,5104.574294
3420.722101,588,5105.786349
5811.473995,1000,5108.364867
1868.778546,325,5109.538381
4276.882391,731,5116.626018
1514.099156,278,5117.718837
4236.458382,750,5119.25427
5611.282678,954,5127.578046
1733.965187,319,5128.772003
4684.938969,804,5130.428339
5777.328146,1000,5133.00923
3998.509519,712,5141.024096
3756.161667,653,5142.908664
2999.848787,522,5143.991371
1647.275439,300,5144.622225
2951.094682,511,5146.208633
5817.655188,1000,5155.230745
5766.189689,1000,5157.813556
1452.316493,258,5158.348703
1701.809446,312,5164.585882
1947.767476,344,5165.697159
1639.289349,280,5166.27345
2504.119723,429,5167.151686
3086.256974,530,5168.647452
5727.226436,1000,5177.349064
4455.619927,794,5179.390615
3016.500859,505,5180.42726
4208.192056,714,5182.429515
3349.058306,573,5191.250102
4132.023403,706,5192.697209
1808.063622,347,5193.935266
3269.517443,566,5195.1037
5707.652793,1000,5203.438624
5655.750325,1000,5206.044455
2597.597763,469,5207.021428
5832.096975,1000,5215.827949
