#{"t_start": 1787586223.6161096, "env_id": "Humanoid-v5"}
r,l,t
70.96414,16,4.529601
75.242114,17,4.632908
71.173972,16,4.725837
86.298253,19,4.834231
131.182145,28,4.986804
110.581944,27,5.146943
94.799614,22,5.273451
80.353334,18,5.361912
83.963136,19,5.457378
110.479701,24,5.572233
81.113822,18,5.652241
99.293877,22,5.74718
81.263865,18,5.822201
91.269148,21,5.906592
80.01827,18,5.976581
76.478049,17,6.040013
91.479485,21,6.11666
134.008449,28,6.217218
76.351024,17,6.277542
83.062542,19,6.339253
72.216222,17,6.392715
170.506272,38,6.50845
80.64271,18,6.561417
125.149467,30,6.644256
89.983409,20,6.696117
74.882666,17,6.739307
98.358426,23,6.798041
80.770206,18,6.84068
70.810576,16,6.878522
71.493069,16,6.915137
80.876607,18,6.955631
97.225863,21,7.00391
90.504677,20,7.048605
98.823254,22,7.096928
76.436238,17,7.132453
78.670222,18,7.170629
91.406845,20,7.210845
75.566123,17,7.243885
133.582145,29,7.302647
145.663386,32,7.365242
81.678831,18,7.399538
72.857957,17,7.43096
81.648194,18,7.462698
108.283446,23,7.504827
92.113585,20,7.54172
126.926773,29,7.59638
129.835763,28,7.646453
80.841354,18,7.677647
81.02991,18,7.707178
121.012828,26,8.492505
160.629471,34,8.551277
73.172659,17,8.581425
210.894257,44,8.658706
74.176251,17,8.688162
69.765054,16,8.717551
87.135912,20,8.753613
104.141244,25,8.799535
74.549104,17,8.829595
81.178325,18,8.86185
82.191999,19,8.895398
75.887756,17,8.926938
100.723569,22,8.96916
75.400425,17,9.000799
82.898961,18,9.032822
121.162938,29,9.083567
153.040392,36,9.145721
97.231451,24,9.188659
95.282135,21,9.226303
129.654486,28,9.281235
84.392924,19,9.317282
141.245458,30,9.375799
71.069805,16,9.403961
88.996436,20,9.437469
169.895583,37,9.502617
149.527427,34,9.564807
87.564164,19,9.600781
122.02705,26,9.64997
116.803866,28,9.703453
86.917673,19,9.740525
252.44985,53,9.836423
75.431468,17,9.864838
89.668827,20,9.898756
80.301713,18,9.932473
86.590612,19,9.967602
144.48583,31,10.029455
76.125349,17,10.060226
86.707444,20,10.093707
80.101215,18,10.125156
94.752745,21,10.161084
92.488113,20,10.196485
110.165261,27,10.245918
118.887532,26,10.298223
78.425935,18,10.843332
103.958033,23,10.887771
89.831451,20,10.925022
114.894499,25,10.974184
84.992659,19,11.010818
151.955921,34,11.074206
100.057108,22,11.114542
75.350292,17,11.146688
86.704811,19,11.181746
75.401466,17,11.213489
80.414984,18,11.250722
103.668223,23,11.300595
125.228553,27,11.360684
91.811787,20,11.401785
95.718171,21,11.444273
102.190101,22,11.483695
105.139833,23,11.523141
72.452096,17,11.558051
131.533957,29,11.617819
141.809568,33,11.686385
81.272936,18,12.309359
106.952446,24,12.356134
123.574559,26,12.409131
84.971303,19,12.459741
70.507198,16,12.490093
80.611897,18,12.523611
109.755047,27,12.574856
93.486746,21,12.613392
92.606248,20,12.649035
132.348275,29,12.704587
97.969038,22,12.752363
76.23927,17,12.789998
76.153695,17,12.825032
121.103069,27,12.883074
76.39206,17,12.919223
68.555379,16,12.948006
84.231244,19,12.980085
75.627283,17,13.008017
107.009493,24,13.050514
107.111351,26,13.097255
128.735878,29,13.151632
126.63628,28,13.202936
119.341548,27,13.250606
76.209148,17,13.279021
76.193353,17,13.308639
127.341278,29,13.360829
91.726734,20,13.835006
162.517163,35,13.894982
115.005268,27,13.940706
83.891627,19,13.973024
81.012607,18,14.006437
101.47598,22,14.048912
106.832847,24,14.09752
164.220297,35,14.184195
85.131533,19,14.224257
88.922698,21,14.262938
160.030173,36,14.330575
77.995681,18,14.363634
75.814944,17,14.395078
71.372201,16,14.424747
76.477868,17,14.456005
81.147201,18,14.490667
179.114269,39,14.566274
117.646141,25,14.615014
103.600897,23,14.659422
145.592782,31,14.743485
96.112324,21,14.790513
86.794954,19,14.83178
146.666607,33,14.904211
154.407664,33,14.968699
76.511568,17,14.999591
93.231903,21,15.03909
90.844276,21,15.076882
81.655726,18,15.111015
103.425586,24,15.157472
90.418853,20,15.19373
84.516146,20,15.231025
76.555178,17,15.264813
90.77593,20,15.31805
79.636899,18,15.351604
107.536591,23,15.392697
86.5865,19,15.425984
96.238826,22,15.464789
127.984471,29,15.513936
71.741631,16,15.541881
181.017983,39,15.614769
76.76081,17,15.646466
122.24197,27,15.696758
71.060455,16,15.724991
133.572395,31,15.78113
93.982054,21,16.32132
80.821859,18,16.354032
196.916027,45,16.44051
75.885801,17,16.473368
70.724,16,16.504425
156.244893,36,16.600948
161.626229,36,16.664743
90.793474,20,16.698779
76.631435,17,16.727807
81.387922,18,16.758993
92.06194,20,16.793414
81.079749,18,16.827496
71.529727,16,16.855567
105.749246,24,16.897529
98.58193,22,16.937061
82.25169,19,16.971786
99.270558,22,17.012872
111.397526,24,17.055426
88.949692,21,17.091235
92.502028,20,17.126866
126.096024,29,17.176669
93.609425,22,17.214359
197.207994,42,17.286677
126.970434,30,17.339862
90.398268,21,17.378152
178.047493,38,17.444474
89.154978,20,17.480437
109.247896,23,17.523048
87.963131,20,17.562304
172.218245,37,17.633069
108.534921,24,17.680025
89.755643,22,17.719265
97.457856,21,17.754247
71.705505,16,17.781115
72.590089,17,17.811074
85.798949,19,17.844388
124.373566,26,17.891216
137.302893,30,17.94745
182.20468,40,18.748281
105.030482,24,18.792883
84.761653,19,18.827208
80.487044,18,18.858745
159.376637,34,18.9204
147.576075,31,19.445494
71.198016,16,19.473599
109.122935,24,19.518717
133.273221,30,19.575005
170.234551,36,19.643094
120.169481,29,19.698574
175.907957,39,19.768506
120.790898,26,19.814831
131.324545,31,19.870886
90.32272,20,19.907331
155.184702,35,19.972725
197.664204,51,20.06805
144.122314,31,20.121949
141.706401,32,20.183024
237.408833,50,20.278988
89.487952,20,20.315722
75.512511,17,20.34769
120.21741,26,20.396496
138.499896,31,20.453434
104.439808,25,20.499325
121.998292,29,20.550082
132.153512,30,20.603824
75.352349,17,20.634048
284.274308,58,20.744915
178.681468,38,20.825557
92.315895,21,20.86317
84.480599,19,20.89677
202.336192,40,20.966341
129.321667,29,21.019482
147.136957,32,21.082814
159.504469,36,21.157021
119.015585,26,21.209287
79.284147,18,21.242547
177.265922,38,21.757928
154.893242,33,21.81863
199.002797,42,21.895986
176.338204,39,21.970165
91.256064,21,22.008345
179.64797,42,22.084313
171.797159,36,22.15122
76.11755,17,22.182914
235.507128,50,22.276205
204.396521,45,22.363501
181.63458,43,22.444518
114.353252,27,22.491495
184.422058,44,22.569765
112.592139,24,22.613526
113.1757,24,22.658454
177.775648,40,22.733803
75.461848,17,22.766727
103.11765,22,22.817476
94.926709,21,22.8622
179.258081,37,22.930405
81.003797,18,22.961888
75.251277,17,22.990668
154.493007,33,23.04939
159.290465,34,23.111796
187.420799,40,23.198571
94.786323,21,23.245162
267.850099,54,23.346038
178.220623,38,23.413033
131.662437,30,23.466386
121.842512,29,23.526312
101.165194,22,23.57651
115.146231,26,23.632774
82.533546,19,23.669434
80.012952,18,24.271599
144.361641,34,24.353976
211.488982,47,24.449966
71.032453,16,24.480469
124.231515,28,24.529524
151.141099,32,24.586999
152.951481,33,24.649965
76.308607,17,24.682219
159.946849,37,24.758232
170.40239,39,24.844554
134.63044,30,24.898731
70.647316,16,25.531981
96.468609,21,25.572326
191.726818,42,25.649159
118.052886,27,25.698008
205.246579,45,25.780407
119.930991,26,25.831567
169.288673,37,25.903866
95.905679,21,25.944795
147.961859,31,26.001543
73.33305,17,26.031218
117.376271,26,26.077887
161.214465,37,26.146131
86.880195,20,26.184409
148.802445,33,26.248675
152.427554,35,26.314819
90.213388,20,26.350633
157.290438,36,26.414937
115.693684,28,26.464768
95.448714,21,26.505004
148.011607,33,26.570262
79.430346,18,26.605402
216.743284,45,26.69171
210.632235,47,26.777279
130.533634,28,27.364089
237.448957,51,27.458107
117.250455,25,27.502921
176.629052,37,27.5708
124.169495,26,27.618138
295.554577,65,27.738081
150.621412,34,27.8045
137.258421,31,27.866494
189.004809,40,27.941908
84.863885,19,27.975891
176.209055,39,28.048077
189.74651,42,28.123133
96.896347,22,28.163956
70.023656,16,28.192181
80.681776,18,28.22481
196.204401,42,28.305082
100.311412,22,28.346857
107.639049,23,28.393462
166.706372,36,28.465804
105.300166,24,28.511513
124.399757,28,28.562946
256.720969,55,28.665556
78.191354,18,28.69767
155.341732,34,28.761531
180.985233,38,28.834144
150.522424,32,28.893836
119.755554,26,28.946905
106.670621,23,28.992444
229.706633,57,29.10565
75.118029,17,29.138132
166.765855,36,29.206818
150.200961,32,29.264201
188.607683,41,29.903238
258.304127,57,30.015489
104.227446,23,30.064416
254.455935,56,30.198881
237.931645,49,30.304506
152.383629,34,30.366774
149.828774,33,30.43003
193.130465,42,30.50858
249.418345,50,30.602531
111.597698,24,30.647931
253.792489,56,30.75904
126.75861,30,30.823604
257.287889,57,30.955586
278.057724,61,31.089373
224.256152,50,31.18557
78.795234,18,31.21918
202.008267,44,31.300551
314.730658,71,31.43679
162.718195,35,32.035698
162.274866,37,32.112563
251.135249,56,32.240553
132.272407,28,32.301786
132.060262,29,32.358864
228.743757,49,32.453719
240.052624,50,33.085054
196.961461,43,33.183334
225.378416,48,33.27738
193.804371,44,33.362978
242.777024,52,33.466593
152.298007,33,33.531087
243.602324,54,33.637685
125.041338,27,33.688578
116.800505,25,33.736138
81.419846,18,33.770714
394.185105,80,33.934515
75.679055,17,33.965419
126.59342,28,34.016658
151.282842,32,34.076086
130.269012,28,34.131052
120.682359,28,34.190024
217.278516,49,34.290329
158.391696,36,34.356844
183.069458,42,34.434815
153.543755,32,34.494797
270.275568,54,34.596144
133.597562,29,34.647632
166.19876,35,34.713092
138.157431,34,34.775507
169.292457,35,34.842211
139.388331,32,34.900981
277.040681,60,35.556388
272.365232,59,35.669169
170.171091,39,35.739653
144.538055,33,35.801586
156.787641,36,35.871187
154.063651,33,35.932306
187.223445,40,36.007426
91.391158,20,36.044317
81.27073,18,36.077115
85.178367,19,36.111671
150.092355,35,36.180929
256.827124,58,36.292439
218.09403,44,36.376521
238.133884,50,36.46973
133.999201,31,36.530067
141.437677,31,36.587356
265.29097,53,36.686262
405.536558,94,36.864489
123.136784,28,36.915082
213.767439,43,36.997012
223.535316,47,37.087233
290.128626,60,37.200288
221.264243,49,37.295006
100.106741,22,37.337663
267.429661,56,37.453665
165.601515,35,38.054365
232.07697,51,38.150352
291.737674,66,38.27726
284.671956,59,38.393141
271.812143,60,38.996743
155.236942,34,39.060838
187.522332,38,39.133581
301.075233,69,39.266678
259.344649,60,39.380996
202.824279,46,39.465458
258.15792,53,39.56522
333.155117,64,39.688017
147.301819,35,39.755159
301.548239,62,39.872951
165.145651,38,39.944108
168.715876,37,40.014454
220.820473,46,40.103682
190.084378,40,40.180547
315.393253,67,40.31207
326.06943,70,40.453721
292.511665,66,41.180509
234.147804,47,41.273688
232.520029,51,41.396606
309.821927,67,41.538467
276.651973,56,41.65446
280.293793,62,41.791738
236.167773,51,41.890039
217.469529,45,41.983802
221.949043,49,42.084784
260.910678,50,42.194233
226.506098,49,42.29731
190.870814,41,42.405526
87.355523,19,42.464341
299.274957,59,42.607579
222.332422,46,42.705795
79.87376,18,42.740444
238.556144,48,42.834496
148.85133,34,42.898363
216.910241,45,42.989904
145.80493,31,43.055963
270.633899,60,43.243382
202.600806,44,43.897935
356.227851,78,44.049572
335.871396,66,44.189855
151.793291,35,44.275533
95.331941,21,44.321221
199.445048,44,44.415122
312.44841,65,44.559875
349.126818,69,44.71511
171.461843,38,44.791624
230.025481,47,44.889766
334.577788,65,45.02489
218.571888,47,45.115643
253.824868,52,45.220154
243.136286,55,45.788603
338.210037,68,45.920479
354.744054,69,46.053362
318.727293,63,46.178805
96.635411,21,46.219295
330.891302,69,46.354615
345.374493,68,47.109091
299.958328,58,47.259397
296.849556,63,47.403032
212.430097,48,47.498886
308.736372,61,47.618482
301.224102,58,47.734296
109.270544,24,47.783081
105.282726,23,47.831262
225.147835,50,47.935363
323.823933,63,48.0628
74.002738,17,48.096822
301.469991,62,48.225876
229.018772,47,48.330141
158.241019,36,48.404182
317.591306,63,48.531768
297.345621,62,48.657492
273.235388,53,48.768598
110.137889,24,48.817271
217.485907,45,48.917647
487.882179,104,49.148858
84.843349,19,49.189777
303.602961,63,49.873893
114.072026,24,49.921118
162.349516,34,49.988517
167.045868,36,50.060633
363.331416,77,50.216345
187.229142,40,50.292422
206.967017,42,50.374084
543.841495,118,50.602541
264.166861,57,50.713669
221.141703,46,50.800287
353.351432,76,50.946531
142.858575,31,51.004601
268.011469,53,51.107002
235.2993,48,51.205709
167.073848,37,51.275245
319.402007,64,51.399951
286.972776,57,51.50744
256.349581,54,51.613083
277.773927,57,51.720892
457.648663,102,52.426301
283.11254,56,52.983674
298.227812,61,53.102334
389.346978,79,53.255676
245.102049,48,53.346135
174.186907,37,53.417773
275.054622,53,53.519512
262.825825,55,53.62538
252.875105,57,53.7347
329.601877,67,53.867451
353.078855,72,54.008472
253.632586,50,54.106503
277.739695,55,54.215433
270.417635,57,54.327881
243.255263,53,54.432501
355.838168,71,54.570602
233.745307,50,54.667986
332.060509,66,55.322995
311.516949,62,55.444032
557.482711,110,55.662624
280.978848,56,55.773068
267.892986,55,55.878758
308.457343,61,55.999352
85.643379,19,56.036282
319.804815,63,56.158479
118.40136,26,56.211267
288.420343,57,56.323058
190.518181,40,56.403343
273.855889,59,56.519076
321.926553,64,56.643826
158.704227,35,56.711881
187.341564,41,56.791465
280.170076,55,56.898162
350.391988,69,57.032088
432.297911,96,57.22158
384.202019,72,57.895657
255.826281,49,57.993303
253.011882,52,58.096868
303.771358,59,58.212587
253.676507,51,58.311552
362.397963,76,58.459702
545.460799,106,58.667413
418.231769,82,58.826373
526.968164,109,59.504462
325.882994,64,59.631306
360.484079,70,59.769028
194.171928,46,59.855938
297.347225,60,59.97429
352.339735,70,60.113629
263.810157,55,60.222549
283.848992,66,60.876475
265.605217,54,60.980557
326.328385,65,61.107843
247.888147,50,61.206017
204.025594,42,61.285523
306.029038,62,61.405555
470.702219,92,61.587482
302.935908,63,61.712496
328.562671,66,61.842904
220.764453,47,61.935613
294.249661,57,62.047565
267.095973,57,62.160283
323.376157,67,62.292664
178.631851,40,62.37173
260.845266,53,62.473671
313.034233,69,62.609698
316.499187,66,62.73989
284.279135,57,63.384597
392.697845,78,63.541604
262.918199,55,63.650822
381.52146,74,63.796701
247.683642,51,63.897571
241.033459,48,63.991908
155.056971,35,64.060713
294.943081,70,64.198967
257.315368,61,64.318633
349.996267,73,64.459531
304.680236,59,64.573201
224.03091,57,64.683526
444.282953,89,64.855508
323.930119,65,64.985242
161.031203,36,65.053774
112.179495,25,65.099813
210.92589,42,65.183735
264.116549,55,65.762
191.433908,46,66.387631
302.623498,60,66.510331
256.655332,57,66.623343
245.080065,50,66.724427
349.420544,71,66.864972
367.279371,77,67.014607
259.935187,52,67.117085
234.514838,49,67.214859
313.042985,73,67.360569
322.046144,71,67.499454
306.660557,63,67.621976
377.523787,85,67.786565
468.424123,97,67.981057
264.298201,52,68.084266
449.473071,90,68.267
227.27588,47,68.360598
323.359012,66,69.018114
373.725149,76,69.169189
239.107833,48,69.2654
351.11936,75,69.414796
344.323934,75,69.560667
327.727908,70,69.69776
268.918266,60,69.816631
417.698825,85,69.988825
317.572686,61,70.111101
285.607515,55,70.222428
342.398226,68,70.359865
205.763485,50,70.46049
294.175283,60,70.581013
277.323888,55,70.692173
319.09308,64,70.819484
243.212919,49,70.915459
371.805002,72,71.506748
367.94919,73,71.651572
550.000834,119,71.890974
252.275563,57,72.006814
312.349626,66,72.137173
193.564248,41,72.218047
299.804056,68,72.850488
438.467316,88,73.032297
326.094401,73,73.181539
237.097836,50,73.279785
372.738344,73,73.426943
358.564705,71,73.566395
291.343646,59,73.68407
303.271061,61,73.802696
310.387357,62,73.932006
272.499609,59,74.46086
503.539171,97,74.659193
409.167906,86,74.837667
249.034138,49,74.938233
180.090387,40,75.019678
342.875332,74,75.168784
336.442424,78,75.326675
306.511456,60,75.44849
378.945587,78,75.609255
303.581846,69,75.749608
379.506776,80,75.910415
332.263275,65,76.040569
702.161311,146,76.339489
344.553112,69,77.007713
217.248849,48,77.103343
392.257487,75,77.25641
427.699272,82,77.421679
284.763086,64,77.550873
274.703629,56,77.663783
358.627182,69,77.804474
332.744969,65,77.932415
229.406809,52,78.037812
301.903748,72,78.18569
379.86664,73,78.331449
270.768939,53,78.438917
259.488737,52,78.544661
254.880634,52,78.649066
256.531622,50,79.268998
265.351198,53,79.378387
284.695823,58,79.495108
342.850398,69,80.182825
340.94811,71,80.331632
282.883738,57,80.446311
318.773987,67,80.58698
482.127346,104,80.795344
354.095904,68,80.933433
157.080268,34,81.001344
344.469073,70,81.143349
403.843664,82,81.305738
199.535472,48,81.399656
288.658777,57,81.516968
292.129283,58,81.634617
276.52565,55,81.746862
165.944492,35,81.8141
317.787778,64,81.944061
332.77333,68,82.083927
546.333104,119,82.859644
367.237001,75,83.015771
326.928624,64,83.144032
361.372093,71,83.296454
531.931995,105,83.520334
288.002727,56,83.647296
287.993231,58,83.763307
324.701729,71,83.903324
327.039341,68,84.040174
325.737585,67,84.1796
480.210095,106,84.396738
218.20089,44,84.485428
393.338813,77,84.641215
345.913308,73,84.792259
319.038267,61,85.456025
444.893674,99,85.657413
330.784317,62,85.780296
295.073617,65,85.91352
357.757228,76,86.633584
255.054951,61,86.75618
259.152875,52,86.858007
439.404007,83,87.02409
367.905265,78,87.179755
237.470543,55,87.287603
327.778131,65,87.418076
293.317843,59,87.536622
342.497011,72,87.680785
333.414609,65,87.811395
421.706624,83,87.978755
280.938702,54,88.629055
315.820245,62,88.753259
300.362569,64,88.883564
221.810928,53,88.992439
379.517098,77,89.144487
269.185166,56,89.258205
362.326599,79,89.419286
412.507217,90,89.601192
279.085594,56,89.711901
379.569233,75,89.864025
439.159887,90,90.047766
331.85544,65,90.181521
276.247139,55,90.29187
233.774811,48,90.387484
274.877693,55,90.499703
255.01857,58,91.155267
389.700748,76,91.311144
404.340675,80,91.471575
299.192788,58,91.590141
330.658653,75,91.740634
340.922176,66,91.872635
323.326973,64,92.001251
409.866436,85,92.17552
302.27683,60,92.297704
496.687771,111,92.52864
352.32261,71,92.66884
309.982612,63,93.345005
332.388406,64,93.47527
491.883455,103,93.680409
201.32135,46,94.294679
326.540769,63,94.424512
460.503889,104,94.640175
482.534563,97,94.835336
346.246968,87,95.011397
607.015315,118,95.252971
397.672746,91,95.439079
500.107865,103,95.646198
265.560716,62,95.77289
336.889315,67,95.906387
375.523377,76,96.06135
362.579086,75,96.217092
217.989755,46,96.31008
315.788534,60,96.977751
366.525372,77,97.133365
259.124521,59,97.253896
388.023265,76,97.407167
305.484286,60,97.532266
380.229263,85,97.705626
404.760509,78,97.862643
284.646797,56,97.9753
379.394693,77,98.132459
418.928848,97,98.326411
355.295087,82,98.486886
465.07199,95,98.681532
418.035179,85,98.857864
272.72474,55,98.972831
309.091202,63,99.643363
276.799791,55,99.753233
327.742059,64,99.881235
323.924224,66,100.621107
400.340333,80,100.782366
362.463777,85,100.954686
250.877425,53,101.063006
354.561469,69,101.203912
353.694791,73,101.350481
603.110991,136,101.626044
416.988203,81,101.795055
366.629423,70,101.937848
363.836885,70,102.079459
340.59754,69,102.219286
311.629813,63,102.87582
373.686586,77,103.030086
364.692341,76,103.182763
284.924506,58,103.300983
292.997246,57,103.415464
323.768869,65,103.54355
432.078351,87,103.718959
233.019342,49,103.815946
241.930349,49,103.915404
365.73135,76,104.071066
295.904499,61,104.195634
315.278626,61,104.317891
312.344683,61,104.441826
219.240033,47,104.536465
513.886257,102,104.74213
388.036497,76,105.410026
427.215891,83,105.576323
337.714453,68,105.711272
416.414822,82,105.877738
397.105013,91,106.062682
303.413718,67,106.199658
322.580647,68,106.331885
249.446089,57,106.449474
271.134203,57,106.565972
414.537312,93,107.369833
372.567934,86,107.542703
359.822245,70,107.68272
356.504102,71,107.823786
372.004956,72,107.971974
408.749824,92,108.692537
494.861733,93,108.883466
573.986093,116,109.128335
316.82417,72,109.277
248.63959,56,109.395825
253.927432,62,109.523021
430.13933,87,109.701375
382.382884,85,109.876821
273.005622,56,109.995929
310.588056,62,110.122952
206.205354,45,110.214005
418.224079,82,110.384412
267.386905,62,110.509019
448.355239,93,111.253773
327.441187,64,111.38451
334.564075,70,111.527282
517.640423,106,111.744796
407.987291,82,111.910786
347.308435,69,112.050707
333.928909,69,112.189847
295.168411,57,112.308937
418.321298,81,112.478266
360.291586,72,112.625483
340.4325,70,112.763841
259.200537,54,112.87151
426.224347,90,113.054157
267.534746,66,113.184262
299.21485,63,113.823052
372.597108,73,114.568353
292.156895,64,114.70083
346.453822,77,114.856771
335.255666,66,114.985401
433.965857,86,115.163058
425.365816,90,115.347055
388.240077,77,115.502558
456.468288,93,115.694392
258.408253,61,115.818489
347.762327,69,115.959379
341.874721,69,116.098815
360.899812,71,116.241725
328.025959,68,116.382584
284.604951,59,117.013137
502.233845,104,117.223531
253.36277,60,117.346985
246.471961,60,117.467809
449.883896,94,117.6602
388.537492,81,117.821317
403.837163,80,117.983221
361.78333,72,118.13116
349.460196,69,118.272468
349.516048,66,118.40646
656.455559,132,118.674216
409.472107,81,118.840651
335.054122,67,118.976584
356.206198,71,119.643115
433.509643,95,119.838933
323.083809,73,119.986169
334.71987,67,120.122452
307.892101,60,120.246294
300.441917,64,120.37729
271.875566,60,120.50057
410.963648,81,121.314814
273.709593,57,121.429088
410.379726,82,121.603733
352.985989,69,121.745088
424.14396,84,121.918892
523.429404,101,122.124183
299.432177,68,122.26258
339.008347,67,122.936001
562.709861,110,123.162716
293.23685,59,123.284632
349.200314,82,123.453705
252.24068,55,123.56927
445.11956,92,123.757659
438.733103,88,123.937189
561.107346,123,124.188163
310.357683,62,124.313385
364.126428,85,124.490687
499.845932,110,124.712914
352.471469,69,124.852202
332.498428,65,124.981592
428.539619,85,125.665597
343.157162,71,125.818765
314.107848,63,125.946167
428.595,85,126.11788
370.696141,74,126.268356
327.831015,66,126.401047
306.682192,64,126.530469
613.826331,128,126.788801
415.480477,83,126.956831
324.645423,65,127.090946
342.104257,68,127.225398
98.66716,22,127.268907
284.152547,56,127.381138
395.764461,79,128.181
300.168586,60,128.840593
318.210563,64,128.972019
595.121958,127,129.232949
291.752104,57,129.350962
223.102295,49,129.450563
385.091425,73,129.59846
362.867961,79,129.758526
331.460391,74,129.908444
301.520544,61,130.032974
373.611369,87,130.21062
379.403288,73,130.359943
568.743457,116,130.599682
327.807693,65,130.73378
306.448805,59,131.379285
359.139565,69,131.523306
392.786281,86,131.699121
409.548458,79,131.856268
320.434316,62,131.980996
463.739429,93,132.172925
360.295346,74,132.320668
361.294093,71,132.463946
463.080168,102,132.6736
314.948976,61,132.798782
370.061683,70,132.940027
330.134804,67,133.07479
233.865174,56,133.187348
419.184221,94,133.384562
373.483128,75,134.054914
392.099683,76,134.211623
353.99625,69,134.354018
589.822519,117,134.591967
369.794429,73,134.741322
514.208093,110,135.595379
434.53172,102,135.804109
656.948556,131,136.078581
482.934903,109,136.302419
356.592937,73,136.45281
294.906611,59,136.575232
451.694387,89,137.285396
303.605262,61,137.410364
438.327553,88,137.593728
435.775496,100,137.803122
305.826004,59,137.926903
425.338979,83,138.093453
315.59275,63,138.224525
370.172013,74,138.374687
388.652948,79,138.533388
334.371177,68,138.668768
352.579231,70,138.810549
363.798967,71,138.955181
435.008519,87,139.132531
736.266609,149,139.961056
286.162492,57,140.07726
375.335079,73,140.227505
401.919678,92,140.415653
680.844832,138,140.696091
338.977654,68,140.834313
402.418075,95,141.031427
368.872046,71,141.179584
442.737795,87,141.360552
360.93384,70,141.508563
381.352087,90,142.312565
309.740578,61,142.437731
470.322939,102,143.157278
559.779069,114,143.396618
499.94202,99,143.596857
419.085666,84,143.77094
421.371472,84,143.937525
513.739217,104,144.160438
466.818537,99,144.361582
356.509636,69,144.505258
339.496652,65,144.637707
369.562707,74,144.792481
340.24214,69,144.930583
256.961143,53,145.036345
327.332187,64,145.162868
353.068379,72,145.840585
287.132885,57,145.95835
321.759422,65,146.090654
485.232271,100,146.302365
498.851664,98,146.502419
362.520311,70,146.641491
428.277603,88,146.819021
395.587312,77,146.976686
350.789613,70,147.121311
439.563729,85,147.299288
353.907013,85,147.473289
433.990993,94,147.666785
448.29507,88,148.382918
398.711471,88,148.56543
335.37783,66,148.701652
386.026592,77,148.861526
419.539159,83,149.686996
355.901018,83,149.859379
515.374139,105,150.080645
307.24595,69,150.224125
405.643175,81,150.391875
416.079573,93,150.585949
359.529253,76,150.740968
382.10056,75,150.897171
400.366144,78,151.060467
369.003823,72,151.728551
460.910415,92,151.916389
509.495038,98,152.117545
428.185081,97,152.32062
509.719306,111,152.553376
367.943782,73,152.705006
482.014902,110,152.933256
314.043815,63,153.064027
427.605583,83,153.234453
422.974025,83,153.405219
378.81159,90,153.59258
348.971852,75,153.747769
442.607195,89,154.431903
347.367071,67,154.571045
300.146032,67,154.707088
264.095667,55,154.822578
352.164199,72,154.972447
365.090589,71,155.117284
400.771375,79,155.279044
531.147806,108,155.502021
398.491458,78,155.662023
445.387134,90,156.527495
512.312084,108,156.748961
375.745091,78,156.910051
746.102784,150,157.728812
247.635195,57,157.847101
404.796823,83,158.018372
381.676434,75,158.172993
259.066268,61,158.297152
317.494437,75,158.451687
581.041267,128,158.718477
376.445995,87,158.89851
375.91845,86,159.074614
350.275447,77,159.232942
370.653769,75,159.386627
403.200354,80,159.550308
429.622338,84,160.230312
416.425021,85,160.407008
399.644409,78,160.565802
514.412544,105,160.782011
457.466244,100,161.010437
288.320562,64,161.14513
391.21062,82,161.314533
429.159966,83,161.482222
445.52001,104,161.697029
349.187122,70,161.839605
363.737271,73,161.98858
479.881448,104,162.201114
315.499152,63,162.853654
439.395569,83,163.026538
394.653443,79,163.979756
430.593189,96,164.182396
335.55887,67,164.320728
283.165585,65,164.455129
328.70654,77,164.61465
593.971375,132,164.881264
363.166069,72,165.027741
285.330483,59,165.149101
473.121838,92,165.340729
312.885252,66,165.477305
164.792622,36,165.548056
668.942071,137,166.241278
590.932215,132,166.521803
382.130908,74,166.673207
459.065913,96,166.872941
697.738213,159,167.242556
674.067675,134,167.526324
331.748116,65,167.661816
364.452284,72,167.811139
377.380033,76,167.970595
344.940153,65,168.103053
244.501845,56,168.219224
486.214957,105,168.847245
350.127304,68,168.987779
348.71373,80,169.155161
631.83696,129,169.423377
331.051254,64,169.557715
467.072605,99,169.764386
308.650937,69,169.908392
438.339076,86,170.950009
336.921959,67,171.09104
422.981278,84,171.274244
438.299411,88,171.456607
435.203015,86,171.634868
478.615764,104,172.264584
403.615186,90,172.453853
486.450567,98,172.65718
579.372078,115,172.894663
417.887226,81,173.060844
354.083354,71,173.207657
408.924875,79,173.369255
496.264665,100,173.581453
489.420029,92,173.770664
363.116156,72,173.918846
356.928654,72,174.070917
282.826008,64,174.20608
449.816514,95,174.82154
284.49241,63,174.954911
335.160923,67,175.096027
356.567215,73,175.246374
375.173592,72,175.398385
338.641984,69,175.540849
474.959774,90,175.731496
436.627679,89,175.917206
465.722252,92,176.102852
490.754195,97,176.305717
481.961079,106,176.524417
458.996875,88,176.710418
400.567987,88,177.305086
312.372441,74,178.323229
440.409471,82,178.492419
262.52583,61,178.617946
307.610138,61,178.743193
470.464602,96,178.939374
315.610993,61,179.067809
284.673154,56,179.183487
498.120744,112,179.414252
346.605592,68,179.551932
324.639844,74,179.702391
427.53629,90,179.887555
362.050435,74,180.04171
303.317388,59,180.164144
298.655813,59,180.690306
387.98866,76,180.850024
460.247207,90,181.039843
458.535862,103,181.257164
433.368672,87,181.437582
203.103179,44,181.528403
328.374593,63,181.656849
344.681787,79,181.825595
590.149104,126,182.090167
445.255486,87,182.267329
529.791655,105,182.481235
356.731794,72,182.631488
359.598653,69,183.291859
284.701277,57,183.403446
314.550605,73,183.556481
405.857334,79,183.717932
382.019635,76,183.877086
396.842375,76,184.033609
425.930765,90,184.217505
354.317838,83,185.234704
391.880515,76,185.391518
491.144988,95,185.586301
395.886339,92,185.777151
440.897042,87,185.958344
444.561064,87,186.140656
505.324784,104,186.890383
629.113227,128,187.157963
471.036695,94,187.356613
300.64809,69,187.499193
359.797514,80,187.665536
320.643624,65,187.800853
430.090824,83,187.971938
402.622516,87,188.152914
330.977559,75,188.306457
397.224687,91,188.493667
382.930303,87,188.675064
309.380462,61,188.802419
293.13226,69,189.467238
410.967268,80,189.63608
254.046498,58,189.755098
403.6971,78,189.915017
546.440724,106,190.1341
478.711761,98,190.337198
514.299098,102,190.549284
542.68877,106,190.765899
346.476082,68,190.90652
274.048538,63,191.037791
292.686025,70,191.182279
564.148005,112,192.364514
368.028536,87,193.081724
351.145377,68,193.221211
364.397549,70,193.369071
472.730554,92,193.559592
503.158382,105,193.776846
451.031461,96,193.975503
335.633863,65,194.109361
313.121381,69,194.251755
267.799582,60,194.374576
401.293927,77,194.534054
600.7318,134,194.813119
404.426045,76,194.968461
412.368378,78,195.127804
440.431012,101,195.868793
287.26227,65,196.000977
403.237676,77,196.159771
429.768341,86,196.338192
441.327436,85,196.513808
447.907816,87,196.692402
508.150499,115,196.929384
376.525735,85,197.108922
243.692584,51,197.214761
551.507226,112,197.448917
410.758358,94,197.647087
506.033156,102,198.370937
316.912845,74,198.523117
403.312085,77,198.682524
330.326593,77,198.841776
293.075692,56,198.95958
507.040329,101,200.121715
363.294617,74,200.277428
379.764488,73,200.42559
641.648466,143,200.71902
406.052008,88,200.902275
343.083988,78,201.063577
331.018009,64,201.194269
388.781526,78,201.353748
436.587063,96,202.065654
445.075346,88,202.249499
317.049177,69,202.393496
512.957735,117,202.636058
402.858162,77,202.795073
375.14811,85,202.970253
348.303443,71,203.116222
498.195357,98,203.322505
335.86681,67,203.462984
482.240828,94,203.659646
446.40435,90,203.847271
477.268401,96,204.567342
548.072429,107,204.790764
362.237125,80,204.952936
472.313916,92,205.142862
329.770915,65,205.272088
355.091188,68,205.4108
392.983294,76,205.570902
414.306977,83,205.73929
475.393137,101,205.947636
526.785411,117,206.187225
370.951034,71,207.186605
463.465948,96,207.386716
451.617972,107,208.139894
433.520469,83,208.316506
407.248859,79,208.478703
331.966943,77,208.636593
454.209631,89,208.820207
502.934135,97,209.017141
414.763568,82,209.187473
455.733333,87,209.366091
444.073538,86,209.543226
337.978303,67,209.677901
293.633107,59,209.796941
337.10123,68,209.936043
250.938643,52,210.042854
335.890387,67,210.720759
295.748154,68,210.858302
293.361643,66,210.994683
465.48848,93,211.186982
377.020547,77,211.346433
368.606424,71,211.489971
280.195582,65,211.620189
387.845064,76,211.771458
496.299317,97,211.971668
312.937175,62,212.096501
490.999079,94,212.290998
525.394151,114,212.522022
372.344541,87,212.703297
424.63793,83,213.405375
441.991517,91,213.59392
293.672674,63,213.725535
329.102074,64,214.731319
305.401259,71,214.874286
375.228724,74,215.024753
409.555383,96,215.222547
373.201438,72,215.372258
341.025156,78,215.532627
332.197973,77,215.69078
286.814682,65,215.824049
625.723708,120,216.069973
317.545159,63,216.202526
523.778479,105,216.825873
729.281225,163,217.16456
402.080483,81,217.327718
401.357437,93,217.522722
429.515498,86,217.701911
347.455439,71,217.845516
388.334911,78,218.007481
401.285883,84,218.180889
396.955957,91,218.369361
477.292273,94,218.563298
318.797872,68,218.699904
419.69864,84,219.396349
362.032895,82,219.564985
405.016215,93,219.757196
372.915917,73,219.905908
383.219107,78,220.070266
456.863634,102,220.285791
288.633207,69,220.427486
449.720213,102,220.64069
593.970653,122,221.682426
446.493586,86,221.856181
467.744122,97,222.054535
471.039752,107,222.817608
371.024497,84,222.993234
264.810812,61,223.116698
377.363381,84,223.29267
408.161514,80,223.457241
497.413212,113,223.691867
414.903551,80,223.856483
417.875685,79,224.018473
603.110847,122,224.276845
361.890675,74,224.433108
381.311901,72,224.57925
438.656544,92,224.771792
372.546936,74,225.429688
437.839592,98,225.632278
330.126169,66,225.76882
307.859446,60,225.893753
504.995379,117,226.137512
416.391043,94,226.327377
324.431484,75,226.480474
405.280944,77,226.631843
407.409449,82,226.799202
382.415997,73,226.951646
602.870013,121,227.200351
544.412244,106,227.422415
781.275385,157,228.271397
433.982509,97,229.412716
285.520999,60,229.536678
319.971782,64,229.664382
387.168211,76,229.823767
423.687859,94,230.011846
221.665399,48,230.108263
413.150868,81,230.277228
495.350487,94,230.467371
268.858268,60,230.591116
431.083374,83,230.759773
404.781197,93,230.947399
416.410711,84,231.547238
491.28859,107,231.767402
474.688225,93,231.960765
392.433977,77,232.117118
354.155921,71,232.262532
472.61028,107,232.482284
468.937528,95,232.678236
295.435498,67,232.815635
411.726696,93,233.006568
536.674108,104,233.223722
514.876697,108,233.441919
460.572057,89,234.15047
504.229384,105,234.371302
466.735094,92,234.563976
309.276204,62,234.689853
441.959256,102,234.897919
454.28456,90,235.079981
372.312679,74,235.234103
485.552982,97,236.344937
464.834694,103,236.555094
475.448438,108,236.776731
507.256292,101,236.981866
433.314589,99,237.589705
424.283199,83,237.759566
502.981336,100,237.964593
393.557362,76,238.118815
419.271396,86,238.294969
354.315908,80,238.460786
724.422854,147,238.763985
317.764,72,238.908841
386.806175,74,239.062407
439.469749,86,239.238105
456.90272,90,239.419167
417.222427,81,239.580961
390.634862,78,240.178121
641.254506,129,240.445023
719.287589,143,240.745567
598.413745,132,241.018801
307.287472,72,241.167935
621.19601,132,241.444371
455.915392,93,241.635614
474.532051,110,241.864644
417.677621,80,242.03013
398.350831,92,242.749762
402.582543,79,243.98961
371.291814,76,244.145823
434.196106,85,244.321732
472.067193,91,244.511735
370.633274,73,244.661904
380.865522,76,244.818359
542.666727,104,245.029454
492.392606,103,245.243222
325.889836,75,245.395706
357.632802,83,245.565351
422.399478,96,245.764328
519.293851,101,246.484124
750.65757,163,246.818663
605.172243,134,247.09416
422.865936,83,247.264967
546.43654,123,247.517993
501.284851,99,247.721562
581.943741,123,247.971884
517.263422,102,248.187059
426.041432,86,248.356902
399.00565,90,249.068784
518.909656,102,249.280458
298.281882,67,249.415612
422.759173,83,249.589725
392.084819,76,249.750228
453.747823,92,249.93979
417.023372,84,251.113436
679.820201,142,251.408071
519.108169,102,251.618616
480.478513,110,251.846647
451.34693,91,252.032582
396.246071,92,252.757773
561.627661,108,252.977312
359.870383,73,253.131147
413.812514,80,253.294386
661.839053,133,253.569171
313.605094,72,253.718504
360.861,81,253.892809
411.034273,92,254.080181
315.750781,71,254.223678
312.358866,71,254.366403
329.235732,77,254.524442
356.475744,70,254.669381
658.439284,136,255.476041
495.211042,113,255.708264
524.726005,108,255.931368
486.443993,101,256.138655
546.640223,109,256.358754
282.1409,59,256.479343
599.722948,121,256.721954
347.343355,70,256.866365
395.69674,80,257.025847
413.757528,93,257.213152
573.539396,115,259.054847
463.233572,92,259.240025
524.047836,104,259.452497
375.099354,85,259.62528
432.940753,83,259.793764
317.153594,70,259.93435
418.244127,82,260.104984
550.30533,112,260.33753
534.493211,110,260.557204
424.884405,84,260.726722
492.715576,97,260.924244
510.07292,116,261.688271
792.479395,170,262.036525
588.180807,117,262.275451
455.956047,90,262.457536
527.547018,116,262.694342
576.24926,112,262.920744
341.287648,67,263.054202
354.354269,84,263.225513
402.839271,77,263.383718
337.883801,74,263.534824
389.987478,77,263.687824
500.389456,97,264.384488
625.14461,139,264.676476
556.328059,110,264.89916
567.342856,109,265.994763
400.735124,82,266.165633
420.172811,85,266.338225
298.92563,66,266.474316
572.101171,111,266.703056
384.158584,85,266.874391
563.980004,112,267.101727
699.461671,156,267.942391
348.461136,79,268.103651
597.746253,121,268.356832
506.275231,98,268.555202
305.834283,59,268.670638
430.553394,86,268.844972
390.319452,86,269.016482
561.151953,122,269.263377
522.445989,118,269.504653
521.448087,113,269.733482
556.820757,105,270.470953
384.18666,90,270.655777
454.63816,107,270.873728
791.40979,160,271.202608
311.832649,63,271.329238
541.160716,104,271.541273
390.164489,75,271.690671
576.510303,111,271.909389
500.564472,101,273.099188
418.974009,96,273.292699
348.365872,68,273.959873
529.18917,111,274.190673
492.023084,95,274.386845
371.769843,82,274.55485
721.411821,140,274.847908
340.446631,67,274.984522
449.905273,85,275.156233
349.397966,77,275.312046
541.298676,116,275.549034
406.828862,83,275.720028
633.986589,127,275.977851
501.076994,96,276.696555
378.320487,73,276.845104
498.244522,98,277.048476
461.181205,89,277.229247
576.554437,113,277.461043
373.902225,72,277.609367
553.777596,107,277.827699
406.086088,80,277.991392
579.150171,117,278.228403
557.757643,108,278.449489
303.389929,71,278.591821
471.354868,100,279.323318
531.076735,108,279.552523
467.246509,104,280.604266
296.235957,71,280.744796
482.463491,94,280.935686
328.232695,75,281.088227
369.834151,74,281.241756
313.919826,73,281.389907
478.245195,99,281.591955
496.758252,111,281.817864
614.354458,133,282.091449
473.199294,91,282.805276
458.770539,88,282.986825
466.502822,103,283.197906
430.87347,88,283.378421
582.01339,131,283.647646
424.553818,83,283.819833
588.410875,134,284.099989
378.969676,84,284.268874
511.587752,114,284.502525
728.052687,142,285.31508
524.8054,105,285.527229
408.004339,93,285.718938
549.474225,108,285.940241
926.388354,190,286.329379
491.893503,111,286.557809
312.497431,71,287.551565
355.553172,70,287.693009
450.228146,91,287.878361
421.977111,82,288.045925
403.069928,95,288.748951
793.665712,169,289.097477
553.409608,105,289.31727
649.381944,145,289.618176
593.224379,127,289.879205
429.732602,88,290.059298
724.998364,143,290.35138
409.773201,81,290.515589
579.093541,114,290.747657
279.53637,66,291.408325
397.014229,94,291.599219
353.699759,71,291.743823
273.553125,60,291.864733
288.953312,69,292.006699
706.847552,144,292.30565
376.991571,87,292.483179
488.49106,94,292.672133
626.146456,125,292.923282
433.714024,88,293.108377
480.443945,106,293.332451
374.769863,82,294.019017
354.278609,68,294.160769
468.702834,95,295.096435
498.384209,111,295.32215
483.69649,92,295.508388
310.104912,70,295.653021
434.83824,84,295.822734
685.217315,134,296.093986
387.089492,87,296.27717
585.366904,118,296.51872
448.674408,86,296.692955
351.221901,81,297.3849
422.548602,91,297.574401
413.420939,84,297.74509
461.974651,88,297.927838
590.864993,121,298.178204
330.281385,79,298.33797
469.017393,105,298.552329
487.231352,97,298.75324
451.811791,89,298.934926
431.665387,97,299.136468
489.272868,93,299.327394
400.466964,91,300.036654
441.46481,83,300.205278
374.035008,75,300.357218
400.183048,79,300.517143
350.620452,79,300.675904
535.633997,122,300.924928
565.269627,110,301.968462
425.40845,82,302.13479
476.522754,92,302.320097
483.926726,103,302.529968
428.83655,81,302.694131
407.532197,80,303.377339
389.701752,91,303.560765
524.457704,100,303.765306
398.282759,77,303.920178
630.490883,123,304.169317
442.020258,85,304.339486
419.107058,95,304.530949
449.842111,85,304.709101
385.764214,88,304.887525
638.987269,126,305.147157
448.8485,89,305.327605
430.333458,81,306.022716
417.658055,96,306.221383
395.023608,77,306.378222
456.494879,89,306.557552
516.496603,110,306.780132
365.255739,84,306.950499
454.526986,101,307.158063
503.527112,115,307.394572
346.781131,81,307.558912
461.24318,90,307.744507
572.047421,114,307.977044
333.409208,76,309.420435
295.414442,70,309.563047
371.688071,71,309.70624
568.475603,111,309.931493
599.487111,120,310.179022
541.416827,103,310.388409
320.569832,72,310.537046
542.766553,118,310.779256
821.865312,176,311.146429
511.037742,101,311.354515
545.87018,109,312.087561
480.786587,92,312.273367
352.034713,82,312.441141
376.510748,87,312.618405
382.674904,85,312.791886
381.979625,74,312.942641
514.610505,103,313.14677
474.394295,92,313.332081
516.398705,117,313.568574
399.644714,78,313.726398
386.189443,77,313.881567
737.186972,159,314.633471
434.095304,96,314.827368
458.798494,90,315.007235
561.82126,124,315.260534
377.825648,74,316.261147
434.160331,87,316.441518
298.256526,68,316.57791
622.89379,137,316.859801
421.910668,82,317.028185
463.007755,106,317.243369
420.583755,95,317.832989
446.144429,86,318.009944
411.511632,80,318.172143
384.779381,75,318.323699
453.633192,103,318.533639
600.879664,130,318.802724
307.425118,61,318.923799
397.557028,77,319.083768
666.889961,143,319.373918
719.073452,145,319.671244
439.264043,86,319.844958
367.43893,87,320.52733
876.029064,180,320.901297
832.633445,180,321.277663
483.074051,95,321.472329
382.083399,74,321.621495
471.048779,104,321.83306
403.9793,80,321.994929
627.920555,140,323.099539
357.360545,75,323.255015
436.960253,99,323.906057
731.140702,146,324.202526
455.672838,86,324.377912
418.271107,79,324.540509
766.521526,148,324.842278
637.790593,135,325.117861
375.007086,88,325.299433
323.424904,76,325.457863
348.83563,83,325.627363
397.884169,79,325.785855
429.73881,85,326.357733
493.120399,112,326.58884
360.106856,69,326.732351
520.678354,101,326.934901
623.429284,122,327.183292
482.438747,95,327.382884
492.837875,97,327.581557
405.291986,79,327.742459
459.362647,87,327.921372
338.662321,80,328.085606
472.5819,91,328.270801
534.55243,106,328.886422
593.629321,117,329.123635
364.657875,72,329.270111
484.432727,109,330.227341
449.773505,101,330.434549
497.959513,100,330.637046
385.552873,74,330.783404
271.975218,63,330.911371
481.856855,103,331.12092
460.076998,87,331.296727
528.286284,103,331.508015
395.301378,76,332.05864
313.204718,66,332.200196
421.776428,81,332.368273
283.359741,65,332.499226
384.425387,74,332.64773
450.792545,87,332.825892
632.909743,125,333.081841
536.36367,104,333.294982
583.983383,116,333.529798
418.336716,79,333.688157
621.708032,122,333.939288
365.691385,85,334.511678
337.09741,75,334.666782
431.657506,95,334.862017
555.304267,108,335.082121
617.729374,118,335.326744
431.350948,82,335.493461
321.287141,63,335.620658
643.386753,140,335.910532
527.826952,102,337.114268
474.695744,95,337.308017
405.364394,81,337.47698
461.849719,91,338.065322
452.414115,90,338.246606
605.889562,130,338.514048
579.51955,129,338.778578
362.926298,70,338.918437
743.451905,146,339.221408
531.110252,103,339.430498
752.087114,149,339.735692
426.508227,81,339.897272
574.918334,113,340.527679
356.479895,68,340.663777
328.440251,67,340.796864
473.609303,89,340.979902
700.12832,136,341.260023
493.525316,100,341.467032
673.071216,132,341.742644
400.70069,91,341.931528
419.729014,81,342.095712
686.663493,149,342.410446
398.447308,89,342.993749
485.67019,111,343.230444
528.173124,101,344.351787
585.471862,121,344.599285
695.009577,150,344.910278
524.557761,115,345.147809
536.508083,106,345.361409
185.198038,40,345.444528
402.117261,78,345.607046
415.069445,79,345.767894
523.146762,106,345.984953
427.539423,89,346.565326
443.095222,95,346.757502
396.294979,77,346.915409
338.560355,67,347.050897
681.085954,133,347.320406
815.868522,156,347.639017
452.913366,86,347.816242
552.834186,107,348.032841
552.902704,117,348.273349
659.835559,143,348.969464
542.85398,124,349.224444
412.245867,82,349.389995
603.9831,120,349.63269
407.685592,78,349.790688
441.948017,85,349.966494
578.492638,113,350.197646
360.683257,80,351.353813
568.259368,111,351.581053
514.4392,118,351.825857
323.740409,75,352.381091
831.994982,176,352.74585
413.737486,94,352.941178
448.897956,89,353.123272
352.436907,77,353.277498
821.735943,162,353.614222
417.846837,81,353.781665
395.460037,89,353.970335
309.793815,69,354.110236
330.051597,65,354.242131
458.312746,91,354.428545
632.561501,127,355.090467
782.230956,150,355.39951
477.865079,92,355.58953
518.77336,100,355.796104
296.636665,70,355.938796
471.287419,109,356.164773
550.850241,105,356.377994
468.8519,100,356.581254
385.739014,77,356.740097
425.087809,95,356.935152
441.899403,97,357.533351
588.34004,133,358.713861
420.646716,97,358.914109
373.824312,89,359.09938
560.472371,109,359.320431
463.357397,105,359.538106
503.863039,100,359.747887
703.985535,141,360.040431
654.486819,135,360.321511
651.315779,126,361.108207
458.646199,85,361.280244
747.173957,153,361.595766
667.693609,131,361.867876
475.99593,108,362.092074
504.809451,96,362.291248
523.226081,118,362.538152
646.872715,128,362.805574
327.490391,63,362.932062
420.322204,96,363.649378
370.592695,71,363.797056
467.954702,90,363.983844
482.601921,109,364.215516
583.629657,113,364.446177
387.134244,76,364.601446
562.732357,109,365.732717
280.178531,65,365.865225
457.559352,90,366.052021
561.906445,112,366.283864
450.686953,87,366.46308
502.699502,110,367.228108
499.074954,96,367.424818
467.992582,90,367.611121
536.747248,106,367.827555
807.861024,173,368.18486
365.536631,75,368.337365
418.702659,80,368.501305
348.926124,72,368.645351
263.247914,60,368.767041
476.892588,92,368.958942
542.632507,107,369.179799
425.380363,94,369.897241
348.271016,82,370.064146
362.209756,84,370.237777
444.883381,101,370.444436
383.129728,74,370.593749
379.139941,74,370.744883
382.166821,73,370.895634
810.141518,160,371.230707
396.158106,89,371.412305
320.120325,75,371.57001
520.731349,105,372.598693
592.549183,130,373.38479
502.385136,103,373.59613
417.421789,80,373.760561
321.480693,74,373.916791
426.43323,82,374.087749
393.410828,77,374.247556
489.186109,98,374.445061
683.624317,140,374.73961
414.315967,92,374.928767
390.283769,83,375.101894
449.917047,86,375.2741
436.813375,92,375.983494
359.108684,82,376.15679
724.893161,136,376.434927
450.209329,104,376.654898
483.768723,91,376.847006
661.200762,126,377.109985
500.03215,98,377.314588
467.550883,90,377.4995
530.061255,118,377.742243
411.539772,93,377.936102
612.744178,121,378.728319
390.405529,87,378.915902
524.158445,101,379.124518
441.857448,85,379.297416
349.290359,79,380.241475
653.330054,140,380.537043
524.880803,104,380.750482
451.264969,86,380.926292
407.125041,81,381.092387
691.718885,134,381.374878
468.029948,91,382.087303
353.117511,83,382.257457
840.118925,170,382.613309
421.428158,83,382.78715
463.223373,103,383.000201
576.349639,112,383.234653
482.601485,92,383.429731
476.055364,90,383.617157
480.258215,92,383.809976
542.792179,107,384.026164
403.272762,76,384.704016
607.541392,114,384.932069
847.350189,169,385.278587
527.113167,100,385.490284
554.535211,125,385.748436
382.604527,73,385.901669
522.813463,117,386.143946
373.288817,87,386.322044
352.964072,82,387.22546
466.801368,89,387.40606
452.755698,90,388.110008
534.61308,118,388.354291
503.09084,102,388.561829
757.147174,146,388.860919
456.796538,86,389.038057
539.890691,120,389.290155
429.99295,82,389.461057
434.764242,81,389.625567
561.427191,106,389.846012
270.28766,59,389.964715
661.264282,126,390.736766
539.81716,104,390.95315
505.399065,111,391.188715
552.955739,125,391.452116
626.051669,137,391.733572
509.920793,106,391.956081
700.372656,132,392.233958
492.907425,98,392.433241
448.773699,85,392.61092
360.762128,83,393.309045
534.758527,104,393.527634
437.875214,85,393.700605
539.935412,122,394.689792
805.170852,158,395.019715
460.940374,89,395.199594
590.383807,121,395.451475
513.423865,98,395.654024
575.874425,111,395.881317
492.701535,111,396.628062
596.548094,130,396.898712
409.088052,93,397.091116
466.496773,90,397.275079
385.709183,73,397.425177
803.79869,176,397.796985
634.471434,136,398.081312
313.924745,71,398.2307
529.251074,122,398.483045
639.180985,141,399.295992
324.778626,66,399.433902
443.947728,85,399.605566
472.417625,98,399.807399
776.482496,161,400.141402
534.576755,122,400.392315
472.686287,92,400.58538
469.99764,105,401.53206
418.765726,90,401.718818
439.930468,102,401.932938
383.78084,81,402.098081
338.542125,66,402.757063
512.251458,103,402.970577
500.452627,98,403.174102
376.15938,86,403.355646
467.491935,103,403.573606
497.689487,105,403.789397
443.080925,85,403.96531
554.850653,126,404.224182
568.478622,107,404.446975
340.137551,80,404.612289
590.250676,116,405.379701
600.249939,119,405.627449
434.71889,86,405.805666
387.303754,76,405.963257
402.804359,93,406.155656
803.809015,149,406.465435
565.039635,111,406.693081
472.857049,93,406.884805
405.944577,92,407.075476
362.027826,70,407.217888
360.863946,71,407.366233
614.023533,115,408.126337
706.409166,136,409.155157
692.089591,130,409.421884
359.906592,83,409.598733
555.661035,106,409.819768
488.038903,94,410.015067
733.817323,137,410.293427
552.006524,107,410.514761
660.562317,127,410.777494
481.867698,106,411.549713
715.979177,135,411.835301
459.582938,108,412.059739
621.94401,122,412.315077
616.124951,120,412.562593
468.315871,107,412.789071
418.484299,97,412.996364
474.5942,94,413.195299
406.779914,96,413.392918
512.875145,102,414.110517
530.13447,120,414.360839
433.487813,84,414.532537
388.740141,75,414.685452
707.716236,157,415.017472
508.443143,99,415.227203
407.163566,93,416.187876
513.424541,104,416.401385
450.51877,88,416.582229
366.768728,75,416.73889
416.501662,94,417.463983
505.929179,97,417.667055
357.641095,83,417.840266
466.661505,106,418.059147
469.60676,106,418.279381
471.635112,107,418.503695
456.393339,90,418.687245
403.731959,91,418.882305
440.214511,105,419.102021
419.65068,97,419.301444
608.957512,117,419.540713
492.332752,93,420.243849
435.437759,89,420.423278
603.255716,129,420.689806
590.659686,115,420.928747
974.170966,208,421.362866
549.303636,110,421.592158
613.052066,133,421.864479
455.506881,90,422.049714
593.824683,115,423.58777
520.713597,99,423.792958
422.515626,96,423.991935
624.250569,121,424.239109
504.568724,94,424.427036
520.082891,100,424.631943
671.394181,135,424.913074
527.462611,97,425.114493
843.720807,168,425.468698
613.516954,121,426.234867
382.854793,88,426.415017
376.102365,88,426.595434
626.56874,123,426.848363
372.544787,89,427.035628
569.631491,123,427.290186
460.920071,91,427.479304
516.409318,119,427.722305
513.647786,117,427.963381
450.065764,87,428.137038
578.461913,118,428.891532
485.97788,110,429.121879
499.132334,98,429.328928
646.762299,132,429.602271
591.298033,122,430.612288
454.971606,105,430.83446
427.724046,81,431.002645
373.658438,70,431.15078
409.633208,96,431.357117
635.312336,120,431.605237
424.02693,96,432.318237
816.422616,164,432.662983
633.004467,120,432.915538
908.411229,178,433.285127
651.242539,141,433.576638
364.864733,75,433.733509
440.750577,86,433.918056
538.470795,102,434.133902
579.317532,106,434.881197
385.559737,83,435.051524
352.259235,70,435.190778
409.796796,83,435.36073
594.837026,118,435.608372
512.751215,102,435.815968
548.370936,113,436.053591
619.196278,119,436.296226
622.296943,117,436.537084
445.270192,86,436.714081
471.465264,108,438.234318
471.954851,92,438.431067
574.508247,121,438.682417
543.08409,107,438.905178
542.604161,118,439.159053
482.726275,93,439.349977
416.048399,84,439.521229
480.674088,102,439.729292
511.165753,119,439.978098
598.851195,114,440.218317
677.331398,151,441.065173
653.866646,125,441.328503
357.393726,79,441.493284
505.580148,95,441.69103
568.992795,108,441.91207
541.620878,119,442.157904
461.705155,90,442.345631
566.283679,107,442.56671
620.04471,136,442.847011
457.702404,106,443.588156
593.238723,131,443.86779
868.721497,181,444.250382
342.896894,84,445.232232
339.954892,80,445.401991
336.75299,80,445.571627
430.173997,82,445.742772
371.445555,85,445.918647
549.296353,106,446.138829
598.917082,136,446.426518
361.595033,84,447.131865
696.629288,135,447.414171
418.557045,99,447.621505
324.996471,77,447.781044
521.569003,102,447.994169
845.320267,165,448.332423
486.118767,117,448.579983
652.374541,140,448.870251
635.72931,146,449.725683
537.461991,102,449.93942
547.508579,103,450.155315
505.78928,95,450.355678
751.335176,150,450.673726
738.405063,142,450.971335
619.179793,126,451.233233
638.507544,125,452.289318
707.745372,155,452.6057
770.789168,147,453.442797
387.53114,89,453.627408
453.825166,88,453.808139
683.845425,131,454.079112
550.112978,109,454.300247
477.423371,108,454.522707
458.702527,97,454.723875
514.272312,98,454.928775
629.663199,140,455.225784
668.481713,132,456.035331
591.909999,118,456.283229
615.8597,116,456.529608
415.249247,80,456.698707
653.115978,129,456.967262
738.142849,148,457.281054
660.421695,139,457.570942
527.520941,119,457.823278
531.027221,125,458.627399
648.688503,126,458.884268
695.92835,144,460.002191
495.799584,94,460.206048
526.038531,100,460.413468
561.379045,111,460.644644
356.266267,84,460.820864
688.489734,132,461.090725
438.051715,101,461.299609
813.771349,179,462.172968
738.440542,167,462.522768
557.420812,103,462.735398
902.404394,193,463.147691
595.834517,130,463.416139
406.227424,93,463.606447
610.185842,124,463.862213
446.047911,100,464.068502
634.875334,122,464.838681
485.543641,94,465.032942
657.836693,125,465.290522
526.346677,118,465.53581
687.633843,126,465.79492
1375.277292,275,467.109623
454.710453,91,467.299443
575.277238,120,468.060394
437.509149,102,468.271383
1384.849903,270,468.828264
604.096037,112,469.056322
439.61816,99,469.260278
447.482452,101,469.469218
374.196594,85,469.647152
412.67037,80,469.807073
478.832638,109,470.031256
453.524463,88,470.739785
784.008342,148,471.048002
588.99162,112,471.289801
473.074091,88,471.465992
524.423661,99,471.672459
604.231984,118,471.918752
387.228153,75,472.072583
577.213936,105,472.292955
512.584776,103,472.501557
549.955239,104,472.708146
389.458561,74,473.376049
416.487371,80,473.539791
754.179526,144,474.654058
731.409695,160,474.995312
475.388647,89,475.18523
488.522909,113,475.42331
550.61238,101,475.631382
574.960304,107,475.849953
654.855469,125,476.105561
692.396523,131,476.895539
609.894528,122,477.151437
498.651744,96,477.355858
527.06466,101,477.570582
463.218439,88,477.753171
384.630401,81,477.916518
578.05643,112,478.145595
457.430039,97,478.354529
526.89772,100,478.568354
620.61438,121,478.81696
435.893692,101,479.542064
614.222749,119,479.791414
651.119655,127,480.049837
459.446831,89,480.232014
450.596213,105,480.45441
450.34667,85,481.741649
382.525345,88,481.926817
615.739897,117,482.165302
606.942262,117,482.407981
577.858821,108,483.166858
1103.619108,220,483.625342
1017.824968,200,484.045893
432.917476,103,484.268477
639.093123,122,484.518219
398.71895,91,484.704919
764.321833,157,485.031715
690.606073,132,485.840298
745.582337,143,486.141887
523.963897,99,486.34679
947.998314,192,486.744996
656.328924,134,487.018425
1117.222482,220,487.478842
509.781351,96,487.675667
740.914553,134,487.953589
417.460122,97,489.53146
591.911234,114,489.770019
342.228715,65,489.904452
684.185186,154,490.234592
589.345114,132,490.505938
563.515691,123,490.775408
389.817795,90,490.966785
386.607359,86,491.148767
399.647147,91,491.338758
553.961005,124,492.125861
641.168378,145,492.430791
513.220512,104,492.645413
558.922201,121,492.900954
471.538271,108,493.129854
504.375285,93,493.324895
562.160361,110,493.551651
408.231318,79,493.711235
566.534295,106,493.930197
562.97663,125,494.735383
566.662535,124,494.996652
580.713461,124,495.255859
430.374352,98,495.459839
911.745319,200,496.745438
610.487993,118,496.994084
546.44733,104,497.20863
838.77081,165,497.546925
836.847966,155,498.384708
471.78871,90,498.571265
1141.296435,228,499.051592
615.655941,126,499.319581
528.184587,106,499.540413
441.051621,90,499.726483
354.134715,80,499.890343
451.477274,101,500.107098
428.735572,83,500.27791
470.991695,89,500.983796
484.852468,114,501.215426
502.495347,95,501.414756
435.685947,82,501.583661
469.524783,105,501.801357
471.318693,93,501.997521
606.489939,114,502.236867
520.344397,115,502.47687
692.091369,137,502.763423
534.665823,111,503.946981
759.476556,157,504.7736
450.037071,103,504.992625
433.455652,98,505.194809
457.988921,86,505.370752
432.000156,81,505.538393
503.412391,97,505.740261
671.906914,131,506.012807
556.385639,108,506.234941
497.397442,113,506.469185
813.055517,164,507.333839
720.080389,139,507.620306
529.656188,110,507.849718
502.139611,98,508.053485
659.913004,119,508.30119
619.439492,117,508.542243
531.603962,100,508.752565
689.338585,134,509.025984
434.819958,100,509.756764
657.66881,139,510.038623
601.21955,112,510.271197
604.837803,113,511.493649
570.911386,113,511.729985
777.370807,143,512.03283
674.110823,135,512.317954
621.621011,123,512.571588
658.19164,145,512.877145
659.091455,132,513.675433
499.054961,94,513.864532
604.774612,131,514.131904
336.21274,68,514.272139
669.107486,128,514.533438
775.966601,154,514.843801
899.734521,169,515.200799
632.134929,124,515.465084
355.392089,83,516.16808
401.241432,78,516.324772
438.177641,98,516.528131
569.441204,108,516.751861
675.094207,124,517.008
537.366591,113,517.238573
636.713591,124,517.500833
447.964631,99,518.698919
738.421851,163,519.043899
505.098813,104,519.782634
485.220758,93,519.97816
905.018644,173,520.348355
363.716046,83,520.518881
894.421951,186,520.904294
323.161393,69,521.046068
628.034735,129,521.311668
601.07267,114,521.548919
590.110996,126,521.811151
534.485105,114,522.553766
682.662086,132,522.825154
374.600274,86,523.005516
799.662608,152,523.332045
538.165685,117,523.574406
843.300258,162,523.918309
761.849452,147,524.228318
373.658958,72,524.379835
384.409117,86,525.076932
727.591488,141,525.3667
452.425486,104,526.527216
621.907097,117,526.768617
619.945998,121,527.020992
832.24549,165,527.369903
677.496314,148,527.683844
507.614286,97,527.88382
572.999,121,528.658666
758.368357,153,528.976714
467.442999,88,529.157915
476.119887,90,529.347686
574.800438,108,529.575542
468.499848,90,529.764784
463.142916,91,529.952264
478.162526,91,530.14798
379.936976,91,530.347346
678.936108,138,530.647385
484.171032,92,531.365031
617.101803,113,531.596007
484.797206,94,531.794957
861.035484,162,532.138464
470.46156,89,532.327646
657.453068,137,532.610342
648.225293,119,533.719752
691.018392,134,533.998068
669.869939,129,534.262452
483.107231,90,534.969192
521.977814,117,535.214598
564.912802,109,535.443208
663.799908,127,535.707893
657.426955,134,535.983649
845.107919,175,536.345041
564.625417,106,536.563491
624.786151,139,536.868989
476.508564,103,537.598524
909.531103,176,537.9584
339.866832,77,538.118245
848.449721,162,538.452979
446.596044,87,538.633971
736.052949,144,538.936867
458.442526,106,539.156587
773.01459,154,539.478382
485.790886,93,540.196935
670.233261,129,541.334831
537.530829,102,541.549025
568.960597,126,541.814918
709.681886,136,542.105683
466.243766,97,542.307065
488.864507,93,542.50549
423.442723,97,542.707627
722.227785,145,543.009766
1000.206599,191,543.940678
579.138038,116,544.180915
764.650201,140,544.476761
508.616179,115,544.721296
871.551809,175,545.088469
507.823522,96,545.284361
863.987029,161,545.620859
727.287851,149,546.456491
750.042475,149,546.769448
540.181241,102,546.980291
792.45906,178,547.35327
640.761663,143,548.601089
547.330153,122,548.858044
558.662573,107,549.083147
579.939263,111,549.313809
710.485135,136,550.117693
697.202605,139,550.415687
705.129471,138,550.707399
854.207824,172,551.068349
513.601099,102,551.280261
530.677703,122,551.538426
697.825558,154,551.864567
953.348935,185,552.77517
574.995057,109,552.998299
461.814355,93,553.194237
579.835552,108,553.415594
637.999989,142,553.717795
649.441225,123,553.977384
488.696775,94,554.177817
639.422483,121,554.427243
469.728248,90,554.610274
675.555049,138,556.336867
542.646727,125,556.603965
941.62995,179,556.988051
606.647636,114,557.225099
746.363203,142,557.515142
589.273993,119,557.768225
386.082185,90,557.955767
543.810137,123,558.22043
860.905864,191,559.164305
623.340577,118,559.41528
626.781232,118,559.663446
970.051012,196,560.077737
1332.422391,253,560.603974
689.963304,129,560.866193
379.406881,88,561.551039
584.309387,130,561.828138
706.128126,136,562.106573
541.191707,124,562.373675
781.469668,148,563.611772
847.667412,155,563.933105
533.300945,101,564.15821
535.792916,109,564.401932
359.054708,71,564.559286
799.164329,147,565.414228
757.477926,153,565.7512
447.888549,101,565.976539
578.507308,111,566.236623
621.340276,135,566.579014
690.390487,136,566.867871
692.632004,129,567.129827
697.730264,127,567.395621
984.075076,212,568.374458
906.093303,173,568.73508
1063.087921,217,569.19225
593.546094,114,569.428579
404.566338,95,569.625562
684.562805,124,570.860916
545.53164,108,571.08106
454.174366,85,571.775252
494.78809,95,571.977593
549.226969,114,572.223949
717.174184,140,572.515263
546.243741,102,572.727964
746.117222,142,573.031394
771.561504,138,573.320475
711.871374,140,573.6149
458.986072,90,574.32093
497.280628,105,574.538278
1088.297509,205,574.966779
874.931992,166,575.323695
739.100743,138,575.606879
779.643905,150,575.933734
589.922997,107,576.153332
631.570086,140,576.446935
1024.755033,212,577.426859
736.621068,138,578.817921
517.480123,121,579.070328
511.994614,94,579.269483
566.561857,109,579.499503
573.716665,122,579.748338
866.567101,167,580.090193
388.960432,93,580.811588
743.231317,139,581.100121
941.675624,173,581.457022
516.312509,122,581.71388
861.797789,161,582.045329
822.914982,152,582.361877
838.851718,178,582.737314
791.515197,158,583.573594
932.844309,177,583.939778
562.622644,107,584.168092
816.335242,160,584.498982
681.424642,140,584.788304
798.877945,154,586.291559
860.085193,166,586.636223
873.836228,174,587.544868
710.372773,132,587.818249
837.174511,160,588.153894
563.115741,105,588.366402
661.079606,143,588.665244
618.52827,119,588.916874
617.661152,117,589.152936
561.404708,110,589.912358
621.997862,132,590.194314
542.709745,102,590.40257
571.94093,111,590.627893
778.978267,148,590.940529
533.111957,103,591.167522
699.701313,146,591.475723
492.880574,98,591.67643
605.667853,117,591.919447
603.193924,121,592.706639
493.95708,112,592.954997
714.109845,132,594.349118
483.462536,89,594.535509
538.686248,103,594.750808
580.872578,111,594.988266
972.082433,177,595.344598
557.011112,105,595.561558
369.114092,79,595.727696
782.808952,162,596.581082
869.636205,161,596.919472
779.493073,139,597.211503
995.577809,216,597.664376
926.433089,186,598.052601
634.285706,142,598.354171
715.060252,143,599.191181
800.410987,149,599.501546
558.009929,105,599.717195
945.999708,176,600.095723
747.52254,144,600.398654
484.396817,91,601.83016
569.83185,110,602.061469
412.289641,97,602.273216
747.252055,141,603.080557
677.400651,150,603.397834
792.77239,154,603.719238
716.078245,149,604.025455
445.098443,99,604.236178
483.177901,105,604.458397
480.298022,111,604.697352
678.872886,135,604.980793
878.321381,176,605.879002
997.498073,208,606.316122
723.296374,140,606.609876
656.52927,126,606.86915
619.448101,116,607.105225
588.332116,113,607.334499
588.31733,112,607.568404
672.843621,128,608.375271
492.52615,115,609.791816
561.26944,107,610.01098
576.771114,119,610.257202
590.048588,127,610.523767
494.507565,104,610.742714
688.475455,149,611.059819
504.671863,102,611.276689
905.529832,179,612.177681
925.102471,172,612.532885
744.157638,141,612.822924
752.916649,162,613.161667
828.765623,159,613.49596
496.563523,115,613.73666
718.836304,139,614.02741
690.220121,139,614.819908
551.501692,105,615.043133
605.36422,135,615.330979
1009.16254,210,615.778257
1267.28632,238,617.475054
919.952653,181,617.855584
567.268237,120,618.110204
441.351563,84,618.789476
724.256022,158,619.12494
616.410427,119,619.379936
950.801577,182,619.759239
457.373346,106,619.986399
685.580004,123,620.240716
669.466616,126,620.497577
642.280355,120,620.743436
728.08642,150,621.569662
660.833601,127,621.836556
1161.739454,214,622.278725
423.739987,83,622.45532
664.350426,123,622.714319
821.057476,152,623.041192
889.004524,163,623.383656
471.647813,107,625.251767
832.667339,166,625.591609
872.740362,165,625.941577
914.253688,172,626.298878
583.068718,136,626.583938
744.219969,141,626.868804
589.903945,129,627.147948
870.000092,165,628.005896
612.782097,137,628.297093
467.067409,88,628.480151
434.302274,87,628.651981
642.858305,143,628.948032
659.634359,128,629.20869
744.044563,132,629.477032
990.763863,190,629.870954
715.559474,136,630.678723
711.541853,153,631.006219
499.711534,112,631.240913
725.60895,157,632.920553
767.662837,143,633.217842
547.324384,107,633.43966
384.424984,76,633.607294
973.595266,180,634.426437
731.784769,158,634.761647
792.675925,149,635.07979
706.307733,135,635.363629
820.897928,154,635.679868
759.32473,143,635.98425
1006.857785,186,636.371518
665.9646,148,637.082562
1302.825203,243,637.588442
712.942354,139,637.881968
772.338862,146,638.1913
681.697919,122,638.447398
356.615132,83,638.620461
539.38299,102,639.945423
678.801493,133,640.624735
827.064548,170,640.981187
710.461066,134,641.263135
486.320029,95,641.460818
1021.497932,206,641.892054
773.671658,160,642.229871
946.022435,179,642.616606
1016.480241,181,643.387712
964.689253,182,643.775482
1093.448013,206,644.206035
925.124083,200,644.629411
914.791339,178,645.006176
745.413544,163,645.748693
638.402544,128,646.016417
1047.310417,193,647.74637
767.73522,141,648.04433
621.631243,140,648.34781
297.21443,59,648.468033
547.499082,104,648.688754
644.931171,129,648.958797
857.457507,166,649.700577
604.924713,118,649.946926
724.384403,142,650.242241
842.053032,183,650.63311
955.225693,193,651.035991
708.267146,133,651.320694
683.025897,133,651.600757
897.027605,172,652.374289
836.537247,171,652.738572
727.94047,132,653.008323
525.808292,118,653.256117
1014.551953,195,653.668568
634.386288,145,655.213814
662.821441,130,655.48279
1157.393981,228,656.365192
813.825462,156,656.694414
689.351674,128,656.960433
549.389696,103,657.166015
671.845614,123,657.415417
755.103706,144,657.711507
911.631952,164,658.456519
1107.995256,207,658.891396
906.881231,168,659.239217
599.752821,112,659.478859
1099.48433,211,659.917411
611.118628,114,660.155381
1000.811676,182,660.531411
669.934794,126,661.187356
610.512602,117,662.69438
836.571109,156,663.023908
721.011857,153,663.336755
828.337573,156,663.655577
718.653068,150,663.973585
515.664578,118,664.223619
599.821875,118,664.872545
1203.651615,217,665.322489
549.325836,121,665.578394
876.960668,173,665.942821
834.014447,158,666.27347
744.348586,145,666.584846
474.934029,88,666.766131
554.73596,105,667.503131
822.891884,155,667.820312
572.140032,108,668.047368
1048.013692,204,668.473375
941.855958,178,670.335421
1012.010428,213,670.785846
604.626976,121,671.039643
690.058204,128,671.824844
513.41091,116,672.07495
924.729115,196,672.4844
1027.902503,196,672.891292
850.268162,159,673.220682
944.124969,179,673.600411
1026.031442,201,674.547751
1020.127145,209,674.993407
476.41704,88,675.174575
660.389419,150,675.496317
1077.635768,198,675.915632
596.830977,111,676.147224
563.166912,104,676.363822
567.852289,125,678.544652
960.191414,182,678.917278
721.23491,132,679.190794
350.205489,68,679.332378
816.087592,150,679.650027
635.628667,140,679.945538
601.293136,112,680.178547
871.187386,167,681.044679
810.495897,151,681.356355
491.580287,93,681.554514
564.885341,130,681.838944
656.871376,122,682.097538
619.798826,120,682.341074
864.808442,178,682.723957
942.406558,172,683.07928
910.965171,171,683.960932
907.310724,177,684.334639
867.795188,171,684.689574
1122.006885,217,686.406902
1109.000735,208,686.836214
517.142396,108,687.063895
541.796944,100,687.807845
773.380634,145,688.116241
741.477216,157,688.449096
615.777181,121,688.705529
532.167874,102,688.918381
988.602084,200,689.333102
788.811801,169,689.686061
691.167203,130,690.47495
875.490498,179,690.848301
810.258302,152,691.168635
703.929897,137,691.455734
589.325856,104,691.672177
426.209771,89,691.859377
1166.435584,212,693.742167
415.202253,97,694.486386
979.735531,180,694.862415
772.388735,151,695.183362
1001.203485,179,695.554054
739.836618,161,695.897597
1451.499956,281,696.491714
1194.050077,231,697.504789
1035.014908,185,697.886692
779.193685,151,698.194309
849.203861,161,698.530297
713.267098,135,698.813072
1368.143563,286,699.935836
517.746201,118,700.200727
901.679474,167,700.547119
759.978754,157,702.275504
588.710563,110,702.506665
677.860604,143,702.80623
600.807395,121,703.062152
883.993313,177,703.951414
725.778579,160,704.291441
787.054934,156,704.614742
911.038328,168,704.965881
688.434231,140,705.252522
995.671004,196,705.660578
695.573266,140,706.458541
774.585314,153,706.788019
813.173023,153,707.106891
625.552703,125,707.366151
618.15227,114,707.601569
508.612904,96,707.798275
542.580716,105,708.016993
642.192545,122,709.685142
1201.113211,233,710.696433
984.307723,184,711.076627
1294.950588,252,711.616215
793.509273,147,711.925425
985.184605,199,712.34422
753.032733,138,712.631802
409.516359,79,713.322159
878.383758,164,713.65851
1446.379897,273,714.243409
576.678748,132,714.527069
2001.898696,377,715.326382
488.017231,111,716.076983
377.141213,75,716.230818
428.560886,96,716.437185
949.547633,175,718.295917
846.498897,166,718.635585
744.465429,170,718.98856
1434.346939,272,720.091451
664.460782,122,720.340963
930.87423,180,720.711366
864.598775,160,721.040905
866.693177,179,721.415817
764.266149,140,721.70493
693.933074,131,721.981909
933.671562,168,722.860495
588.50539,108,723.078087
1280.557211,263,723.634988
407.957289,95,723.840154
772.367447,162,724.186945
1111.477833,204,726.192693
636.601145,137,726.990486
657.386139,124,727.252055
583.00919,111,727.4823
646.688686,130,727.757086
795.616929,169,728.115705
573.63262,104,728.338558
496.058496,113,728.584973
769.73215,156,728.901907
852.99246,162,729.792206
918.279826,185,730.188372
1017.894533,185,730.581234
1048.124646,225,731.066526
1727.396883,317,731.733767
639.487045,130,732.532435
761.860956,172,734.391803
857.256678,162,734.722275
1461.168533,261,735.271659
772.643486,142,735.561023
720.014909,132,735.831864
667.275808,127,736.625234
749.299364,147,736.930662
580.700436,105,737.144827
1077.567827,218,737.602421
1053.642536,221,738.072044
691.087303,128,738.335342
829.648972,175,739.225934
657.939488,125,739.484361
645.417959,123,739.737692
1409.315894,268,740.290203
710.062197,135,741.757771
641.582442,142,742.057009
619.92949,129,742.330826
599.955767,115,743.09817
758.230323,173,743.465061
686.473606,130,743.738745
1112.420788,213,744.190509
524.85639,106,744.413387
1362.201404,259,744.954919
416.218823,93,745.152378
831.742023,161,746.022573
972.212783,178,746.393478
599.944446,117,746.639974
869.451679,188,747.038335
568.60326,106,747.27185
779.984556,163,747.609838
1168.002081,229,749.897395
445.801507,91,750.08068
786.090939,147,750.382623
829.287855,164,750.733737
670.863853,128,750.996522
1353.608312,247,751.502506
753.848016,139,751.781856
1046.291948,207,752.720133
890.931794,165,753.063484
661.052044,141,753.360343
887.589317,168,753.712453
786.669638,150,754.029787
916.334653,170,754.377921
980.483046,193,755.316868
779.545867,143,755.612116
677.701922,119,755.859799
718.379873,146,757.454494
614.178085,137,757.749715
1072.927999,199,758.158412
719.575668,135,758.96082
918.533676,172,759.314327
575.043823,108,759.539452
700.924568,144,759.842717
933.573347,176,760.209163
681.803196,145,760.528062
783.992242,173,760.893328
1153.037121,216,761.878873
666.639253,150,762.19351
738.221788,156,762.512836
676.536023,125,762.766389
509.03475,100,762.976985
958.408109,183,763.356255
744.116571,153,765.073478
750.569564,136,765.869582
1042.896577,193,766.273094
1130.993084,207,766.705302
1013.997667,198,767.11879
805.135982,147,767.422871
953.552335,204,768.392451
964.643867,178,768.764902
628.417861,121,769.011547
788.347936,157,769.330152
1221.455575,230,769.796555
545.690474,125,770.056858
521.687725,121,770.314613
600.850767,115,771.091953
719.349764,132,771.370268
472.706032,113,771.616938
763.837273,146,773.290392
764.654138,139,773.581148
866.218864,162,773.928677
895.869373,196,774.343435
709.755991,140,775.145059
633.504608,135,775.423189
742.223559,158,775.753061
484.268291,110,775.984179
708.77254,162,776.323926
716.767154,141,776.621267
684.533113,147,776.927883
734.330403,159,777.782807
1022.328937,192,778.19371
756.875166,144,778.495425
628.653377,129,778.771183
698.624583,143,779.062934
703.391644,130,779.326003
1676.815677,322,781.75234
698.897967,147,782.060132
934.707558,194,782.466446
806.498739,148,782.772054
909.465109,165,783.106226
1116.197086,211,783.540653
688.615725,135,784.318644
643.428562,120,784.573443
782.399907,139,784.859701
995.755217,192,785.259255
982.742276,187,785.649549
695.146042,142,785.944413
1111.224665,226,786.831597
997.940441,180,787.206323
735.895512,137,788.949777
879.648205,162,789.281831
688.016417,150,789.59602
854.04728,172,789.957321
550.823356,127,790.224977
1440.97075,260,791.167986
461.990704,104,791.383828
547.738103,105,791.597728
1027.517987,201,792.013961
802.194775,169,792.370694
784.47625,152,792.695842
856.075518,165,793.432395
945.272208,175,793.807749
640.939303,118,794.063934
1060.717809,199,794.475443
909.879202,178,796.148998
1152.838728,220,796.610665
597.183554,135,797.298248
1303.766017,246,797.817351
1015.691372,223,798.298301
874.166966,179,798.67132
885.687309,165,799.017442
723.129577,141,799.705608
833.267489,163,800.037833
1243.70113,233,800.519161
848.043546,160,800.848578
545.990339,105,801.07424
889.54325,182,801.46362
732.535587,140,801.750036
1243.633633,234,804.068369
615.343157,112,804.297637
970.496565,172,804.651929
835.981982,160,804.98342
988.318518,192,805.388497
610.500992,110,805.615486
1116.116159,208,806.443113
688.069555,136,806.728923
827.892268,155,807.050067
679.302339,147,807.358482
534.16126,100,807.566057
448.43481,106,807.790929
661.733816,139,808.083529
960.499707,188,809.004995
672.067511,126,809.268375
1028.009931,185,809.652796
945.886146,180,811.505678
864.322682,165,811.851095
680.480966,129,812.1177
1182.464137,221,813.10661
601.505283,115,813.34152
902.216367,169,813.70347
780.653306,155,814.034264
691.741861,128,814.301843
764.377746,148,814.606613
840.947082,179,814.980266
1032.649364,203,815.938895
1289.306774,250,816.462665
1220.331457,252,816.98136
907.636966,162,817.321575
810.664545,146,817.618092
594.383095,133,820.136762
1089.318694,215,820.584914
704.724988,134,820.86827
1228.683814,231,821.346179
1048.094479,211,821.781145
1071.455909,198,822.699734
706.285321,153,823.024822
734.673163,158,823.37042
754.236287,141,823.676334
1148.345769,232,824.165431
652.300346,125,824.422818
1316.380995,247,825.447636
504.476586,93,825.639188
614.359702,135,825.92464
1573.53033,297,828.033418
1521.647181,315,828.703255
836.533669,163,829.564894
352.298028,84,829.747627
601.531507,111,829.977655
989.641175,189,830.385496
745.2857,155,830.714284
896.731541,162,831.042761
1396.321284,256,831.589108
619.272998,116,832.361701
1904.492295,390,833.192909
846.496031,156,833.528558
1176.878743,220,833.987827
899.203438,162,835.801571
927.071887,183,836.708363
624.619329,122,836.961263
874.646104,174,837.330793
879.106235,164,837.664571
1072.238794,207,838.102484
976.23881,201,839.075482
1145.682424,216,839.525433
694.537069,156,839.86687
691.31217,154,840.196267
663.347527,121,840.451233
808.950662,173,840.830866
748.816681,141,841.122772
640.554365,124,841.917503
711.934139,130,842.19001
787.945912,148,843.939385
1887.195423,351,844.679743
1267.494106,228,845.152362
609.769127,139,845.970309
668.770968,129,846.234369
911.090371,184,846.633926
790.997204,171,847.000587
886.977823,163,847.334351
769.716931,167,847.684881
853.874967,189,848.610882
1293.321226,258,849.150939
885.9963,182,849.533468
760.744504,144,849.831495
488.932137,114,850.07719
923.111446,178,851.887278
1665.600576,305,853.064252
673.125591,122,853.331977
937.556378,190,853.734148
908.018686,177,854.115194
2354.614712,437,855.588444
735.391641,133,855.865222
729.790466,138,856.156327
1182.548696,248,856.690323
896.600681,183,857.081724
1032.57252,188,857.475882
849.53502,165,858.352563
1188.469116,246,860.528272
840.268954,165,860.879671
890.409054,166,861.231476
707.56639,136,861.515916
1125.712774,214,862.489012
1018.871792,193,862.893656
776.463375,152,863.216889
806.848382,146,863.520473
790.004341,148,863.83038
743.862307,142,864.129843
637.027297,148,864.454846
1310.696247,251,865.493067
775.245741,150,865.806915
845.480008,157,866.142236
709.22726,137,866.424439
743.113836,147,868.0764
1174.263207,226,868.551828
664.906627,128,869.342456
1022.229324,192,869.745885
715.400164,161,870.097021
961.25157,188,870.500956
569.048379,106,870.72131
1365.133597,260,871.253933
1233.170136,231,872.266006
717.845791,142,872.564541
750.46816,163,872.915104
613.872058,120,873.172297
637.005324,143,873.479081
802.976516,151,873.794224
734.406677,147,874.652612
1264.262692,228,876.332186
840.843172,158,876.654487
805.344435,162,876.994368
662.17745,134,877.281297
1182.871304,242,877.796152
1494.005911,298,878.973755
784.256631,152,879.291454
689.364478,152,879.617706
715.215023,140,879.904465
969.909535,186,880.296144
965.146671,187,881.224653
1000.624418,200,881.642278
616.51798,133,881.928996
575.599846,129,882.202157
720.691349,132,883.750551
1003.479118,216,884.212651
867.389571,157,884.542898
706.878412,131,885.358076
1659.264436,318,886.017542
914.317247,180,886.393562
943.505516,175,886.757237
633.599103,141,887.054425
979.54112,199,888.011937
581.776065,110,888.256306
619.104054,124,888.522017
1402.81104,274,889.113072
343.335998,76,889.271618
878.327326,182,889.650086
1047.90965,199,892.073313
1529.697137,289,892.675589
836.140755,150,892.984831
991.006265,189,893.381571
934.189631,187,893.772023
851.394308,168,894.648212
1043.338298,211,895.099062
664.218827,139,895.39109
629.283291,119,895.636649
912.074411,171,895.994702
741.178359,163,896.34534
1120.506603,203,896.772676
807.219778,178,897.683172
1084.567978,201,898.094325
767.284245,153,899.782122
850.020262,160,900.117211
1020.696393,194,900.518372
997.499699,193,901.435262
681.485111,143,901.749003
1090.822406,224,902.211766
1060.924482,195,902.616963
1376.932745,254,903.138417
711.733602,129,903.410292
1561.839289,315,904.6215
1094.292093,231,905.132107
903.811019,164,905.471561
925.877378,203,907.338264
829.942338,179,908.233959
918.3526,180,908.603874
1431.478686,259,909.150491
706.544163,129,909.424407
672.102163,135,909.708628
1279.958676,234,910.197745
508.625363,95,910.915373
1088.219692,214,911.362099
678.842799,144,911.66057
1232.136638,240,912.167868
1524.850183,285,912.75828
899.0557,186,913.655676
1827.587118,350,915.826118
729.852525,138,916.116283
1187.079533,232,916.60942
824.84463,166,916.955579
697.422778,150,917.804898
563.871689,124,918.069398
857.444571,162,918.406968
2046.328288,372,919.182871
1052.589509,209,919.612112
731.046521,133,920.414433
1341.487342,241,920.931794
767.981484,148,921.240343
673.851441,131,921.521199
534.769285,101,921.73629
730.15938,153,923.560417
1484.25811,264,924.631601
745.885347,135,924.910703
712.630926,161,925.259157
864.002085,169,925.607239
1161.611128,216,926.05357
788.629889,166,926.405452
750.340223,137,927.234435
631.855018,124,927.496979
777.32077,158,927.833064
643.736103,119,928.087014
1258.752169,259,928.647779
892.249642,189,929.047317
1394.701122,273,930.159767
658.496719,142,931.743912
700.747987,147,932.064408
755.076553,143,932.360359
799.099936,142,932.656269
613.045838,133,932.941553
821.738764,160,933.280717
1246.612619,236,934.282141
633.190546,120,934.52563
1034.526658,189,934.923383
826.053865,152,935.244842
1340.473984,243,935.760376
1250.950415,233,936.736295
669.993267,144,937.047714
587.386262,128,937.328154
886.061969,171,937.681591
1464.72904,267,939.763672
1682.600918,325,940.946666
1329.095486,259,941.490877
803.693848,176,941.86554
839.31144,159,942.201677
564.423162,107,942.423804
861.522906,186,943.335392
952.415791,175,943.696029
1224.69666,226,944.170873
840.64608,178,944.546852
629.262455,132,944.830832
1075.393309,209,945.272459
1155.63129,237,948.22344
1591.885915,305,948.857678
740.711116,142,949.147913
1375.78467,245,949.659904
1171.480323,246,950.700483
2411.489387,455,951.665129
1530.861799,295,952.285958
720.545348,136,952.569548
980.394335,184,953.476335
809.234691,168,953.829647
496.248293,92,954.023139
1073.90278,207,956.309732
862.243818,162,956.651916
669.711564,131,956.921896
940.458481,207,957.890398
746.06769,149,958.200396
586.959449,117,958.443018
590.610348,106,958.662779
714.469898,151,958.973027
1256.722134,229,959.449145
1404.633119,262,960.520726
679.983434,129,960.791853
1245.358295,246,961.302872
654.774719,137,961.591473
1012.416489,188,961.976814
768.480959,137,962.272355
1209.503121,224,964.891388
1036.273,200,965.313043
937.833785,211,965.761556
529.606667,122,966.02581
1243.576866,257,966.560468
895.549577,172,967.447258
953.509098,177,967.814614
694.153941,144,968.11511
1417.191078,287,968.715001
1025.483808,214,969.161526
1060.638722,202,970.123873
962.680927,188,970.51801
1524.68385,285,972.608575
821.177729,159,972.948951
984.045437,203,973.379096
1210.975546,235,974.404531
794.912343,175,974.787705
848.417637,188,975.191465
1048.600055,198,975.612955
444.116936,106,975.841587
749.933757,146,976.149879
2479.166397,467,977.673687
866.069096,162,978.018234
761.791019,169,978.374194
969.58819,195,978.78542
1486.861165,282,981.554732
874.947523,167,981.903498
1131.291802,201,982.32191
1028.115208,185,982.70296
735.59067,136,982.982697
905.288329,175,983.351759
1372.456887,259,984.411006
1163.065903,217,984.875575
723.0045,156,985.204545
1091.918551,202,985.631062
1431.478987,264,986.710906
729.439145,139,986.999325
907.553596,187,988.780788
849.714266,159,989.110144
1155.80955,220,989.569598
786.716425,146,989.873449
949.04533,172,990.745395
1637.323995,319,991.410619
863.362381,181,991.801007
1487.386325,271,992.367526
697.276763,131,992.646742
911.601354,185,993.569727
1194.697619,257,994.125235
983.176308,201,994.551786
859.09497,167,994.90721
1094.78176,194,996.77091
819.019882,156,997.611419
571.499769,112,997.844323
1192.51199,218,998.297199
876.09164,177,998.668971
1616.849435,296,999.293934
933.651291,178,999.661633
1881.515846,342,1000.901522
574.502561,107,1001.125056
1248.517058,243,1001.638502
1345.799614,245,1002.149896
1796.493199,344,1005.254817
1237.454097,234,1005.744299
965.236361,202,1006.17221
829.552863,161,1006.507962
1056.756495,200,1007.460135
834.887363,160,1007.792833
912.84885,174,1008.166732
1083.120765,197,1008.571715
1236.964331,234,1009.059794
1243.441287,251,1009.595206
1686.496706,301,1010.743079
1017.618072,192,1011.151826
1132.923538,220,1013.271325
802.65139,146,1013.576807
685.595086,142,1013.868865
430.841625,101,1014.616778
1275.270743,232,1015.100202
759.794101,154,1015.419629
1215.728305,243,1015.928108
1024.889043,204,1016.35298
1098.31718,200,1017.271436
640.477737,134,1017.553249
1084.341495,211,1018.005323
1360.094766,272,1018.589412
1102.175784,202,1018.998549
699.915466,131,1019.789814
942.595221,199,1021.943898
712.198844,138,1022.226965
826.444652,151,1022.539559
908.443594,174,1022.906129
845.631242,157,1023.227057
1326.738614,247,1024.250258
891.977903,173,1024.604082
950.972496,188,1025.000498
882.797343,168,1025.358556
1236.532326,233,1025.847512
696.674641,130,1026.112883
1124.547407,219,1027.075064
754.582009,141,1027.362172
1285.865366,239,1029.50386
719.10622,145,1029.806543
1219.896532,227,1030.27467
558.727514,112,1030.513951
820.902232,155,1031.350323
1969.396247,375,1032.142856
1200.415912,229,1032.614003
491.329701,97,1032.821108
943.216379,170,1033.170987
1159.934539,227,1034.118583
1563.14922,299,1034.752165
779.139499,147,1035.061227
777.329489,169,1035.422008
889.895575,162,1037.408949
2360.032625,419,1038.675526
977.268582,188,1039.073841
680.545999,125,1039.328417
1265.126646,237,1039.831377
1119.241133,235,1040.729411
1018.340815,212,1041.170983
1440.847522,275,1041.749356
967.661942,183,1042.140443
974.163084,179,1042.512118
745.303514,142,1043.217551
1359.404898,272,1045.367625
1086.820716,205,1045.798233
929.605311,184,1046.179636
900.396701,172,1046.530502
1704.517885,340,1047.660581
768.63737,168,1048.023605
2051.333593,389,1048.830024
1086.903909,213,1049.678518
578.071797,132,1049.967787
788.809975,149,1050.29047
759.660628,167,1050.639606
1086.479226,199,1051.049633
1046.200724,187,1053.471448
1016.424942,203,1054.414632
769.930771,148,1054.728968
1391.61637,262,1055.273944
1664.492102,308,1055.909981
1297.473018,272,1056.472203
1478.126189,287,1057.564806
1044.641122,189,1057.952644
683.97455,121,1058.206296
1839.119598,338,1058.910726
1500.589817,309,1060.107925
1645.701237,307,1062.524694
1649.298886,322,1063.195966
715.35058,129,1063.460816
1000.748149,192,1064.257796
531.403089,100,1064.466583
1671.077441,326,1065.139776
1610.691601,303,1065.760365
2365.043913,429,1067.062985
596.965886,130,1067.338534
1870.690944,354,1069.843533
833.657945,154,1070.16264
1353.681029,273,1071.166674
1004.907603,187,1071.553195
817.599293,177,1071.929168
1322.539633,251,1072.455515
1492.990176,275,1073.422509
1428.220368,292,1074.034055
875.149469,174,1074.396879
607.347808,116,1074.633994
1718.922254,312,1075.283456
1338.607768,251,1077.954966
878.815732,158,1078.27988
756.565021,149,1078.58905
1854.258276,332,1079.279079
802.306278,177,1079.656582
1595.324173,300,1080.678407
1167.059737,218,1081.127942
876.870626,182,1081.504719
895.016734,191,1081.897805
999.932623,183,1082.273481
944.738006,185,1083.062957
1225.94832,235,1083.560447
1630.892355,304,1086.094265
938.698131,174,1086.450011
1094.307614,225,1087.332538
832.175562,169,1087.699901
1181.196591,242,1088.206786
1787.938894,327,1088.885467
1273.21103,238,1089.78638
743.80845,159,1090.119902
647.784842,140,1090.416925
1553.767749,279,1090.985944
1584.978985,291,1091.598653
1057.843669,199,1094.074498
610.874628,132,1094.34901
1706.184157,303,1094.976863
702.40398,129,1095.247367
820.450013,153,1095.578355
1102.744457,208,1096.007417
905.436763,186,1096.811081
1430.860642,256,1097.344568
1458.212834,269,1097.910094
1382.738476,245,1098.418139
1238.822842,234,1099.307797
706.043494,132,1099.585435
1526.37658,273,1101.986389
1353.296594,265,1102.533556
1155.262496,211,1102.967912
1220.026312,256,1103.921046
1424.447263,267,1104.487118
1129.102257,206,1104.919505
623.12281,139,1105.21377
960.182875,196,1106.037234
1055.182582,203,1106.463841
2527.395176,463,1107.440557
756.146865,163,1107.786612
889.703795,188,1110.677828
829.015726,155,1110.993992
400.091175,79,1111.158767
1180.938044,216,1111.601361
1083.83114,207,1112.039556
1357.284925,251,1112.567064
1051.061627,199,1113.393044
2218.092112,412,1114.258513
1399.781786,259,1114.789939
1323.910974,255,1115.734009
1539.090919,300,1116.354039
1253.434647,229,1118.845987
694.590588,133,1119.123494
1413.114151,272,1119.678488
1481.857168,307,1120.741577
1349.495627,250,1121.26663
1597.150983,311,1121.921433
756.737013,147,1122.232766
1498.254221,289,1123.246239
993.807823,184,1123.622126
893.543926,187,1124.00609
518.234886,116,1124.253355
615.948336,114,1126.335721
742.431854,134,1126.619496
754.931313,141,1127.327266
1753.896004,306,1127.961203
1038.931572,202,1128.387286
1737.076269,311,1129.035738
2471.146645,451,1130.382747
902.694413,193,1130.798359
809.046393,153,1131.111841
1007.498208,188,1131.528949
1860.605944,346,1132.67111
894.965917,167,1134.899775
896.612416,173,1135.260732
1088.351811,198,1135.675552
1265.399598,242,1136.181963
883.325595,168,1136.933196
2175.161981,389,1137.752926
1486.322277,287,1138.354001
844.495727,162,1138.706771
1795.624166,347,1139.854643
1489.226701,272,1140.436592
562.43991,104,1140.646056
1849.295406,365,1143.287526
892.410724,176,1144.057783
1411.602771,260,1144.602173
523.9578,121,1144.857505
1142.601181,223,1145.327678
1354.728815,252,1145.855061
1343.754934,244,1146.796376
639.786364,124,1147.059712
1206.880118,243,1147.581415
855.58882,167,1147.9266
763.550625,153,1148.254633
1211.748229,240,1151.116832
918.191784,177,1151.492563
1487.845848,308,1152.13451
978.207595,185,1152.514459
1243.058124,236,1153.414979
825.644169,177,1153.784393
1401.892959,258,1154.333682
1694.13663,317,1154.998301
1111.836598,201,1155.420382
724.802468,153,1156.150336
932.300531,186,1156.54449
1091.322996,207,1156.98106
1434.187676,266,1159.426802
1004.582409,193,1159.831433
1213.02321,248,1160.758872
677.127602,148,1161.070376
1676.125475,321,1161.743185
1583.930698,295,1162.371205
1258.654242,247,1163.306867
1250.466939,242,1163.818954
1028.380542,195,1164.227812
1050.218717,216,1164.683966
982.136572,176,1165.044287
1078.922649,197,1167.947658
1195.533357,235,1168.458646
1163.73995,232,1168.947536
1209.022629,221,1169.414207
640.341277,122,1169.67855
640.725963,140,1170.393708
924.074152,187,1170.80606
1495.98458,313,1171.465117
1273.816078,228,1171.937973
1230.731935,224,1172.811725
1340.703276,241,1173.309659
1550.453534,283,1175.8747
1226.603252,222,1176.335196
2159.58447,404,1177.59285
1164.420622,210,1178.029778
964.874093,202,1178.465397
753.640484,169,1178.818971
710.501211,133,1179.108891
1138.164589,234,1180.014049
1300.731008,257,1180.554234
1250.942113,242,1181.065572
774.805259,175,1181.441738
748.112257,149,1181.755775
640.697893,119,1183.99277
1584.569593,292,1185.006418
1460.111195,276,1185.595587
1392.18194,263,1186.137856
2259.741603,452,1187.495574
581.791851,125,1187.76248
899.190696,165,1188.115032
934.500759,199,1188.549344
2074.67588,377,1189.755534
947.069619,175,1190.133662
1089.114089,209,1192.748069
2366.863728,471,1193.758181
1496.519958,277,1194.747812
1498.490453,284,1195.335301
1185.214094,218,1195.780845
1628.038186,299,1196.401428
1217.500159,228,1197.278282
1582.14841,292,1197.893335
1408.121423,258,1198.433658
771.865312,149,1201.053221
1695.999143,310,1202.108163
1197.925348,231,1202.595598
1361.192137,246,1203.108302
1235.527125,227,1203.583613
697.263597,132,1203.853192
871.224539,171,1204.614555
1593.89886,309,1205.268857
1994.244998,360,1206.041105
1461.639134,268,1207.018482
1049.870424,193,1209.448375
737.016646,142,1209.744704
951.794087,174,1210.103568
653.571271,139,1210.400008
1719.13664,351,1211.570157
1086.616405,203,1211.993166
1412.656249,264,1212.535614
1022.622026,195,1212.944728
789.482221,157,1213.266142
1310.637715,265,1214.233598
1053.482796,203,1214.65644
821.368837,160,1214.987473
814.080546,174,1215.35906
1582.158852,287,1218.005531
1454.993373,263,1218.954855
1253.263448,227,1219.433059
1914.24654,378,1220.242775
1502.21153,307,1221.30257
1078.223002,195,1221.726228
1546.465039,292,1222.333279
1918.90201,352,1223.058337
1587.524432,290,1226.102078
1362.884089,257,1226.636173
3766.611468,708,1228.518051
1767.298813,346,1229.268387
2464.657648,475,1230.292941
1450.533387,273,1231.265548
1374.985185,265,1231.822736
1165.13298,217,1234.473257
2300.108775,442,1235.822693
1981.235833,372,1236.608448
1262.172682,228,1237.104173
979.905736,179,1237.477067
1095.689878,218,1238.344554
527.195114,114,1238.600616
1085.493073,208,1239.039395
3016.563254,550,1240.1947
1030.485157,197,1243.451248
1015.448161,183,1243.8366
1796.042875,331,1244.53492
1121.710919,213,1244.97194
922.54426,169,1245.33194
2317.845191,417,1246.615485
1394.22908,278,1247.195332
631.156641,131,1247.4673
528.55325,104,1247.689998
1822.194743,357,1248.836288
1264.512717,256,1251.627468
1027.918679,208,1252.053543
1023.164555,192,1252.451605
878.976691,173,1253.21033
1053.78198,201,1253.628391
1295.775972,246,1254.133945
832.008511,154,1254.452391
1503.282038,280,1255.035951
1504.584492,282,1256.046657
1467.586205,276,1256.615546
1317.758937,252,1257.138945
1496.218616,277,1260.034845
639.515394,145,1260.751464
1450.034216,266,1261.298836
1055.411509,201,1261.716515
3593.056247,676,1263.539573
1399.480049,261,1264.10404
1076.536997,200,1264.519881
1210.441601,230,1265.009409
1238.961998,230,1265.887249
1303.891185,234,1268.413627
866.05273,155,1268.73955
1368.49752,244,1269.243785
956.712884,179,1269.616822
1008.830235,200,1270.434248
1859.209783,346,1271.158347
749.897718,145,1271.458034
1222.299826,235,1271.933423
987.705591,185,1272.328678
1166.446002,213,1273.158961
932.914827,169,1273.508025
1532.784673,292,1274.111547
1559.385345,278,1276.912767
1150.774393,208,1277.746177
1647.226223,323,1278.425005
2075.51591,413,1279.292221
1403.624013,260,1280.236162
806.45767,150,1280.554904
2098.732494,381,1281.353746
1264.858889,236,1281.846195
869.048476,164,1282.180234
923.834238,180,1285.426402
1408.665146,262,1285.968617
1220.511144,234,1286.486505
1553.054127,304,1287.149184
825.617362,158,1287.899153
1991.480045,354,1288.654359
1380.601124,262,1289.20732
1225.127056,226,1289.677588
864.170587,165,1290.438725
1100.122493,199,1290.853842
1013.699925,185,1291.240476
2186.879793,410,1294.483345
587.064935,118,1294.730016
1202.178409,215,1295.580281
616.368898,115,1295.81906
682.657029,124,1296.079399
2103.724052,376,1296.8856
800.435409,170,1297.244523
1849.797742,333,1298.348439
1795.020255,331,1299.033885
2252.952618,436,1300.337047
926.085184,175,1302.747445
1340.569493,245,1303.252144
2220.709426,404,1304.082358
944.036153,188,1304.871932
1655.039523,297,1305.487524
713.838605,136,1305.771847
954.81849,192,1306.16905
1643.410239,310,1306.817022
1677.250898,312,1307.851493
1031.506228,187,1308.237452
2593.233494,464,1311.851307
1620.972334,299,1312.871785
1723.259231,318,1313.541174
934.765019,179,1313.912928
1158.347079,215,1314.365007
1028.197366,191,1315.175069
757.378508,137,1315.456813
1707.761053,309,1316.099894
1765.940399,332,1316.786632
1015.662473,206,1320.072312
1674.624205,319,1320.743036
1367.751816,249,1321.267064
1114.669404,206,1321.706009
1586.481986,298,1322.71949
825.492293,161,1323.063094
1338.486494,252,1323.58648
1349.959879,277,1324.162244
1608.338969,310,1325.214488
1164.01621,217,1325.670891
1573.860642,289,1328.974724
899.930037,172,1329.339486
2894.986438,535,1330.857395
838.382254,180,1331.245723
1289.03984,237,1331.746025
3277.893167,638,1333.485235
1658.14014,292,1334.09463
1054.237206,194,1334.504428
1003.220297,183,1337.11278
1351.571061,267,1338.056378
1142.366652,210,1338.492199
980.198999,188,1338.885683
1238.462974,230,1339.362155
1238.900229,238,1340.254108
1710.611726,325,1340.924823
1599.677683,296,1341.54382
1083.691285,223,1342.015664
1643.016338,305,1343.034992
2094.206825,390,1346.704133
1480.979745,271,1347.270206
516.961244,109,1347.500651
1115.883618,207,1348.329215
1061.156593,193,1348.727282
964.450689,215,1349.18669
2393.014305,448,1350.130035
1258.892343,233,1351.00812
3435.351722,667,1354.71687
2280.072958,426,1355.997999
1257.057605,232,1356.482377
1193.237682,216,1356.930577
1122.939978,200,1357.346824
1986.937877,369,1358.50727
1228.805758,223,1358.974219
918.236519,179,1359.353298
4852.395203,888,1364.14078
1457.197,282,1364.732682
546.700078,124,1365.000324
1927.00793,357,1366.25161
848.783561,173,1366.613382
1161.756464,246,1367.136208
2656.993173,481,1368.538628
884.884072,190,1368.936216
1802.85402,365,1372.052165
682.797495,128,1372.318182
1238.917856,233,1372.794441
2571.091279,464,1374.147768
1253.697168,247,1374.670938
2831.044782,554,1376.262066
1115.449517,231,1376.752726
2277.827684,420,1377.624046
522.095118,115,1377.870076
1535.151662,281,1381.55111
1058.122469,192,1381.950188
1751.786243,348,1382.682067
810.301619,176,1383.060003
1362.235132,250,1383.971633
1452.51336,286,1384.57056
1632.1141,320,1385.243686
828.780139,181,1385.642837
928.312818,182,1386.426576
875.670021,182,1386.805939
2383.565956,435,1390.122817
1292.790323,264,1390.689194
2076.283576,389,1391.894646
1685.372135,307,1392.533723
1085.98009,208,1392.957934
2548.394777,479,1394.339259
483.039726,106,1394.568823
2249.696925,402,1395.395255
1121.670519,210,1398.954122
1035.013973,215,1399.399543
1241.23681,234,1399.892237
1988.736217,359,1400.644976
1952.779508,355,1401.878052
956.753942,178,1402.249512
1624.595699,298,1402.873912
1082.610934,192,1403.270121
718.996356,153,1403.59635
2814.174098,541,1408.483512
709.734765,156,1408.822787
1875.584108,365,1409.977381
1593.912717,288,1410.574586
1851.461282,336,1411.288562
2318.800258,424,1412.566497
598.97393,116,1412.803559
1009.129169,198,1413.2135
1693.895414,309,1413.852364
1459.130112,280,1417.836098
2203.026762,405,1419.053172
1129.127986,205,1419.48457
1892.594333,348,1420.215674
2670.854289,494,1421.645716
1361.212691,291,1422.2633
1053.68432,212,1422.710537
1577.774934,284,1423.69326
1784.721209,324,1427.807597
1901.093981,355,1428.550275
1841.342291,337,1429.64775
879.616411,195,1430.070539
1250.976522,236,1430.575164
1506.141975,289,1431.186812
2131.674186,392,1432.415501
2306.190005,412,1433.274633
927.257095,185,1436.532998
1386.833117,287,1437.51957
2230.336553,420,1438.40371
1864.385768,369,1439.175236
1681.96213,310,1440.203265
1477.815167,269,1440.760256
1614.414253,291,1441.367255
1050.478272,194,1441.768593
1088.547294,200,1442.582158
1202.319533,216,1446.078081
1200.650858,232,1446.553754
1781.040273,347,1447.287801
2417.675634,443,1448.742492
1290.264027,237,1449.246186
2928.292625,538,1450.777629
2290.239591,416,1451.648271
1618.923622,295,1454.888783
2875.080307,529,1456.492513
1371.797482,247,1457.013055
958.04826,173,1457.376589
2034.995165,362,1458.118754
1014.683155,202,1459.02612
2127.665845,382,1459.825079
3230.561596,584,1463.993636
1300.313817,247,1464.511421
864.186089,186,1464.90563
2775.591781,515,1466.445519
1965.867671,379,1467.241483
834.996746,173,1467.603392
1458.887314,257,1468.137602
3166.850989,561,1469.843341
1306.17425,269,1473.005211
1078.820944,225,1473.484021
1047.602756,208,1474.31723
1483.060571,299,1474.959115
441.320345,103,1475.181187
749.710298,140,1475.4759
2223.446457,408,1476.714444
1893.672869,377,1477.515223
1433.096513,273,1478.087401
951.640791,202,1478.526518
1205.311694,231,1482.832282
2889.290563,528,1483.926085
2331.256195,459,1485.38671
1095.888919,226,1485.862937
2049.122972,383,1486.664888
1401.999727,262,1487.230026
719.208151,151,1487.948628
1303.684285,272,1488.532104
609.602984,106,1492.056565
1212.233763,217,1492.500393
900.82293,164,1492.832449
1229.306598,246,1493.885358
2330.640101,448,1494.84491
1401.48729,268,1495.410903
1529.81643,277,1495.97831
1495.78785,295,1497.133656
844.000689,156,1497.455136
1381.773506,275,1498.029547
1659.626361,306,1502.139888
1503.480466,304,1503.303499
1667.128851,344,1504.048871
2236.499653,422,1505.326805
1207.968386,262,1505.88694
2029.231127,392,1506.708705
1031.988198,197,1507.130229
1968.035426,396,1511.299654
2696.882784,495,1512.34161
1628.013547,304,1513.369198
1431.055251,264,1513.91531
1166.531033,213,1514.366623
2146.081172,392,1515.183063
2004.207949,391,1516.406783
2837.404238,497,1521.333279
1645.996977,298,1522.349
2046.603638,366,1523.106138
3716.145093,696,1524.987931
1008.960134,190,1525.377073
2030.983278,399,1526.206475
3072.421316,578,1531.943439
949.71759,204,1532.378995
1125.617831,234,1532.87462
3372.759755,652,1534.629771
837.586285,153,1534.942815
912.894892,183,1535.327421
2129.293066,398,1536.55966
2493.49735,461,1537.503941
1166.027882,219,1541.656586
1383.534078,253,1542.186833
978.061914,203,1543.018733
1743.953464,323,1543.699599
1495.177106,285,1544.309919
4517.903921,836,1546.463406
1224.065231,217,1546.917999
1918.490429,347,1553.567712
3017.952974,585,1554.799698
1885.890453,352,1555.539712
1431.648139,273,1556.647501
3023.101721,583,1557.89571
1239.165967,258,1558.979622
2531.023735,471,1564.408177
1394.14258,289,1565.023072
2035.936307,370,1566.292186
3113.793606,555,1567.443448
747.211008,131,1567.707216
1187.403694,218,1568.688086
1579.051183,291,1569.295532
3109.587574,589,1573.94869
3953.38942,733,1575.991177
1583.225652,288,1576.591211
4005.401199,761,1578.701449
1868.608831,353,1579.933951
2102.074297,384,1584.560192
1374.627081,270,1585.141548
1258.084893,251,1585.662361
3177.652205,599,1587.401961
1064.216901,228,1587.887026
1253.856815,229,1588.361841
1251.967119,237,1589.362267
1254.821256,230,1589.839858
1087.800106,198,1590.251689
1344.197401,257,1595.705211
2282.383213,419,1597.069942
914.232311,172,1597.439328
965.793356,168,1597.786944
1539.838105,305,1598.423554
1336.890748,272,1599.51893
1699.835232,318,1600.168671
2812.909533,505,1601.226537
2107.711497,375,1606.738189
3788.492144,707,1608.220892
2420.851891,455,1609.658954
1729.177197,317,1610.317519
3317.357609,606,1612.11745
2189.985988,393,1616.667475
1640.788665,304,1617.829661
1336.136677,257,1618.367462
1918.461509,385,1619.174222
1333.827994,259,1619.704984
1185.951114,248,1620.742
1139.486339,219,1621.202421
1396.850439,255,1621.730654
871.658678,188,1622.129148
1229.591941,252,1623.184937
4503.525068,862,1628.494321
2190.658961,391,1629.827645
1312.263473,244,1630.334256
1088.023897,209,1630.779182
1239.032262,236,1631.275913
1102.035805,208,1632.226652
1441.530719,275,1632.794062
1890.320391,342,1637.010426
712.769622,148,1637.318772
1121.434787,209,1638.274257
938.162764,198,1638.686784
1105.290756,203,1639.107831
1509.333511,278,1639.699042
1867.166163,353,1640.947941
1127.425033,203,1641.363379
2281.535815,426,1642.250295
1157.254009,215,1642.69542
1014.51484,184,1647.367966
1361.640439,271,1647.951047
1870.862279,352,1648.701279
417.575211,99,1648.912164
1340.887086,265,1649.88712
2293.963315,417,1650.746091
2319.436931,453,1651.68339
1720.965494,310,1652.720652
1230.246204,232,1656.955467
1494.647001,278,1657.552481
1010.57963,182,1657.924237
1241.57681,246,1658.94707
3132.69878,604,1660.20572
1227.407578,222,1660.675478
1340.000625,242,1661.710328
1050.022238,207,1662.16712
3353.452655,605,1666.954829
1622.715266,300,1668.091229
2099.048725,374,1668.862845
2452.128593,448,1670.318488
1348.114636,253,1670.835965
2265.974306,409,1671.686643
1122.964232,214,1672.125001
1211.944505,236,1673.14072
1971.571425,356,1677.323906
1009.037602,185,1677.697665
2810.34307,502,1679.257114
966.067832,181,1679.634108
3559.148185,661,1681.006668
1513.318176,278,1682.082816
1164.586289,224,1682.561353
2603.862088,467,1687.037275
1994.630292,368,1688.323033
1334.901019,243,1688.820701
1760.694303,322,1689.476854
2402.265926,441,1690.924886
2006.93689,365,1691.686529
1340.84075,250,1692.221685
4185.511412,762,1699.379463
1495.594238,287,1699.981466
1183.574435,251,1701.018251
1940.59771,354,1701.751058
2009.954806,365,1702.501375
1201.226722,222,1703.470555
981.274179,186,1703.856774
1532.090623,291,1704.460841
2520.428387,471,1708.554927
600.972738,134,1709.36194
1428.433717,269,1709.931077
1085.689298,199,1710.339159
1191.047328,233,1710.829551
2690.69654,485,1712.31839
1339.22339,252,1712.854259
1082.708963,209,1713.300418
1174.456051,221,1713.768561
547.001754,119,1718.64353
3661.32535,688,1720.069235
1000.6376,188,1720.477982
2212.58725,414,1721.822972
1161.071801,216,1722.264771
1528.246121,282,1722.851904
2887.532412,532,1724.347841
1022.629909,183,1728.848101
877.68609,188,1729.253533
1005.677772,206,1729.686157
1612.329596,300,1730.68943
838.565644,156,1731.006473
1323.154223,240,1731.509859
1699.121019,299,1732.11304
2241.161299,428,1733.403813
2040.401875,377,1734.176926
1604.783907,283,1737.939468
1881.851373,372,1739.194389
1537.519639,278,1739.787735
5428.43787,1000,1742.361914
3776.110046,685,1744.167609
1872.053064,342,1748.930506
1874.473083,347,1749.649784
2301.30852,417,1751.025902
1331.022781,244,1751.520966
3494.180154,629,1753.357887
1123.14197,203,1753.775326
1984.185779,360,1754.54071
2623.087439,478,1759.690861
2762.369577,496,1760.705095
925.658385,171,1761.060778
1366.359476,252,1762.069541
3074.152439,553,1763.223363
1549.321725,280,1763.802274
2171.999748,379,1768.209797
2698.348741,534,1769.307472
1018.750998,192,1769.716019
3029.467379,550,1771.379589
1530.266143,290,1771.983638
1103.230908,194,1772.395549
1102.097338,196,1773.311747
2601.884929,481,1774.30255
1306.469356,244,1777.625513
1985.397509,356,1778.884893
2541.300786,463,1779.832324
2858.053728,514,1781.320052
1492.370969,279,1781.905977
3221.282288,586,1783.134025
3849.095343,726,1789.102004
986.27573,192,1789.503501
2373.432675,477,1790.913764
2575.38705,473,1791.904467
2719.058117,485,1793.323092
5203.801497,942,1799.365484
1346.713106,249,1799.892624
2225.310142,404,1800.723338
3082.680278,568,1802.319541
2558.881282,444,1803.249722
1912.170089,343,1808.337406
2168.91128,403,1809.193278
885.053178,176,1809.563232
2431.559995,465,1810.944528
2834.403297,516,1812.017711
2129.297473,406,1813.316776
1501.346498,272,1813.876295
2055.965824,378,1818.178522
1440.491132,259,1818.720831
2713.017754,494,1820.274468
809.559209,148,1820.591307
2035.470922,365,1821.352058
3826.756572,698,1823.31616
5165.363499,971,1828.435218
1632.871122,311,1829.0903
1823.789547,328,1830.169807
1602.752455,298,1830.78528
1393.246486,255,1831.313196
1600.70657,298,1832.348858
1325.622908,246,1832.856965
1911.655128,363,1836.861411
3523.666793,637,1838.693882
1960.045673,368,1839.457256
1256.733187,241,1839.971102
1240.87437,233,1840.92288
1447.998274,267,1841.476098
1070.033133,220,1841.952455
2779.356899,504,1848.040673
1256.603645,225,1848.499763
1036.756445,189,1848.890395
3161.456285,558,1850.550977
1481.096228,296,1851.176465
3599.614329,648,1852.501454
3315.826031,608,1857.295594
1072.984418,199,1857.703007
3591.369556,656,1859.701636
2016.897622,386,1860.622021
2464.68549,444,1862.174388
1196.569062,215,1862.625157
4791.189375,934,1868.544755
2517.051492,456,1869.497902
1337.953463,267,1870.070308
3198.231802,583,1871.830873
2570.348922,473,1873.330518
1191.128239,216,1878.020335
1514.259973,276,1878.600658
2461.989181,449,1879.532552
2180.619088,412,1880.879437
4953.650584,905,1883.263391
1850.317401,345,1887.78829
1295.751641,242,1888.297489
1571.938075,288,1889.425261
1993.546168,358,1890.15859
2000.703676,363,1890.909369
5455.102303,1000,1893.516823
1504.860682,270,1898.973587
2738.518175,501,1900.009921
1779.981227,336,1900.737304
4505.19021,822,1902.962041
2467.757156,453,1904.423398
2400.697504,439,1909.429267
3163.626203,561,1911.135692
836.415978,154,1911.462768
2152.540566,381,1912.256939
1097.175081,231,1912.737159
876.524795,159,1913.060778
1696.349504,332,1914.268282
1855.367057,334,1914.954082
2368.196442,442,1920.787793
1021.763595,216,1921.24401
2371.982659,423,1922.120457
2425.218049,443,1923.442575
908.63177,192,1923.844965
2671.375685,495,1924.893324
1380.870073,274,1925.87783
1067.919164,193,1926.270812
1481.763588,277,1930.301763
2600.683099,472,1931.272456
2635.597026,477,1932.645261
5390.500761,1000,1935.129424
2425.190773,450,1940.733226
4889.473678,862,1943.040371
1597.344978,315,1943.710588
1948.442489,372,1945.014373
2253.933401,430,1945.929289
1991.373395,364,1947.210055
3884.613294,717,1951.881423
1238.269777,226,1952.759775
846.430333,154,1953.084091
3475.037129,648,1954.430139
4583.073998,835,1959.701178
5555.079253,1000,1962.191454
901.405694,190,1962.588733
5480.625239,1000,1965.052703
1700.249356,301,1970.041562
1482.141521,279,1970.626567
1419.306018,258,1971.172792
958.415891,175,1971.536568
1272.238212,231,1972.444627
3016.000133,542,1973.581701
1153.25562,222,1974.058958
3405.708386,617,1975.761647
2117.589246,405,1981.581268
2735.611407,544,1983.242215
1177.516786,209,1983.692458
2907.984268,528,1985.272799
3722.949992,674,1986.656177
3229.899037,597,1993.443525
1156.046489,211,1993.879777
1005.689385,210,1994.316397
1734.127109,343,1995.039572
1426.643591,264,1995.993894
1173.895864,229,1996.477871
1980.497339,371,1997.243976
1587.014157,298,1998.276758
1651.026636,284,2001.898929
3250.428653,606,2003.170855
3637.212049,671,2004.980469
2198.524777,395,2006.217008
2240.578286,430,2007.124875
1780.537535,320,2007.79238
1544.076524,291,2012.653466
5398.879737,1000,2015.268795
1547.88935,306,2015.913723
1851.0913,343,2016.624812
2254.552582,422,2018.015563
1475.903534,278,2022.79645
2687.354808,511,2023.858738
2039.140948,393,2025.197725
4605.937699,848,2027.501286
4598.720542,815,2033.564721
1881.980826,344,2034.782365
2683.283589,495,2035.817621
1709.852184,322,2036.483909
1822.40545,332,2037.682603
1423.288324,262,2038.219814
2698.252277,519,2039.795484
1935.098382,364,2044.490522
2050.807234,377,2045.275398
3877.449914,706,2047.264396
1327.03975,233,2047.761013
1963.446234,369,2049.039626
1577.303223,290,2049.643392
2810.413974,511,2054.581362
2590.675129,455,2056.00883
2713.965793,488,2057.015068
1406.587945,252,2058.039107
2804.862365,514,2059.111631
3093.640256,552,2064.894088
452.664839,89,2065.078488
4821.303319,894,2067.462726
3284.529948,564,2068.624477
4487.188687,825,2070.868634
1758.4524,318,2075.954684
1584.018755,298,2076.585919
1534.876387,284,2077.677786
2035.315157,367,2078.424918
882.199898,158,2078.752615
1855.755387,337,2079.967304
5199.915099,951,2088.546106
1311.779228,242,2089.047837
1318.654057,248,2089.556529
4402.516345,818,2091.803453
2162.355222,388,2092.621415
2145.100141,387,2093.955444
2124.80155,399,2099.333415
3111.056936,582,2101.059714
690.669524,155,2101.389053
1091.180859,198,2101.79496
4688.414429,867,2104.141142
3424.266977,649,2110.086474
4704.052201,859,2112.293578
1737.597289,311,2112.930902
1116.079369,210,2113.762757
4872.29439,870,2116.088417
1761.020619,321,2121.793589
1482.260979,274,2122.367221
5058.206989,943,2124.864022
1536.961854,272,2125.42374
2673.65323,496,2127.000406
1535.406038,291,2127.600433
1338.935472,242,2133.481188
1530.921821,298,2134.650857
1671.394214,310,2135.29454
1750.614713,338,2136.013959
3131.203967,560,2137.687513
4903.989193,879,2145.018142
5661.580696,1000,2147.644072
2343.510977,431,2148.558626
1708.597282,314,2149.216892
1293.815369,232,2150.222941
2921.129751,538,2156.604379
2384.021791,446,2158.049893
2195.33454,398,2158.881458
4240.379539,769,2161.011831
1273.125412,238,2161.515157
1145.497163,236,2162.00446
2601.019973,482,2168.855
2070.135286,397,2169.686603
2907.097227,524,2171.290026
1651.974837,297,2171.902735
1909.65799,359,2172.656732
2068.521006,381,2173.965984
885.719924,159,2174.299184
5026.304651,892,2181.146597
2323.386749,451,2182.090579
3666.660904,649,2183.966814
1644.988139,301,2184.592468
5281.585475,955,2192.131588
2989.894938,540,2193.252419
5211.877366,959,2195.764903
2759.049884,503,2197.327192
2590.43371,481,2203.818775
3179.072088,584,2205.531916
5491.965526,1000,2208.041338
5450.552114,989,2215.42014
2393.655177,454,2216.370967
5585.437642,1000,2218.842982
1543.405035,288,2219.432278
2921.959812,535,2226.585902
1229.398851,225,2227.05006
1754.880496,316,2228.106469
951.017893,192,2228.510725
2617.987686,493,2229.536515
696.669624,140,2229.825193
1248.700086,222,2230.682519
5182.907195,940,2237.040307
5329.64097,1000,2239.541296
1298.86151,234,2240.437883
1388.467887,248,2240.961582
1060.117681,197,2241.37291
3766.309844,648,2248.988944
4726.267715,831,2251.239015
1575.848668,314,2251.901098
2530.828293,458,2252.873563
4990.701734,902,2261.446098
2714.751518,532,2263.09411
790.524521,150,2263.402238
3920.94316,700,2265.394296
1960.958746,358,2266.138582
3579.807603,648,2272.858901
3457.136908,620,2274.144328
1497.331908,286,2274.748963
2895.564425,505,2276.313758
5507.03553,1000,2278.917519
2758.385289,502,2284.255655
2031.272996,372,2285.550743
2116.087226,381,2286.354356
1539.463402,287,2286.952738
1444.268391,267,2288.04985
5633.001284,1000,2296.635912
5606.579002,1000,2299.244355
3340.327996,612,2300.528134
1924.044957,343,2301.778281
1424.724372,248,2302.281243
1106.481765,207,2308.349951
5480.393898,1000,2310.939599
2226.344006,411,2311.791605
804.688692,149,2312.632322
1472.207956,258,2313.160887
5203.911802,940,2322.413179
3318.669714,596,2323.637447
4289.928323,772,2325.755085
4871.543134,878,2334.75012
5456.476025,1000,2337.343705
1607.877083,316,2338.001963
2177.812581,408,2339.376501
1402.064264,254,2339.893618
2208.634465,405,2346.136961
815.416199,177,2346.507632
4583.246893,842,2348.761089
1174.118877,229,2349.236202
1410.39535,257,2350.306493
969.552354,210,2350.757001
804.047794,168,2351.124888
3834.437195,692,2359.07939
1141.044491,212,2359.536334
2384.587186,422,2360.397265
2174.247751,413,2361.757937
1654.923091,298,2362.380695
2361.030062,409,2363.221177
1492.04064,278,2364.316786
1934.247331,357,2368.556188
2593.325026,457,2369.483368
5597.741254,1000,2372.059652
2827.647668,509,2373.654692
1996.32778,378,2374.444013
970.820471,176,2379.990363
2999.461994,545,2381.11735
1607.6965,287,2381.715069
5647.694127,1000,2384.187431
2519.191449,460,2385.543045
2749.337615,496,2392.729572
3198.019136,570,2394.311591
2858.737695,502,2395.359549
2985.489716,524,2396.832053
4492.130684,836,2403.987733
2304.964218,430,2404.875474
5463.715177,1000,2407.340986
2466.24235,444,2408.247739
1911.074414,345,2414.435575
2637.994036,474,2415.410139
2126.817373,378,2416.698236
5503.060582,980,2419.217803
4612.298582,791,2427.055301
1403.403114,253,2428.103098
5605.095534,999,2430.690981
5599.901781,1000,2433.262963
1558.288474,288,2439.585232
4511.401057,853,2441.884553
3851.915161,690,2443.309731
3074.148339,582,2445.052832
4019.388947,711,2452.453131
5632.700982,1000,2455.034904
1866.376964,330,2455.713981
4445.749246,786,2464.083241
2631.455412,459,2465.032912
2146.843751,392,2465.85983
1673.808836,322,2467.042878
2983.274421,529,2468.136184
2450.935595,470,2469.653834
2044.406463,382,2475.89755
2650.210464,467,2477.383691
3041.671085,529,2478.471478
1608.428522,274,2479.031157
2320.963862,412,2480.38814
3116.58126,547,2481.517326
3707.113074,651,2489.578444
2230.108242,431,2490.48331
2393.260787,405,2491.83299
1731.276471,305,2492.461
5547.808909,1000,2499.968195
5613.663391,1000,2502.551877
2347.949725,429,2503.424836
1155.354651,199,2504.371267
554.839428,123,2504.632237
3447.184618,613,2511.878687
2308.993109,402,2513.231651
1245.690842,220,2513.685374
2654.422041,482,2514.687289
2705.099573,477,2516.191149
1604.513368,289,2516.784286
4563.076081,833,2523.892113
5629.90205,1000,2526.492335
3394.172191,621,2528.302119
4795.298376,854,2535.218744
737.669081,162,2536.087725
3779.820988,662,2537.444219
2004.0965,383,2538.774228
3016.011782,568,2539.941111
1602.703202,286,2540.529786
3359.541532,609,2548.808037
2101.150426,377,2549.582083
1697.148739,320,2550.765492
2579.780212,489,2551.781973
1848.642053,362,2553.064146
1311.912749,263,2553.616928
3424.613389,611,2560.905152
2689.20716,494,2562.463714
1876.760925,334,2563.172662
2788.820197,492,2564.701721
3743.196096,679,2566.119359
3744.579799,667,2573.635934
3988.508406,701,2575.639406
1199.036961,220,2576.096679
5598.671396,1000,2578.701804
1204.506892,219,2585.546824
3267.501282,579,2587.263129
1730.106037,312,2587.915492
5509.932843,978,2590.453977
3746.972954,676,2598.705205
3396.828326,620,2599.971157
2090.176421,368,2601.221659
3551.753634,639,2602.507764
2470.928983,437,2603.895361
2717.05876,473,2610.809468
2086.212862,379,2611.583602
2041.008951,359,2612.823875
2072.666212,346,2613.528655
4748.688423,857,2615.793393
2202.969148,391,2622.538015
3933.66688,706,2624.460896
5676.375278,1000,2627.019758
5645.874548,1000,2636.129736
1827.160569,356,2636.852313
4516.324127,798,2639.0033
1847.863566,343,2639.713569
1828.812241,319,2640.889471
2805.681719,551,2648.561222
1850.78381,353,2649.785962
3419.870511,596,2650.992679
4349.909213,770,2653.067501
5564.558857,1000,2662.370185
3876.195096,700,2664.311415
1789.557491,339,2665.022545
1353.337051,255,2665.550325
2008.970907,382,2666.874681
1924.543985,344,2667.572269
5774.470151,1000,2677.471361
5249.653274,903,2679.816992
2212.633239,403,2680.642174
2996.936139,528,2686.995039
1135.574408,207,2687.416482
3632.761422,651,2689.150461
3587.721909,668,2690.514305
5275.272606,930,2698.4024
2888.052485,523,2699.995553
2691.570093,492,2701.01166
3467.598335,632,2702.839525
2094.673404,374,2703.602552
1255.129563,239,2704.092302
4525.158907,804,2711.470349
4489.510887,777,2713.598871
1447.417964,269,2714.143951
1707.016003,309,2714.76936
1900.224017,335,2715.971509
1856.745847,322,2722.228169
3715.948452,663,2724.096577
4652.585128,830,2725.775967
1753.598891,346,2727.013645
5622.517327,1000,2734.606554
4324.536269,756,2736.684552
5624.97626,1000,2739.212606
5650.758575,1000,2748.01004
1067.29987,188,2748.921552
5600.363717,993,2751.431655
3612.824244,661,2758.553407
1199.738128,216,2758.992064
2027.531693,360,2760.110596
2946.231539,525,2761.186722
2015.583103,342,2762.398976
3671.862498,659,2763.73498
2190.580226,394,2769.331288
3159.433422,584,2770.531403
2960.040358,526,2772.053663
5218.099645,899,2774.342236
3315.206178,564,2781.778109
2748.724062,485,2783.150773
4448.26047,770,2784.725379
1746.04614,338,2785.815064
5549.720087,1000,2795.467254
5623.116032,1000,2797.895619
5025.944898,903,2800.121296
2523.944329,448,2806.281894
2549.700997,455,2807.591281
5671.318693,1000,2809.63003
2205.446849,392,2810.828937
1110.48517,196,2811.230807
1705.850624,314,2818.539267
2378.377412,420,2819.793885
5639.197101,1000,2822.247795
4974.829503,884,2824.437688
1988.613701,356,2831.666112
5715.484906,1000,2834.074238
4101.227165,725,2835.952411
658.548154,120,2836.195526
2736.122725,498,2842.510485
2906.260527,518,2843.966561
1725.456829,315,2844.606673
3742.558932,669,2846.380142
2170.543189,393,2847.177011
2472.069626,422,2848.538996
1681.775951,297,2854.676605
2867.278883,520,2855.736414
2448.460496,441,2857.021569
2846.009227,514,2858.069008
1732.054083,328,2859.130163
1733.550801,308,2859.754575
3162.905926,551,2866.539789
1703.404195,318,2867.584759
5354.236974,917,2869.85415
2083.554562,367,2870.608527
3837.164192,661,2878.185269
2446.140323,425,2879.0588
5779.6049,1000,2881.509672
3598.178803,618,2883.153868
3447.248365,592,2889.723287
2118.203152,370,2890.98331
1760.956196,307,2891.609699
4518.631241,798,2893.679425
3539.534903,614,2894.933781
5629.894681,1000,2903.243808
3354.449195,599,2904.865355
2789.764756,489,2905.856858
2518.081904,449,2907.24661
1902.988255,334,2913.90245
5234.052126,934,2916.191732
5530.121278,1000,2918.646284
5593.405488,1000,2927.802966
5534.449328,959,2930.158153
1478.229387,265,2930.696176
2574.848635,483,2932.119955
2607.449129,472,2939.510513
1759.994793,323,2940.162734
2840.561305,527,2941.639831
2032.229937,364,2942.389881
2896.568543,548,2943.917593
2733.138888,477,2951.133883
2006.838337,353,2952.253812
2891.814172,525,2953.328401
5640.440172,1000,2955.751369
2196.345078,383,2956.531818
3385.70985,619,2963.708871
2173.125194,376,2964.480035
2079.060065,368,2965.617852
5670.420817,1000,2968.043635
4768.768003,855,2976.394388
5577.75821,1000,2978.831853
5280.767937,939,2980.766845
5228.259617,905,2989.791426
3406.581,609,2991.429178
3547.478638,619,2993.087095
1712.993654,337,2993.779073
4440.086061,788,3002.175969
2036.108786,375,3002.948602
1079.952223,197,3003.352298
4509.594199,819,3005.435938
2674.023681,475,3012.377711
1483.129852,263,3013.30412
2947.293114,541,3014.415156
1903.26439,333,3015.489924
2609.900592,472,3016.455052
5645.275917,1000,3025.515409
5686.290686,1000,3027.952656
3096.736838,553,3029.4793
2788.378135,497,3030.505816
4666.388637,842,3039.147213
5503.750122,1000,3041.587478
3393.49164,605,3042.814021
2756.147557,518,3050.731534
1407.930169,280,3051.321853
5011.22861,854,3053.454611
4458.367795,795,3055.490771
2060.993112,363,3056.228618
2949.214479,513,3063.404129
3086.698335,580,3064.585895
5274.812988,920,3066.841166
832.424247,149,3067.138856
5611.50313,1000,3075.783207
1475.492943,267,3076.322351
2284.605827,435,3077.609879
3669.210922,645,3079.305289
1098.659104,197,3079.701844
4567.807951,813,3088.09401
1753.978964,316,3088.738512
5730.199244,1000,3091.159753
5541.727452,1000,3100.059493
5680.441452,1000,3102.496852
3863.930077,702,3103.924543
3809.416532,676,3111.027673
3660.154116,664,3112.78246
2338.795737,416,3113.635996
2279.405797,408,3114.861268
5326.308689,1000,3123.304502
4183.027606,738,3124.815654
1826.538907,325,3126.013587
5657.834786,1000,3128.465495
5632.83524,1000,3136.709033
4087.613719,707,3138.13495
5019.324567,894,3140.370236
2772.897764,475,3148.695088
3293.238334,576,3149.870279
1033.882735,184,3150.242591
5668.71095,1000,3152.682421
5220.1174,923,3161.855228
1937.118694,343,3162.955338
855.0525,156,3163.276661
2251.838695,405,3164.108779
5483.1375,1000,3166.551088
1867.029612,338,3173.328545
5575.264861,1000,3175.755907
3028.949464,553,3177.272605
5416.27674,934,3185.799987
502.561967,111,3186.040064
3541.619749,610,3187.665188
5621.388763,1000,3189.707523
5711.198748,1000,3199.009829
5640.327518,1000,3201.43095
1837.823967,321,3202.469174
2900.380723,517,3203.522144
4107.239602,737,3211.079178
5607.343845,1000,3213.51532
1402.319778,255,3214.033159
5695.426937,1000,3221.316251
5672.941875,1000,3223.759548
2347.454693,417,3225.012821
2925.473261,526,3226.093737
4819.961038,858,3234.680525
1715.446222,313,3235.32822
2222.73988,397,3236.650587
5655.644665,1000,3239.233984
5635.322987,1000,3248.792394
2277.533406,423,3249.667475
5613.993409,1000,3252.244605
658.225506,146,3252.555663
1734.641459,319,3259.410056
3619.134856,664,3261.275335
5676.749427,1000,3263.834874
2357.123746,432,3264.732116
5605.653755,1000,3273.426224
1973.209006,362,3274.685439
3979.138136,710,3276.143139
5622.580648,1000,3284.684903
3269.901681,607,3286.440433
5710.919328,1000,3288.989794
5222.303186,931,3298.719827
1674.541786,297,3299.32086
2804.161516,521,3300.894767
2296.732104,403,3301.71356
2720.030259,495,3303.233353
4326.734856,771,3312.132749
1339.339209,240,3313.133421
5256.421789,917,3315.00246
5618.277879,1000,3324.581575
5530.193902,1000,3327.141082
1971.672859,354,3328.394905
5395.209105,945,3330.825909
5585.649313,1000,3340.056081
2508.572897,454,3341.017399
1680.650261,334,3341.71779
2353.42245,433,3343.117375
5574.173005,1000,3352.334329
1578.596193,287,3352.922611
2236.537939,410,3354.164162
3936.282709,677,3355.534369
4174.380582,730,3364.106836
2211.403172,393,3364.924321
1808.444725,361,3366.06246
1953.811573,353,3366.783532
5698.032946,1000,3369.193143
5081.196701,908,3377.929858
5624.927534,1000,3380.357097
5659.202905,1000,3387.382067
3117.2285,554,3388.502122
5005.550818,919,3390.786419
1068.629217,196,3391.185969
3429.742997,602,3392.795466
5711.902794,1000,3401.478237
5724.53528,1000,3403.892217
1682.306665,298,3404.496523
4266.630837,784,3412.460213
3296.341835,571,3414.141983
4271.27458,750,3415.677852
3951.787942,692,3425.126151
1594.703704,299,3425.74906
3162.029845,557,3427.27474
4462.460147,792,3429.27552
1267.206764,244,3429.772036
2349.768877,436,3430.664981
3197.64179,565,3439.041643
5704.918417,1000,3441.479644
5611.56842,974,3443.850839
1618.392137,313,3451.408522
4149.722455,712,3453.240045
5176.286825,921,3455.512401
5685.847311,1000,3463.900293
5700.624135,1000,3466.331251
5630.943506,1000,3468.771347
3752.46598,677,3476.407308
5481.143065,1000,3478.843937
5566.844061,1000,3488.22266
3942.056109,680,3489.998859
4831.980211,841,3492.113225
5617.03934,974,3499.755721
5533.37613,991,3502.180522
4105.76029,716,3503.642732
3154.078161,568,3505.195393
5767.089415,1000,3513.980109
5616.934549,1000,3516.509284
5380.568266,967,3526.604112
4432.271996,781,3528.597789
5666.473496,1000,3530.640501
1914.392872,355,3531.772825
3860.844468,670,3538.689867
3845.349986,692,3540.575359
2433.835108,414,3541.914294
1642.00246,303,3542.532794
779.872379,151,3542.841426
1988.473337,364,3543.585338
5705.990326,1000,3552.104293
2776.660919,528,3553.585974
3440.395143,604,3554.827651
2997.036074,544,3562.666134
608.503184,127,3562.925746
4149.883901,731,3564.81437
5663.647158,1000,3567.254046
2088.53212,378,3568.028107
2030.625411,351,3575.580899
955.985234,172,3575.92627
5712.368902,1000,3578.364067
2537.980792,450,3579.288248
5846.317295,1000,3589.188611
1479.011363,283,3589.781209
5659.888391,1000,3592.235757
2720.936496,486,3593.614222
1177.759912,218,3594.064252
5562.433808,1000,3602.407587
5784.792313,1000,3604.863086
5798.932998,1000,3614.275205
5683.569061,1000,3616.700683
5739.576225,1000,3619.138872
5349.560212,935,3628.246791
5707.658218,1000,3630.820029
3606.800733,624,3632.099388
3128.939199,539,3641.01447
2640.594761,463,3641.988487
5725.025972,1000,3644.555336
996.073365,182,3645.43424
3601.376048,647,3652.994939
2688.802955,492,3654.538547
3956.659413,705,3655.981423
5506.948739,950,3658.449159
3646.7129,639,3666.952548
2878.070947,504,3667.98391
5651.106705,1000,3670.538232
5692.975917,1000,3679.176399
3184.765921,560,3680.840316
3992.893802,700,3682.797272
5727.304467,1000,3692.207415
1627.674816,306,3692.831747
5629.630011,1000,3695.413233
4675.272618,834,3697.644926
3074.218772,576,3705.936808
5581.11668,1000,3708.532695
2074.229276,394,3709.869453
5701.254032,1000,3718.81609
1968.623969,345,3719.529244
5747.825574,1000,3722.088966
5737.788503,1000,3731.128967
5645.244738,1000,3733.678524
5266.055128,925,3736.073289
5402.590689,947,3743.863374
3137.790484,567,3745.024362
5661.612768,1000,3747.596649
2650.208824,475,3755.623651
5709.686685,1000,3758.190089
5646.285037,1000,3760.760838
5701.763523,1000,3770.052427
4159.262945,720,3771.561678
1233.448995,242,3772.066265
5752.48754,1000,3781.567274
3379.958445,598,3783.334329
5557.882093,958,3785.820126
5759.093626,1000,3795.518533
3182.190496,582,3797.234564
5655.925284,1000,3799.284358
3144.477905,554,3800.902557
1533.986504,273,3807.276748
5751.565641,1000,3809.846276
5758.454875,1000,3812.399863
1099.734565,194,3812.795415
3285.94778,585,3822.138718
3246.465973,572,3823.835027
2758.032013,472,3824.795611
3748.760492,672,3826.697455
5733.201645,1000,3835.196923
3763.886607,668,3836.558898
5235.536544,921,3838.984279
3660.227746,668,3847.9433
1859.785991,341,3848.652251
4345.646948,769,3850.732987
5674.644685,1000,3853.296454
2722.105743,477,3860.395974
3484.219887,619,3862.187799
5781.210358,1000,3864.747308
3169.668507,548,3872.354129
4848.34416,852,3874.096979
5732.234702,1000,3876.677574
5708.622781,1000,3885.729228
5689.013619,1000,3888.174336
3190.338455,562,3889.710695
5446.690655,951,3898.02768
5966.078237,1000,3900.486117
3993.978664,716,3901.973679
5730.253696,1000,3909.869192
3663.280428,628,3911.667783
3176.917593,553,3913.320636
632.696772,124,3913.576453
508.336673,111,3913.811057
1382.461424,246,3914.309769
3298.294051,582,3921.972284
3836.385481,675,3923.35163
5722.930857,1000,3925.900587
5726.472155,1000,3935.161557
1500.502899,290,3935.762326
4115.321677,721,3937.74218
1865.460503,359,3939.015587
5769.281822,1000,3948.46698
1893.575179,343,3949.165125
4300.186046,751,3951.222956
1773.959431,314,3951.861771
1707.776395,304,3952.478049
2471.724125,418,3960.083363
933.246702,177,3960.447784
4206.421109,726,3961.937608
5693.480428,1000,3964.540081
3082.050608,537,3972.971399
2389.335652,438,3973.867556
2113.987128,378,3975.156628
4273.359266,760,3977.246452
1732.383414,330,3977.937965
2432.891357,421,3978.798285
2633.246158,469,3987.218116
5672.898355,1000,3989.789725
5822.440409,1000,3992.372832
5818.687782,1000,4002.160374
5682.883646,1000,4004.721951
4446.738618,786,4011.572196
5696.993593,988,4014.103854
5754.238274,1000,4016.665226
2222.221437,393,4024.168621
544.178986,110,4024.393243
5275.337851,920,4026.660416
5658.447212,982,4029.067296
5703.380013,1000,4039.001788
5622.215228,1000,4041.534328
3960.866312,684,4042.940385
5766.297595,1000,4052.468318
1704.161119,302,4053.540792
2004.252752,346,4054.24441
5700.868913,1000,4056.681057
2065.517876,364,4064.519628
4902.433056,881,4066.734995
5781.20133,1000,4069.183165
5686.073909,1000,4078.434406
5739.444806,1000,4080.884507
5610.870033,1000,4089.142336
4403.073024,761,4091.087834
5662.287259,1000,4093.544255
5752.661032,1000,4101.749743
5785.40684,1000,4104.208296
5285.603914,918,4106.493862
1263.906095,222,4106.954814
3534.369759,643,4114.89473
2575.158971,452,4116.216335
5750.851344,1000,4118.674588
4236.848264,725,4126.496772
5708.887089,1000,4128.93617
5835.817134,1000,4131.461515
3502.57252,615,4139.54886
5721.78884,1000,4142.121841
5627.530241,1000,4144.699506
5384.694847,948,4154.734765
2638.835343,466,4155.704346
1634.332087,288,4156.689991
4687.584494,822,4158.783674
2008.117945,356,4166.312199
4069.657056,718,4168.30963
2440.853551,421,4169.179516
4398.981246,807,4171.376006
3150.413781,545,4177.577393
5625.073443,1000,4180.142632
1526.924123,266,4181.230038
1736.785746,312,4181.876783
4311.485901,774,4190.82556
5753.007598,1000,4193.43258
1750.101893,308,4194.066888
5703.184257,1000,4196.647266
2615.600609,466,4203.553628
2468.681434,439,4204.977391
5275.42635,926,4207.414149
5326.410173,923,4216.523529
3501.01797,621,4217.802987
5559.332373,977,4220.336833
5720.57255,1000,4229.801305
5694.607972,1000,4232.389653
3587.932305,630,4234.217152
2669.61838,470,4235.186109
1701.632873,298,4242.095977
5306.266192,922,4244.521977
4103.901208,726,4246.539114
1790.655042,340,4247.245667
3053.146067,546,4255.935305
3806.076992,678,4257.825301
2055.84261,357,4258.565548
3126.286932,545,4259.68711
1149.50525,214,4260.656718
2469.317147,453,4261.597553
1656.278408,294,4268.912023
5140.839567,900,4271.281802
1870.826844,326,4272.463589
3560.411579,623,4273.751309
5352.292121,917,4282.615739
5813.939659,1000,4285.20796
2459.069467,434,4286.108273
865.457308,164,4286.974388
1834.866839,342,4287.685122
5768.62144,1000,4296.653336
5688.161691,1000,4299.248798
2441.68703,430,4300.136273
926.343018,184,4308.158803
5659.969914,986,4310.181468
1190.228389,212,4311.136756
5778.062563,1000,4313.720703
5704.751004,1000,4322.459029
2462.716348,425,4323.328162
5712.529168,1000,4325.909065
2196.730565,394,4331.873362
4923.854653,848,4334.159597
5800.187502,1000,4336.730415
2762.197153,473,4338.207848
5647.928335,1000,4347.64211
3294.655,572,4348.826411
5756.330418,1000,4357.594907
707.737158,157,4357.938203
3730.720063,649,4359.789525
4266.491133,724,4361.782385
3325.093846,583,4362.984066
4749.221837,813,4372.231706
832.459688,167,4372.575551
2024.21862,357,4373.82024
5661.313536,1000,4376.390063
2826.752601,492,4377.395062
1821.682508,326,4384.868454
2027.185211,357,4386.097739
5717.207593,1000,4388.538738
3552.324815,613,4389.801814
5022.949657,872,4395.9338
1914.561573,361,4396.68701
4923.918448,846,4398.808783
4157.722347,746,4408.029804
5707.945522,1000,4410.492323
2367.914316,407,4411.329551
4686.080371,808,4413.500299
1870.695749,367,4421.681409
830.611164,159,4422.013106
5579.813265,963,4424.540868
1727.097867,293,4425.137949
4976.1152,860,4427.426316
3870.654794,670,4434.334384
4287.160416,756,4436.390367
2929.982815,514,4437.966074
2387.079431,410,4438.808926
4414.960226,750,4446.815781
5742.357403,1000,4449.3799
1516.886487,277,4449.946253
4203.556664,730,4458.694141
2013.967623,362,4459.440707
5154.158976,893,4461.784108
1814.549497,321,4462.444583
5803.476128,1000,4471.87698
5795.075195,1000,4474.472934
1717.388112,300,4475.604722
1946.316808,330,4476.288941
2968.515176,532,4477.385098
3937.159245,692,4485.203249
5741.152274,1000,4487.756143
3014.24752,528,4489.352858
3671.941686,665,4496.992723
1127.395419,203,4497.402592
1355.017722,240,4498.390459
3639.138495,618,4499.671228
2362.641612,416,4501.026484
3749.770009,639,4502.332046
5525.83126,969,4511.943563
2188.548979,398,4513.29288
2844.647373,492,4514.316206
1857.353493,328,4514.990707
1670.929005,337,4516.188828
2753.461338,491,4522.840556
5736.361588,1000,4525.40544
5689.146633,1000,4527.886664
3363.097362,589,4536.24363
1980.719879,339,4536.929372
2632.18159,449,4538.239351
1340.370573,242,4538.741065
5768.0121,1000,4541.198444
2126.495076,372,4546.947508
2143.372475,382,4547.72941
5779.480324,1000,4550.299374
2091.420653,360,4551.552429
2357.091168,420,4552.418129
5067.028989,891,4560.623843
4212.138184,762,4562.74735
4819.072686,830,4564.986906
5826.677075,1000,4574.216554
5868.48152,1000,4576.779967
5130.04121,891,4583.148573
3805.577837,646,4584.995292
4401.035207,760,4587.083555
2421.062523,433,4587.983711
5212.394338,901,4597.30617
1801.718096,311,4597.94826
2685.097485,471,4599.424675
5795.45764,1000,4601.974913
2140.51026,369,4610.009072
2936.901608,520,4611.590453
2881.154536,506,4612.63374
5806.379919,1000,4615.20389
2487.901052,441,4623.77325
3787.589791,649,4625.101897
3355.240547,569,4626.772248
2583.595817,446,4627.672287
2384.028052,409,4629.021222
5802.068392,1000,4636.806021
1529.836955,273,4637.363142
5552.275833,976,4639.895305
1349.274942,239,4640.39056
5538.344177,935,4648.55329
2335.274418,415,4649.413544
2855.816985,500,4650.97147
5826.265789,1000,4659.1353
2143.119903,377,4659.928264
5732.670081,1000,4662.389247
5536.246174,944,4664.73421
5256.240179,927,4673.469051
1881.35279,335,4674.167938
3851.831565,660,4676.032457
3113.334428,537,4677.654201
5749.652004,1000,4687.941811
5846.474117,1000,4690.089411
4310.562749,759,4699.511999
4559.073354,788,4701.683707
5461.290726,955,4704.18605
3173.005063,552,4705.327141
5082.511939,883,4714.670363
5824.391059,1000,4717.25887
2545.679982,443,4718.710089
2669.315859,461,4727.078508
2561.23363,435,4728.504093
5323.639403,920,4730.916402
1975.132607,337,4731.633356
5824.264146,1000,4740.413343
5806.14495,1000,4742.996371
1832.418235,330,4743.68207
5813.56443,1000,4752.202024
5752.08348,1000,4754.674552
3670.031925,612,4756.441404
1201.623412,212,4756.878803
5834.93119,1000,4766.148376
2314.493758,403,4766.975806
5812.757253,1000,4769.588801
4619.005659,801,4778.494076
3984.541959,691,4780.323582
4922.612845,864,4782.497154
2490.557061,427,4783.378275
4914.067501,849,4792.198169
4775.972316,794,4794.216641
1167.130878,218,4794.663645
5769.813633,1000,4802.917722
3740.930593,647,4804.24715
5832.63154,1000,4806.697335
2789.642819,482,4808.09264
3416.423149,593,4816.401194
1263.398785,237,4817.288315
5937.045621,1000,4819.762652
5849.728866,1000,4828.907392
5080.088633,884,4830.728818
5771.35316,1000,4833.185685
2201.37744,384,4834.4382
3169.39652,554,4841.866489
5343.341369,920,4844.296919
4587.991237,798,4846.480371
2010.915911,354,4847.208509
4761.447562,828,4855.594142
2413.275376,416,4856.96364
1184.040795,216,4857.412008
892.470503,165,4857.75465
5794.343708,1000,4866.915918
5815.761167,1000,4869.378601
5777.555404,1000,4871.974017
4929.563267,845,4880.486643
2698.677846,467,4881.45603
5109.921534,866,4883.747569
2003.70855,347,4884.456205
2401.875347,414,4892.364991
2658.310144,481,4893.353444
5679.031302,1000,4895.912447
5815.906418,1000,4904.699833
4059.544995,716,4906.717111
5229.667357,893,4909.095291
5767.757242,1000,4917.974005
4594.533272,792,4919.6059
5783.207273,976,4922.120397
3843.33377,655,4930.501566
3234.416077,548,4932.0323
711.157889,132,4932.3087
5778.596833,1000,4934.783833
3417.423739,618,4936.057373
5204.138933,897,4944.482545
5801.890095,1000,4947.062381
5854.7439,1000,4956.214144
5878.666706,1000,4958.790836
1537.078447,270,4959.341938
5810.904909,1000,4968.374502
3535.187976,602,4969.998476
5815.783247,1000,4972.482107
970.341137,178,4972.848099
3323.337832,568,4974.411804
5832.27717,1000,4981.566606
2910.113249,487,4982.568372
5773.312516,1000,4985.123229
2307.262493,402,4992.23817
5819.998419,1000,4994.795891
1174.751545,211,4995.630641
3253.239779,555,4996.766433
1985.666426,356,4997.896053
1222.325016,228,5004.596882
5873.42871,1000,5007.078092
5782.429537,1000,5009.533991
4487.812406,770,5016.835252
1485.817657,257,5017.758127
2893.750482,526,5018.847476
5801.530802,1000,5021.299159
5807.392172,1000,5028.89268
2354.981254,407,5030.127206
1988.933299,337,5030.818704
5735.154348,1000,5033.301366
5881.827952,1000,5042.429948
5515.781341,965,5044.819706
2659.153243,463,5045.773787
2567.178541,435,5052.999333
1660.027376,289,5053.591842
3960.592907,685,5055.397684
5810.279685,1000,5057.996659
3126.457528,538,5065.685322
5950.629458,1000,5068.266404
4682.122706,804,5070.444941
3315.598113,563,5078.110103
5710.076514,1000,5080.672348
1305.280211,222,5081.631232
5859.184781,1000,5084.22537
5807.930275,1000,5092.67191
5799.357996,1000,5095.255189
4734.798982,827,5103.378842
5843.610365,1000,5105.957104
3628.870875,622,5107.760244
5696.017221,1000,5115.89356
5240.05381,880,5118.238018
5885.468134,1000,5120.80616
3512.930752,610,5127.902218
3389.055785,579,5129.635952
5703.915615,1000,5132.217173
5804.427963,1000,5140.825455
5773.733259,1000,5143.428282
5034.302103,861,5145.739112
3174.439068,542,5153.29471
5821.067743,1000,5155.90165
2199.268225,382,5157.198582
2391.455616,410,5158.044004
1622.037,288,5158.640013
5752.569305,1000,5166.695307
5810.008618,1000,5169.162287
1398.16774,243,5169.66066
1344.257733,234,5170.544605
4499.15637,756,5178.336982
2809.332205,501,5179.774248
3348.889092,597,5181.527723
4327.961662,739,5183.056569
5789.890231,1000,5192.747831
5852.359814,1000,5195.335625
5796.935126,1000,5203.671243
5832.961735,1000,5206.279548
3203.974854,570,5207.989942
2175.858008,389,5208.793067
586.316996,130,5215.276158
