#{"t_start": 1787570607.9200153, "env_id": "Humanoid-v5"}
r,l,t
83.352687,18,1.199584
85.646935,19,1.240086
80.895425,18,1.279058
81.132671,18,1.320514
79.123783,18,1.359257
85.979076,19,1.401655
76.353176,17,1.435738
99.415467,22,1.481372
83.442742,19,1.52208
89.299441,20,1.562777
73.976703,17,1.599366
102.28369,23,1.646714
90.205879,20,1.690244
94.319298,21,1.734504
127.726382,29,1.792733
86.15747,19,1.832355
75.482984,17,1.871214
81.33593,18,1.910703
76.364239,17,1.950583
74.42692,17,1.998268
86.561133,19,2.050414
71.581821,16,2.094154
118.412854,28,2.173052
120.230894,27,2.238173
81.311762,19,2.283874
134.059707,33,2.366195
115.153053,25,2.428783
126.648763,28,2.498271
101.726903,23,2.556075
70.75589,16,2.5975
126.736935,28,2.657487
99.035734,22,2.703521
120.440101,27,2.762561
96.252921,21,2.80536
222.321075,44,2.899953
76.548301,17,2.933843
96.417234,22,2.982178
128.984923,29,3.040925
81.26589,18,3.077421
70.522051,16,3.110014
125.035919,28,3.167987
104.615594,23,3.212932
112.700253,25,3.265067
88.813476,19,3.30442
75.588109,17,3.340114
81.34666,18,3.377709
103.903161,23,3.42462
111.463035,24,4.406199
75.73956,17,4.444974
108.979071,24,4.499216
118.617508,28,4.566733
76.52537,17,4.607042
71.759014,16,4.647711
112.147607,26,4.71422
113.814593,26,4.77894
86.125307,19,4.825876
97.448792,21,4.875615
154.3479,34,4.964414
137.720855,30,5.034359
145.529179,31,5.103967
102.48381,23,5.156394
113.907947,26,5.222621
76.166907,17,5.266842
131.133955,30,5.34735
102.106051,22,5.406785
135.349378,31,5.484282
80.45051,18,5.527417
76.708256,17,5.562938
76.484341,17,5.602666
76.128042,17,5.640218
74.528723,17,5.68266
168.93516,38,5.782958
157.964411,33,5.884432
73.479372,17,5.935205
79.768358,18,5.989402
85.574235,19,6.049129
94.668929,21,6.119495
113.028895,24,6.200285
141.529772,31,6.329044
87.812909,20,6.388182
76.483156,17,6.430469
76.135056,17,6.473677
106.857004,23,6.531903
76.204352,17,6.579754
80.694356,18,6.628705
80.207665,18,6.678507
105.897507,23,6.749674
117.437911,25,6.811148
143.191294,33,6.890615
118.843737,29,6.952688
75.871873,17,6.991156
79.589381,18,7.038638
175.541085,42,7.838797
105.810549,22,7.895378
69.979525,16,7.928167
76.463651,17,7.96516
80.004538,18,8.004687
74.045219,17,8.044369
87.712191,19,8.087373
94.216214,20,8.130425
75.967243,17,8.166937
140.332144,30,8.229932
155.63776,32,8.296741
119.778132,27,8.353369
137.868364,31,8.418156
76.572295,17,8.454668
76.312539,17,8.489092
95.762737,21,8.535459
70.490065,16,8.568307
148.909081,33,8.646107
85.690492,19,8.690439
98.555801,22,8.744993
76.844443,17,9.305325
135.197047,29,9.38014
121.057416,28,9.452182
216.674151,48,9.577422
146.542948,33,9.646232
115.230773,25,9.706384
123.228435,27,9.769646
148.112666,33,9.849076
77.327077,18,9.888049
115.606413,25,9.944528
81.385134,18,9.980962
81.487846,18,10.019953
142.887015,34,10.092247
167.591874,37,10.173779
117.464653,26,10.230643
85.581187,19,10.271614
119.374359,27,10.330517
89.245098,20,10.375193
94.369386,20,10.417337
80.450564,18,10.45557
167.967575,38,10.53098
80.162028,19,10.572772
145.81095,36,11.244831
104.013384,24,11.298175
90.663055,20,11.33944
78.99952,18,11.379627
128.288371,27,11.438127
94.68864,21,11.48747
279.836303,58,11.609565
91.60993,21,11.656695
137.814992,30,11.721804
135.291636,31,11.787644
80.950409,18,11.824319
122.030761,28,11.886692
184.690789,37,11.965304
83.412403,19,12.010302
119.863089,27,12.0785
151.177441,34,12.168455
205.140053,41,12.276879
114.356563,24,12.339687
93.011737,21,12.393984
106.665208,25,12.468163
76.25743,17,12.518531
81.144406,18,12.563244
102.484855,22,12.61053
100.869206,25,12.664517
117.173656,25,12.718051
118.603909,28,12.77898
80.990249,18,12.817891
90.663012,20,12.860893
111.612522,24,12.913684
146.693199,34,12.98929
163.087252,35,13.07189
71.664979,16,13.104858
107.852693,24,13.155933
91.909596,20,13.196909
83.052699,19,13.236113
161.805934,36,13.314172
73.991749,18,13.353262
128.50609,28,13.416959
191.490133,43,14.182228
185.364166,40,14.279442
124.733245,26,14.338071
87.64196,20,14.381998
74.568267,17,14.420978
126.116932,27,14.47765
86.31408,19,14.517534
90.009588,20,14.559363
89.324189,20,14.601074
135.107415,31,14.672619
82.609161,19,14.714877
76.164074,17,14.752684
135.877637,31,14.819512
75.712052,17,14.856587
70.599751,16,14.889929
96.032913,21,14.936391
121.206293,26,14.993639
98.52649,22,15.04193
115.29685,27,15.099262
76.255616,17,15.137522
142.947603,31,15.202948
120.578631,26,15.258747
76.265344,17,15.295588
74.628762,17,15.332319
81.993198,18,15.36957
75.516819,17,15.405164
82.136846,19,15.448341
140.651879,33,15.533406
102.00669,23,15.592333
135.807965,31,15.663899
91.718711,20,15.706664
137.717772,34,15.779479
119.251117,27,15.841693
142.289369,30,15.914789
143.966787,30,15.991748
81.791631,18,16.038423
78.931021,18,16.086973
79.923789,18,16.133163
84.199806,19,16.182663
85.789063,19,16.231426
134.258866,29,17.048162
78.58537,18,17.094406
108.253224,26,17.165968
81.272075,18,17.209125
171.232283,38,18.032581
117.547345,25,18.090921
85.438385,19,18.133244
97.870109,24,18.186219
119.295745,25,18.24044
113.342475,24,18.294861
121.821874,27,18.352348
107.684786,24,18.40503
107.526235,23,18.455498
171.618861,37,18.538627
131.264809,29,18.614501
76.109843,17,18.656394
108.556295,26,18.730758
80.364395,18,18.768857
98.22631,24,18.818769
112.881535,29,18.879138
123.537348,26,18.934266
171.607093,36,19.013948
81.117866,18,19.050578
149.900174,33,19.144483
165.767237,38,19.261401
293.648013,60,19.432145
122.208188,29,19.508859
76.353455,17,19.552827
130.542068,29,19.630338
74.644377,17,19.67251
150.777216,34,19.760318
100.976827,24,19.814429
160.110386,35,19.901859
91.136627,22,19.955974
86.456735,19,20.001811
128.354879,27,20.063254
146.396657,31,20.131264
164.281692,34,20.209464
133.564318,29,20.28668
79.923703,18,20.331177
106.957983,26,20.396904
134.59146,29,20.460861
107.753424,24,21.222071
126.417638,26,21.279687
125.717683,28,21.341115
116.14894,25,21.395537
75.603513,17,21.431491
92.625327,21,21.477865
189.08159,44,21.581844
122.700307,27,21.639121
249.50993,56,21.765865
91.677237,20,21.811354
117.786306,29,21.875749
169.524173,36,21.956408
137.22914,30,22.025379
149.850306,34,22.101552
270.949788,59,22.23467
100.27525,22,22.285509
135.188318,35,22.365415
126.946161,29,22.428658
76.275663,17,22.468397
91.938069,21,22.516953
76.487422,17,22.555403
133.638999,27,22.618214
228.162888,46,22.733568
203.129432,45,22.837156
170.829766,38,22.922456
87.191726,19,22.964549
140.499456,30,23.077252
75.837183,17,23.127889
86.602185,20,23.177667
96.970717,21,23.226068
118.980262,27,23.295037
81.042413,18,23.336138
118.202652,27,23.398503
91.321156,20,23.446788
117.608849,27,23.528592
176.280585,39,23.641532
178.587348,38,24.416395
214.550799,46,24.518885
126.173148,29,24.582912
117.860085,29,24.645621
172.181908,36,24.723485
82.312272,19,24.764961
73.939934,17,24.803709
260.153978,55,24.932538
103.942517,25,24.988559
93.665987,21,25.034694
98.97181,22,25.659654
71.017491,16,25.695019
144.652809,32,25.783211
144.263745,33,25.875373
80.642372,18,25.92281
137.520629,31,26.005096
129.960441,30,26.08416
86.944429,19,26.130347
108.954927,24,26.199597
81.288687,18,26.251427
208.409923,43,26.371053
196.139894,44,26.483163
123.021447,27,26.557173
110.406012,25,26.626115
86.223605,20,26.690734
143.189356,32,26.80033
131.866967,29,26.900196
121.758855,27,26.990559
335.34491,66,27.229176
70.745127,16,27.278836
219.708603,47,27.426349
80.899747,18,27.481624
178.065465,42,27.615794
141.098362,31,28.462831
113.497643,25,28.520924
121.538411,27,28.582547
304.177757,68,28.74534
154.626625,34,28.819685
178.674279,39,28.921504
196.53534,43,29.045267
122.730847,26,29.117986
84.817284,19,29.171906
100.40192,22,29.225952
101.476012,24,29.285605
121.452663,26,29.345104
75.974344,17,29.383806
130.307211,28,29.450362
165.887694,36,29.53742
96.08665,21,29.585747
123.516694,28,29.649581
78.882366,19,29.702917
219.690066,49,29.818999
223.950137,45,29.923628
131.273328,29,29.988968
99.495048,25,30.043738
96.10061,21,30.090723
265.539142,55,30.217956
157.641508,35,30.299906
119.363642,25,30.366951
112.874965,24,30.429863
240.298261,53,30.604846
82.369401,19,30.665441
131.895623,30,30.765483
252.952419,53,30.924468
293.198567,59,31.681756
147.787496,31,31.751103
124.207705,29,31.817341
146.390376,32,31.894172
212.481094,43,31.996229
105.123178,24,32.054139
85.4991,19,32.099016
239.327897,50,32.217904
120.65082,27,32.280217
221.797813,49,32.392277
141.212462,30,32.459819
204.703205,45,32.564293
295.400011,59,32.700192
164.921801,39,32.78548
151.745178,33,32.860864
126.760125,28,32.926743
136.996454,30,32.994674
140.567418,31,33.067795
177.836822,39,33.157758
145.678005,33,33.23989
179.530874,38,33.328371
123.547461,28,33.38979
146.804912,31,33.457151
283.025385,60,34.155978
214.8197,48,34.280249
146.077297,32,34.372127
134.579515,32,34.473495
115.465435,27,34.559732
244.186092,53,34.70928
259.835336,53,35.423041
226.726392,50,35.539056
221.068139,48,35.647721
210.800044,45,35.751237
296.652525,63,35.900003
90.645106,20,35.946985
196.51645,44,36.048574
107.862316,24,36.099665
151.018592,32,36.169252
115.970949,26,36.228439
225.486066,49,36.344509
93.844183,21,36.391573
104.978841,23,36.442698
181.410915,41,36.532895
169.042225,38,36.624331
136.803745,30,36.691941
169.90509,36,36.77381
181.708137,39,36.866182
265.766959,56,36.996881
122.508622,30,37.064576
187.064321,41,37.158902
246.099565,50,37.276443
125.121126,28,37.347039
284.778898,61,37.532118
210.330687,47,37.66327
209.390883,44,38.350361
213.632051,48,38.463097
135.005862,30,38.533596
142.672228,32,38.608961
306.414908,64,38.771545
159.72937,33,38.848948
264.548373,58,38.985367
184.901087,43,39.084292
191.785427,41,39.176883
175.939243,42,39.266036
104.415223,23,39.318618
150.324389,33,39.394417
177.214636,38,39.485975
140.571907,34,39.563508
206.183065,46,39.667786
330.176465,75,39.842581
180.654671,38,39.931331
158.700175,34,40.013815
232.814911,46,40.119714
237.35331,52,40.247311
232.492709,48,40.361866
193.473186,43,40.46343
252.985202,57,40.598583
228.751787,48,40.708457
268.700427,56,41.427308
231.726128,48,41.558639
149.414852,33,41.646841
204.445482,43,41.764422
241.567184,49,42.593204
313.181498,61,42.735385
145.143339,31,42.810623
171.330795,36,42.891672
185.033989,41,42.98591
133.219427,30,43.058972
159.283169,38,43.150392
247.44124,62,43.295451
366.539346,76,43.472889
254.756219,55,43.606397
174.107027,39,43.694861
227.912786,48,43.812268
148.515069,32,43.896049
176.375446,40,43.992854
207.243262,46,44.108881
98.071187,21,44.16185
152.838524,32,44.235355
96.478957,21,44.286333
186.51045,39,44.385021
425.259874,85,45.311677
209.499995,44,45.416826
135.540513,29,45.486488
339.922928,77,45.669144
201.766438,44,45.770707
271.408998,60,45.915534
149.429978,33,45.988895
132.247208,29,46.056513
181.369899,42,46.156813
259.106504,54,46.291006
141.259631,32,46.367864
171.961727,35,46.453148
175.702366,37,46.537178
245.473503,56,46.664844
261.013251,55,46.793778
128.689477,28,46.86221
263.395725,51,46.988072
159.110762,36,47.082246
301.377224,61,47.238368
230.55157,52,47.365004
154.453353,33,47.450129
149.100414,33,47.535979
230.879582,49,47.65515
127.383707,32,48.447788
260.606892,55,48.577981
279.099343,62,48.731103
174.067295,40,48.828823
253.06794,53,48.957535
314.265149,65,49.119048
270.10434,57,49.248663
97.130873,21,49.296338
173.047868,37,49.380454
391.629722,78,49.565943
263.936751,54,49.693624
236.954219,53,49.820647
250.108203,55,49.952677
257.28521,53,50.70582
329.175024,73,50.886836
261.457715,60,51.042597
243.060194,53,51.174917
169.572285,36,51.271432
183.914683,40,51.366382
313.973114,71,52.327018
205.858678,45,52.434636
238.070526,51,52.552037
389.517074,79,52.73712
264.996158,55,52.864002
225.93615,51,52.984853
226.937595,48,53.096901
245.648493,53,53.22163
297.773146,58,53.35965
277.311049,54,53.486345
225.132199,47,53.59537
88.663171,20,53.640804
202.153266,42,53.733917
145.995108,31,53.804534
181.76374,38,53.892145
319.438829,68,54.057926
295.472271,62,54.210375
248.099795,60,54.369342
281.84434,57,54.521659
254.623405,51,54.646178
374.899726,79,55.636062
330.128425,67,55.793136
233.687985,46,55.901746
278.107431,61,56.046879
263.23328,55,56.179281
297.002626,58,56.319242
223.54698,50,56.436798
280.041977,58,56.582027
162.792643,34,56.663021
439.242517,90,56.884488
312.444221,61,57.034521
241.792643,56,57.170763
224.63443,53,57.296155
278.514935,62,57.444455
188.646333,42,57.554975
232.261059,49,57.681597
129.127563,29,57.757917
287.511319,62,57.922215
317.029832,65,58.833231
239.235641,50,58.977358
341.522674,68,59.846063
219.031343,45,59.953231
417.40449,83,60.153993
162.836789,37,60.241263
300.025016,64,60.390278
182.936576,40,60.487544
272.015023,56,60.624191
225.417777,47,60.736649
317.283947,64,60.891778
373.764151,73,61.077203
240.351618,50,61.208876
374.473681,76,61.399505
539.841792,117,61.705766
424.359742,85,61.974798
234.304416,53,62.127007
207.92607,44,62.966045
345.769133,70,63.144477
401.806287,84,63.352815
371.636636,72,63.52995
368.033183,78,63.728665
408.451093,84,63.937699
251.957546,58,64.083242
223.947025,57,64.221316
403.935594,81,64.423319
238.442329,49,64.545941
240.366171,50,64.680749
273.248223,55,64.83879
382.693634,75,65.045437
541.960684,109,65.362726
357.897654,76,66.327564
218.08495,46,66.446598
386.650049,79,66.646604
335.244387,68,66.814107
418.742488,83,67.022708
302.653352,59,67.165343
239.342024,50,67.286926
294.905538,59,67.429622
288.393587,58,67.572829
301.838583,59,68.301651
369.457561,78,68.508029
258.560455,52,68.643088
303.991331,66,68.816518
390.387992,77,69.019703
303.856677,61,69.215118
201.175818,44,69.342747
252.427808,51,69.488048
340.096636,71,70.236581
241.371283,57,70.372288
303.088418,60,70.518399
266.537346,58,70.666926
242.12161,51,70.804306
263.518448,54,70.93531
214.097104,46,71.055369
330.427868,73,71.239017
305.535858,70,71.426867
249.783632,53,71.55851
308.149752,74,71.735557
254.586297,57,71.873003
272.658022,58,72.014394
241.721454,56,72.166627
519.991204,107,72.471433
431.800257,89,72.734174
249.483955,58,73.588044
335.913989,79,73.789054
333.3591,67,73.961336
321.059306,64,74.118159
294.988209,66,74.283339
306.510356,61,74.440394
363.948428,72,74.648118
320.536964,65,74.81351
280.852506,57,74.9549
261.611969,51,75.081104
311.816488,67,75.250381
223.34769,47,75.371448
408.825773,83,75.608007
281.422338,57,75.755782
391.503222,76,75.944567
246.1855,51,76.681706
331.055808,66,77.611698
202.394036,48,77.737235
567.479547,115,78.029011
404.539428,81,78.234394
302.658119,61,78.386438
258.423208,50,78.511746
375.250332,72,78.700702
468.713023,95,78.93992
292.008703,61,79.089809
459.559,91,79.322236
403.20631,82,79.532166
279.929102,59,79.686122
233.876239,46,79.803069
293.338667,58,79.955808
338.630751,66,80.922976
262.019619,53,81.063531
228.52827,51,81.215563
252.917615,60,81.378849
382.632418,74,81.570405
435.375174,88,81.793854
583.380354,126,82.119044
236.230467,47,82.242283
396.583609,91,82.482953
265.041691,54,82.614917
399.40754,81,82.827264
323.269591,74,83.038121
422.268216,85,83.272081
232.679833,53,83.418889
374.848084,77,83.619529
335.747968,66,84.409042
468.753412,94,84.702105
378.589559,75,84.923018
344.244693,72,85.109795
355.738953,71,85.300002
226.241383,53,85.437946
314.29563,62,86.21179
408.486604,90,86.450271
297.416632,62,86.606785
342.292386,66,86.779642
391.865987,82,87.004098
320.247451,68,87.187566
359.281095,79,87.400148
587.681244,119,88.461948
289.748263,58,88.605488
651.533415,131,88.941849
379.518768,81,89.151798
290.051135,57,89.29472
308.51622,73,89.495825
383.861354,74,89.691357
248.141755,51,89.81711
223.601357,47,89.935384
436.4194,87,90.154454
410.278947,83,90.3809
424.710775,85,90.606764
288.637162,58,90.758445
274.789424,55,90.895032
401.232932,87,91.823662
382.93532,76,92.015368
377.566397,75,92.205111
285.569916,63,92.362622
290.232071,61,92.518757
315.18957,62,92.680249
284.035067,57,92.829552
396.483991,76,93.03274
275.158402,62,93.190744
314.53802,63,93.348925
343.508506,70,93.519256
288.759797,67,93.694013
255.614315,53,93.84262
435.464667,92,94.724728
284.653052,59,94.873985
225.759264,52,95.013002
438.396687,89,95.945028
288.779229,59,96.09014
382.807977,79,96.295419
276.57599,61,96.453655
418.170981,83,96.675688
382.101661,90,96.897246
330.117763,66,97.059946
248.438582,53,97.188569
396.388684,80,97.380943
324.629342,66,97.541951
314.450039,63,97.702231
505.220825,100,97.952667
311.727567,65,98.11665
268.422942,55,98.257152
405.921715,82,99.189444
266.371797,56,99.326009
443.023855,100,99.569973
271.410023,54,99.711169
323.565737,64,99.865678
289.221825,58,100.008668
291.955912,60,100.158021
327.15526,66,100.322202
297.600382,57,100.463609
592.983898,123,100.77457
248.920412,58,100.919021
357.328306,76,101.122169
325.694469,62,101.289842
399.488674,78,101.501834
347.062509,69,102.245583
425.314787,82,102.487512
316.616536,64,102.680605
249.888558,51,102.827481
322.027494,67,102.992696
413.683951,81,103.85346
268.787179,56,103.996072
346.273008,72,104.175969
299.663766,59,104.318113
726.676454,148,104.693937
279.89517,57,104.837459
377.429644,74,105.030671
337.090784,66,105.198904
407.001096,88,105.43394
410.064618,83,106.327494
322.914511,64,106.483066
293.336902,61,106.635158
463.783925,92,106.866729
371.549171,75,107.048467
377.362692,78,107.231333
307.08921,65,107.385358
439.761672,87,107.623357
393.971009,78,107.82793
397.895924,79,108.030161
303.949739,67,108.218004
300.492294,74,108.418761
517.312432,101,108.696107
344.892841,66,109.550842
295.75405,61,109.702862
292.002721,71,109.881374
410.020231,80,110.084754
423.903386,82,110.290932
275.134,55,110.427743
411.544669,82,110.630065
570.185906,114,110.914738
259.298822,53,111.043421
421.258969,85,111.256413
253.975435,52,111.388506
375.641487,74,112.270725
255.748733,52,112.411618
242.244576,51,112.549524
395.338751,80,112.801354
315.782536,73,113.581033
334.352828,65,113.738808
487.199224,107,114.007439
347.934916,67,114.178849
267.059204,55,114.317069
254.235191,52,114.451144
295.077648,59,114.606317
592.758783,117,114.937874
557.288256,127,115.268117
481.898236,98,115.518932
401.263054,88,115.738676
388.000023,74,115.969544
322.922398,65,116.170025
376.250395,81,116.923702
409.471157,82,117.131698
335.142145,68,117.300067
313.428494,61,117.454122
388.904908,79,117.649349
396.619813,82,117.854101
318.769983,70,118.025662
415.385324,86,118.246208
307.930479,62,118.407327
316.456364,64,118.572104
335.456502,69,118.746059
378.390419,79,118.953049
339.907506,68,119.122283
276.661644,54,119.262387
328.775634,70,120.042384
427.59734,87,120.306293
614.519137,131,121.288423
260.485021,59,121.43243
420.28227,81,121.638864
544.14129,108,121.907171
295.696433,66,122.085625
474.069147,110,122.380925
361.016846,70,122.57501
253.44461,55,122.721028
417.628936,81,122.955237
385.381162,91,123.247057
376.141523,75,123.97742
394.395808,88,124.197083
446.658209,85,124.404623
309.805631,61,124.554151
505.971876,106,124.822327
331.783191,64,124.975654
476.811133,104,125.241807
427.12358,82,125.448231
440.705877,88,125.671025
309.158432,60,125.817616
219.226893,51,125.945703
460.982884,88,126.225958
339.943176,68,126.428251
303.149929,58,127.152419
408.465235,78,127.352156
455.911471,92,127.581284
448.418594,90,127.802174
282.637808,59,127.95503
588.984489,117,128.245656
512.654714,102,128.505819
360.398688,82,129.394217
355.843566,81,129.603788
392.545939,75,129.799937
322.437426,64,129.980563
410.476808,91,130.258424
413.77357,81,131.025603
649.348126,127,131.348623
339.469788,70,131.524529
304.399909,69,131.695512
381.710561,77,131.884848
377.616003,74,132.072771
375.489375,78,132.267068
361.494879,81,132.472821
337.885436,68,132.635231
496.243062,97,132.893816
169.334135,35,132.982087
403.04808,82,133.193521
329.786475,67,133.409615
388.302388,78,133.646398
389.986857,79,134.408983
342.9181,66,134.576445
149.088939,34,134.661609
295.108552,66,134.82006
355.491863,80,135.01935
354.714715,67,135.192702
404.103423,79,135.388789
355.232316,72,135.572029
286.437771,59,135.718433
352.463559,70,135.892827
405.8543,87,136.111686
288.428848,60,136.267979
444.640287,92,136.509422
389.346522,78,136.706517
301.131766,63,137.501478
477.683463,94,138.555511
445.330411,96,138.802841
386.111245,74,138.984303
308.768731,61,139.135351
295.855992,64,139.289474
446.204546,94,139.529529
386.70071,79,139.725322
517.45312,121,140.034793
253.113235,56,140.177313
695.819397,140,140.593182
356.436483,70,140.803912
326.553178,74,141.523901
392.288288,77,141.712665
425.611658,84,141.925964
425.988586,82,142.135074
402.611441,81,142.336287
351.320634,77,142.523367
337.975825,66,142.695862
417.604525,83,142.901532
608.504255,131,143.236423
424.058173,93,143.478009
499.188448,108,143.767094
526.172018,103,144.036518
684.92722,137,145.047953
317.709123,72,145.226096
426.97538,85,145.431074
504.860411,99,145.693051
385.74279,78,145.890867
547.100559,106,146.936957
445.28257,87,147.154276
390.142525,76,147.344557
416.753249,84,147.573622
386.560687,84,147.839322
425.088146,85,148.086953
392.957503,78,148.79655
433.455064,84,148.999396
652.181335,139,149.343935
354.189677,69,149.508499
307.118249,68,149.672368
351.396429,82,149.876666
433.908509,94,150.10811
386.051959,76,150.304687
316.356972,63,150.464752
268.480887,58,150.615235
307.844383,69,150.834354
465.382995,99,151.137242
326.320176,66,151.3088
392.660875,77,152.046566
324.981575,67,152.2127
250.846348,58,152.36092
281.967583,62,152.514711
382.209153,86,152.736151
385.685369,75,152.929538
458.438931,92,153.162258
443.102723,89,153.382602
441.191073,87,153.606711
380.895944,75,153.804046
233.673157,49,153.927894
1062.091117,215,155.426881
339.923625,75,156.126321
293.999829,59,156.277281
383.543148,74,156.454257
447.556372,85,156.65769
517.927621,103,156.912056
305.959453,63,157.071666
329.975067,83,157.274912
389.19467,76,157.461429
365.683218,73,157.649894
393.91998,85,157.898726
344.173317,70,158.116252
274.816688,63,158.298863
453.854447,100,158.544481
243.033388,54,159.337521
454.549261,98,159.600405
395.122558,81,159.807628
322.20454,68,159.98095
431.225187,88,160.203277
350.715234,80,160.398571
612.258874,130,160.736161
485.022156,95,160.980731
357.964687,69,161.157648
316.231889,66,161.329024
336.310603,66,161.50311
431.848872,84,161.750391
420.387468,82,162.010195
325.472723,71,162.856179
455.242222,100,163.113157
350.452699,70,163.289359
296.293787,68,163.453968
349.903689,73,163.639563
328.842171,71,164.761154
348.890397,81,165.017181
325.052214,67,165.219701
426.878428,82,165.43795
355.650677,74,165.618469
375.841597,85,165.832966
550.294441,120,166.131811
378.739371,77,166.997107
512.031403,104,167.262979
412.532679,80,167.46144
328.661438,66,167.625374
448.472898,99,167.870562
451.570102,92,168.146757
474.097381,93,168.41907
343.341104,76,168.599317
488.139735,108,168.870855
338.277333,77,169.066974
429.685573,89,169.29249
412.118368,83,169.502217
368.592682,73,170.347157
519.86849,100,170.612786
483.255461,94,170.848345
406.827223,80,171.04067
247.812791,56,171.183838
450.671927,89,171.399886
351.607225,73,171.58499
349.632046,72,171.762586
612.862383,137,172.175558
358.158614,70,172.373079
763.562407,151,173.578357
380.716853,74,173.769423
390.47613,76,174.620749
577.721008,115,174.917652
552.940085,126,175.291487
416.816359,88,175.538113
340.932813,70,175.711123
343.257156,67,175.879626
524.203369,104,176.140956
435.84011,94,176.369731
469.383981,88,176.586699
295.846823,62,176.740147
487.547709,106,177.002141
529.985286,116,177.976765
402.926535,80,178.179289
419.948728,91,178.400385
455.529008,90,178.620061
369.029677,73,178.800269
437.741617,86,179.047
405.090055,91,179.318711
332.836053,65,179.482793
638.817755,126,179.798444
597.257076,119,180.095833
493.767779,100,180.338788
453.898446,88,181.233507
345.732015,73,181.415609
331.348291,66,181.569428
381.334423,75,182.639272
305.552158,61,182.782654
356.985942,69,182.948936
425.687847,84,183.160303
350.55506,68,183.322587
385.709481,85,183.53398
417.403787,84,183.739926
438.802357,91,183.960199
422.48592,97,184.202214
348.161244,70,184.377957
481.343775,100,185.335114
431.087889,85,185.584
433.948191,84,185.793054
575.973057,126,186.105219
727.613144,146,186.471776
345.375044,73,186.656039
406.702996,80,186.856097
384.104785,78,187.054487
450.369762,102,187.307028
442.86545,86,187.519946
320.936893,67,187.696529
355.674618,69,188.523619
363.464168,71,188.699111
471.55153,91,188.922293
436.603281,83,189.133916
391.47553,88,189.3824
324.467577,66,189.565806
449.437435,88,189.800333
460.662938,91,190.016546
380.038558,77,190.203552
394.065193,77,191.355273
433.184758,84,191.564304
400.960517,88,191.790339
523.256005,111,192.802598
359.545281,87,193.047425
470.416792,101,193.301679
218.006249,53,193.431288
412.938417,88,193.646952
272.83992,58,193.78911
532.87376,104,194.047759
602.582806,121,194.341886
669.455581,130,194.677466
708.87908,154,195.086065
518.534002,102,195.911734
462.13325,95,196.160533
357.323306,72,196.341412
578.741434,115,196.638562
387.145523,80,196.881942
273.586771,61,197.064975
337.245693,65,197.225836
618.392591,122,197.528538
290.444954,67,197.686123
540.118236,116,197.973846
538.933614,110,198.238789
460.301357,90,198.452157
427.643278,86,199.164823
451.389343,94,199.390183
337.044752,75,200.656706
304.545666,59,200.80195
326.672141,70,200.971863
300.909305,60,201.121277
460.708731,92,201.347882
438.715442,84,201.556386
292.733617,60,201.70633
512.212505,103,201.960995
422.143064,81,202.174559
478.815742,97,202.42494
259.008663,53,202.553825
568.710926,118,203.540781
494.871351,99,203.789742
503.149291,97,204.033534
473.304671,95,204.272372
486.046884,94,204.507405
648.850553,129,204.820417
282.266794,57,204.965785
258.538424,60,205.114891
436.68478,85,205.321083
418.90182,84,205.530604
348.906715,83,205.740811
433.784597,97,206.673082
383.983396,84,206.88024
456.599998,85,207.12946
500.997108,98,207.40987
286.756611,58,207.55374
531.199974,112,207.839801
576.821106,112,208.113715
385.684615,77,209.268486
427.056822,92,209.522521
534.08922,121,209.821869
381.904071,82,210.070718
290.724165,58,210.250068
477.039128,94,211.102976
388.93234,77,211.286341
511.859405,100,211.537058
516.907379,100,211.780631
345.271849,71,211.952381
345.589118,78,212.15084
283.959011,67,212.319271
309.813523,63,212.47552
375.338991,72,212.657282
660.428919,127,212.99605
278.448461,66,213.169994
391.621347,87,213.404207
573.170711,122,214.264973
309.781243,71,214.480263
514.875871,112,214.814214
491.389755,97,215.053689
527.649179,104,215.300807
515.864964,111,215.581789
402.572484,77,215.775232
374.936849,73,215.95083
530.053981,120,216.243488
576.709651,113,216.518093
517.218555,107,218.311772
531.455975,107,218.578238
229.162233,50,218.698526
474.917795,109,218.960123
318.627437,72,219.14231
570.619907,113,219.417743
445.386898,89,219.635165
349.055362,77,219.837425
315.908761,71,220.01998
376.093653,71,220.202814
736.669402,147,220.593558
344.319473,80,221.4488
301.703866,70,221.639246
700.045618,138,222.022373
487.010262,104,222.301076
358.404187,78,222.487559
526.86013,103,222.744888
401.994632,80,222.940491
245.909546,55,223.076728
378.087384,84,223.289869
366.504435,77,223.485427
437.798921,93,223.710236
345.071393,72,223.891582
425.872533,86,224.780125
283.613013,65,224.951041
466.704366,91,225.202049
717.049023,141,225.585207
510.503178,109,225.857821
422.127812,86,226.965545
486.55277,98,227.205181
491.403654,100,227.456334
502.539058,100,227.709607
381.830762,85,227.92642
407.209434,91,228.196844
640.323705,135,229.200566
299.192861,67,229.367893
386.548063,87,229.584193
438.487622,82,229.788996
342.761196,76,229.97513
467.979417,92,230.20156
323.163001,76,230.39163
379.495307,73,230.573165
476.651516,101,230.830557
360.125131,79,231.039908
365.70564,84,231.252757
587.50763,126,232.243072
508.412398,101,232.510575
858.326404,180,233.017399
488.448783,94,233.245765
536.598746,104,233.503026
543.937193,106,233.758431
529.306707,107,234.021608
691.36704,150,234.403391
305.743352,60,234.545901
580.807356,117,236.411486
741.689724,147,236.780955
505.234486,116,237.076162
506.245912,99,237.316714
320.913132,72,237.494283
430.378498,86,237.702137
498.814211,101,237.954883
354.086166,73,238.135606
395.282431,77,238.324325
467.032797,92,238.577908
544.735639,124,238.898564
424.380366,84,239.750981
372.762077,74,239.944848
499.301953,110,240.275276
346.442528,69,240.481148
575.867393,114,240.771275
558.047305,110,241.043337
558.011838,112,241.310033
544.539356,106,241.571954
614.74766,123,241.885451
412.013775,82,242.085584
593.762142,117,243.04024
486.054547,107,243.332953
454.494994,89,243.6013
459.898765,92,243.836635
568.882946,116,244.993585
482.84365,94,245.230024
540.362883,105,245.493514
257.57203,57,245.645448
559.028899,108,245.924721
428.119362,83,246.142672
423.116302,83,246.380129
443.726671,96,247.372878
388.230335,74,247.553355
338.817528,68,247.724341
649.052868,127,248.041389
395.153714,82,248.247718
311.442341,62,248.409323
342.959822,75,248.589638
427.674189,96,248.828905
280.333173,61,248.984127
342.977419,65,249.150494
376.848701,85,249.382587
374.607576,75,249.575276
339.962258,71,249.757197
684.122249,134,250.803459
650.585154,131,251.174144
376.150749,76,251.362398
439.790323,87,251.575921
348.73152,69,251.747997
545.469092,120,252.0416
565.866665,125,252.348095
369.771592,82,252.551845
260.496452,58,253.593345
504.80226,96,253.854781
373.018682,73,254.780531
564.988899,122,255.080625
455.881002,87,255.296285
611.253935,120,255.588358
611.123931,127,255.909424
457.328137,103,256.16432
498.823929,116,256.467885
361.118188,72,256.657164
404.725113,92,256.906665
433.339234,94,257.145659
425.530895,93,258.062507
377.063147,78,258.294798
289.763304,58,258.462136
355.074558,71,258.636842
408.422143,79,258.842162
419.274844,91,259.071784
416.486887,97,259.318743
422.719382,93,259.549918
434.843972,90,259.771204
490.134832,102,260.02782
395.144953,77,260.226112
519.690512,108,260.4976
1135.150183,230,261.72192
650.412549,127,262.971581
470.667358,98,263.22665
474.09811,90,263.455872
411.690822,94,263.702297
727.770252,158,264.127124
521.600807,106,264.426056
488.889615,93,264.700644
411.878745,90,264.954337
451.838113,89,265.686902
381.329768,72,265.867649
363.616164,84,266.083009
514.636238,98,266.333434
667.451572,131,266.651025
395.096412,77,266.840195
406.969401,82,267.038254
535.416761,111,267.316445
468.45888,98,267.569898
411.315927,82,267.786897
512.818344,102,268.066997
363.702464,75,268.812827
347.909646,69,269.01921
471.874676,93,269.273489
579.440043,114,269.559452
560.47973,109,269.827592
590.227492,114,270.113276
340.049604,79,270.308841
588.436148,113,271.566799
581.141837,114,271.90698
347.598713,70,272.106487
326.937253,75,272.31558
576.458249,135,273.140587
352.840288,79,273.337706
348.024418,84,273.548955
407.184392,82,273.746136
706.140162,151,274.122536
365.232431,71,274.304556
258.779065,56,274.445789
316.52274,61,274.605021
640.375366,142,274.983742
371.11753,72,275.164929
461.664069,92,275.417106
475.360025,104,276.236837
363.953788,81,276.477494
500.898644,95,276.719704
587.290938,122,277.024407
471.173246,92,277.258527
367.72426,81,277.468382
489.161807,96,277.714928
381.840593,76,277.897557
642.013013,138,278.24124
608.754419,123,278.548734
355.855042,79,279.29702
474.524079,91,280.597547
417.581394,81,280.798916
430.683125,93,281.034413
768.072083,152,281.410429
329.549076,71,281.5972
300.150767,63,281.761318
503.393087,99,282.017725
557.646359,113,282.332541
650.753045,125,282.71771
399.44845,75,283.449267
401.679913,81,283.654989
455.681734,88,283.873668
381.926607,85,284.085484
492.37726,98,284.323519
342.04546,79,284.51462
501.677619,115,284.796842
985.20111,204,285.302991
712.612624,140,285.672248
528.659331,108,285.952287
445.183374,93,286.837668
397.223112,80,287.0438
718.515263,139,287.390673
425.180802,82,287.594715
707.50863,142,287.947948
498.417133,97,289.199594
436.617357,99,289.457352
447.424562,89,289.750457
436.017613,85,289.999837
763.487361,150,290.865709
449.604943,88,291.080852
469.23125,99,291.32988
254.72636,56,291.472439
404.572393,81,291.673842
588.314257,115,291.964262
497.350296,100,292.22543
296.261852,58,292.36696
361.362978,81,292.566414
414.211128,80,292.756638
370.520091,71,292.939247
412.832694,82,293.140762
367.758174,80,293.346272
551.162799,108,294.259958
517.310244,106,294.520249
565.320991,108,294.789105
595.853489,127,295.106433
718.939088,150,295.477252
376.531112,86,295.690243
277.559801,54,295.822173
437.270074,86,296.033321
351.956229,84,296.24614
460.367895,91,296.486787
505.883196,96,298.342975
470.35368,92,298.565052
400.731655,83,298.771032
414.407956,81,298.969033
338.402905,71,299.142816
468.100949,89,299.360103
376.351391,80,299.565752
488.967605,96,299.81399
250.690964,56,299.954018
526.4508,102,300.230761
414.097881,84,300.448129
356.031199,81,300.658035
536.799004,117,301.603782
354.767723,71,301.789016
605.832982,124,302.093224
480.263007,99,302.339223
640.73945,125,302.647975
376.778192,74,302.821627
617.283178,121,303.120579
390.407775,85,303.342872
623.583661,123,303.655596
486.502268,98,303.901951
333.64577,65,304.719717
425.967319,96,304.978144
432.994878,85,305.180723
370.451329,73,305.35836
339.783542,71,305.536241
320.561079,64,305.695139
641.798061,129,306.990986
300.78613,68,307.161729
547.285183,107,307.450845
347.365728,75,307.694649
446.734496,88,307.945459
419.074311,95,308.176207
430.847763,85,308.884838
400.748811,81,309.09154
553.301793,112,309.376854
636.559732,121,309.685826
444.094931,84,309.891777
498.693503,110,310.157934
376.928865,83,310.374177
551.693579,110,310.63659
445.021628,84,310.853626
296.826296,69,311.028917
455.595912,90,311.258881
645.837982,129,312.246891
607.573372,118,312.525631
222.062287,46,312.634498
410.968259,81,312.832068
455.012704,90,313.043643
360.630626,73,313.218254
434.844814,84,313.418808
521.605885,114,313.694515
524.508539,100,313.94617
391.21843,78,314.150705
464.427002,97,315.475449
462.245244,91,316.190506
377.084094,78,316.39549
502.785017,100,316.639458
424.915701,82,316.842294
359.722902,81,317.041609
737.276962,148,317.410103
497.209205,96,317.647477
429.14025,85,317.863865
363.129682,84,318.085496
665.158735,138,318.449256
508.977954,102,318.700377
505.905888,101,319.625692
365.001472,69,319.794574
430.550867,97,320.032817
367.866986,90,320.258647
462.669021,93,320.485714
453.066538,90,320.703566
420.505493,82,320.900468
418.301935,85,321.109059
670.391376,132,321.437213
459.880778,92,321.666507
344.755686,66,321.832451
341.834217,74,322.698198
525.878708,113,322.971887
566.021847,119,323.270671
421.133738,83,324.592252
425.600514,93,324.834702
627.54573,125,325.167781
485.224437,105,325.496089
777.419761,151,325.90917
300.985901,71,326.079228
311.636577,72,326.25753
807.090655,161,327.223823
279.033229,66,327.389747
643.462087,130,327.715358
699.511556,153,328.091272
551.713022,106,328.349423
466.863996,104,328.613728
487.61761,91,328.850167
492.939153,93,329.079182
628.855767,135,329.461115
402.627613,81,330.320098
442.135908,99,330.561172
387.444736,88,330.780948
481.182847,93,331.008909
498.886399,94,331.239794
316.576714,63,331.394751
610.47372,120,331.692131
387.502653,77,331.8805
522.783301,100,332.117716
341.563187,76,333.324723
565.216788,116,333.61158
407.071569,90,334.321436
759.74476,154,334.707051
427.860303,85,334.918517
335.756513,77,335.114127
393.308995,77,335.304589
609.092939,118,335.600795
475.655092,91,335.826115
611.618121,118,336.112334
462.440414,90,336.347635
626.350826,121,336.666995
476.304524,97,337.567859
493.622441,96,337.813088
302.816034,60,337.959661
282.952456,65,338.12165
793.301147,162,338.514695
485.249163,97,338.747086
435.817125,91,338.967126
471.333597,92,339.193671
489.806442,99,339.435228
481.398607,93,339.670651
448.346495,91,339.942691
514.338953,113,340.862687
508.663621,95,341.092875
432.805185,82,342.669738
416.505835,98,342.924835
354.82434,69,343.133709
774.535465,165,343.607265
547.930429,115,343.896005
555.528089,116,344.187234
447.47727,87,344.407162
679.364501,139,345.258434
567.656423,113,345.539356
568.794753,111,345.813042
479.674282,91,346.030798
417.151222,83,346.230618
449.374684,100,346.485005
608.285661,123,346.7792
508.938033,99,347.020075
410.408524,89,347.299893
359.309674,70,347.502887
378.596691,73,347.69297
398.777177,95,348.420696
625.464573,122,348.720757
667.487448,137,349.063346
340.864773,77,349.256048
400.437054,86,349.469086
514.271872,103,349.720025
752.232827,150,351.355135
541.067175,108,351.616836
463.766715,94,351.850663
456.035679,92,352.077287
444.766197,90,352.85185
476.950292,92,353.088432
384.512125,90,353.313994
615.786696,118,353.600162
625.661409,119,353.892146
502.620202,98,354.131629
491.161947,96,354.370333
396.111366,78,354.561083
447.652083,99,354.87498
353.190719,74,355.094422
447.198326,101,355.833124
498.170089,98,356.075319
542.533329,116,356.360865
540.840293,119,356.651021
376.586903,77,356.840509
423.556986,91,357.063862
599.553896,127,357.40459
487.648244,94,357.643206
443.76751,84,357.898072
423.490419,82,358.148504
559.57144,109,358.46792
481.140962,94,359.326735
513.551423,104,360.691871
436.425009,97,360.960368
464.840955,104,361.256946
577.910842,115,361.579231
495.499987,107,361.883306
509.411686,98,362.158951
527.243556,117,362.53523
561.708116,116,362.871617
461.15726,102,363.740171
505.183845,99,364.004653
312.334108,62,364.16415
410.119015,83,364.368284
377.428307,86,364.593853
527.735147,106,364.876001
448.193466,88,365.102991
619.625167,132,365.447167
869.834056,182,366.00166
410.814794,90,366.245565
459.991241,91,367.016272
577.775652,111,367.303248
483.508463,94,367.548415
385.318567,75,367.739796
454.118235,89,367.975291
381.070135,85,368.203715
606.825973,122,369.567033
406.542246,83,369.785259
591.782786,113,370.070827
388.085173,76,370.264084
713.176329,145,370.638848
830.311802,163,371.634926
431.561709,82,371.835979
490.709743,99,372.079806
400.360114,85,372.296819
479.391541,91,372.517508
386.179458,82,372.729548
550.470682,109,373.006064
312.164304,61,373.19266
428.406124,85,373.439804
522.65086,104,373.732111
437.38497,86,374.487704
762.785253,154,374.877545
368.66606,80,375.078546
520.093668,109,375.347757
450.445446,89,375.559341
331.552133,65,375.715821
370.563617,72,375.889148
422.440372,98,376.132594
475.896948,104,376.428601
524.835408,112,376.758526
411.714717,82,376.979303
449.057721,89,379.147215
449.541327,84,379.354496
418.509459,89,379.584808
390.648001,78,379.785963
442.825197,86,380.004615
578.267938,117,380.305476
442.813166,89,380.541459
313.028666,70,380.736286
546.561632,107,381.052888
358.057894,70,381.229557
588.501249,113,381.514566
391.912791,80,381.715127
497.746959,102,382.505478
553.803383,117,382.802756
470.244574,90,383.03643
991.199155,190,383.508431
394.072304,77,383.691999
471.65319,91,383.963251
394.119904,81,384.19972
386.922577,83,384.415811
853.774129,168,384.824981
498.379587,97,385.564336
345.922422,76,385.758922
283.787048,57,385.903126
326.555378,67,386.073553
421.334366,83,386.272596
855.414825,169,388.40679
493.569291,111,388.696509
396.13359,86,388.920675
511.99029,113,389.214781
681.539319,143,389.600198
577.610223,111,390.548457
419.421537,81,390.745365
394.941508,82,390.950401
436.597879,93,391.192265
298.641378,72,391.392071
809.488772,159,391.826278
435.036225,86,392.032937
518.760431,99,392.282564
806.427806,154,392.65846
361.981186,71,392.827724
703.091262,137,393.851396
295.139011,62,394.003739
361.236666,72,394.181446
851.345787,166,394.63362
653.342316,130,395.000195
351.667982,67,395.161379
505.693566,99,395.408842
920.983367,179,395.848515
380.281452,77,397.682901
461.186827,98,397.947001
563.171591,105,398.876131
521.190559,104,399.167924
502.09185,96,399.431906
492.378628,95,399.655367
577.783284,118,399.950949
415.58395,88,400.167561
385.257862,85,400.372326
611.733282,115,400.647028
475.194636,90,400.861476
1286.797972,260,402.027745
847.34545,170,402.516789
535.591051,118,402.830239
420.74598,79,403.024395
843.112091,176,403.470952
645.123234,126,403.776963
982.849034,199,404.27924
440.50832,86,405.026963
589.426598,111,405.319607
359.417966,79,405.552173
442.683734,86,407.462402
604.3453,125,407.778562
335.842762,76,407.979087
547.004687,119,408.296486
472.237325,96,408.543933
468.383155,87,408.767865
460.935121,99,409.030255
438.487,87,409.252903
481.987781,93,410.203736
548.879903,108,410.479391
492.981509,100,410.726001
497.160191,100,410.97031
563.669558,112,411.237396
470.647009,93,411.475049
416.0603,89,411.693303
484.430984,94,411.920257
330.187574,72,412.119206
542.292541,114,412.426345
546.1986,112,413.410122
502.618946,98,413.648073
676.714984,147,414.003479
287.906662,56,414.14204
463.646731,89,414.356986
592.063399,113,414.63206
423.113377,81,414.827385
492.870724,96,415.064339
677.631944,139,416.98992
539.002491,111,417.325328
514.010679,97,418.198448
520.150031,97,418.438539
340.211753,67,418.59762
417.638708,80,418.800356
450.27847,86,419.008627
522.888931,100,419.256526
378.160948,83,419.462214
633.724887,124,419.762605
401.24714,76,419.951081
556.369077,105,420.225994
375.651777,71,420.443338
375.555012,82,421.26174
439.751821,87,421.471934
334.298155,72,421.650297
506.185458,95,421.877926
358.345794,79,422.087934
429.748253,94,422.321821
377.587704,70,422.489536
509.715831,100,422.744301
474.527614,103,423.008933
501.407517,94,423.249174
470.513813,92,423.482054
767.135155,153,424.643252
551.404698,106,424.911645
646.326794,131,426.682974
1005.963976,200,427.199229
497.531504,98,427.460866
460.292251,87,427.685315
429.526677,91,427.972341
795.451359,151,428.37994
519.503296,105,428.641834
508.499882,103,429.433427
533.228443,103,429.692674
500.138553,93,429.930325
547.502218,107,430.194306
561.025376,107,430.45991
448.035862,87,430.673486
535.158885,104,430.964463
606.405594,122,431.319182
367.538132,82,431.523446
532.489532,105,431.783356
621.966759,121,432.604376
394.017221,85,432.82246
500.59066,96,433.066056
413.001734,81,433.267669
533.661007,107,433.557421
603.466524,115,433.840496
646.315501,136,435.343134
614.799054,118,435.669677
391.926621,77,435.850625
591.998624,128,436.685166
861.787565,170,437.105802
520.727366,99,437.353908
502.230631,93,437.577367
486.982492,92,437.801267
595.161562,118,438.101442
423.971975,80,438.30995
437.102061,85,438.560833
503.134211,93,438.817653
316.87694,61,438.968069
384.865211,75,439.157721
345.293358,81,439.967814
610.650899,122,440.299617
544.126105,102,440.55652
557.14134,114,440.873288
617.284093,123,441.187548
487.628291,93,441.431179
475.580272,91,441.67243
538.493059,111,441.985935
387.302782,75,442.198989
417.778943,89,442.470767
370.462095,78,442.731588
458.568465,87,444.676076
512.453826,114,444.98247
820.749657,158,445.414492
415.281808,79,445.627794
839.231899,164,446.157946
454.050864,105,446.455974
414.737283,90,446.689591
427.762567,87,446.916002
551.356698,103,447.177519
509.962738,101,448.128935
481.821405,90,448.356949
509.323763,111,448.650771
607.698826,123,448.981131
545.18406,101,449.253191
481.741744,95,449.522957
642.186386,122,449.845453
337.865565,71,450.0151
429.37401,92,450.243879
415.061801,83,450.447644
423.642645,85,451.201287
643.491581,118,451.50068
274.0158,53,451.633882
605.418611,126,451.948673
529.868449,105,452.20807
539.455376,104,452.459856
567.316452,121,454.121043
472.453846,90,454.351891
523.068182,111,454.634106
473.972748,96,454.874732
580.688684,118,455.688051
762.534378,153,456.074184
1030.122619,207,456.585214
858.834965,167,457.043272
379.665014,70,457.248056
421.103514,79,457.460422
470.35399,101,457.715184
567.158144,109,457.975935
591.498904,110,458.912775
486.789993,104,459.173762
596.939707,113,459.452351
403.671194,78,459.645861
1304.648432,255,460.289018
584.119861,117,460.580661
377.850291,86,460.801634
913.937677,182,461.356201
581.657542,129,463.524365
611.402096,117,463.814277
543.814226,103,464.081077
474.688134,92,464.335136
525.641929,100,464.615
456.22172,99,464.858357
418.620206,87,465.080835
803.14943,170,465.493236
640.594073,116,465.772621
667.378343,138,466.650776
406.851479,77,466.839975
1000.584272,206,467.379869
550.28016,112,467.717788
817.945113,170,468.124313
367.795732,68,468.28275
482.464636,95,468.521848
284.911707,64,468.681775
534.46837,108,468.955881
721.10957,153,469.906424
490.513227,93,470.132587
523.221969,101,470.382557
471.51721,93,470.60837
763.706591,145,472.391323
574.771255,120,472.690587
419.194111,92,472.912175
605.736275,113,473.191713
431.453957,88,473.412492
396.516897,81,473.613038
620.98519,119,474.417655
576.248757,117,474.742794
675.787866,138,475.124246
633.634453,116,475.408102
391.904492,83,475.614242
605.879148,119,475.903332
687.237662,154,476.285367
581.222632,124,476.586163
364.695414,81,476.786827
462.860466,104,477.640018
782.691734,151,478.031076
746.936445,148,478.40554
402.569263,81,478.611126
610.382174,123,478.985113
556.50888,110,479.29774
629.192011,123,479.599519
654.734657,136,481.042482
426.11709,87,481.788005
555.788319,108,482.087485
825.211739,158,482.533588
589.992776,123,482.836429
670.022854,140,483.183106
482.67578,92,483.41527
710.784025,140,483.755955
602.414005,113,484.038936
640.635246,121,484.871433
497.48139,115,485.181537
562.416637,108,485.499673
378.326997,82,485.698501
470.643382,93,485.932573
327.225602,69,486.104245
588.267359,119,486.403264
377.888738,75,486.591832
401.02318,77,486.785249
567.358169,113,487.075582
434.134142,82,487.289875
491.420588,94,488.050806
497.021659,93,488.277094
424.44041,89,488.501705
551.058649,107,489.926052
457.131268,90,490.142673
353.05545,82,490.343643
460.139655,92,490.572198
631.736323,120,490.863268
441.91417,88,491.079706
596.687687,117,491.364218
441.054843,94,491.597228
459.976224,90,492.347486
468.669862,90,492.595364
624.052242,127,492.965357
434.466805,82,493.169488
523.228039,107,493.44898
679.127117,128,493.76845
533.745902,102,494.013267
525.213106,97,494.254924
376.927835,81,494.464681
412.320607,89,494.696008
273.889511,64,494.866118
681.918081,130,495.759528
346.999164,69,495.930805
464.656799,98,496.172557
889.235769,180,496.615614
628.275928,136,496.983331
351.80067,77,497.204067
521.280811,105,498.719841
463.729791,91,498.944318
631.987964,119,499.241919
708.470834,134,500.096834
536.807695,102,500.401634
625.07699,130,500.75247
792.162074,160,501.154921
488.35227,98,501.406827
609.474456,113,501.691976
452.123641,87,501.912154
759.874206,146,502.286765
920.936144,178,503.272549
393.711456,80,503.502598
606.041974,121,503.866239
531.810484,116,504.181653
615.217926,123,504.503499
424.296801,83,504.721563
582.708626,123,505.05868
1180.950072,229,505.644957
568.194004,115,506.457195
425.170952,79,506.652789
645.673972,133,508.344254
511.110315,103,508.602085
685.717919,129,508.923008
436.624322,88,509.138838
813.885259,153,509.512272
420.666886,89,509.732947
483.509102,103,509.985315
503.599731,94,510.727809
489.74027,92,510.974523
659.22926,125,511.329957
686.380412,137,511.686954
569.9435,107,511.946898
375.252826,76,512.128218
438.754389,81,512.327022
445.550286,90,512.550641
579.897317,117,512.844264
1006.985452,193,513.925035
474.851975,92,514.15174
1057.576974,202,514.636211
458.532052,90,514.856507
703.138206,138,515.1905
546.916334,113,516.861148
555.142519,112,517.147764
438.384773,83,517.353917
557.054456,109,517.622358
443.699385,97,518.393111
557.279501,106,518.669097
621.778097,115,519.006855
594.624474,116,519.303789
494.463691,97,519.543012
529.887165,105,519.807286
374.27153,75,519.993611
567.455096,108,520.262783
437.774653,93,520.493908
603.147957,117,520.783691
670.56789,131,521.646166
534.299078,104,521.911568
595.019417,110,522.191893
421.52677,83,522.403691
579.200902,119,522.708587
708.357668,139,523.072795
620.47314,121,523.434353
551.59195,106,523.692164
510.68962,102,523.954038
451.887522,92,524.674168
539.25144,104,526.209077
746.509854,145,526.63173
605.39928,118,526.925754
1030.998574,196,527.409809
498.236904,94,527.639776
490.073443,95,527.866159
370.441252,74,528.047057
365.059902,69,528.217252
566.412174,114,528.522576
663.115636,125,529.359493
665.125372,128,529.719844
592.888542,120,530.03458
568.98286,112,530.308637
660.757779,142,530.666777
601.275757,114,530.9533
477.874975,93,531.189391
469.934815,92,531.418565
437.469,89,531.652033
391.497549,74,532.377828
633.603039,132,532.71338
348.77327,75,532.907291
396.210144,75,533.091027
476.214968,104,533.354312
772.379783,156,535.169393
491.845517,98,535.401353
544.13576,106,535.668745
452.654493,87,535.887248
762.521614,143,536.76162
637.716143,123,537.108282
895.549077,169,537.564022
553.291931,107,537.827229
559.150592,121,538.137158
404.952713,87,538.352431
403.998798,82,538.560959
629.936887,126,538.873019
563.929908,105,539.13575
441.529858,84,539.353514
667.232326,131,540.276504
766.008435,156,540.679556
494.407264,97,540.915864
670.839247,141,541.283011
912.482516,189,541.821637
690.803981,131,542.147006
501.662046,97,542.3808
589.309836,113,544.467678
709.590206,136,544.844447
432.577244,84,545.079832
464.604112,87,545.306914
652.432069,125,545.618607
752.713417,144,545.96806
799.383799,151,546.339311
597.35285,122,546.642061
603.011109,126,546.963522
721.573967,143,547.841929
459.141782,87,548.089833
816.720212,162,548.537645
500.90772,100,548.786952
327.324095,76,548.973628
428.650677,84,549.176092
602.082096,119,549.480388
504.287639,104,549.748752
412.196718,79,549.948045
549.729277,113,550.75321
600.407767,126,551.073472
465.768306,88,551.284305
876.978093,170,553.07367
472.30579,95,553.313169
756.214767,150,553.681403
444.598308,84,553.894771
560.199086,110,554.164461
559.367811,116,554.451218
579.334229,111,555.223911
419.649923,88,555.451458
445.709252,98,555.708953
460.247642,91,555.961651
809.206945,158,556.390561
816.617901,160,556.776788
729.555251,137,557.105654
435.389464,83,557.314944
669.81475,138,557.66877
590.613719,117,558.478799
774.369853,151,558.871307
883.048039,171,559.3041
742.122475,142,559.646427
525.864897,103,559.896588
522.222502,106,560.207305
466.066374,98,561.916559
465.706122,87,562.133268
592.0972,115,562.912486
619.465145,126,563.22114
399.144146,74,563.428221
503.486757,97,563.703372
563.618514,103,563.979544
506.436062,93,564.221133
491.731358,104,564.476237
559.194921,107,564.737951
866.551633,171,565.155179
552.449909,114,565.43014
414.426651,91,566.162283
597.16893,113,566.442447
722.007941,140,566.83636
448.129612,94,567.106777
562.558237,111,567.381195
374.682997,72,567.560511
585.981799,111,567.836812
577.92989,109,568.111113
448.224549,91,568.342784
731.468364,140,569.179567
618.675496,116,569.461422
657.463628,123,571.099269
727.855366,145,571.501539
490.729734,101,571.747175
521.207048,109,572.012752
537.515405,106,572.265089
570.642664,117,572.562101
377.192034,78,572.749541
600.234973,125,573.551481
626.376749,122,573.847972
626.625288,118,574.149944
491.859276,93,574.408615
456.382684,100,574.686193
443.056139,84,574.893836
618.791982,117,575.182233
612.15003,118,575.474397
584.346616,118,575.782084
521.580345,98,576.028368
420.784101,83,576.785102
637.858234,119,577.08428
649.797131,130,577.411638
680.477708,129,577.72933
697.176915,139,578.068965
484.525536,95,578.294642
807.068638,152,580.07329
906.997614,177,580.51662
489.30452,97,581.274455
456.221181,87,581.490358
1057.515237,212,582.081177
480.22414,97,582.329381
423.001912,79,582.518131
600.497722,136,582.852001
629.935083,120,583.144763
512.664689,94,583.378284
640.182863,130,584.223531
517.322452,102,584.478737
641.047511,127,584.792359
595.057835,124,585.149568
413.439331,80,585.378491
809.551202,148,585.75896
567.706974,109,586.040754
436.104451,86,586.261413
595.810247,115,586.54659
788.458979,146,587.418415
487.543048,93,587.642941
412.675126,83,589.197126
540.967038,100,589.486902
654.176146,122,589.800028
615.712966,117,590.089881
533.952287,114,590.374316
470.623154,100,590.624499
393.768564,84,590.831099
396.43177,79,591.03303
504.899962,96,591.266575
405.531537,77,591.955295
654.082265,126,592.284436
671.052899,130,592.649662
801.211833,158,593.056055
454.391375,98,593.29014
373.623509,78,593.481048
557.113717,109,593.747301
533.37011,104,594.000751
768.756342,148,594.374798
972.294392,183,595.390924
454.882199,84,595.599256
608.758669,115,595.885317
613.122422,117,596.174873
570.906194,109,597.925322
639.398045,126,598.234622
403.617905,83,598.439734
415.328287,79,598.627505
413.388689,83,598.828157
820.095804,170,599.768634
756.847084,158,600.219377
564.254816,111,600.524371
426.022415,82,600.736338
466.444444,90,600.965768
502.24474,107,601.237841
473.720621,94,601.480101
549.080756,104,601.756732
532.899878,102,602.038067
459.925489,94,602.845674
387.882472,82,603.059512
630.03928,121,603.3772
452.608723,87,603.602974
609.868964,129,603.948374
425.060726,83,604.165816
405.388006,90,604.394222
843.663516,165,604.861862
559.432418,105,605.154477
968.285473,188,607.881711
314.391747,65,608.089955
920.183926,181,608.593229
497.866341,94,608.831035
686.089153,129,609.161881
507.883149,97,609.404992
364.366749,79,609.606536
566.590685,107,609.877459
974.715178,186,610.365028
724.065813,136,611.265624
615.388277,113,611.606012
592.531057,115,611.893195
675.832884,128,612.215034
473.787036,106,612.477249
454.648345,87,612.6956
641.843565,124,613.013165
1004.538392,192,613.525968
573.005617,106,614.343286
900.770224,169,614.76442
624.982965,120,615.063727
460.092045,87,615.285093
374.236692,77,617.016257
576.603453,113,617.29875
380.936063,75,617.478932
533.925854,105,617.740913
691.486352,137,618.084907
494.729889,94,618.839482
438.651842,92,619.105936
366.784114,71,619.306602
589.588944,124,619.630723
810.995524,158,620.021839
499.819044,93,620.246516
593.485626,114,620.531407
467.281205,88,620.750471
590.395455,121,621.043641
870.362057,167,622.025621
644.306343,132,622.364136
492.673526,91,622.595844
346.069694,77,622.792345
568.064477,110,623.06399
509.305272,95,623.291137
722.886891,141,623.701935
991.597445,190,624.188083
440.067457,82,625.821062
426.260391,92,626.573514
698.778666,131,626.944163
483.279337,98,627.22006
797.038612,156,627.609349
503.504466,95,627.85164
466.60164,90,628.086986
802.841624,149,628.446282
471.866906,91,628.674538
713.555984,134,629.004933
480.630043,90,629.751552
454.433476,97,630.020981
500.492159,96,630.306281
631.958692,119,630.61053
486.123143,95,630.839053
589.137574,117,631.132957
453.566998,88,631.356973
816.007566,150,631.740151
578.342361,113,632.025705
573.854636,117,632.318495
620.724455,126,633.246433
489.855661,94,633.479175
874.134358,169,635.348069
621.776156,125,635.659704
921.917395,180,636.107922
513.898925,109,636.385521
575.664983,106,636.648422
794.326931,155,637.773431
1104.55501,214,638.335149
618.998572,131,638.659024
436.419353,85,638.86546
833.381199,158,639.260444
678.143974,130,639.595173
419.599246,94,639.84492
424.526735,83,640.069395
459.800837,88,640.298971
549.021996,104,641.129889
1078.795715,206,641.636198
348.122237,70,641.819312
486.783939,109,642.143237
531.508682,99,642.400322
541.771853,100,642.652462
743.0951,137,644.672142
465.926316,98,644.938686
766.275756,144,645.876794
411.579042,80,646.068299
999.882004,202,646.563053
829.546742,162,646.977542
682.672913,131,647.302755
491.509201,106,647.564213
565.923927,118,647.873497
695.578791,133,648.269355
448.298472,84,649.051453
885.17243,174,649.500413
363.739335,70,649.67742
488.484609,94,649.92191
395.257449,87,650.153365
523.609236,107,650.429222
546.941841,106,650.694844
744.89791,142,651.05445
503.45215,94,651.296612
484.722255,93,651.532722
751.045125,158,652.576763
418.742927,81,652.816043
775.274798,146,654.715394
468.135687,97,654.963999
515.737612,95,655.201325
862.969462,162,655.61437
513.659033,97,655.917851
577.414731,113,656.236361
419.480753,79,656.431384
769.112015,147,657.446317
523.167493,106,657.714925
760.144323,145,658.085272
675.661266,130,658.409612
574.323465,110,658.690231
657.514643,127,659.004199
611.223693,120,659.303578
495.085858,113,659.609141
525.413251,99,660.510383
626.518589,124,660.834881
422.166537,81,661.040781
473.807066,95,661.286652
797.549703,166,661.702349
499.424361,92,661.934003
600.344958,115,663.687855
549.931931,110,663.985169
489.097193,103,664.254372
585.59564,115,665.18555
689.693769,129,665.503624
753.399118,139,665.841629
649.044215,123,666.137568
797.581586,147,666.497756
1177.514333,229,667.082654
672.710128,126,667.420472
689.073189,141,668.57173
705.414931,138,668.928259
463.107348,91,669.158709
503.375572,107,669.427256
618.543659,115,669.705734
614.098719,118,669.998987
678.86019,134,670.337539
443.287912,82,670.549496
409.418079,90,670.789091
500.621995,96,671.034716
462.951494,86,672.034832
690.618818,137,673.823526
784.676747,159,674.23409
584.03818,113,674.519126
351.453508,79,674.75685
482.169385,100,675.054155
476.601555,96,675.311195
485.842291,94,675.542766
989.197221,193,676.690788
713.27903,145,677.064594
385.000136,78,677.268504
549.836751,103,677.525501
425.187705,88,677.739078
660.76682,126,678.048837
821.492497,159,678.43864
837.040044,172,678.894047
672.270963,126,679.294153
824.675513,172,680.308608
891.101344,170,680.732074
750.973572,143,681.089097
569.325688,117,682.708499
856.921043,167,683.130838
495.254266,102,683.385566
892.490731,170,683.805359
566.516159,112,684.579323
582.912214,108,684.844078
434.02526,86,685.056178
397.161239,81,685.269914
513.604525,95,685.509725
444.580693,83,685.724802
457.331363,95,685.969088
358.383228,83,686.183994
589.304113,109,686.479214
210.870887,46,686.595237
372.223125,84,686.830879
513.476048,104,687.826054
518.739892,115,688.127666
627.692688,122,688.442172
449.917485,94,688.679443
468.22965,108,688.958658
1088.604812,212,689.494594
436.007508,82,689.697698
503.83864,103,689.964026
421.963276,96,690.238192
532.880651,100,692.768807
535.576008,101,693.023332
685.297228,129,693.337942
473.873365,106,693.646641
548.470736,106,693.943553
505.785374,110,694.224715
306.974,73,694.404326
566.445489,107,694.673836
802.79926,158,695.075049
681.750582,142,696.114849
493.483488,94,696.351737
661.896833,131,696.69364
600.861085,122,697.001956
591.607175,110,697.269954
536.594596,98,697.516725
602.320062,119,697.84025
567.697706,114,698.183898
456.846277,96,698.456908
589.28195,112,699.286926
1224.371937,228,699.856026
634.947005,126,700.163643
436.362129,82,701.933921
430.576818,80,702.130694
479.250745,103,702.401147
682.344678,148,702.775791
451.524806,88,702.989796
584.391633,114,703.269467
1205.221511,235,704.361599
722.561711,133,704.695926
730.501408,140,705.04983
718.752949,147,705.410508
868.120656,165,705.874399
462.250843,88,706.125773
628.887258,123,706.453732
695.405269,129,707.288896
970.908384,182,707.751948
466.996141,93,707.980046
442.727721,90,708.198379
872.162277,166,708.60563
598.717861,112,708.893808
770.140054,160,711.166821
477.283719,106,712.021629
507.789724,100,712.273077
787.410335,160,712.733938
327.169257,71,712.949353
506.419271,98,713.198584
939.380791,184,713.670678
557.63396,107,713.941177
682.689584,131,714.271061
534.001903,99,714.522531
558.710828,105,715.30843
601.056718,124,715.610385
508.843308,111,715.887163
548.437573,109,716.162357
633.855331,126,716.472606
628.504483,116,716.754938
866.487029,160,717.255844
646.451223,122,717.593001
714.02946,138,718.493048
737.217057,143,718.857624
798.239499,159,720.929323
453.522262,87,721.144599
647.243375,133,721.484622
588.470688,111,721.756115
465.603117,95,721.989273
693.690799,126,722.302579
853.172304,177,723.477328
447.014958,90,723.699832
580.082045,119,724.001059
387.623382,77,724.189471
522.676904,106,724.453737
754.203038,140,724.856677
545.352886,104,725.136555
455.844518,94,725.373173
599.568369,120,725.668432
674.735732,131,725.99526
914.909422,177,726.957016
807.532758,156,727.349149
754.191326,135,727.675384
706.783969,140,728.097372
746.025095,141,728.458305
700.025688,141,730.587167
767.188792,141,730.978778
477.162516,88,731.847826
556.241897,114,732.139459
491.976628,95,732.378173
586.936882,110,732.663399
522.393852,108,732.941085
463.911963,88,733.167638
651.561582,140,733.55619
554.531026,104,733.862073
543.016119,112,734.168578
706.082017,139,735.039967
691.65695,131,735.363176
831.684109,157,735.797232
1073.32583,207,736.38113
554.103048,104,736.638801
621.996451,126,736.977203
620.047469,129,737.30043
747.059006,141,738.195685
687.723004,132,738.529507
670.111354,129,740.643995
612.756003,114,740.927142
513.966792,108,741.209966
1152.567831,221,741.789567
300.687057,68,741.974218
905.690188,171,742.420176
1026.895418,190,743.416536
977.81766,196,743.952338
1414.63843,273,744.676512
682.467444,147,745.049144
511.886797,95,745.276293
644.631025,133,745.606803
392.223639,86,746.31194
562.966794,114,746.588036
489.971812,110,746.876002
619.882202,120,747.205119
566.90341,117,747.535503
806.682714,159,749.497796
726.90714,143,749.862108
659.145637,126,750.173531
596.242758,119,751.044099
974.714611,186,751.521005
927.136035,170,752.016028
553.694126,116,752.30846
1065.396026,196,752.785736
738.008927,153,753.166412
799.638491,153,753.538213
775.460774,155,754.418013
550.608511,105,754.688854
724.644961,151,755.131167
982.944151,196,755.611729
817.024309,162,756.017824
502.50738,95,756.244474
947.736298,180,757.248952
1018.736802,199,759.632576
639.782403,129,759.966046
768.727998,144,760.355474
471.938129,88,760.586945
476.531231,94,760.838941
470.444633,102,761.111295
558.346281,115,761.400468
832.272789,159,762.368118
682.924009,138,762.754682
653.56921,135,763.109303
594.729295,117,763.398742
764.313223,149,763.76831
1257.564313,228,764.318881
482.49518,90,764.537689
618.10212,115,764.819358
1036.393161,200,765.895481
1102.807898,221,766.464535
674.413248,131,766.785381
423.909031,79,768.888593
846.443847,154,769.28704
445.739251,90,769.523482
489.435557,98,769.775175
789.826835,151,770.769115
714.047289,131,771.109048
701.56132,130,771.429893
781.371316,159,771.825166
698.02379,140,772.188817
830.439229,155,772.568335
519.162293,107,772.842902
592.483559,117,773.168781
495.143248,100,774.071754
556.457164,113,774.363
752.691792,156,774.74711
710.514976,133,775.081145
733.747228,149,775.460277
901.794198,171,775.882156
513.099938,95,776.12887
732.261695,144,778.779607
1150.094382,217,779.330468
572.067903,107,779.599841
878.648244,179,780.04053
627.93925,119,780.348351
549.998391,106,780.620156
729.805831,143,780.98728
371.219894,82,781.205297
553.409113,111,782.180348
673.771768,127,782.486917
549.419977,106,782.751234
703.700384,134,783.082497
602.63127,115,783.361593
653.57375,139,783.712897
733.171847,150,784.08818
711.779882,134,784.434473
844.641637,173,785.566537
571.920245,106,785.831812
554.67257,116,786.127383
1631.514923,320,788.757098
650.540894,131,789.079345
876.35093,166,789.544162
773.767271,145,790.419748
673.22796,135,790.756028
1158.287186,216,791.277304
375.71939,85,791.483424
841.918627,155,791.860734
840.510428,163,792.279215
661.430857,128,792.651999
764.087731,140,793.596578
1030.800703,194,794.076699
771.017346,161,794.479066
705.105614,141,794.823887
585.734952,122,795.119756
667.918733,121,795.433315
763.334055,145,797.76767
521.453544,115,798.601846
1021.032738,199,799.090897
814.674881,167,799.519001
447.538027,89,799.742459
779.774462,157,800.144094
1008.781265,197,800.66564
680.423241,132,801.073838
1102.856862,214,802.166428
536.427584,111,802.442775
578.670104,127,802.760829
590.050655,115,803.051122
1062.584723,218,803.594886
970.464236,194,804.127076
525.824055,102,805.129826
501.321626,92,805.358715
1160.102383,217,807.662584
626.780532,119,807.963277
693.491466,134,808.315688
719.371642,146,808.685893
627.285391,121,809.019919
738.241827,141,809.458482
934.303461,187,810.43029
1030.360446,203,810.92442
419.483045,93,811.15872
842.145026,164,811.566876
689.945941,134,811.890458
576.40976,109,812.172627
570.035893,114,812.51625
506.233226,96,813.274492
603.874791,124,813.57584
809.097595,152,813.944218
872.213365,158,814.334727
730.10664,145,814.690932
570.342532,120,814.993257
698.413315,126,816.966395
804.601227,149,817.338244
857.156283,161,818.239202
621.049524,119,818.530903
967.577287,178,818.967311
786.931983,149,819.327888
622.739645,117,819.611767
519.967793,112,819.888135
782.64945,146,820.307872
514.940618,99,821.12767
726.240332,152,821.495694
478.97646,94,821.724453
675.646837,136,822.056388
990.393808,186,822.51351
1087.810021,208,823.074999
843.518385,167,823.538142
688.318095,132,824.480621
978.402788,196,827.007247
558.703099,107,827.275293
625.158382,117,827.5602
1315.491248,240,828.206874
817.836613,162,828.626963
435.437245,83,828.821949
637.247779,127,829.62652
758.154077,159,830.024997
804.689537,151,830.389776
613.72667,119,830.68125
737.062731,140,831.025934
786.24782,150,831.452483
660.814458,126,831.781589
481.357883,104,832.567005
684.403872,133,832.888292
715.776615,144,833.245945
947.281309,186,833.712648
728.375369,140,835.823725
727.691168,139,836.210765
531.566663,110,836.478949
648.190896,123,836.777373
399.139885,88,837.482929
860.487803,170,837.905597
809.338129,159,838.294227
849.724203,171,838.724587
632.585775,117,839.0152
352.496243,68,839.205129
872.727851,160,839.649596
552.543512,103,839.895875
932.386177,187,840.936723
797.331543,155,841.323593
714.136739,131,841.652041
791.227516,153,842.025903
775.750381,154,842.445211
1271.438658,250,843.136348
1008.361116,206,846.467792
490.062009,100,846.730532
589.552483,115,847.082716
617.898826,116,847.39469
951.051491,183,847.853826
529.043414,98,848.092584
614.581876,113,848.367035
510.202156,108,849.275637
1101.82022,199,849.756195
406.076628,90,849.996879
753.943637,144,850.403201
803.046116,152,850.790136
744.956327,155,851.181246
723.411572,136,851.518584
877.321444,167,852.582379
480.473265,100,852.834336
730.411258,134,853.169986
887.932207,169,853.595366
520.180475,98,855.428952
862.68276,161,855.831152
840.779534,157,856.215398
718.057187,151,856.587943
787.412449,163,857.667179
1216.184376,236,858.288117
644.911978,122,858.595685
792.602084,148,858.965122
596.948568,116,859.244145
912.212463,172,859.679206
584.63441,122,860.666781
881.274253,170,861.158507
496.883027,97,861.399997
556.887094,108,861.674342
1029.626916,198,862.180928
735.381618,143,862.54335
870.522814,174,862.979295
873.990352,169,866.146681
852.617939,160,866.544815
534.298911,115,866.831525
1210.868085,236,867.416355
836.543355,157,867.811163
1118.559159,210,868.433464
1142.975922,220,869.629028
1022.018525,190,870.104427
1337.699913,257,870.756125
724.07611,139,871.111842
1232.035319,238,871.735507
512.097932,98,872.701638
609.700603,117,873.001451
900.688933,169,873.423112
802.002418,150,875.839898
489.497539,100,876.110953
466.325659,88,876.328275
1518.944101,288,877.043919
791.957641,154,878.073074
781.829505,153,878.460496
544.232864,99,878.705686
1063.755123,205,879.29284
487.522227,94,879.517569
347.969171,67,879.680392
622.578962,128,880.010321
679.759904,131,880.350928
722.960644,135,881.322235
834.02636,161,881.722881
919.325367,179,882.159466
869.596786,180,882.615764
1172.291673,230,883.245459
686.535255,133,885.604496
718.733833,144,886.633826
579.979696,119,886.963202
604.507868,114,887.24607
384.156659,78,887.437797
413.399701,85,887.656119
535.654461,115,887.955805
1058.910016,202,888.453376
918.24852,169,888.893779
738.550235,146,889.921162
944.683215,200,890.411625
650.608672,127,890.721129
1391.12358,278,891.490355
443.44656,91,891.710963
958.955667,187,892.172154
643.454479,129,892.985121
658.925729,139,893.333507
572.453863,107,895.746293
597.189778,108,896.006562
736.799685,151,896.379013
715.13069,136,896.715485
722.302212,139,897.070223
976.527889,186,898.295421
491.669987,104,898.559411
604.804846,127,898.887794
636.172224,125,899.200957
837.432301,159,899.589588
819.296576,161,900.00801
905.645019,170,900.433689
1686.414182,327,901.788606
697.890243,139,902.15298
534.348821,116,902.481902
825.304287,153,902.875427
844.243629,175,905.520462
786.074968,149,905.931169
563.594854,110,906.195073
706.470159,132,907.155717
461.966726,89,907.379761
1058.274546,207,907.912247
763.554294,141,908.269806
761.373458,142,908.629448
642.448905,125,908.959946
703.511341,135,909.306139
611.307183,125,910.193277
1037.490399,203,910.772133
727.395122,155,911.213609
828.444546,160,911.656119
791.267437,154,912.051393
854.470059,163,912.481822
733.856313,136,912.857161
839.2518,157,916.3114
826.202842,152,916.730442
628.627936,124,917.07957
756.659138,150,917.50085
952.651064,178,917.992631
702.257108,152,918.462219
1118.193874,204,919.697948
1035.839534,191,920.191807
640.864258,115,920.482344
519.827555,95,920.722375
661.056073,128,921.041679
717.349708,134,921.397646
793.18037,154,921.872945
947.181529,184,922.846226
1418.370016,271,923.508008
821.419377,170,923.923822
1127.3223,206,926.698809
517.253596,110,926.981874
986.519299,199,927.505361
877.55768,165,928.560127
590.074972,122,928.859874
631.258093,126,929.165152
961.086587,184,929.707181
1122.653236,214,930.266296
817.117828,157,930.685327
992.212,190,931.83373
837.907104,161,932.258181
924.546037,178,932.784037
696.938075,133,933.121018
1273.896568,240,933.726478
603.729787,124,934.032427
859.172903,159,937.619269
413.020969,80,937.817645
945.800486,184,938.278094
1198.681369,250,938.906084
746.230129,154,939.306514
727.497965,152,939.711058
1307.385468,245,941.016777
595.7206,111,941.290536
1082.669275,217,941.838735
1172.541101,235,942.415705
669.950868,128,942.733977
744.243551,138,943.093909
719.026258,134,944.074312
1232.473019,240,944.691533
665.546362,130,945.016309
582.785703,123,947.637678
772.465355,167,948.082805
511.629455,105,948.352702
674.224272,131,948.737051
1252.61411,244,949.931219
788.013916,148,950.295099
794.656118,160,950.692988
505.368493,107,950.953921
572.216037,115,951.241102
790.288446,142,951.609099
1024.354089,199,952.752711
1178.721799,229,953.325553
513.865591,107,953.596975
1053.829788,211,954.138009
798.349634,156,954.533062
1096.726004,208,957.157904
1007.53471,192,958.122069
709.010651,136,958.460013
441.21175,85,958.663633
1111.468911,211,959.180001
523.868309,99,959.417293
1098.124494,205,959.998378
1136.299166,225,961.094985
587.784543,111,961.372555
994.807073,198,961.868096
1223.162105,231,962.422063
850.289759,157,962.841911
971.92992,181,963.350621
1152.215001,221,964.44838
1145.785549,234,967.324949
615.014345,127,967.71243
875.047585,168,968.155661
823.386503,162,968.55405
939.259277,184,969.00741
542.684017,109,969.75999
417.05299,78,969.948643
820.505551,150,970.324588
666.380163,122,970.640924
671.426448,131,971.02796
551.249573,102,971.279535
497.248752,91,971.500178
612.752193,131,971.829175
1017.790215,193,972.844015
646.427311,137,973.21122
493.247241,109,973.497621
872.727003,176,973.945395
1144.993394,210,974.45751
1785.266168,327,977.776999
788.858925,147,978.134302
1179.370662,217,978.734528
1179.433181,226,979.323091
1230.123605,235,979.919503
690.385708,131,980.241893
1061.809143,204,981.235825
1180.469313,225,981.793097
885.069974,168,982.229281
776.105289,148,982.607025
413.37363,92,982.847059
1519.386248,290,984.145792
876.147424,166,984.554979
1718.391589,318,987.414107
730.959772,145,987.772998
1013.858323,199,988.274105
1314.691571,249,989.443601
1482.42345,270,990.152064
758.274263,147,990.51487
1022.912767,196,991.004698
842.449404,165,991.423469
929.738205,183,992.448744
1129.876102,217,992.981541
693.076576,147,993.348317
912.266594,169,993.754753
707.895195,146,996.33881
740.037359,134,996.690673
889.476668,167,997.177372
537.045113,117,998.083195
818.443427,168,998.500331
1980.436279,374,999.431708
1148.661072,228,1000.020995
707.374754,137,1000.379526
1470.669366,288,1001.6696
1815.528925,331,1002.543231
735.189072,135,1002.874007
572.960171,109,1003.144385
660.750056,137,1003.478778
560.061942,111,1004.246279
623.740652,126,1007.012311
900.306302,171,1007.456617
554.005269,114,1007.746628
782.605963,156,1008.222014
359.183153,70,1008.40956
567.803092,105,1008.672427
652.526394,131,1008.990576
484.660535,106,1009.824613
928.310567,183,1010.286142
709.735568,134,1010.622057
663.841466,120,1010.919345
1268.773036,242,1011.531852
895.698359,172,1011.988063
865.939834,168,1013.08508
789.051102,158,1013.484251
1965.243381,368,1014.379238
360.891621,79,1017.081539
1156.057875,232,1017.669116
633.757648,130,1017.996898
783.991765,140,1018.905826
455.667378,85,1019.115859
902.19984,173,1019.572289
656.362442,132,1019.9165
1318.276779,257,1020.581681
1155.225012,229,1021.210623
926.773204,196,1022.16917
1197.498055,228,1022.719199
1049.234169,209,1023.249359
525.119524,106,1023.501391
803.9917,149,1023.937011
517.625529,109,1024.219166
794.372249,161,1027.71044
1183.001722,230,1028.279828
1319.50253,259,1028.933371
853.953383,167,1029.362814
755.025284,139,1029.715286
1048.501947,192,1030.723001
847.309855,165,1031.13405
657.944765,126,1031.451533
1069.574728,202,1032.02183
707.521386,134,1032.360765
656.676535,144,1032.715115
856.259243,158,1033.106277
754.621427,149,1034.108094
965.648881,180,1034.553576
611.686034,114,1034.867
585.737381,123,1037.425589
723.095268,139,1037.789212
1679.53896,316,1038.629771
1211.715444,225,1039.759711
984.609734,193,1040.274724
1106.231983,219,1040.812684
1577.483211,299,1041.536071
1104.849417,214,1042.756433
2382.760819,443,1043.900293
1023.759462,196,1044.383223
720.932457,138,1044.721183
810.37241,149,1047.473253
996.216053,187,1048.558602
840.374181,171,1048.993205
1625.557494,312,1049.762653
628.630074,115,1050.06379
519.372372,94,1050.310926
872.167198,170,1051.51117
1240.680999,251,1052.130786
684.066424,140,1052.482431
1471.321866,288,1053.200194
472.690328,106,1053.479964
1481.338296,300,1054.988256
1417.931178,269,1058.043662
1148.316116,228,1058.609066
924.429666,174,1059.092332
1102.080203,216,1059.664435
1213.035298,234,1060.866974
1195.269557,224,1061.412927
1236.46675,226,1061.960665
637.712339,131,1062.347533
942.115991,178,1062.784344
450.911129,96,1063.029559
642.757684,117,1063.80289
984.686411,177,1064.226921
725.272455,148,1064.572323
717.321751,132,1064.893926
1101.450706,199,1065.403064
923.69695,181,1068.736017
747.306633,150,1069.591818
2228.004805,410,1070.676238
562.306832,117,1070.972088
877.374083,172,1071.388701
946.142358,180,1071.823318
1433.268358,276,1073.162639
1347.935317,252,1073.845399
1252.451617,236,1074.43302
1161.695035,230,1075.025556
772.7542,145,1076.045863
1861.369346,352,1079.64148
1079.549544,198,1080.14449
800.555789,148,1080.518215
795.599005,164,1080.946658
819.888346,157,1082.059165
529.371929,110,1082.326206
1266.622747,238,1082.908076
928.127106,174,1083.330488
1226.966662,235,1083.933849
1064.247717,222,1084.520363
1732.668834,314,1086.000623
1582.182884,318,1086.820438
1691.01246,324,1090.324135
1374.247979,275,1091.479997
882.211532,166,1091.884002
950.537806,176,1092.384782
362.673029,70,1092.562824
1762.493295,337,1093.402523
1349.928488,255,1094.584285
1066.113198,223,1095.157251
1372.083347,252,1095.802318
622.646394,116,1096.098261
872.151702,165,1096.542164
729.952109,154,1097.702424
898.647757,170,1100.905322
562.274423,115,1101.191275
4461.635306,852,1103.890857
465.889331,95,1104.126493
2288.690099,442,1105.294169
1032.001192,201,1105.780826
686.832159,153,1106.644771
1217.109801,232,1107.214
1527.306579,290,1110.742187
414.45383,90,1111.01111
923.131789,184,1111.523555
2225.715634,430,1113.222576
609.395096,116,1113.514136
1095.033604,216,1114.056511
1330.959235,266,1114.733394
1040.533131,198,1115.817182
1485.999675,273,1116.545065
419.072119,78,1116.73643
603.377913,112,1117.016062
497.906178,103,1117.267921
1478.800046,280,1117.945271
930.103206,181,1121.770944
1069.577186,198,1122.277938
1016.858011,199,1122.76724
696.630164,143,1123.123896
1236.299814,235,1123.793474
1109.029742,209,1124.319354
2295.836396,436,1125.898054
1359.66912,261,1126.547442
522.86124,98,1126.838684
829.281929,156,1127.229953
936.606871,174,1128.147904
784.688957,152,1128.519433
709.701882,129,1128.831351
727.466613,133,1132.805669
2245.966231,434,1133.943572
699.52209,140,1135.006331
697.026961,130,1135.354762
1081.555206,208,1135.885196
966.214539,182,1136.343956
1091.519568,226,1136.937346
939.183809,193,1137.45071
577.933074,123,1138.523908
1396.330304,268,1139.189855
1452.75223,272,1139.881206
963.807421,187,1140.388557
433.364185,98,1143.26436
835.358569,172,1144.304192
539.401981,101,1144.549082
1129.217122,217,1145.099286
1322.616245,253,1145.71509
865.729692,161,1146.180082
1680.254149,321,1147.51901
524.040104,97,1147.758534
774.716163,145,1148.117065
815.954518,169,1148.544437
1518.217903,298,1149.299523
538.373524,118,1149.636531
1086.606124,207,1150.882463
733.383412,152,1151.280218
831.624624,172,1154.592245
967.561401,179,1155.035275
1641.575976,313,1155.814481
1288.478433,239,1157.05349
1347.329088,255,1157.733582
1239.849503,232,1158.313419
1082.935736,213,1158.86413
1200.197955,231,1160.074158
733.753004,155,1160.468163
1893.675395,353,1161.370518
1116.580433,217,1164.909551
893.910319,180,1165.440047
375.866303,78,1165.662518
689.890639,148,1166.594091
698.040156,152,1166.975333
496.501229,111,1167.256077
501.861338,106,1167.528235
935.999106,172,1167.952244
789.937861,157,1168.37567
1031.459361,216,1169.530705
972.571989,190,1170.034587
702.891326,136,1170.42978
968.406777,189,1170.881846
885.997963,169,1171.302969
968.950049,188,1171.764509
1203.936309,224,1172.971091
1247.942841,244,1176.103055
1307.61686,242,1176.80554
598.25253,123,1177.115531
773.218903,145,1177.472656
987.009206,201,1178.601257
1291.392389,251,1179.237345
1008.259136,198,1179.722183
854.022395,169,1180.141747
1081.124989,197,1180.650964
1067.965107,214,1181.887579
1027.09882,208,1182.410203
892.060212,186,1182.87379
1006.636028,191,1183.362441
1519.851441,277,1187.177027
861.547365,169,1188.265702
640.99604,116,1188.574928
1388.830095,262,1189.236269
1022.398457,186,1189.742985
2179.955594,419,1191.434915
547.703557,118,1191.735469
997.92148,200,1192.241559
1042.535741,199,1192.747999
1921.344547,366,1193.729898
724.882794,142,1194.624345
774.355224,156,1197.972409
798.139727,161,1198.380655
710.265609,133,1198.721906
886.353994,167,1199.134462
851.651803,165,1199.566514
584.089466,127,1199.901977
707.34603,134,1200.857769
875.360732,165,1201.303469
872.307267,172,1201.729944
1500.01087,277,1202.432078
1621.627151,307,1203.229176
1183.630093,244,1204.603405
1470.555122,292,1205.38953
2019.642528,387,1209.508277
1166.819092,223,1210.703847
1258.111921,235,1211.276702
1567.496301,290,1212.010754
1420.066493,255,1212.694654
705.943086,141,1213.050474
690.213814,136,1214.037171
905.350446,168,1214.452411
788.167078,142,1214.803665
958.366567,175,1215.247854
1009.46792,185,1215.768153
932.955395,172,1216.217472
938.134973,176,1219.724878
923.571352,183,1220.199353
671.466808,131,1220.578819
655.281266,144,1220.959303
939.448056,193,1221.446446
1603.0251,310,1222.870566
974.955802,181,1223.329171
593.059111,114,1223.662644
969.885512,174,1224.123351
707.546713,139,1224.478052
1471.51148,284,1225.206721
1479.411928,271,1226.463917
2972.870596,561,1231.304113
651.388893,121,1231.634356
957.101824,197,1232.684916
1929.911528,357,1233.580408
927.349697,165,1233.989106
1255.839565,242,1234.643709
1821.68731,346,1236.340286
653.948197,143,1236.698355
1574.669662,312,1237.485731
1114.349909,202,1238.001459
653.984431,120,1241.345117
803.155696,155,1242.359505
1002.988431,200,1242.907955
1463.656384,277,1243.60997
1060.029927,203,1244.128089
1132.022938,209,1244.669495
843.938409,161,1245.66365
629.642145,128,1246.013144
1159.680407,220,1246.572002
1403.537557,264,1247.248661
965.070068,176,1247.741467
1900.2432,368,1249.195321
1075.139344,209,1253.380572
900.112372,172,1253.841528
1629.450213,317,1254.691849
774.677051,143,1255.081259
763.493158,139,1256.099547
1541.292312,291,1256.814351
1043.564162,232,1257.391387
803.025444,147,1257.771167
1227.444117,237,1258.418675
865.116261,161,1259.491724
673.91304,143,1259.855557
1525.528931,292,1260.567422
954.032736,182,1264.431095
1050.638032,211,1264.964885
1763.044755,339,1266.321971
981.598163,189,1266.834296
300.362864,64,1267.01917
1479.007242,296,1267.756016
2328.689374,449,1269.530363
863.209449,161,1269.988287
2361.799883,448,1271.1211
783.078892,154,1272.028479
1646.346659,313,1276.106042
1935.861781,376,1277.057295
1341.952081,257,1277.73823
1186.991765,230,1279.014486
1496.401328,291,1279.763005
487.357199,94,1280.003724
1393.110804,267,1280.694758
1448.857048,276,1282.093915
2365.301733,457,1283.283039
1171.168099,237,1287.109928
1465.999534,281,1288.445941
862.969753,185,1288.915031
1050.867862,193,1289.412745
1791.677681,356,1290.354014
1040.175787,194,1290.834959
1636.458296,319,1292.192598
846.045165,157,1292.592178
1387.565367,271,1293.275833
641.445117,120,1293.580735
545.143668,102,1293.841071
983.996145,207,1297.996177
731.311801,157,1298.399765
755.385077,145,1298.765326
619.622288,134,1299.114483
721.331241,153,1299.502853
819.574935,169,1299.933372
1577.478536,300,1301.376658
1293.997747,241,1301.988554
445.331312,87,1302.211419
1905.42487,353,1303.129112
585.93867,106,1303.402623
1458.921054,278,1304.661643
959.724472,186,1305.13155
697.944575,132,1305.500068
1265.774173,243,1308.931726
1308.335659,254,1309.566932
1259.89117,236,1310.717261
1491.531806,277,1311.435916
1011.383357,198,1311.934092
626.97813,121,1312.247509
592.915626,117,1312.54418
1060.331874,210,1313.790149
914.058781,174,1314.208165
1455.036664,276,1314.890457
899.727527,182,1315.347539
2025.3335,364,1320.796802
2648.621905,500,1322.128716
643.215585,133,1322.459219
902.397437,164,1322.869314
1815.032449,368,1324.407242
1347.119271,252,1325.062407
738.687045,135,1325.408987
1381.320965,259,1326.049807
1637.504566,317,1327.420638
1077.244271,199,1327.973173
805.009435,160,1333.071107
765.072155,153,1333.450827
1519.610972,281,1334.154891
1482.214584,293,1335.431434
1224.66853,231,1336.059932
1533.542311,286,1336.767704
1675.409665,321,1338.087446
2257.004301,432,1339.188762
920.822407,167,1339.616692
900.120034,164,1340.035822
1613.390877,308,1345.222759
1415.001715,264,1345.877686
2431.113269,458,1347.094936
1274.88912,253,1348.43096
1350.778024,259,1349.087008
1119.719025,210,1349.64095
1756.592251,333,1350.49224
1610.603214,309,1351.829288
1366.095695,269,1357.548434
1773.422743,341,1358.491548
1563.124251,300,1359.30917
1183.48347,236,1360.639116
972.938094,180,1361.094724
1788.512015,331,1361.919236
1286.359514,256,1362.580811
2033.340749,381,1364.280439
1431.199961,267,1364.951121
2307.701621,435,1371.386739
895.486258,172,1371.87482
1895.978838,352,1372.753487
864.603306,158,1373.139645
1178.327965,233,1373.741991
1373.439612,269,1375.153962
1678.794765,327,1375.967163
1556.018968,285,1376.684147
920.051492,182,1377.173174
1026.119397,204,1384.067989
739.06218,138,1384.42051
1197.862746,244,1385.046834
1247.890397,250,1385.729649
843.445552,153,1386.150915
977.460763,201,1387.261338
976.448788,186,1387.799482
3127.187609,589,1389.283352
813.553913,164,1390.225843
996.41142,184,1390.723654
979.92747,186,1391.227565
716.161779,142,1391.584392
1225.59379,239,1395.912497
2227.429289,416,1397.583122
1977.060492,373,1398.522357
870.133978,173,1399.016059
2826.736757,514,1400.839776
2111.59988,386,1401.875986
1030.393869,204,1402.409243
1760.270632,330,1408.852534
1439.593857,264,1409.577088
764.458341,150,1410.010282
1244.436654,246,1410.630117
1066.710353,199,1411.127793
1016.896409,194,1412.161665
916.303254,178,1412.602396
1247.453564,230,1413.248689
1036.959268,189,1413.711375
1172.378216,215,1414.260599
1239.313957,249,1415.464152
395.559443,89,1415.693779
1023.781675,183,1416.142269
466.840441,87,1421.963308
2461.543936,459,1423.100956
1640.703467,294,1424.405174
1867.971286,356,1425.298482
751.289475,159,1425.769644
1382.154166,256,1427.043399
1079.553492,191,1427.522119
1082.36462,194,1428.002765
1667.11756,338,1428.865231
919.151851,187,1435.966231
1105.11013,212,1437.023731
760.016791,138,1437.416476
1904.579869,384,1438.389161
1256.166289,250,1439.000123
796.720231,170,1439.920866
1802.219272,352,1440.871271
1167.625727,220,1441.413687
912.955826,174,1441.820166
2182.166296,420,1443.527248
917.300092,170,1443.960458
781.37302,141,1448.752783
811.866587,152,1449.124853
827.390648,161,1449.530832
3014.524738,574,1451.501424
1932.169868,364,1452.435035
1665.399338,322,1453.245655
918.04606,166,1454.320461
2928.573381,556,1455.723193
1068.862479,195,1461.880526
957.028729,188,1462.926421
2004.058881,373,1463.86011
887.331984,179,1464.360249
2716.468517,493,1466.23028
630.633496,130,1466.557292
1186.702829,220,1467.161885
887.745798,164,1467.592828
712.522267,151,1467.975724
1839.812272,348,1469.497497
765.672125,139,1473.998274
807.680177,148,1474.379032
2106.518801,412,1475.526468
1277.765859,252,1476.62554
1434.816445,273,1477.301433
1675.564845,306,1478.087952
1142.463425,232,1478.720605
966.559841,176,1479.156732
1513.284717,293,1480.434171
2038.120689,393,1481.400224
1354.108827,260,1486.400973
2066.966333,382,1487.827683
1143.970528,222,1488.390992
2294.261068,408,1489.459782
823.838609,150,1490.38778
1369.624781,253,1491.075318
1113.615084,221,1491.636417
1075.6983,200,1492.133537
2848.255587,542,1498.997403
1357.133556,245,1499.619005
987.104543,189,1500.126455
1329.828662,257,1500.800949
1191.382306,229,1501.892356
854.287547,157,1502.335635
2766.693415,514,1503.610705
1295.243255,240,1504.686272
782.434327,165,1505.114958
1186.750427,225,1505.76166
1455.803503,275,1511.052799
672.206292,141,1511.398759
1121.464541,222,1512.456685
952.078461,185,1512.923133
1150.678776,229,1513.545772
1231.95086,243,1514.187118
1799.348581,331,1515.000745
834.794423,152,1515.857536
645.896647,138,1516.200613
1038.883732,208,1516.766643
1557.548451,302,1517.560718
751.285579,158,1517.96911
715.413656,129,1523.786033
476.444438,87,1523.998109
722.555178,152,1524.377411
1157.398285,217,1524.987716
1359.693544,269,1525.664026
2430.490378,449,1527.326734
893.552537,175,1527.774028
1811.401033,326,1528.58093
931.744463,177,1529.026775
1249.415213,242,1530.379817
693.91812,140,1530.724878
2188.911781,401,1534.643573
690.315755,144,1535.014638
938.229199,194,1535.553697
3699.682017,711,1537.984105
1619.587251,292,1538.742999
1640.169928,315,1540.057137
2170.209294,422,1541.176976
871.18784,166,1541.579284
964.556813,179,1546.403824
2166.398892,408,1548.018844
3400.881517,622,1549.652405
1632.89726,331,1550.970957
549.113592,101,1551.222537
2317.460696,428,1552.358961
2327.291841,447,1553.957834
2665.301796,507,1559.588702
2303.314221,450,1561.476161
3147.85087,572,1562.921074
662.955431,125,1563.29537
999.762049,202,1564.469714
1177.886696,222,1565.026026
906.758493,162,1565.433849
3480.055696,666,1573.537323
1668.264556,328,1574.371904
1430.808182,274,1575.066834
2737.248264,525,1577.169211
776.049606,147,1577.542707
856.137321,186,1578.007604
1847.536964,341,1578.903526
954.827211,178,1580.068829
1438.816433,283,1586.783449
1276.345264,255,1587.536903
1191.421184,243,1588.147973
1612.198101,304,1589.394499
2201.749444,415,1590.516106
2708.820332,509,1591.779276
2426.388457,455,1593.424913
2493.462461,470,1599.908613
2247.473586,410,1601.497485
1497.04215,282,1602.21097
3452.137267,634,1604.465809
1859.013303,347,1605.332069
2834.212614,534,1607.233961
796.629836,159,1615.046821
1752.877345,334,1615.875374
770.936342,147,1616.253718
4663.784594,858,1619.174578
1668.446162,307,1620.009673
798.94214,154,1620.427566
3215.755675,607,1627.567543
3426.428482,637,1629.91539
337.861743,72,1630.100426
1997.568565,362,1631.021513
1213.043314,231,1631.626562
2089.770585,425,1633.272397
1179.267436,217,1633.828105
1501.068272,271,1634.520908
2150.818093,403,1643.982661
3963.341331,744,1645.91168
1628.13879,323,1647.241577
2595.893014,486,1648.52788
1152.316483,218,1649.094014
1185.238643,229,1650.319213
887.506875,176,1650.775983
3964.127302,737,1658.773556
1331.042778,241,1660.031657
2942.246123,548,1661.462881
1442.310403,282,1662.819453
2095.157242,393,1663.879487
992.230777,198,1664.375465
2599.078803,476,1673.433993
671.873701,135,1673.77396
2425.07547,445,1674.977105
1820.612067,353,1675.881952
2220.205729,416,1677.435139
2696.630323,497,1678.716056
4639.470391,877,1690.569905
588.771097,118,1690.938836
1235.378883,253,1692.253052
938.495639,186,1692.722167
1391.255772,286,1693.444611
2091.804,392,1694.508568
4310.283617,813,1697.174695
2402.493846,443,1706.588194
1992.973908,386,1707.588475
2667.766449,488,1708.835918
591.788893,111,1709.784079
2561.987508,482,1710.986499
1722.288878,311,1711.748674
987.399424,187,1712.916858
5253.635191,1000,1722.433749
2021.74272,381,1723.385694
619.157128,129,1723.711562
2308.135043,428,1724.854554
1043.61088,197,1725.978483
578.495317,122,1726.281292
1564.649552,289,1726.992
3068.769102,571,1737.694485
1378.707966,252,1738.34413
3845.98855,710,1740.958743
544.25259,107,1741.231415
1117.678706,218,1741.794295
1379.25536,266,1742.464373
607.27697,129,1742.80756
1253.265978,228,1743.427859
749.705632,155,1751.108539
752.206062,135,1751.456459
726.997975,146,1751.912949
1453.306128,267,1752.602382
3002.943524,561,1754.609968
773.757118,154,1754.989483
1199.28865,241,1755.582898
2837.927963,530,1757.660343
1356.575386,288,1758.397471
759.138413,158,1766.410473
1317.896223,236,1767.007615
2090.653487,379,1768.767936
3268.253862,613,1770.280979
516.373671,100,1770.538089
1268.110269,235,1771.907804
4626.482367,848,1774.075035
687.025365,138,1781.729281
1129.504202,219,1782.295143
5046.214341,947,1785.446305
1655.717425,302,1786.185163
2656.457967,489,1787.48578
2077.309794,416,1789.074151
1070.994832,221,1798.470285
1177.14583,223,1799.028788
1570.080028,284,1800.354629
2528.176133,467,1801.530288
703.089888,139,1801.881335
734.307801,154,1802.281446
2435.936227,446,1804.104791
1374.871056,272,1804.815899
2028.81671,397,1815.801267
2901.764977,573,1817.837018
2245.719461,411,1818.863656
2876.229462,543,1820.769502
944.649461,183,1821.236204
2435.61716,448,1823.133784
1167.259634,214,1823.662397
3161.591119,576,1833.740892
3214.899309,599,1836.156497
1433.777877,280,1836.889332
1509.76072,287,1837.733689
836.146121,173,1838.968808
676.873919,141,1839.348003
2048.757506,386,1840.353429
3620.873891,675,1851.259103
2763.585116,503,1852.594955
3477.102788,637,1855.013231
4838.178972,891,1864.815866
3226.789591,595,1866.445828
854.109482,177,1866.895071
4167.786172,810,1869.464072
1431.492417,293,1870.908257
1597.774424,281,1871.619393
1850.024446,326,1878.919255
1360.839277,267,1879.617135
1323.262668,235,1880.716267
2897.499175,535,1882.087487
3682.653096,704,1884.549726
3523.098976,643,1886.228569
1488.011943,266,1895.579708
2926.185308,552,1897.03803
1840.030389,349,1898.653982
1043.805048,184,1899.133011
2154.769494,412,1900.153113
3480.234573,652,1902.493083
1597.167195,283,1910.233637
3967.67894,730,1912.508494
1341.321643,253,1913.210977
1401.199058,269,1913.897446
896.236646,185,1915.046469
561.305185,107,1915.322884
1869.9459,344,1916.205953
3839.608159,694,1926.828318
3527.279527,662,1928.489104
1693.216767,311,1930.080396
746.461699,133,1930.407539
2753.974627,507,1931.693416
4674.32987,847,1941.48623
878.70646,163,1941.89677
2182.498239,426,1943.633791
3250.497211,597,1945.237952
1855.575034,340,1946.777807
1436.945108,286,1947.508873
5090.906637,925,1958.640747
1916.766018,350,1959.514972
2583.364192,493,1961.537816
1699.093316,317,1962.322921
1726.288845,327,1963.170494
3819.65515,704,1972.614161
2327.7481,434,1973.773972
653.272648,143,1974.152628
2839.952841,531,1976.2496
1187.524426,218,1976.790704
2196.506353,410,1978.441917
967.709817,189,1978.966607
3305.856884,610,1989.229808
1622.357614,309,1990.734586
3307.711151,599,1992.269739
1503.959782,272,1992.985985
1338.284014,238,1994.107952
3616.618385,663,1995.875214
1069.673312,192,1996.881167
933.948251,173,2004.73391
1536.676175,298,2005.50754
1025.680084,188,2006.073384
2653.533411,487,2007.811267
3814.681464,715,2009.678406
3020.267445,549,2011.59109
721.60914,151,2020.051135
1330.186282,256,2020.688083
1473.774861,261,2022.110685
2481.665277,442,2023.214011
1076.287336,190,2023.678642
2538.1158,464,2025.487495
5335.756514,1000,2036.648739
871.437401,157,2037.080031
1218.737079,223,2037.639318
839.54518,154,2038.029787
2189.186054,404,2039.730942
5388.209635,1000,2042.803868
3711.188759,696,2051.65681
1884.593908,358,2053.257333
2325.723544,439,2054.40976
2057.779328,407,2055.432543
3588.971327,658,2057.87379
1462.468198,260,2058.539662
1399.018248,275,2069.078338
1412.677557,255,2069.738962
872.58268,168,2070.23002
656.937255,138,2070.597953
1044.861412,182,2071.05999
1946.496904,358,2072.648422
1438.357431,281,2073.418428
730.154882,148,2073.835421
2961.421192,551,2075.904869
3673.670289,696,2086.023959
563.875946,110,2086.302264
5380.783197,1000,2089.630313
2438.374491,457,2091.397733
849.136414,177,2091.867705
3251.527356,581,2101.604579
1381.272355,272,2102.303012
2907.878917,527,2103.667735
5341.936222,1000,2107.084599
1869.547725,356,2108.719479
2102.971028,395,2118.22554
1050.570529,215,2118.790594
3238.878104,579,2120.939811
1733.84389,311,2121.781374
3332.028953,614,2123.991874
1302.202267,250,2124.718373
4375.584141,798,2135.655851
2251.374695,430,2136.782269
4123.358354,765,2139.44745
917.681027,180,2139.921648
2804.120298,504,2141.924516
5395.9934,1000,2153.434984
5339.240856,989,2156.061776
5414.000226,1000,2166.137549
739.245672,145,2167.085822
1997.16852,383,2168.077933
5513.59959,988,2171.289836
853.386945,171,2171.737619
1932.930648,364,2172.78474
5440.879597,1000,2185.314687
3060.03584,583,2187.432309
2743.378526,516,2189.443691
1011.974939,188,2189.983297
5442.480437,1000,2202.367284
1755.828291,335,2203.24211
5076.60396,952,2206.367045
1607.345513,307,2207.216971
4975.709744,917,2218.152275
3934.760114,743,2220.643595
728.237029,150,2221.040446
1820.253229,348,2222.021407
2092.856667,398,2223.58428
2447.121017,446,2234.497098
2226.001356,422,2236.24191
5498.436844,1000,2239.580407
5390.802442,1000,2252.836144
2190.250445,407,2253.966882
3708.659212,704,2256.434208
2635.154341,475,2257.66616
5335.725995,974,2270.935347
3278.299106,614,2273.067126
5479.166038,1000,2276.286283
1532.287538,296,2277.057611
1358.248328,260,2286.833492
5457.749897,1000,2290.176838
3799.919582,708,2292.703933
2304.206693,418,2293.813604
2909.435168,557,2304.709708
1233.711597,226,2305.299699
3134.700627,583,2307.55804
1129.630092,217,2308.113591
2014.719103,372,2309.062421
1765.820731,326,2309.909993
2455.532585,461,2311.874425
2016.156758,389,2321.729533
1861.121633,360,2323.284541
5476.379783,999,2326.399276
3766.239121,692,2328.23549
2243.831327,421,2339.069587
1647.75151,324,2339.89118
4365.241638,807,2342.648947
2061.061266,392,2343.657104
5465.031435,1000,2356.137181
2375.156168,459,2357.951116
1440.648471,264,2358.614238
4710.491055,871,2361.424694
4030.801652,738,2372.260377
3148.516626,602,2374.375367
2393.826375,444,2375.504099
1647.769207,312,2376.81137
3643.815455,675,2378.609892
2040.351441,380,2389.410466
1501.232174,278,2390.141149
5419.026281,1000,2393.318282
3351.803873,630,2395.447823
4319.189385,779,2407.20657
3760.098144,710,2409.737556
1211.83741,235,2410.368216
2035.621397,374,2411.864209
2416.682941,430,2413.018242
4274.170463,806,2424.307459
1481.800588,289,2425.080245
1664.165651,299,2425.834952
3350.989271,630,2428.013129
2235.474564,427,2429.683929
5359.248789,1000,2441.643844
5509.95815,1000,2444.752884
1336.120825,256,2446.060473
3821.994767,699,2447.859015
3093.338848,570,2459.559876
3317.753397,612,2461.933411
5485.081369,1000,2465.181772
5485.535059,1000,2476.830752
2424.873754,455,2478.608326
585.119025,116,2478.908242
644.670978,136,2479.257805
2271.058323,419,2480.977334
1692.769213,326,2481.824905
2910.69868,558,2492.898057
3654.820112,673,2495.154138
1970.270862,371,2496.187589
5464.877078,1000,2499.37142
1647.810831,324,2500.930378
1261.714826,239,2510.341052
2850.391997,538,2512.367728
5528.760581,1000,2515.648068
5528.638788,1000,2528.739251
1154.079223,232,2529.977416
4389.838773,807,2532.756058
5453.342143,1000,2535.400303
5532.619361,1000,2548.476372
1722.029803,330,2550.056466
2270.463275,429,2551.153139
2053.996065,394,2552.976308
5431.225413,1000,2566.690633
1682.762789,305,2567.473517
5430.974671,1000,2570.771437
762.37289,139,2571.122234
3305.223875,603,2573.430676
1721.728017,329,2584.002533
5465.271523,1000,2587.237098
5582.556178,1000,2590.379807
3251.366913,581,2601.93898
3209.564585,586,2604.121975
3563.251057,667,2606.387051
2017.88015,361,2607.30817
816.787377,160,2607.725525
838.883643,172,2608.217003
2331.454679,440,2618.969074
4547.905482,819,2621.616405
1392.278357,263,2622.279739
5407.792881,1000,2625.557
5427.640579,1000,2638.788532
820.116789,161,2639.248225
2861.776817,529,2640.629392
4899.683689,899,2643.714113
1833.238988,339,2654.564795
2401.554282,445,2655.784558
2906.884876,530,2657.610984
5421.91607,1000,2660.749043
5453.916401,1000,2674.495252
4180.048555,758,2676.465564
1153.895602,207,2677.008734
1769.470394,319,2678.492195
5495.878361,1000,2692.617627
4829.53922,889,2695.653675
1081.225913,207,2696.188349
1565.172591,301,2696.958247
5448.909581,1000,2709.117355
2121.657976,409,2710.256607
5267.19201,971,2713.510569
5463.887657,1000,2726.08944
5434.01384,1000,2729.385812
1288.091861,236,2730.753415
3884.067766,734,2732.765674
2090.105924,396,2743.485138
5043.355435,914,2746.58436
2765.578273,529,2747.936648
5502.852061,1000,2761.705658
520.311717,92,2761.94264
5449.172758,1000,2765.118393
5585.643534,1000,2768.366782
5392.923525,1000,2782.054996
1338.11462,233,2782.684736
5455.441125,1000,2785.899322
5447.13247,1000,2799.614218
1276.940529,233,2800.708896
5422.532279,1000,2804.016936
2208.851933,401,2805.070628
2104.323576,371,2806.069525
2170.483061,423,2817.404734
1586.425907,290,2818.184246
5410.286015,1000,2821.493677
3393.297638,616,2823.732108
5453.880745,1000,2837.006266
5486.474962,1000,2840.325326
5483.936746,1000,2853.452956
3275.293239,592,2855.645214
5546.438644,1000,2858.976639
3960.144658,721,2872.152302
2478.231008,449,2873.302893
2900.043284,525,2875.344443
1676.579572,306,2876.212089
5552.589712,1000,2879.320624
5148.862907,936,2892.332596
555.056337,102,2892.597918
5487.006627,1000,2895.807275
2785.809223,525,2897.153337
5438.656941,1000,2910.144941
1694.26094,328,2911.782549
5505.371302,1000,2914.999574
721.659598,148,2915.391071
4143.885265,754,2928.795917
2393.165114,434,2929.895026
5474.625341,1000,2933.268251
2929.126834,534,2945.876506
2233.28325,395,2946.895974
5482.799714,1000,2950.052388
3021.979703,555,2951.546224
5198.981621,963,2965.3794
4094.251855,788,2968.153292
2200.826525,411,2969.898701
2220.678308,413,2970.963695
2838.858603,529,2982.414452
5492.546904,1000,2985.766963
5494.80058,1000,2989.1129
5517.833719,1000,3002.887352
5439.600177,1000,3006.202359
4030.970574,747,3008.707196
5453.394565,1000,3022.073257
4848.414368,914,3025.167115
5425.54668,1000,3038.488878
2479.225378,445,3039.626802
5545.416042,997,3042.917759
5487.462025,1000,3056.441045
3005.039421,583,3058.709936
2923.127962,531,3060.169857
5309.514582,977,3063.281562
2618.177228,481,3075.593273
5431.899737,1000,3078.964519
4010.244244,726,3081.55293
5342.661904,1000,3095.170496
3817.725023,720,3097.232942
5430.0486,1000,3100.459207
4936.872266,920,3114.067605
4705.365667,884,3117.204789
955.147835,173,3117.645512
1935.422209,377,3118.677579
1952.485681,350,3120.274441
5506.747277,1000,3132.633007
3184.441083,578,3134.123043
5421.502879,1000,3146.798197
2009.309949,372,3148.247769
5473.139784,1000,3151.465031
2061.695103,385,3152.536245
2781.479636,521,3154.603845
5432.292543,1000,3167.748897
5437.111993,1000,3170.975368
2672.327302,476,3172.199305
5414.357592,975,3184.836127
5469.539307,1000,3188.131556
3001.651041,563,3189.687197
3479.511637,631,3202.53376
3376.419746,616,3204.774114
2305.187204,442,3205.900399
956.91164,172,3206.328681
4658.762741,832,3219.654245
5521.705218,1000,3222.943082
5466.802079,1000,3226.14697
5468.761047,1000,3239.521919
4132.950858,735,3241.999842
2400.34023,448,3243.212446
5504.525037,1000,3256.386803
1680.616029,328,3257.284448
5536.751484,1000,3260.614942
5117.072707,971,3273.897335
5516.416266,1000,3277.247175
5021.714303,899,3280.325389
3973.753791,704,3291.682661
3574.594796,642,3294.132792
5436.955225,1000,3297.497313
5499.535608,1000,3309.660831
2621.258843,465,3310.862435
5535.723886,1000,3314.083767
1834.06098,358,3315.006848
5539.165686,1000,3327.701766
5519.120342,987,3330.748949
5519.11078,1000,3344.602588
5609.061799,1000,3347.782802
5411.086092,1000,3351.104126
1184.429203,213,3351.669548
1747.162103,314,3362.113559
5598.685786,1000,3365.256154
1787.603032,326,3366.167999
4173.342734,774,3368.858379
3069.033363,561,3379.067111
3755.901882,688,3381.357463
1056.419966,209,3381.954734
4377.378763,787,3384.647572
2580.682075,462,3385.924167
2596.889828,492,3396.231953
3896.418891,703,3398.86014
893.319449,163,3399.298736
5520.144467,1000,3402.636897
1591.58923,283,3412.552587
1275.970239,230,3413.217772
3365.666347,605,3415.27622
4885.826394,887,3418.299718
1029.198096,192,3418.799361
5545.692472,1000,3432.030841
5483.205566,1000,3435.203741
3054.223251,552,3436.70874
5534.043351,1000,3449.779396
5367.384638,961,3452.887746
5567.787504,1000,3456.093073
5454.228876,1000,3468.021211
5457.164919,1000,3471.16817
5555.563818,1000,3483.193825
5488.332516,1000,3486.397459
2601.035914,475,3488.215168
2999.639276,565,3499.328585
5568.826883,1000,3502.657238
1046.553368,207,3503.224236
2390.691525,424,3504.804141
4106.774387,736,3506.761707
2521.322042,465,3518.527605
881.70086,167,3518.95206
4277.574892,793,3521.56554
3919.59352,708,3524.126869
4503.188762,805,3535.991079
823.309803,164,3536.433069
5449.653643,1000,3539.643473
5637.09324,1000,3542.947116
5572.82203,1000,3555.707225
2783.34744,494,3557.73628
1735.885124,301,3558.518347
5500.167623,1000,3571.978478
5596.514759,1000,3575.297114
1816.18944,345,3576.193092
5530.846939,1000,3589.138973
1932.41159,351,3590.814261
2688.448465,479,3592.042591
5508.634879,1000,3595.408038
3264.603617,604,3608.099151
5455.74044,1000,3611.438118
5493.061095,1000,3614.60243
3277.236256,606,3625.855166
4247.729997,753,3628.375399
5456.744742,1000,3631.520251
1173.668103,210,3632.058473
1676.427327,300,3633.502579
2185.855009,399,3644.11733
3272.490407,596,3646.341563
5002.120065,896,3648.733941
1700.658623,317,3650.290226
5552.738564,1000,3662.32579
3331.453344,612,3663.923635
1598.359776,313,3665.449467
4389.039973,801,3667.555971
3946.055344,701,3679.192891
5592.680795,1000,3682.719208
1725.666004,310,3683.512338
5536.728816,1000,3697.083774
5507.137597,1000,3700.501788
5598.117786,1000,3703.819808
4331.904133,772,3716.979924
943.715241,182,3717.455741
2862.667952,527,3719.319823
1547.291472,297,3720.106173
5460.312119,1000,3732.4072
5561.718909,998,3735.857348
5500.534072,1000,3739.245612
5550.657182,1000,3751.489444
5594.193092,1000,3754.916804
3538.817818,631,3757.310334
5528.001606,1000,3770.089996
1707.145797,301,3770.853468
5484.920304,1000,3774.152298
5630.765173,1000,3785.334936
5703.159626,1000,3788.752042
5600.109105,1000,3801.494117
1863.428935,335,3802.467634
5579.32642,1000,3805.738598
5637.648257,1000,3809.118391
5527.229533,1000,3822.37811
3801.237903,690,3824.888729
2990.338919,536,3826.302922
3251.939027,577,3837.368296
1560.647693,275,3838.176046
5533.583063,1000,3841.472774
5027.421953,910,3844.518756
4339.110914,809,3856.828431
2756.60677,486,3858.168874
3383.339252,611,3860.425339
5548.754579,1000,3873.554798
4895.165909,877,3876.352318
5600.998011,1000,3879.658817
5479.991412,1000,3892.373832
5620.258683,1000,3894.994816
5650.813368,1000,3907.28687
2434.968995,453,3909.184612
1284.730096,248,3909.822123
5533.475859,1000,3912.997204
1533.926126,276,3913.756461
5545.388272,1000,3924.862859
1977.126396,363,3926.288833
2330.158456,408,3927.316212
3338.102499,611,3929.826448
2022.039,358,3930.828983
1230.804847,227,3941.822485
5703.522999,1000,3944.982955
5585.277626,1000,3948.15006
5546.676986,1000,3960.94601
5541.308029,1000,3964.164297
3442.26516,618,3966.408346
5531.883593,1000,3980.191413
5538.193004,1000,3983.330559
2566.515276,476,3984.631071
5648.776611,1000,3997.750176
4953.669506,904,4000.792199
5511.303321,1000,4012.525089
5594.198693,1000,4015.828148
5560.166814,1000,4019.033245
4413.554901,803,4032.257548
5598.037647,1000,4035.523866
1480.704041,262,4036.219421
5596.037637,1000,4048.727018
5490.691149,1000,4052.016538
5565.857388,1000,4055.256285
3549.888512,662,4067.880074
5594.304888,1000,4071.040271
5583.760151,1000,4074.199411
1293.470969,227,4083.062126
5621.070952,1000,4086.260801
5583.213531,1000,4089.442962
1309.605965,240,4090.066165
5620.546144,1000,4103.161153
1664.514364,310,4104.025429
4659.577735,822,4106.71018
5583.801773,1000,4119.32626
5647.497222,1000,4122.437583
5553.48893,1000,4125.592773
5642.21846,1000,4138.117573
5664.984218,1000,4141.225971
5564.52233,1000,4152.874029
5488.789418,1000,4156.006206
5526.672176,1000,4159.280745
2474.386476,444,4169.821391
5622.293021,1000,4172.937659
5602.385757,1000,4176.052488
5524.996004,1000,4189.61796
5662.915844,1000,4192.732887
3171.685622,566,4194.6761
5554.36017,1000,4206.40236
5624.979702,1000,4209.717038
5602.685291,1000,4222.987969
5570.604764,1000,4226.201178
2584.37864,462,4227.372059
5620.62158,1000,4241.114346
3685.426347,639,4243.322265
4482.692454,794,4245.449437
5559.708742,1000,4258.157774
1891.191855,362,4259.670041
4046.762549,728,4262.117939
4108.380585,738,4264.092878
5269.328672,930,4277.579147
4059.595335,726,4280.041012
2685.234245,470,4281.238436
5566.943151,1000,4294.951706
5382.268584,965,4298.124547
5562.872727,1000,4301.457061
4086.225359,717,4313.962801
1760.001684,310,4314.763912
5508.683954,1000,4318.007137
5240.806028,931,4330.874501
5604.585863,1000,4334.211096
5617.771678,1000,4337.541941
5696.828979,1000,4351.024654
5664.926336,1000,4354.364026
1294.887984,241,4355.004414
5628.534638,1000,4367.655538
5657.257893,1000,4370.940663
5581.518103,1000,4374.290936
2829.717292,500,4385.70132
4341.046852,785,4387.751561
1459.307322,262,4389.110651
5608.334188,1000,4402.460224
5591.600223,1000,4405.623681
4137.680941,746,4407.58695
1642.831787,313,4408.964959
5609.057957,1000,4422.751769
5611.392634,1000,4426.115656
5660.859909,1000,4439.608237
4334.136318,770,4441.652614
1459.749533,252,4443.111234
4740.123076,834,4445.339429
5653.115911,1000,4459.24776
5629.635253,1000,4462.573729
1309.342495,237,4463.833591
3814.396992,684,4465.687302
5640.813413,1000,4478.710677
5000.240951,899,4481.732399
5610.975994,1000,4494.638306
5630.530035,1000,4497.870737
5658.437539,1000,4501.014239
5616.027617,1000,4514.097482
5654.753493,1000,4517.410368
5605.891708,1000,4530.714669
1152.865896,217,4531.287814
5410.392863,959,4534.558653
5625.784803,1000,4537.754299
2084.660889,367,4548.156486
5601.930125,1000,4551.402053
2846.324943,510,4553.365531
5688.70386,1000,4565.04756
5154.243291,918,4568.134395
4052.901729,732,4570.581706
4336.458731,772,4581.450613
3035.811719,545,4583.437347
1855.235347,330,4584.272483
5646.019189,1000,4587.476765
5664.035799,1000,4599.7748
5654.044082,1000,4603.113693
4933.54648,882,4614.222579
2152.719164,389,4615.23331
5571.549121,1000,4618.383589
5507.476148,985,4621.558156
5476.218776,970,4633.164889
5531.572763,1000,4636.396776
1763.279739,334,4637.921732
5668.556019,1000,4650.692567
5641.831019,1000,4654.140426
3990.376331,709,4656.631706
5090.611354,888,4669.320307
5721.46331,1000,4672.739128
2106.401981,374,4673.782222
5688.310514,1000,4686.083388
5689.637966,1000,4689.470635
5614.709691,1000,4701.779242
448.153904,101,4702.051007
5640.136772,1000,4705.262032
2161.555419,383,4706.591607
2341.725919,420,4707.547737
5607.615154,1000,4718.143567
5604.590626,1000,4720.878525
5590.424203,1000,4730.914168
1499.204628,288,4731.563304
5609.638196,1000,4734.273872
2208.919761,390,4735.644567
5594.410692,988,4745.613379
1366.234956,257,4746.199884
4332.935501,769,4748.530769
5638.049883,1000,4751.316481
5696.094175,1000,4761.692063
5655.500266,1000,4764.471249
5658.88623,1000,4774.929594
1494.403866,277,4775.534416
1971.888262,350,4776.32309
5305.401131,927,4778.936435
5684.02118,1000,4789.04963
1199.120604,218,4789.522647
5292.974617,944,4792.050171
1592.8154,291,4793.196292
5693.989436,1000,4803.318638
5725.02931,1000,4806.005522
3195.633957,571,4807.71687
5681.182807,1000,4818.11777
5672.136661,1000,4820.76397
2658.366132,466,4821.784647
5689.548025,1000,4830.133261
5694.66884,1000,4832.843108
4643.661701,822,4835.140017
5583.750609,1000,4844.671106
4732.642326,847,4847.035463
5715.811666,1000,4849.745539
5741.11416,1000,4859.090473
5720.727323,1000,4861.864443
5667.677018,1000,4872.649606
2583.445479,458,4873.685583
5735.094543,1000,4876.432889
5810.431222,1000,4885.848893
5679.629512,1000,4888.577934
5680.439797,1000,4891.248917
5669.757894,1000,4900.516515
5705.27579,1000,4903.339741
4836.75474,860,4912.729603
5622.301486,1000,4915.346951
2222.011605,391,4916.19607
4504.054369,791,4918.409245
5705.970166,1000,4927.840455
5761.202579,1000,4930.537074
1062.260029,203,4930.985517
4460.72372,796,4940.512136
3790.080752,654,4942.609323
2064.324101,376,4943.471653
646.902495,117,4943.74994
5614.040664,1000,4951.891387
4219.955429,739,4953.931585
2677.196297,468,4954.91906
3175.85088,573,4956.55653
5731.804022,1000,4965.431999
1175.863227,212,4965.875996
2714.869026,480,4967.300829
5545.621786,972,4969.74777
2788.12577,494,4977.336215
4182.670892,732,4979.398795
5677.01819,1000,4982.031757
3894.532214,696,4983.493292
2567.310724,476,4992.22365
5119.659039,908,4994.667957
5607.713366,995,4997.280714
5678.819437,1000,5006.624888
1523.281763,264,5007.179563
5664.23246,1000,5009.834392
2401.764087,421,5016.884919
5645.001017,1000,5019.531651
3629.643592,642,5021.42525
5736.235595,1000,5030.846997
4023.681825,702,5032.852165
5643.597603,1000,5035.484021
3800.561123,673,5042.609602
2627.409725,463,5043.993838
5649.006247,1000,5046.500112
2133.456045,381,5047.295955
4892.332232,877,5055.634215
1914.383338,346,5056.353775
5674.936742,1000,5058.866141
5674.908442,1000,5068.227897
5720.769772,1000,5070.745867
5629.012062,1000,5073.255192
5709.753055,1000,5083.032935
5758.017627,1000,5085.539151
4605.27919,810,5087.63811
5661.652293,1000,5096.908061
1996.43969,351,5097.632181
5654.725209,1000,5100.165945
2540.820102,468,5107.674771
5770.847531,1000,5110.180242
5705.747228,1000,5112.68434
3528.326167,627,5121.466445
5714.089772,1000,5124.061804
5667.124059,1000,5126.599267
3125.634827,539,5135.321942
5737.137445,1000,5137.923563
1429.017234,273,5138.495551
5787.922441,1000,5146.726534
4061.201413,708,5148.755443
5745.000453,1000,5151.373435
5734.634831,1000,5160.937048
1183.608951,220,5161.392317
5722.018281,1000,5163.897863
828.930606,169,5164.25732
3894.391856,688,5166.114744
2065.132314,389,5173.779284
5728.862276,1000,5176.298599
1804.299497,331,5176.990754
5703.966143,1000,5184.929882
5008.35236,878,5187.172971
2597.9213,446,5188.526883
2739.364559,481,5189.531129
5187.782653,901,5197.645803
5740.011087,1000,5200.172331
2791.04594,518,5201.257791
2779.687452,484,5202.686154
3188.358225,577,5209.986579
3775.781227,668,5211.934728
5771.996232,1000,5214.562114
5674.409835,1000,5222.900282
2033.948559,355,5223.63864
5708.877481,1000,5226.261743
5704.447195,1000,5234.793128
4238.558242,740,5236.755265
3584.552083,617,5238.569043
4161.334609,713,5245.604937
3864.05206,683,5247.546251
4502.443681,790,5249.730109
2665.992183,456,5250.692696
5717.554957,1000,5258.960587
1929.164279,333,5259.650766
2571.663221,445,5260.987211
5728.317833,1000,5263.603467
2806.64973,497,5270.678003
5721.025945,1000,5273.292725
3727.238727,656,5275.219017
889.031564,160,5275.552463
5773.671935,1000,5284.499887
2902.334548,503,5286.092808
3994.680335,704,5287.571858
5780.805539,1000,5296.878792
5777.805457,1000,5299.506755
3053.471939,565,5301.108615
5744.832398,1000,5309.96304
5684.377951,1000,5312.624695
2273.650767,405,5313.477389
2994.114821,543,5315.154043
2832.680806,491,5321.667807
5713.046464,1000,5324.272537
5767.401912,1000,5326.86223
5678.387158,1000,5336.562408
5758.78026,1000,5339.106375
5090.379227,890,5346.320074
1891.422833,326,5347.001184
5640.365378,1000,5349.641529
5708.477687,1000,5359.155508
2018.396967,363,5360.431021
5670.86963,1000,5363.059705
3719.533228,654,5364.430024
4032.368789,721,5373.032279
5714.595095,1000,5375.653736
900.413667,184,5376.043787
5811.565378,1000,5378.679623
4862.275056,861,5386.558162
5737.414038,1000,5389.195525
5742.556108,1000,5396.573571
5760.464983,1000,5399.192039
5676.04563,1000,5401.846427
5757.233039,1000,5411.28672
5753.860808,1000,5413.893455
3914.324516,680,5415.307157
5732.634346,1000,5423.916258
5688.756972,1000,5426.559809
5701.52391,1000,5436.045817
2014.759817,366,5437.352072
5631.956895,1000,5439.972717
3142.206902,554,5441.124851
5693.40986,1000,5450.970023
2164.815796,379,5452.299354
5766.485793,1000,5454.928201
5745.971587,1000,5464.971508
5722.181763,1000,5467.036885
5778.079388,1000,5476.249145
5720.408138,1000,5478.887872
4204.901696,743,5480.957795
760.69223,129,5481.220443
5749.379436,1000,5490.69014
5701.129041,1000,5493.342494
3465.154616,608,5495.143624
4043.343484,727,5503.990217
5777.228725,1000,5506.547613
3119.097027,540,5507.681204
1732.485872,327,5508.360115
5694.386869,1000,5518.371992
5523.090565,962,5520.89292
5785.989777,1000,5530.633905
5737.212589,1000,5533.149316
5721.025038,1000,5535.648165
5717.406376,1000,5544.61737
2411.845977,433,5545.9309
3200.109774,556,5547.09179
5666.07799,1000,5557.175477
5769.731611,1000,5559.664212
1777.479746,315,5560.316777
2533.584351,460,5561.698779
3131.551568,551,5570.096547
5666.995603,1000,5572.585501
5717.200646,1000,5575.074171
5581.683842,981,5584.291779
5672.902054,1000,5586.782536
5724.602132,1000,5596.73893
5748.40925,1000,5599.224045
347.476976,76,5599.382619
3232.874784,569,5600.978553
1544.554612,267,5601.526704
3028.27376,531,5609.478888
5651.735892,1000,5611.972144
2769.225875,486,5612.981712
5739.917613,1000,5622.225868
5788.407566,1000,5624.854858
5714.447582,1000,5627.502887
5717.117147,1000,5637.796044
5592.456454,1000,5640.440309
1642.000514,283,5641.033148
5669.910858,1000,5650.206353
5761.579194,1000,5652.85734
5767.388011,1000,5655.507289
5709.763686,1000,5666.054646
5666.829163,1000,5668.677822
1130.306682,217,5669.12748
5543.429305,993,5679.767563
5764.331863,1000,5682.297332
5751.203525,1000,5691.267747
5695.125365,1000,5693.75236
5768.585708,1000,5696.237665
5654.49275,1000,5706.244589
1493.298076,284,5706.839319
5662.490364,1000,5709.319923
4496.015238,795,5718.142277
3422.459195,619,5719.956238
5521.930218,968,5722.502933
999.366729,179,5722.87391
3624.620395,643,5730.839744
5664.479677,1000,5733.436571
2123.89135,369,5734.205667
5783.03173,1000,5736.809396
3325.767671,577,5744.963288
5670.709669,1000,5747.568707
4800.559497,837,5749.834058
5734.543604,1000,5758.833156
5750.457424,1000,5761.348383
2450.7107,443,5762.678522
5690.825111,1000,5772.017088
3918.129712,676,5773.418382
4152.12177,732,5775.460811
5733.08317,1000,5785.971384
2127.713934,376,5786.754754
5710.611141,1000,5789.359825
1519.896866,279,5790.416766
2529.933926,463,5798.162666
5690.701695,1000,5800.647874
2283.972124,401,5801.481078
3889.376222,668,5803.273633
3015.319474,530,5811.099948
4029.137441,710,5812.58882
864.513301,149,5812.892603
5795.479954,1000,5815.497571
1980.368407,348,5823.102193
3661.459965,636,5824.420663
3418.159885,607,5826.220927
3626.807878,662,5828.134633
5759.13516,1000,5837.582249
5692.733077,1000,5840.093079
3968.465183,698,5841.538849
5709.480777,999,5850.91035
5863.09079,1000,5853.514855
4831.585636,857,5862.44328
4749.439926,832,5864.690881
5313.960234,919,5867.126851
792.874492,159,5867.459554
5369.841193,933,5877.474112
5767.775305,1000,5880.094543
1641.199845,290,5880.700605
5733.63781,1000,5889.506033
3907.125652,688,5891.447534
1240.272481,219,5891.903497
5770.784481,1000,5894.501374
3434.379146,609,5902.46877
2086.192566,365,5903.742026
2925.059425,506,5904.797298
3750.966476,650,5906.653896
5821.549975,1000,5916.377779
5830.10541,1000,5918.972663
5761.439678,1000,5921.565972
5795.215788,1000,5931.210966
5749.357319,1000,5933.796328
5747.264209,1000,5942.99098
5796.54869,1000,5945.468915
4120.186945,709,5947.343287
5751.075373,1000,5955.795627
5812.482589,1000,5958.394299
2329.99029,408,5959.769688
5804.217538,1000,5968.317457
4897.047492,845,5970.469214
5745.493854,1000,5972.960416
5761.124073,1000,5981.438907
5807.028362,1000,5984.028808
5759.248906,1000,5992.795127
2749.471124,491,5993.806293
5899.862214,1000,5996.405702
5405.423036,939,6006.133982
2976.124376,534,6007.230138
5789.122234,1000,6009.815333
3863.425626,667,6011.715696
1971.900943,344,6018.668885
5797.657788,1000,6021.140974
5737.010981,1000,6023.604624
5010.827794,861,6032.509246
4005.903394,689,6034.459203
5764.302823,1000,6037.036577
4472.318336,777,6046.3366
5835.20623,1000,6048.825428
5791.221866,1000,6051.297094
4514.536659,794,6058.199171
5796.358988,1000,6060.66481
5783.973757,1000,6068.294554
5649.527275,974,6070.748685
5724.351308,1000,6073.238795
5366.758801,921,6081.383103
2534.515142,436,6082.706003
4453.735559,792,6084.33694
5702.057072,1000,6092.669159
5735.195766,1000,6095.168027
5839.287653,1000,6097.638228
4550.265637,775,6106.025792
3165.32045,560,6107.603278
2406.975777,431,6108.496143
3825.193653,657,6110.263999
5680.762621,1000,6119.151562
3536.451438,613,6120.423791
5744.281771,1000,6122.911644
5704.407802,1000,6131.933781
3321.565374,586,6133.565703
1773.937471,318,6134.220636
4630.806443,800,6143.126712
2194.092671,386,6143.925639
5727.34254,1000,6146.406336
3642.470616,637,6148.232151
2814.39739,505,6156.416251
5762.010873,1000,6159.010957
3317.292412,580,6160.714427
1614.990689,275,6161.284637
1072.804884,184,6161.661242
5830.465721,1000,6170.359132
3018.626954,526,6171.856097
5777.28221,1000,6174.357356
3160.961652,573,6182.613894
3948.389369,682,6184.435634
5745.155209,1000,6186.930158
2607.851828,447,6187.852909
2816.895645,493,6195.117731
5765.741315,1000,6197.589338
5720.38442,1000,6200.065916
1534.047484,269,6207.08654
5743.101794,1000,6209.569721
5756.312364,1000,6212.067794
2374.835211,421,6218.849633
5690.107156,1000,6221.445323
2184.17779,390,6222.700388
2408.784501,417,6223.557813
5727.931008,1000,6232.626345
4597.265971,813,6234.721564
5685.276461,1000,6237.202652
5762.062113,1000,6246.046668
3409.121184,593,6247.682802
332.068211,75,6247.83803
3430.549621,605,6249.075021
5709.9237,1000,6257.994475
5737.546119,1000,6260.477984
828.989546,145,6260.774201
3372.344546,578,6262.373266
2347.762675,415,6268.837733
2077.434089,358,6269.977358
5817.093651,1000,6272.442677
5463.779552,947,6274.409986
4679.625239,815,6281.45426
5770.628997,1000,6283.92543
5793.681927,1000,6292.52659
1278.314601,225,6292.994575
5590.267265,984,6295.433672
5783.952812,1000,6297.911603
4017.138147,702,6305.775899
5770.912547,1000,6308.249555
5735.98869,1000,6316.085066
2918.562769,518,6317.566447
5539.876874,969,6319.56585
4972.900873,858,6327.896966
1082.895155,190,6328.70012
4720.759109,828,6330.41144
4216.167475,723,6332.320522
2963.578102,542,6333.854676
4567.055144,808,6340.973796
5763.012473,1000,6343.501887
1998.152241,372,6344.700735
5778.731477,1000,6352.541351
4331.161329,756,6354.194533
4992.976519,875,6356.468112
5586.633042,1000,6365.477941
814.252406,167,6365.8691
5059.873418,892,6368.312851
5692.977602,1000,6377.673012
5699.954797,1000,6380.696346
2281.90616,397,6382.086626
4766.451977,831,6383.900645
2400.029124,430,6392.021294
1576.968103,297,6392.674133
2791.678304,499,6394.260581
5723.94671,1000,6397.044011
4170.293476,734,6405.79446
5724.75071,1000,6408.44852
5800.364933,1000,6411.105954
5729.696001,1000,6420.417981
5770.319673,1000,6423.058742
5793.904432,1000,6432.023827
5048.442843,881,6434.509232
395.926276,80,6434.67719
488.228622,89,6434.861569
5737.074375,1000,6437.590875
1969.585407,344,6444.867296
5760.488363,1000,6447.383457
5699.412038,1000,6449.478048
5743.474172,1000,6457.010761
5409.66812,960,6459.477212
5440.357153,936,6468.980597
3077.526469,545,6470.549282
4637.959416,824,6472.686865
4098.81419,706,6474.143821
5750.17591,1000,6483.742651
4098.186038,721,6485.708945
3166.542856,566,6487.334089
5704.457833,1000,6496.163431
2745.246219,493,6497.204929
5793.272152,1000,6499.728969
2388.855436,438,6500.638815
5761.00008,1000,6508.753525
5729.448409,1000,6511.403417
5783.15852,1000,6518.390609
1083.170869,209,6519.29173
5855.352238,1000,6521.805022
914.996615,188,6522.21987
2853.013919,492,6523.243412
5185.725861,921,6530.710209
2138.894877,378,6531.496531
3419.496526,585,6533.183731
5707.174868,1000,6541.897436
2456.111117,424,6542.778167
4118.056688,726,6544.720934
1074.475312,190,6545.116025
4666.393943,811,6547.221905
5656.917676,1000,6555.278864
5723.262732,1000,6557.817377
5798.252702,1000,6566.273852
2113.169093,368,6567.046862
2833.005426,479,6568.467378
5510.168694,939,6570.954884
792.42217,172,6571.316484
5808.294952,1000,6580.898738
5769.42,1000,6583.450324
5696.825974,1000,6593.143638
5814.968527,1000,6595.729654
652.524445,131,6596.002851
5696.995541,1000,6598.62846
5806.836263,1000,6608.672168
5857.254838,1000,6611.269744
5565.092677,965,6620.133824
5668.096905,1000,6622.648275
4403.855301,776,6624.674018
4544.879036,789,6632.740482
2053.552252,365,6633.911605
3242.460786,564,6635.08763
712.210126,123,6635.342112
5622.712584,1000,6643.342123
5742.642337,1000,6645.835394
5709.892201,1000,6648.332833
5833.04504,1000,6656.423515
4075.819044,728,6658.352906
5846.272197,1000,6660.853093
1834.944729,324,6667.436754
5803.216366,1000,6669.926993
5795.21365,1000,6672.413924
998.82777,179,6672.786452
2916.936988,514,6679.60486
2177.496336,377,6680.390357
5773.439415,1000,6682.874803
5780.971879,1000,6690.511552
2898.045366,523,6692.144914
1189.476161,216,6692.595079
5718.820012,1000,6695.215734
5842.165443,1000,6705.305604
3290.118606,564,6706.473554
792.543552,154,6707.339303
2752.173575,485,6708.342145
5544.318777,982,6717.188825
5705.609446,1000,6719.801114
3156.067509,567,6721.45199
5743.806144,1000,6731.073687
2674.306612,494,6732.107072
4702.268054,807,6734.318076
1069.807205,221,6734.782151
2273.936755,408,6735.632235
5684.173571,1000,6745.433137
3421.496355,609,6747.225315
5656.03131,1000,6749.801506
1788.846875,313,6756.719485
5786.641538,1000,6759.233343
5751.093007,1000,6761.777932
5717.484854,1000,6771.155502
5786.232215,1000,6773.658002
5732.351575,1000,6782.307052
