#{"t_start": 1787570607.9243064, "env_id": "Humanoid-v5"}
r,l,t
73.936266,17,1.19332
87.072488,19,1.233635
83.717358,19,1.27524
87.507727,20,1.320352
75.29054,17,1.35779
96.211648,21,1.404248
80.390193,18,1.43954
70.918924,16,1.472439
81.185242,18,1.511744
119.566403,27,1.566702
81.018993,18,1.604929
70.68146,16,1.638364
72.848393,17,1.674244
81.150892,18,1.713995
101.616792,23,1.75961
75.559139,17,1.794842
70.880168,16,1.828426
87.897037,19,1.871085
168.061487,37,1.958837
80.709651,18,2.007924
79.237004,18,2.056707
74.389104,17,2.103756
86.918545,19,2.157418
75.815259,17,2.201666
101.694692,23,2.255809
70.566292,16,2.294797
91.945019,22,2.350153
92.442793,20,2.399224
85.838867,19,2.4463
95.342565,21,2.499479
136.494455,30,2.575632
100.691553,24,2.630631
146.487965,35,2.703456
115.541419,25,2.758762
76.494026,17,2.792649
76.837485,18,2.830163
75.94733,17,2.866422
103.91124,23,2.91489
74.643282,17,2.952679
126.284459,29,3.013624
77.994536,18,3.049271
170.746884,36,3.12306
125.163928,28,3.179543
76.376248,17,3.213214
186.6367,42,3.300578
75.494123,17,3.336252
83.476361,19,3.376258
129.358758,28,3.431816
91.541218,21,4.40989
76.057424,17,4.447133
113.08567,26,4.50738
106.377219,23,4.56282
117.303197,26,4.626415
167.992979,34,4.712935
150.960021,31,4.791385
110.728461,27,4.855257
81.218677,18,4.897162
119.039654,25,4.965161
75.12588,17,5.00618
122.709332,27,5.066313
77.011996,17,5.104437
80.870372,18,5.145306
153.724068,35,5.233556
75.810411,17,5.279229
171.515827,41,5.387353
114.655004,25,5.454695
71.265431,16,5.49356
76.139119,17,5.531973
138.577554,30,5.598821
97.697452,21,5.644642
117.560086,25,5.70927
71.369886,16,5.750519
119.875008,25,5.826103
69.723539,16,5.873727
75.788385,17,5.924846
74.808524,17,5.975575
90.116122,20,6.037404
147.689118,32,6.145454
107.666387,25,6.233745
75.828661,17,6.312618
75.585874,17,6.364171
75.974047,17,6.409302
98.352718,22,6.463855
70.058272,16,6.505024
77.036765,17,6.550187
177.279905,41,6.662843
102.385446,22,6.727325
87.496397,19,6.78039
90.370285,20,6.830232
115.489868,29,6.897129
148.271468,33,6.967781
97.670086,21,7.024027
86.699434,19,7.76038
110.014883,24,7.823938
126.072377,30,7.900851
141.454713,33,7.969694
80.251681,18,8.008929
103.604934,25,8.068011
116.88993,25,8.121594
76.964774,18,8.160491
71.637943,16,8.193781
149.256085,34,8.265708
112.732658,26,8.320707
106.290253,23,8.367651
86.914528,20,8.409856
73.984034,17,8.445788
74.173367,17,8.480587
115.016471,28,8.541245
134.044891,29,8.604744
80.79364,18,8.649188
122.351983,27,8.71438
123.054254,26,9.296046
134.724904,32,9.378827
178.147809,42,9.487262
123.312867,27,9.557981
126.675215,28,9.618784
95.717369,21,9.66634
138.929817,31,9.739406
179.471866,41,9.838455
154.318582,33,9.912391
114.106588,25,9.965062
158.729936,36,10.042392
248.868959,53,10.156637
73.583349,17,10.191891
91.02078,20,10.23856
81.447486,18,10.275959
71.246333,16,10.311125
128.577594,29,10.375542
100.30738,24,10.425596
76.205816,17,10.461565
112.591776,25,10.511122
143.902868,31,11.170288
151.099314,32,11.240964
106.506411,23,11.291837
102.876868,26,11.34624
80.819412,18,11.386197
99.155125,22,11.434283
91.32754,20,11.48105
121.411003,27,11.536768
81.36926,18,11.575841
99.114823,22,11.621877
76.583612,17,11.661803
173.974957,38,11.743578
93.750857,22,11.789974
191.929116,40,11.876463
120.321115,27,11.932237
73.497359,17,11.968941
154.617637,33,12.052174
156.634388,36,12.145459
140.643598,32,12.231177
172.621903,38,12.330701
99.510232,22,12.387065
122.105488,26,12.464574
84.910224,19,12.520178
124.134767,26,12.581634
76.367528,17,12.616579
232.792477,53,12.731923
85.861368,19,12.772765
124.333189,27,12.830791
102.54578,22,12.87915
153.797772,34,12.953965
129.091284,27,13.016438
114.736796,26,13.075856
140.467943,31,13.14108
80.819126,18,13.178436
81.514454,18,13.216007
126.087947,29,13.277235
90.534501,20,13.320993
176.475133,38,13.405883
76.318925,17,13.442383
132.001663,34,14.191928
88.300197,21,14.244016
140.819487,31,14.314404
110.818961,25,14.368853
116.257299,26,14.426964
104.024427,23,14.476068
139.68066,33,14.544417
91.084765,20,14.587069
162.339803,36,14.668745
75.252875,17,14.706509
139.546264,33,14.779831
94.662161,21,14.823734
132.369666,30,14.888352
155.328664,35,14.965349
100.271085,24,15.018566
123.852615,27,15.076984
109.191992,24,15.128677
115.831199,27,15.187394
89.837516,20,15.2279
159.523558,33,15.301457
94.08712,21,15.344648
86.421683,19,15.384605
215.732738,46,15.49484
76.284526,17,15.537509
94.533379,21,15.590811
96.100099,22,15.642676
106.271072,23,15.69245
74.985225,17,15.727623
163.367121,37,15.810255
134.655234,33,15.88752
101.95524,22,15.944867
92.534833,20,15.995643
150.415516,32,16.080208
132.547293,29,16.156256
133.50379,31,16.98261
135.576359,30,17.055324
76.511962,17,17.099199
175.84326,37,17.195025
130.891908,28,17.262592
90.844046,20,18.042522
87.544806,19,18.087037
109.631277,25,18.141892
85.725574,19,18.184556
128.084009,29,18.247089
85.147794,19,18.290963
121.483521,26,18.34618
169.566018,42,18.439281
101.044511,23,18.487331
204.328878,43,18.59604
174.506186,40,18.70771
152.75779,32,18.776139
80.769895,18,18.812644
266.538698,54,18.926236
90.745017,20,18.968022
98.471509,23,19.020337
82.898574,19,19.064435
103.274271,22,19.124876
123.550348,27,19.208586
91.971204,20,19.268853
96.981963,22,19.336728
75.576561,17,19.383505
160.07674,37,19.481925
129.01774,28,19.554439
134.680771,29,19.631828
142.796127,33,19.715253
103.195012,23,19.773283
95.381885,21,19.818861
132.929586,31,19.898091
113.921149,25,19.959014
80.865549,18,20.002525
184.067135,40,20.093606
158.008895,35,20.167573
71.646856,16,20.208026
134.965509,30,20.287209
99.203626,21,20.340232
142.578897,31,20.415861
84.565925,19,20.45694
109.647582,24,21.218237
87.091983,19,21.260073
81.164697,18,21.300684
85.512797,19,21.341958
69.524337,16,21.376763
87.8726,19,21.416587
206.281302,50,21.528178
73.616631,17,21.570098
120.106236,26,21.626465
132.177855,28,21.689569
96.80023,22,21.739121
114.040424,28,21.802835
106.044831,23,21.853562
105.217645,23,21.90541
131.376314,29,21.970397
125.316594,29,22.036335
81.05801,18,22.07773
81.224639,18,22.117404
87.253692,20,22.162709
137.671643,31,22.232986
293.083516,61,22.372402
277.458822,59,22.505978
130.038645,28,22.569775
145.137169,33,22.647825
112.727865,24,22.708458
161.398522,34,22.79293
102.156408,22,22.839771
130.818945,29,22.90499
130.584835,28,22.968411
142.994962,30,23.082404
147.476711,33,23.17111
93.946925,21,23.219398
116.091621,27,23.288793
117.293715,26,23.348639
222.551242,46,23.460575
265.0246,58,23.632024
111.831456,24,24.37774
133.298801,29,24.441661
151.656483,33,24.515014
147.085087,33,24.587453
138.511371,30,24.651781
81.103497,18,24.692958
76.118013,17,24.729095
82.984775,19,24.769876
137.859657,31,24.843009
110.862463,24,24.900287
131.183395,28,24.961172
81.180125,18,25.002191
112.426523,24,25.05461
102.206573,24,25.683024
160.658829,34,25.775707
201.271263,46,25.903535
134.49915,32,25.988366
181.229191,42,26.097673
191.539848,41,26.210074
191.203799,42,26.329442
142.251019,34,26.418801
93.382772,21,26.473002
156.610034,33,26.562534
169.352294,38,26.673431
224.565274,48,26.837974
155.969755,34,26.954405
171.203876,36,27.082365
166.400068,34,27.205313
184.948154,41,27.336305
78.289526,19,27.396508
183.465651,41,27.520548
190.742288,45,27.666023
128.006712,29,28.492109
276.125642,58,28.631068
194.001018,43,28.732725
89.474083,20,28.776585
208.05408,46,28.888813
130.41965,28,28.962875
110.70697,25,29.038102
244.625248,49,29.176281
233.299724,51,29.299877
165.238379,36,29.381964
201.034019,45,29.490244
183.211608,41,29.585829
187.980885,41,29.686129
161.574558,36,29.776235
76.243361,17,29.815147
170.375663,38,29.903751
146.326563,31,29.973686
111.01162,28,30.035066
240.330155,54,30.156806
89.242289,22,30.207555
167.914978,39,30.30073
106.881579,25,30.368177
111.729424,24,30.430576
112.268116,24,30.503128
116.786076,25,30.594652
82.108766,19,30.655007
97.104237,21,30.722917
200.629616,41,30.857203
177.655042,38,30.963807
95.53751,21,31.022853
159.566339,36,31.706484
79.849417,18,31.747234
85.543233,19,31.790283
163.347645,36,31.87651
173.326864,37,31.963013
324.854113,72,32.1356
226.584695,47,32.245765
95.493746,22,32.295291
103.717828,23,32.351231
186.634578,45,32.451037
217.424697,46,32.557892
219.675854,47,32.666921
188.842144,42,32.760257
243.875761,56,32.887073
220.98481,49,32.999288
167.846488,37,33.086901
156.737243,33,33.163145
154.423718,35,33.248978
106.277804,26,33.310534
189.857239,41,33.401257
251.405862,62,34.099559
153.7103,35,34.185387
250.006719,53,34.324131
152.927128,34,34.431338
226.984986,48,34.581289
150.073817,33,34.675665
203.83178,45,35.376406
178.204552,41,35.468652
147.762981,32,35.543641
215.442553,46,35.647906
154.626781,33,35.725203
207.651317,44,35.829636
188.625437,44,35.931261
240.509923,53,36.053412
117.955328,26,36.108879
224.542153,51,36.221874
152.731638,32,36.29706
189.187223,42,36.394426
236.327191,47,36.497236
152.873684,35,36.577254
161.677392,35,36.660754
324.041516,73,36.829993
207.97981,44,36.934535
193.731636,44,37.034606
214.57295,47,37.14245
179.303721,40,37.236701
85.117016,19,37.27986
140.063478,30,37.357127
204.386539,43,37.490446
75.797923,17,37.540215
241.190345,55,37.690888
288.771991,59,38.409823
178.168995,41,38.505307
249.343752,52,38.628334
232.811817,51,38.760063
201.649085,44,38.86326
207.963526,49,38.978532
231.658426,50,39.093726
110.463379,24,39.147801
117.712889,27,39.208062
115.87284,28,39.266269
193.060576,44,39.36899
85.140804,19,39.412425
196.83359,42,39.510496
187.789995,43,39.611358
187.415124,40,39.700081
186.413464,39,39.791331
189.519558,43,39.89227
249.978342,50,40.012165
134.076849,28,40.076677
273.24994,55,40.2097
135.765349,30,40.282393
234.362372,52,40.402204
191.64298,42,40.503795
112.988159,27,40.568156
154.766416,35,40.648155
107.870516,24,40.704672
179.516837,38,41.375941
271.161866,61,41.540478
369.010799,75,41.744564
231.669662,51,42.579991
146.9675,34,42.655436
305.211773,74,42.833531
168.010516,34,42.91133
233.646153,48,43.020061
224.991775,50,43.143715
382.131135,77,43.323227
294.99348,64,43.473143
301.12882,63,43.624996
197.736724,43,43.726385
376.403265,79,43.922068
244.615276,54,44.057766
165.699221,39,44.155002
216.608399,47,44.263855
305.972244,68,44.435943
497.71427,101,45.39975
296.009581,60,45.540961
254.599685,56,45.67378
293.009682,62,45.820368
269.96914,55,45.949593
364.080092,76,46.125646
296.900643,57,46.269913
241.700086,51,46.388731
191.810271,41,46.488723
191.656509,42,46.58296
347.133931,70,46.746837
190.234815,46,46.855585
226.755708,50,46.977835
113.17254,24,47.042802
266.114349,53,47.176636
80.813975,18,47.225151
154.954495,38,47.319524
161.477098,36,47.406933
197.455932,49,47.534633
260.730617,56,47.675714
187.411103,42,48.486714
310.601882,62,48.634668
371.858806,71,48.81064
182.902305,41,48.910746
337.202148,66,49.07427
226.209753,47,49.185079
88.542476,20,49.229474
271.642272,59,49.363026
238.814862,56,49.498792
223.926647,50,49.616892
203.01378,43,49.714729
196.982403,45,49.823069
195.784822,42,49.924968
162.277799,38,50.639627
280.898402,60,50.78848
241.80739,49,50.910665
106.946231,24,50.975778
321.273994,64,51.134357
351.547697,78,51.333952
265.858064,58,51.475298
156.234165,33,52.341012
270.487564,56,52.474334
227.63262,50,52.59007
278.61691,59,52.72859
284.225231,59,52.86448
175.705098,36,52.948503
153.687357,34,53.028805
263.477031,55,53.160576
286.890235,59,53.298208
436.708874,89,53.508759
366.372154,68,53.663685
246.233015,50,53.776175
201.851048,44,53.877888
223.141039,48,53.992435
341.884668,70,54.1609
281.677622,56,54.305471
188.786976,43,54.428785
183.2024,42,54.5337
173.94962,37,54.626217
292.310862,61,55.574407
167.974173,39,55.663281
464.973052,95,55.888161
282.113849,58,56.027308
327.114009,73,56.200631
377.195511,83,56.400112
292.030697,59,56.546855
361.291035,80,56.739497
202.78387,43,56.847943
125.392457,28,56.91355
332.528032,66,57.075795
478.596742,91,57.294615
279.964925,59,57.435622
219.885216,48,57.561481
285.330919,57,57.70817
168.31276,38,57.812382
349.782418,79,58.012955
244.795926,49,58.893343
214.935472,46,59.024728
233.382909,55,59.853365
227.179937,47,59.965033
416.850584,87,60.178982
315.156235,67,60.333871
151.118019,35,60.414368
466.216342,92,60.64077
321.138982,62,60.790047
277.708066,59,60.929101
215.610132,47,61.052685
361.32429,71,61.234946
367.688164,72,61.417163
351.855061,71,61.611638
181.017688,38,61.704347
228.650965,49,61.859064
318.777633,65,62.056957
292.712487,62,62.951559
286.484702,58,63.096574
150.458936,35,63.183732
160.364974,33,63.265443
371.282873,80,63.465917
380.92304,77,63.658549
291.973886,59,63.80808
364.521976,78,64.003349
242.404417,49,64.121071
280.567774,66,64.284338
337.133701,69,64.459806
309.645117,63,64.61818
389.483864,83,64.85441
275.834329,60,65.021624
287.880405,59,65.180777
501.556782,100,65.491517
305.283419,69,66.416435
281.377687,56,66.553354
246.859025,58,66.704062
328.111144,69,66.870086
305.834945,62,67.027125
285.018875,58,67.168488
229.252894,53,67.299263
385.998172,86,67.505397
298.045073,62,67.661713
373.947961,79,68.447406
211.199231,45,68.566389
296.19421,62,68.732336
266.955193,53,68.86731
366.168682,70,69.061647
352.635965,72,69.283601
263.341986,52,69.43268
305.978067,66,70.176214
437.855226,88,70.389009
248.978337,50,70.509442
324.130881,70,70.688475
263.63671,57,70.839771
445.247054,91,71.068212
237.506246,52,71.199208
333.805063,67,71.37597
344.474518,67,71.546452
214.949027,45,71.653547
243.262493,53,71.781652
278.941272,61,71.926792
515.283916,111,72.217541
399.094014,81,72.455823
304.597554,61,72.640285
448.925677,90,73.584267
353.895956,71,73.766253
474.757896,99,74.015393
238.542258,51,74.14102
232.492256,50,74.267528
413.369353,86,74.490371
239.564382,52,74.644332
277.055764,66,74.812379
289.514982,56,74.951008
254.503825,50,75.074654
393.827438,78,75.269703
368.843258,75,75.472095
277.787614,56,75.631041
390.028011,83,75.84445
333.991245,71,76.020348
355.111187,74,77.579494
373.193455,71,77.76447
170.807224,36,77.855505
429.622429,85,78.070854
430.310542,88,78.289854
253.517924,52,78.419442
235.572075,49,78.548374
322.724666,68,78.722713
278.140262,56,78.870189
331.604069,65,79.025569
197.093949,42,79.129416
252.119265,55,79.273215
326.85897,66,79.44235
329.34654,65,79.605948
382.494709,84,79.824885
276.592828,56,79.972081
337.174314,72,80.958567
255.109896,54,81.101633
368.497467,84,81.341493
295.66138,58,81.499415
438.082172,88,81.72367
303.121439,63,81.887371
492.474088,95,82.124628
253.459818,51,82.257266
380.113558,74,82.45634
272.838595,54,82.589544
285.690536,58,82.741914
266.594877,60,82.90374
200.653118,42,83.024797
403.957017,86,83.260823
249.771657,52,83.404851
330.634558,66,83.578312
288.143986,67,84.36391
452.888657,89,84.642693
260.300921,51,84.792274
353.605958,81,85.020335
348.984347,66,85.196201
345.977791,69,85.369365
357.63665,69,86.168401
275.970338,57,86.310321
313.368372,63,86.48145
331.402834,71,86.664913
366.774418,75,86.855493
470.409842,95,87.122145
224.438423,49,87.249676
473.970596,98,87.51739
352.759985,72,88.45291
357.773862,83,88.66389
256.160438,53,88.796569
396.249428,80,89.001971
214.187166,46,89.116603
271.258641,54,89.258166
313.082077,62,89.424692
274.609699,64,89.594316
160.398881,34,89.68756
381.019277,76,89.873918
329.497607,69,90.048079
259.343978,51,90.179083
290.286463,58,90.335781
371.353898,71,90.533709
229.080136,53,90.670819
252.161698,51,90.803292
339.035557,68,90.976334
361.332406,69,91.852604
267.988668,54,91.989355
377.236574,78,92.186389
332.860502,66,92.351421
320.940737,77,92.547886
216.48202,48,92.673547
513.139396,105,92.953775
246.654459,59,93.103868
291.028223,63,93.26734
335.880302,76,93.453848
389.223396,77,93.64912
318.188353,66,93.83055
307.101951,60,93.984143
355.42269,74,94.818858
593.520052,119,95.832753
288.791181,60,95.984405
259.262339,55,96.123071
310.521397,67,96.295916
315.356594,64,96.462751
454.413763,92,96.707368
281.508546,59,96.851017
403.306302,79,97.046629
323.661772,64,97.201244
168.42374,36,97.288467
347.293913,77,97.472577
254.766204,60,97.619484
342.855916,76,97.810206
262.885305,51,97.943319
419.865265,82,98.148677
334.950752,77,99.076074
373.422654,81,99.273376
337.403473,69,99.44255
260.285406,52,99.568292
268.262206,60,99.723582
312.994826,63,99.8758
331.535673,68,100.044464
282.473202,60,100.192832
285.386321,63,100.351495
471.711956,97,100.595167
419.638215,81,100.798015
341.853374,66,100.962674
291.830995,57,101.118354
280.294534,58,101.275627
301.92768,69,101.464278
419.306746,86,102.25101
630.729668,124,102.624452
393.717259,77,102.841387
280.694619,58,102.986081
346.347092,70,103.823082
489.374363,104,104.085511
319.160995,74,104.261819
421.585763,84,104.473258
248.952822,52,104.602075
423.454903,97,104.85217
341.264957,72,105.038888
279.176867,58,105.187814
389.59805,87,105.41601
269.803327,66,106.272948
236.99209,52,106.397148
393.342389,78,106.592587
291.33512,59,106.740246
207.698892,44,106.848706
284.318279,59,106.994759
256.822611,54,107.122966
274.229759,56,107.252978
266.598433,57,107.390434
442.462228,99,107.658184
361.321333,70,107.840264
252.707298,53,107.975337
259.933908,52,108.121359
422.777432,87,108.359057
337.847065,65,108.538477
470.667787,99,108.835052
344.71806,69,109.662752
334.650238,66,109.825359
581.56388,121,110.130944
307.703512,62,110.28706
624.558796,121,110.587421
332.409317,67,110.749702
509.389679,106,111.015569
350.21689,69,111.189588
279.005335,58,111.33558
308.707333,65,112.18911
282.323518,59,112.347759
346.446447,68,112.533087
362.957839,70,112.75266
350.852242,68,113.529859
270.744982,54,113.659365
398.659593,89,113.882365
343.279313,67,114.046464
263.495612,59,114.200094
370.129049,74,114.389508
255.657565,53,114.525631
331.979463,76,114.742052
316.475152,67,114.92695
293.367646,61,115.090694
376.890663,73,115.273134
340.492555,67,115.444214
305.261409,60,115.594592
261.141613,54,115.731882
422.521787,86,115.999191
286.120746,62,116.733269
363.340059,71,116.914362
327.210973,63,117.07821
270.327181,54,117.209118
370.000036,82,117.413232
319.891532,66,117.578128
357.168825,73,117.757286
299.152294,60,117.905486
622.780498,127,118.230048
271.797674,56,118.375239
367.293427,73,118.562723
308.942958,69,118.737098
341.856031,76,118.936368
390.008845,86,119.149067
298.205188,60,119.304754
520.986933,106,120.219482
296.380618,66,120.389759
230.677876,56,121.185962
454.692471,98,121.423662
415.828888,80,121.626901
387.960014,77,121.817556
579.431083,114,122.113744
340.38659,66,122.298292
548.999896,110,122.596297
327.015426,75,122.792147
464.889663,91,123.086153
329.916451,80,123.331274
395.645332,87,124.078272
346.59109,70,124.24908
299.008405,70,124.420512
511.68698,105,124.679241
394.520466,79,124.877016
413.942012,85,125.086659
378.829728,82,125.295659
410.859867,85,125.512191
330.60482,67,125.680445
365.722072,74,125.860646
444.788019,97,126.156249
482.659314,98,126.446208
482.603536,97,127.268511
407.020421,80,127.476686
368.501344,75,127.656497
269.315571,54,127.788506
372.459596,78,127.988209
414.159897,82,128.195904
322.715943,66,128.359118
371.614206,86,128.579819
377.953171,74,129.447735
332.1644,66,129.61762
266.159705,56,129.765943
347.972189,68,129.951741
388.086602,79,130.199949
414.381258,84,130.43296
449.411278,93,131.208264
382.489128,76,131.404437
326.048753,68,131.576278
401.818698,82,131.777034
361.474652,70,131.9534
387.053463,77,132.148403
500.271735,100,132.401929
233.138917,52,132.528098
444.043853,89,132.751179
366.090861,75,132.950489
500.159554,98,133.201692
573.31305,117,133.576433
398.949007,89,134.37536
329.91266,68,134.546462
448.088335,86,134.756997
632.218961,132,135.090063
208.696408,47,135.204588
359.86649,71,135.382144
230.456509,54,135.521374
265.978248,55,135.657354
420.174995,87,135.875311
421.493486,80,136.076839
438.190472,89,136.306265
376.935458,74,136.500215
270.186506,61,136.654841
375.36033,78,137.485765
407.244218,81,138.512264
304.165504,61,138.663081
442.155937,88,138.890139
492.243116,98,139.12915
496.158794,97,139.364471
411.751808,82,139.577295
321.811944,72,139.75109
298.625109,60,139.905911
473.718167,90,140.133842
480.740205,97,140.403324
326.99407,65,140.611827
351.460866,70,140.822964
484.27226,96,141.59394
329.082457,66,141.756633
396.514095,77,141.950548
533.748936,105,142.216876
488.3077,108,142.483729
495.553975,112,142.772878
561.05369,108,143.039443
332.91845,67,143.212982
328.051594,62,143.371471
489.837837,93,143.620597
253.080362,51,143.755499
422.188268,83,143.974033
401.355617,86,144.838999
357.886071,82,145.063295
389.11822,76,145.251098
438.593482,90,145.46765
417.061051,95,145.720158
397.557772,83,145.930951
187.796633,40,146.028955
387.269652,80,147.014852
340.874289,71,147.187779
370.409832,73,147.375148
332.073093,70,147.566383
442.381735,86,147.838027
334.672581,77,148.067543
418.502103,84,148.790223
373.157331,72,148.965823
342.30341,70,149.139837
308.493113,62,149.294827
414.959756,82,149.489559
502.36017,99,149.728649
332.456718,68,149.895985
366.486817,77,150.088665
312.192876,61,150.243785
772.772797,158,150.651545
512.100342,103,150.985397
287.330955,59,151.159973
440.401097,91,151.388666
486.106697,92,152.16163
391.214798,75,152.354071
296.904342,59,152.500937
217.914722,44,152.614299
285.668696,59,152.764594
282.832074,60,152.920457
299.948946,68,153.097031
302.802417,59,153.239143
349.235393,78,153.435952
413.27476,85,153.655646
328.3961,70,153.836858
486.690395,103,154.09817
587.747233,118,154.403699
321.217192,64,156.025577
396.806667,88,156.248695
454.256966,88,156.459317
219.803502,51,156.583011
338.775762,67,156.742653
433.588482,85,156.957271
354.525057,71,157.13329
434.241854,85,157.339739
368.03708,76,157.537665
405.584003,80,157.734994
351.249331,73,157.971495
420.191783,85,158.228754
425.146555,84,158.440249
375.327691,74,158.621239
426.459902,91,159.529216
456.572916,99,159.782512
328.217417,69,159.956484
451.758341,90,160.186123
428.736286,90,160.404946
258.067,58,160.552423
346.420545,69,160.734807
347.915566,69,160.914567
372.965264,75,161.105119
481.526873,108,161.387022
380.275595,85,161.613645
344.561355,68,161.831561
357.555996,69,162.713632
608.384103,116,163.00322
401.115763,81,163.208759
304.618993,64,163.365129
392.742035,94,163.601864
382.130838,77,164.738789
398.71591,78,164.979031
348.428372,68,165.186904
386.670132,76,165.395709
375.456288,77,165.580525
283.684512,57,165.725068
406.896395,80,165.925246
387.793926,78,166.120191
421.060223,97,167.036206
452.648539,92,167.272375
850.441989,173,167.701329
288.578167,58,167.844187
475.206137,106,168.157474
425.627726,83,168.402396
391.835029,75,168.582182
303.211165,61,168.729863
517.526922,118,169.032403
789.846953,166,169.454706
375.261729,80,170.316676
338.300085,76,170.509043
593.686486,128,170.841601
296.895801,66,171.001378
419.238247,93,171.231506
365.560915,80,171.42855
403.334497,78,171.626485
497.707625,97,171.889174
381.337692,72,172.106539
532.688092,111,172.416893
546.231913,108,173.514964
351.171651,71,173.695199
432.569732,86,174.577045
412.624101,81,174.783171
289.186619,65,174.952444
268.599646,55,175.116322
408.106845,82,175.363481
315.864714,61,175.529409
505.642753,98,175.771316
343.340472,69,175.944431
454.262857,101,176.198364
211.844773,48,176.311604
377.884498,73,176.49534
315.532643,71,176.671081
385.284228,75,176.857359
367.924974,73,177.032598
343.215753,65,177.881464
310.832514,73,178.065768
503.179607,98,178.308279
436.260891,89,178.527215
490.051969,94,178.755386
348.762898,68,178.941785
561.784635,115,179.284904
451.728727,91,179.517462
371.971783,86,179.732015
421.264904,81,179.937353
358.493987,68,180.105987
334.335728,73,180.282661
476.691356,90,181.181369
378.742346,74,181.369725
539.583509,106,181.621253
492.50911,97,182.73962
388.269504,79,182.927816
332.491868,67,183.099553
355.991256,74,183.275561
375.257301,73,183.459064
322.202575,68,183.626326
430.960416,86,183.833697
445.298748,102,184.083167
455.694371,93,184.31459
371.126654,86,185.222972
384.430746,80,185.457038
361.12856,71,185.655636
517.647357,100,185.899779
450.190707,91,186.124689
356.556575,70,186.300935
523.834692,119,186.603971
372.542047,82,186.808989
409.216604,92,187.039981
459.916261,96,187.279142
426.535452,86,187.492314
375.983919,74,187.685273
398.081188,77,188.531606
350.139536,80,188.727842
898.857396,180,189.184384
386.167898,86,189.429137
368.755512,74,189.633944
361.262952,72,189.820044
373.408044,79,190.007827
313.17772,71,190.180997
408.620031,91,191.364792
396.188773,76,191.555724
364.224623,70,191.733347
247.616605,52,191.873205
412.926601,81,192.804038
440.076255,88,193.051972
450.966998,92,193.280953
292.460321,60,193.430045
298.293139,60,193.574548
319.725683,71,193.751505
408.794068,83,193.956208
302.708346,62,194.106056
393.679232,77,194.29816
531.172479,101,194.548154
484.22904,106,194.83635
646.95205,129,195.173337
375.703031,73,195.921254
620.932809,132,196.263141
517.070649,116,196.556877
437.640884,86,196.81199
400.550676,78,197.046496
400.952693,89,197.272139
374.820452,72,197.450481
409.169568,80,197.640689
452.333828,99,197.885729
497.56755,103,198.13568
342.55501,84,198.335284
330.540335,69,198.500086
300.446715,66,199.163538
407.72716,94,199.388787
386.165646,88,200.688761
407.046808,80,200.879539
636.236622,135,201.219099
493.048594,109,201.485048
310.768791,72,201.667075
346.896346,69,201.836437
484.130195,91,202.073192
684.838969,148,202.449245
351.983282,68,202.614284
821.015681,164,203.720956
281.854918,63,203.879075
675.634079,135,204.219222
447.471354,85,204.432468
419.396414,91,204.652653
496.714799,110,204.928318
454.952754,104,205.184288
335.139749,79,205.376928
423.041865,90,205.603434
417.507087,81,205.808737
449.204,106,206.757284
410.289809,82,206.977698
399.836257,80,207.213445
307.847278,70,207.410419
493.111401,110,207.688352
558.783238,110,207.960621
408.275704,81,208.161272
624.716021,126,209.457976
384.136946,75,209.648892
423.558246,81,209.855067
729.426873,146,210.914481
543.470348,114,211.193778
510.077856,102,211.442973
336.038265,66,211.606038
368.343172,73,211.784438
302.297588,59,211.926381
376.979946,77,212.123461
350.872627,68,212.293265
405.419591,77,212.483932
402.808524,77,212.67695
476.412206,96,212.932074
333.714344,67,213.113536
392.819949,77,213.316079
689.1918,140,214.23156
378.485365,89,214.494216
438.336936,85,214.7538
325.168181,71,214.935588
359.397044,69,215.101967
423.327238,92,215.319987
559.677137,113,215.605108
465.200494,94,215.841456
384.74575,74,216.018829
296.673441,59,216.166732
335.706499,73,216.342149
568.552873,111,216.61938
399.64907,89,218.359768
432.676458,85,218.57435
530.132941,106,218.828744
603.810172,126,219.140627
387.500828,74,219.322105
380.293563,75,219.50193
343.36068,79,219.695987
345.474889,70,219.881097
491.379919,97,220.139537
818.292991,170,220.584396
384.643341,84,221.449993
434.910495,93,221.703506
402.805252,82,221.93405
287.3172,59,222.095958
393.23238,76,222.297197
431.798575,86,222.502249
350.846651,69,222.678944
284.688401,62,222.830415
547.883758,105,223.086037
323.454551,74,223.27586
652.949419,127,223.592658
360.999739,70,223.763506
533.911967,106,224.708261
590.002609,113,224.998035
482.241392,96,225.263079
441.010892,104,225.550127
702.708481,140,225.895174
433.243681,87,227.005714
432.415817,95,227.236843
372.463597,72,227.424604
286.115327,57,227.569624
411.085629,82,227.772649
333.76765,78,227.97408
414.991852,89,228.25019
417.362356,97,229.151302
413.649205,84,229.356974
491.906881,94,229.591293
437.902644,88,229.80934
374.125104,72,229.985975
448.270752,87,230.199917
350.913476,74,230.384945
575.566089,129,230.708722
304.950052,69,230.889202
361.948669,70,231.071133
406.272413,86,231.292823
375.869136,73,231.482102
384.434383,79,232.341299
371.250892,84,232.57419
406.365352,82,232.808146
405.441233,88,233.051283
392.1246,78,233.239531
479.051731,106,233.501397
445.122886,90,233.718315
655.831556,129,234.035129
516.136522,118,234.33683
333.384439,71,234.509671
579.21844,113,236.3578
457.333911,90,236.593433
398.187304,78,236.783656
490.66071,102,237.047231
428.002767,82,237.246717
604.769099,123,237.544041
452.409016,87,237.755174
464.625919,92,237.987441
560.453882,108,238.254516
642.643977,127,238.593985
533.91458,102,238.859867
333.827044,64,239.66202
393.404102,82,239.86713
598.056181,125,240.238017
408.333311,79,240.474108
586.460499,116,240.770306
311.875575,62,240.922889
618.95127,126,241.226269
666.430796,132,241.552083
453.976063,88,241.779108
534.994674,103,242.034357
349.435824,77,242.876369
792.744334,157,243.296294
566.861993,111,243.629617
503.04883,102,244.747033
393.145745,89,244.975871
744.706175,150,245.352465
554.968572,107,245.62853
405.573429,78,245.831547
867.247672,169,246.272202
591.531884,112,247.328334
443.214438,87,247.541509
466.203226,89,247.763578
338.59787,71,247.945028
470.503039,108,248.214979
396.978108,78,248.414873
323.221853,66,248.574284
364.067434,70,248.748731
470.266487,98,248.9948
312.183762,63,249.156041
575.864352,107,249.443369
356.52166,80,249.654294
433.181303,97,250.581118
517.324436,106,250.877457
453.987203,90,251.136645
499.667344,96,251.377821
483.64821,94,251.609473
409.10134,81,251.807397
467.259902,106,252.07014
499.198065,98,252.311384
275.048736,58,252.451311
561.424261,107,253.615924
485.380808,107,253.92011
580.896884,131,254.978285
377.409485,85,255.180481
486.474995,116,255.470562
457.989331,92,255.695535
322.627898,74,255.883825
535.579557,118,256.174157
401.539733,76,256.377193
417.780774,95,256.62479
411.340999,81,256.842607
252.212668,55,256.98708
409.558132,80,257.194457
434.780128,96,258.12359
591.838009,130,258.498657
518.125567,114,258.784601
688.075001,137,259.130506
442.078936,87,259.354252
601.272973,123,259.659244
328.052252,73,259.838102
282.317966,66,260.007273
396.124646,89,260.234831
487.252139,93,260.469914
451.806043,104,261.335451
346.677432,78,261.555054
340.433327,76,261.765317
437.787702,84,262.907349
619.515787,128,263.235487
614.637373,134,263.581682
477.628937,108,263.873495
531.044096,106,264.149498
514.862094,102,264.443638
472.020483,94,264.718708
408.651483,92,265.486435
442.795819,89,265.707724
461.915167,94,265.94637
533.611642,122,266.258825
458.797252,101,266.510536
416.093743,82,266.705208
429.063645,85,266.913283
492.545554,110,267.182241
326.758396,75,267.374749
514.17764,107,267.659093
486.28904,95,267.91037
385.2006,85,268.67426
427.470885,96,268.958074
245.071212,59,269.13053
299.167507,72,269.316316
561.308218,108,269.585978
399.548464,84,269.795591
682.782636,135,270.129774
498.982094,103,270.388198
371.107028,72,271.544165
372.992695,73,271.744375
435.242897,95,272.03233
390.295864,78,272.253737
375.359005,73,272.941873
404.272428,77,273.122479
405.759234,81,273.323258
397.80333,89,273.547984
833.601059,170,273.961502
363.071855,85,274.174459
674.697851,129,274.505814
321.147396,65,274.675788
293.981655,61,274.842249
403.626133,82,275.058416
492.593573,108,275.3412
423.188134,92,276.122433
625.32496,138,276.528686
380.501835,79,276.72209
535.749511,105,276.982814
554.48926,125,277.303759
509.788105,103,277.569938
487.362287,92,277.799061
393.493551,83,278.000827
342.620711,80,278.204205
413.316686,88,278.42392
448.041905,89,279.176018
499.443122,99,279.472447
446.126896,90,280.739103
368.92889,80,280.942916
402.90659,81,281.145218
283.00315,63,281.301159
440.339555,95,281.545168
568.433372,113,281.834817
629.407386,123,282.155646
436.681586,85,282.417121
402.899791,80,282.661186
322.161335,71,282.848621
454.73264,88,283.614402
394.286353,90,283.83922
321.52612,63,283.993962
455.817454,90,284.216826
404.599198,79,284.404138
444.880712,90,284.624629
542.223785,108,284.890555
329.933012,72,285.070159
724.879763,141,285.425475
400.681485,78,285.636085
800.11884,165,286.685506
550.844204,111,286.993931
466.515048,92,287.227091
537.729312,117,287.518854
473.964294,103,287.775417
466.204025,90,287.993632
516.820342,106,289.267919
572.291814,110,289.591948
423.475953,84,289.856996
462.268761,90,290.096082
432.111659,89,290.320436
402.592582,91,291.037604
401.265657,94,291.270776
504.726533,99,291.518436
586.611889,116,291.812299
412.358448,80,292.012741
390.765411,75,292.212765
518.127212,110,292.485076
460.775299,90,292.699832
515.739319,100,292.949049
494.010955,96,293.185493
564.60936,115,294.100266
366.017109,72,294.301482
422.05366,84,294.50919
377.325844,76,294.69629
311.011702,73,294.874676
452.477508,91,295.107141
398.582933,78,295.302553
614.550802,119,295.59399
556.639501,111,295.869371
348.118039,69,296.035793
390.25678,76,296.227889
669.448467,142,296.604
456.695365,100,298.461521
1023.539869,202,298.955765
384.916495,78,299.145723
484.717832,97,299.385073
342.1068,67,299.557085
368.258614,70,299.737132
398.953337,78,299.9358
546.592711,120,300.256863
405.680829,85,300.476682
643.899895,131,301.439463
382.249053,85,301.68571
519.840976,101,301.933251
790.17648,160,302.330885
612.314965,121,302.629963
290.888105,58,302.766117
305.883722,69,302.939055
434.330322,94,303.169384
492.679752,93,303.406519
365.630382,81,303.620196
740.417211,164,304.677299
646.146263,131,305.024102
402.356173,87,305.233765
522.03553,110,305.507097
589.384935,118,305.797415
378.122656,77,306.968087
303.883578,66,307.134499
448.326135,101,307.394277
405.655453,78,307.649465
447.112212,86,307.904058
475.672486,93,308.131604
442.578725,95,308.863991
357.316466,72,309.046584
513.301903,108,309.321827
312.859727,63,309.480627
417.915571,93,309.717944
498.700609,96,309.95099
501.163874,98,310.192605
654.377992,125,310.503475
345.984435,70,310.672269
427.55092,88,310.901104
551.157617,122,311.215354
407.951424,89,312.08945
613.103762,132,312.423825
823.6794,160,312.808101
399.14371,81,312.997313
394.134093,80,313.186251
475.969945,90,313.404179
345.392057,69,313.569526
427.202527,84,313.772625
373.7554,80,313.975938
386.430896,84,314.195369
351.125146,80,315.479177
439.209008,92,316.196079
511.926409,115,316.486315
510.885216,97,316.731374
395.145442,78,316.921758
607.282348,125,317.233099
454.180303,87,317.445935
361.33078,80,317.645944
294.750808,62,317.804441
359.949648,70,317.986234
410.521984,90,318.223705
571.648253,114,318.515751
583.969882,124,319.49448
658.235167,137,319.836544
418.465879,89,320.056222
534.221075,113,320.337002
325.765067,70,320.507375
428.827303,84,320.710388
779.564365,154,321.085018
448.444011,86,321.297472
390.353081,77,321.489624
358.380434,80,321.692692
358.933473,83,321.899002
461.822328,90,322.799797
379.82674,81,322.995729
432.609125,82,323.204591
526.369624,102,324.5718
420.068347,81,324.785144
327.826264,74,324.978815
604.439172,128,325.344048
498.893465,94,325.633524
411.062509,92,325.876603
328.49666,76,326.061117
668.725759,132,326.940263
697.617215,151,327.331315
535.180997,116,327.628605
400.385242,79,327.813479
371.923832,71,327.991342
409.522283,82,328.192159
591.040079,130,328.521076
345.043127,72,328.700747
483.048234,94,328.940396
425.923568,83,329.150241
484.170844,92,329.407923
405.322032,92,330.305616
528.391615,102,330.554817
571.300031,109,330.826276
665.358122,134,331.16026
414.927135,81,331.354548
468.344671,107,331.617054
555.914806,124,331.920278
584.005497,129,333.25362
474.599717,104,333.509579
510.55441,99,334.242351
546.524517,106,334.508138
631.98129,123,334.812254
442.244675,90,335.038759
539.423863,104,335.298019
365.765337,79,335.496931
406.524225,92,335.727421
633.649257,120,336.01923
476.219309,92,336.255141
667.75065,127,336.590227
432.802172,92,337.481492
446.925917,98,337.72869
667.986107,129,338.048153
590.600794,111,338.321874
398.633867,79,338.510847
557.459326,111,338.775337
761.665346,154,339.153417
427.997042,86,339.362668
494.788368,98,339.611564
548.088432,120,339.957638
595.542404,121,340.891149
648.971249,132,342.585772
365.962078,79,342.790448
594.038419,116,343.120145
539.571523,108,343.455454
477.663579,100,343.700994
629.556772,122,344.007306
539.678342,118,344.30742
566.756059,111,344.584745
599.876671,119,345.391336
320.820599,76,345.576347
508.033661,117,345.86125
484.289415,93,346.083888
837.155827,163,346.490349
434.369677,84,346.692388
309.983001,63,346.845511
367.48952,83,347.047288
427.944246,89,347.328664
357.313965,81,347.562901
393.810914,77,347.752166
662.388119,135,348.584648
730.398713,140,348.930546
571.21277,111,349.206627
660.661196,128,349.524239
431.259669,100,349.76792
591.433626,124,351.339695
384.676559,75,351.524911
469.580595,92,351.749202
383.588217,74,351.927768
719.38875,137,352.820552
529.734478,114,353.110853
338.328535,79,353.310177
614.268181,122,353.604911
726.115177,144,353.960008
476.459452,102,354.211806
429.522268,82,354.410677
489.936644,100,354.680315
355.544572,81,354.938926
538.94419,115,355.250884
745.729814,145,356.095307
423.97566,91,356.319633
529.800255,115,356.601481
445.021235,92,356.827792
430.07297,97,357.067068
784.973053,158,357.485718
579.297223,119,357.812191
531.112148,100,358.117294
474.112989,92,358.39704
413.701327,83,359.237189
704.244493,152,360.718106
390.909808,79,360.94065
606.344879,127,361.298594
513.689171,100,361.580495
364.120379,74,361.788919
785.540411,154,362.220817
471.812982,95,362.540031
336.441334,64,362.736424
387.21379,76,362.942009
530.197177,103,363.804454
453.527422,99,364.06906
336.765485,63,364.228231
486.68502,97,364.482312
634.951299,136,364.839235
646.089065,125,365.160911
415.02661,93,365.405979
771.463323,152,365.864648
302.660291,65,366.055146
391.5883,82,366.272411
512.96022,107,367.080039
693.703622,134,367.431753
483.307089,91,367.66872
498.319123,109,367.95202
524.993567,104,368.231828
383.36654,83,369.500347
457.818148,97,369.746026
639.083498,123,370.060069
497.692965,105,370.322687
362.178221,83,370.539562
486.172475,93,371.361367
603.694963,116,371.654054
353.379894,67,371.820431
388.489705,84,372.02875
553.908773,107,372.297951
467.437282,91,372.518576
389.733572,85,372.741139
353.204896,79,372.941952
597.277143,115,373.278038
412.964351,86,373.522262
502.490094,96,373.780892
418.147115,81,374.525616
534.002315,111,374.809615
493.689948,100,375.060122
380.13362,76,375.246442
513.678038,96,375.4787
501.884436,93,375.702237
527.755543,105,375.952431
410.013901,87,376.171261
543.813123,113,376.50738
497.005515,109,376.82315
504.524399,97,378.521347
498.307477,96,379.255885
623.093317,116,379.553491
409.944079,90,379.784366
362.703032,79,379.986018
484.096888,93,380.226122
506.461781,102,380.49379
637.111119,132,380.865565
385.278883,82,381.102694
547.544252,104,381.362762
519.282425,110,381.637892
435.430943,93,382.404782
402.424247,85,382.624002
356.695836,70,382.79889
497.430761,97,383.048676
481.471656,100,383.299991
489.550007,90,383.520664
540.25201,118,383.834019
468.806615,95,384.115609
428.073559,83,384.340413
391.758549,80,384.533568
431.344058,87,384.750613
444.950795,95,385.485883
508.833154,98,385.731714
352.606807,67,385.899319
413.711042,86,386.118196
546.859396,105,386.367063
432.000665,85,388.29581
532.480283,103,388.55802
456.732069,94,388.802696
613.542157,120,389.119298
601.123484,120,389.438658
328.214631,72,389.630263
383.041442,72,390.483995
988.044789,189,390.946608
557.606205,109,391.231882
341.58276,66,391.416779
590.707039,110,391.72522
442.760619,87,391.939118
866.724471,176,392.378611
403.308429,79,392.567965
509.767475,97,392.801566
569.293029,109,393.754028
420.009162,90,393.976006
403.395779,85,394.184013
780.226947,158,394.616067
536.634257,100,394.898187
288.588574,62,395.060648
552.52607,117,395.348924
433.522076,81,395.549113
646.518466,132,395.874416
543.267273,103,397.78108
658.14956,133,398.780732
399.890349,76,398.993155
548.043806,103,399.283936
394.279921,77,399.482347
517.574367,98,399.716591
729.714733,139,400.062344
453.180194,87,400.275553
463.423286,87,400.484609
497.238491,94,400.710298
550.016374,111,400.975691
630.690385,137,401.839648
449.91345,87,402.059854
597.832665,123,402.412289
561.420464,119,402.744822
540.743635,102,402.99886
566.101191,104,403.253974
524.33608,103,403.516239
314.335618,68,403.686713
609.769279,116,403.967432
960.394518,188,404.977871
485.570191,93,405.208857
493.714795,104,405.515573
415.844358,80,407.415287
584.569799,127,407.73514
437.456751,98,407.993451
422.238772,80,408.206295
540.649302,109,408.493303
331.726024,73,408.675304
473.639621,98,408.941106
688.931423,132,409.981938
524.435648,107,410.261687
675.071752,134,410.600414
530.853264,104,410.859686
617.715938,117,411.136239
345.083853,65,411.294667
523.54218,111,411.579043
772.769141,152,411.946569
441.174729,96,412.208103
438.053139,87,412.449436
536.002311,111,413.425531
431.647892,96,413.658186
496.274158,111,413.928794
396.348601,88,414.143051
341.875575,68,414.307442
513.931871,100,414.549725
521.631332,99,414.791678
422.154269,83,414.992021
922.865091,190,417.05487
537.663427,106,417.375968
265.837006,56,418.140441
414.250181,93,418.372459
375.325757,73,418.546407
541.930916,101,418.79878
358.840002,74,418.979168
457.701757,94,419.213
431.622996,82,419.412272
569.30702,112,419.687591
607.387918,114,419.966534
465.126154,90,420.201374
921.296213,194,421.341603
653.30883,123,421.6415
406.207865,93,421.863045
407.376407,85,422.089341
635.6747,127,422.400669
637.654857,129,422.72594
389.448622,82,422.935613
349.578486,77,423.133937
864.762555,178,423.616598
540.988996,112,424.64224
434.54044,92,424.874749
472.07107,92,426.538739
485.034456,97,426.792986
437.919114,86,427.008527
759.597663,159,427.437177
421.146082,84,427.645459
733.73274,143,428.090603
463.399796,87,428.317811
468.005049,92,428.542737
578.140195,119,429.382271
836.718302,161,429.787276
393.524807,90,430.014838
516.31222,110,430.285092
706.169705,137,430.625008
576.324228,120,430.951781
511.483261,97,431.239945
727.621533,140,431.590938
626.593884,126,432.423577
570.543521,119,432.726321
297.868859,66,432.895785
411.215505,80,433.096601
447.943759,87,433.31469
489.629739,96,433.575663
662.984589,129,433.892621
426.925272,81,435.250145
500.272417,95,435.514903
590.791268,111,435.798066
711.250481,141,436.147708
524.618445,97,436.899781
394.708301,77,437.091794
345.738111,71,437.27431
511.860821,100,437.515216
526.484106,102,437.760402
401.095691,75,437.950937
819.271164,164,438.380872
422.585859,78,438.61196
496.406946,105,438.890593
481.925334,102,439.146192
405.504809,80,439.952322
541.779984,103,440.238509
657.526372,132,440.570433
541.556754,114,440.88607
530.300982,115,441.18052
739.729832,141,441.550252
555.211995,110,441.85714
571.20656,123,442.205386
842.800775,169,443.385837
434.734444,88,444.688516
582.496503,124,445.019414
330.164764,65,445.197102
410.401917,77,445.410651
368.671915,82,445.631332
450.150012,89,445.917397
391.848866,84,446.188512
459.532514,89,446.44166
430.653335,98,446.694808
787.675646,166,447.123725
520.809438,100,448.068411
424.250197,83,448.284006
498.200573,110,448.573507
606.654559,128,448.914688
532.810736,107,449.19997
425.354454,90,449.456858
929.955859,181,449.92941
303.693108,67,450.087091
442.925678,96,450.332729
791.675095,161,451.270598
433.196227,84,451.485121
471.148429,90,451.706903
620.274524,119,452.003776
483.090147,95,452.239542
478.237625,92,452.462865
583.294712,117,454.114577
405.210137,90,454.345475
656.097858,127,454.66864
507.594973,98,454.910824
449.821524,93,455.66306
341.767829,77,455.858779
461.893494,90,456.084795
457.459113,91,456.310667
574.110002,108,456.576491
473.636741,92,456.806889
402.333341,83,457.056359
740.886163,152,457.477882
435.173648,87,457.697878
305.476432,59,457.842798
834.988654,160,458.229288
669.138486,144,459.262465
423.071198,81,459.454876
459.063384,86,459.668917
700.4445,136,460.014927
536.331209,102,460.270715
532.463619,102,460.525208
501.934938,102,460.785814
323.10575,70,461.014027
375.653259,72,461.22795
418.752153,86,462.691256
447.908689,101,463.553105
533.669533,101,463.803317
559.851948,125,464.128197
498.788184,102,464.412429
743.539407,145,464.794729
536.598328,108,465.066641
391.118085,79,465.254431
444.877579,96,465.492082
390.651304,75,465.670572
529.276686,101,465.919609
444.02042,92,466.685693
651.822411,133,467.015957
687.442451,152,467.426865
500.490744,111,467.754278
446.929085,87,467.96733
530.640606,105,468.20846
393.128888,87,468.419942
428.923311,88,468.643191
528.819624,118,468.942399
453.957789,95,469.742729
554.66869,110,470.018801
444.508192,84,470.226426
871.228693,177,470.655632
595.140935,119,472.378497
582.17288,118,472.672075
519.090853,100,472.912691
720.714585,144,473.271427
468.442108,91,473.493251
634.908834,132,474.337971
743.815773,142,474.717692
494.322172,93,474.994196
557.230924,112,475.268838
609.719686,122,475.568594
794.145704,155,475.945454
372.150124,86,476.163456
576.560999,110,476.422928
390.501104,81,476.627321
567.804031,124,477.521901
474.199278,96,477.772444
488.555322,101,478.035127
494.561997,103,478.302346
564.231981,111,478.578543
509.881029,102,478.882637
514.088975,108,479.206301
499.045513,99,479.453397
591.724311,124,480.856614
495.171695,96,481.103186
551.074511,102,481.882862
494.471995,106,482.197247
357.174365,71,482.401991
476.976807,97,482.644783
401.492523,78,482.8389
720.23162,137,483.179335
347.910887,75,483.367644
500.133142,98,483.613742
389.092923,74,483.790604
682.369059,129,484.115779
440.699505,94,484.87682
472.161515,89,485.112052
807.50339,155,485.55831
464.639192,86,485.767675
589.015592,112,486.049167
408.69507,78,486.242139
459.182763,87,486.461599
385.843199,74,486.649509
656.665618,131,486.984443
495.082648,98,487.236764
545.959801,113,488.046948
582.387269,117,488.332967
425.939931,92,488.562452
547.512655,117,490.013503
508.026735,108,490.272809
461.684615,98,490.514518
470.339091,90,490.734782
598.794746,110,491.005402
543.518429,112,491.277302
443.76618,90,491.498559
975.634125,185,492.493093
424.612345,80,492.728467
454.604867,85,492.974765
591.067457,117,493.280277
795.518128,158,493.675942
555.581852,103,493.926404
616.429065,119,494.218844
729.67508,139,494.574879
539.338921,102,494.844063
500.906731,104,495.673585
433.728365,84,495.880578
416.059765,83,496.089029
479.204485,93,496.313635
402.709796,78,496.50594
615.861241,117,496.804383
571.409352,120,497.148284
695.832791,134,498.741062
504.817255,106,499.005502
524.247509,101,499.258048
389.333483,76,499.964169
422.606464,90,500.213241
536.429204,99,500.510092
359.325394,68,500.686873
378.881178,71,500.865772
773.550991,147,501.231768
771.08202,144,501.606648
616.429037,114,501.89212
472.01065,100,502.150483
582.737518,110,502.428712
439.783745,96,503.20662
578.013537,124,503.554533
580.408141,106,503.874714
1015.052206,196,504.395079
488.030069,94,504.644608
1234.793956,240,505.290132
453.293325,88,505.50786
343.613368,69,505.683188
502.846903,97,506.450315
602.878583,121,508.092872
421.694946,91,508.337658
504.462936,96,508.579715
687.876069,130,508.903315
606.477897,118,509.188679
562.278004,109,509.457283
629.797385,126,509.768359
961.680089,191,510.749382
440.642547,89,510.991092
656.799454,131,511.362968
368.034248,72,511.555009
480.572706,96,511.792372
588.823727,113,512.060117
340.937775,78,512.251271
437.442737,94,512.485019
491.872528,112,512.765036
763.031724,146,513.14318
573.257759,109,514.002976
540.526683,99,514.240783
615.702691,112,514.507512
445.708431,84,514.708402
478.614549,89,514.928035
646.122571,131,515.24395
360.724282,78,516.833743
342.856987,78,517.028988
607.723863,113,517.316818
621.68355,119,517.60863
504.321309,98,518.381584
286.88761,62,518.535134
538.428735,102,518.827146
464.35354,88,519.082216
471.914041,88,519.299979
533.644134,103,519.554962
646.475592,130,519.883914
655.122446,134,520.212186
595.087953,112,520.492558
823.330427,163,520.902062
387.448289,77,521.62418
606.005996,123,521.936626
579.092261,118,522.24011
497.575537,101,522.495524
515.922789,107,522.765933
706.682529,142,523.15693
671.665706,134,523.537294
522.424454,106,523.795744
518.320821,94,524.031806
440.357078,90,524.747076
427.509091,81,526.230347
425.495061,91,526.502204
679.244081,125,526.828584
626.672008,121,527.124871
661.939754,128,527.441949
521.87873,101,527.689281
343.130251,73,527.862335
1265.783941,237,528.470186
564.112685,107,529.249241
636.04159,129,529.616281
621.971671,120,529.940119
630.892753,122,530.237433
398.292568,78,530.431042
1223.226521,241,531.040098
610.821203,117,531.334989
1213.366017,231,532.463431
574.82344,117,532.763191
761.842193,146,533.127513
410.639006,83,533.340196
701.6045,144,535.128613
256.875265,60,535.270927
552.107817,104,535.522971
654.979879,130,535.851409
660.560256,127,536.182879
450.309153,87,536.912771
702.51207,143,537.33532
736.588077,154,537.71417
440.287765,95,537.947068
673.025997,126,538.270052
547.216826,119,538.570744
515.853028,111,538.847788
601.356766,124,539.156588
819.868152,167,540.177171
756.971567,148,540.558279
1322.938913,264,541.222849
487.131599,93,541.489059
789.806692,153,541.909446
509.078451,107,542.174601
584.40921,112,543.727797
545.518856,103,544.508482
525.066933,100,544.789506
720.36683,135,545.170543
561.078687,108,545.439191
866.854553,174,545.869377
597.938346,113,546.142285
415.523018,88,546.355838
547.672344,108,546.627085
574.644661,113,546.915307
797.313896,156,547.823584
844.309215,165,548.29472
471.504041,102,548.564548
410.727308,79,548.763281
427.779647,83,548.966944
371.759031,80,549.160947
687.491686,130,549.490965
501.784394,103,549.75769
601.427204,116,550.049659
553.232764,113,550.854674
746.147241,152,551.233902
436.579782,84,551.439158
365.163546,71,551.612946
527.079144,105,553.248131
783.893777,160,553.642415
412.068102,88,553.863655
529.910593,100,554.111238
519.394932,101,554.361369
582.406495,108,555.122746
669.57522,130,555.455784
784.941821,153,555.865685
474.69569,105,556.162949
369.4849,87,556.389589
634.321279,122,556.68277
390.776953,83,556.881309
501.740157,93,557.106246
419.363517,89,557.3311
372.620559,76,557.522274
468.39572,94,558.279126
436.883039,90,558.507574
576.607453,114,558.807179
568.459499,121,559.117087
494.431619,91,559.340411
535.890648,115,559.620145
464.193767,96,559.852995
535.390533,106,560.153537
952.683057,176,562.064504
447.850995,84,562.269527
964.584015,184,563.220531
853.982356,176,563.715798
460.619878,88,563.954388
680.970368,130,564.285821
762.02365,149,564.653749
614.019048,115,564.928555
420.63365,88,565.146707
569.149588,107,565.405574
863.377508,179,566.357041
674.974321,130,566.707174
603.597468,120,567.052916
541.879214,118,567.351668
541.104936,106,567.612974
442.108448,96,567.85228
405.631387,85,568.067817
408.43831,90,568.296143
479.371015,100,568.550455
587.347448,112,569.308486
664.458193,126,569.616243
523.61623,104,571.227672
1431.078789,289,571.957477
480.358531,94,572.187558
578.260255,115,572.472903
530.376368,104,572.726628
1450.322763,275,573.893821
512.424716,97,574.142989
470.354867,95,574.407574
463.866934,89,574.655743
507.857358,98,574.899261
618.842756,120,575.19561
969.837277,198,575.691449
456.054071,88,575.919547
770.622761,150,576.84608
522.850163,101,577.100212
422.2789,94,577.339942
424.014983,97,577.578115
623.227526,125,577.889912
828.277112,169,578.290791
571.293566,108,579.957721
640.768503,128,580.277521
724.213562,146,581.161984
536.718052,105,581.421474
579.4181,109,581.708344
455.854048,101,581.997523
538.046119,105,582.278355
718.2722,133,582.595566
453.392989,87,582.810938
652.826459,128,583.123565
515.485573,96,583.362712
488.642467,101,583.61881
584.096556,114,584.420815
499.988269,96,584.659084
655.277105,123,584.984326
663.314128,125,585.352341
402.527694,88,585.575172
680.849526,134,585.924445
619.102383,123,586.240003
412.550355,87,586.459937
370.812887,86,586.667856
403.739079,85,587.391042
556.919674,108,587.651474
270.68746,63,589.14956
615.360467,116,589.485832
1473.102523,288,590.209101
549.83834,101,590.460159
500.086856,105,590.725574
522.334426,104,590.987909
469.216419,93,591.215904
533.924719,98,591.954216
395.112586,78,592.147678
416.097342,95,592.419109
530.566279,100,592.697194
561.320984,110,592.97821
556.887504,106,593.232453
454.62755,87,593.446045
585.611114,110,593.715428
487.892078,93,593.941117
532.403252,104,594.200593
610.479682,118,595.057617
320.302859,76,595.249462
619.786075,134,595.582059
630.410783,130,595.901498
577.045635,125,596.214884
561.65161,107,597.958591
574.124902,112,598.232889
543.598771,101,598.478345
678.967054,136,598.807758
584.122267,113,599.609016
638.267871,121,599.920917
491.68659,97,600.20316
694.649172,136,600.57646
492.95752,100,600.833541
581.959405,117,601.122401
491.55156,103,601.393798
431.733796,82,601.612319
595.232579,114,601.919533
361.523405,75,602.119835
401.125364,91,602.919629
720.050246,138,603.282742
532.515095,104,603.548754
465.720566,94,603.806581
554.867232,106,604.084563
725.664829,138,604.431515
900.546007,172,604.930707
863.478293,172,605.382228
521.213508,97,607.88109
589.457681,111,608.226324
676.668245,136,608.593926
647.503394,132,608.925582
569.377938,106,609.201512
455.541353,88,609.419854
839.906399,165,609.842313
936.517574,189,610.335114
633.010263,119,611.18269
746.183824,137,611.594288
747.635903,147,611.963155
409.504754,80,612.165861
673.786274,126,612.475657
496.805938,101,612.730097
524.569117,101,612.98958
523.697344,96,613.237678
633.504826,126,613.580672
986.561514,187,614.595022
736.059136,147,614.961021
398.610606,84,615.172615
440.94943,90,616.940144
572.318184,116,617.231506
549.5084,101,617.475104
618.129582,122,617.778392
720.075407,140,618.130828
504.640315,106,618.928296
713.946361,137,619.318677
466.92097,88,619.555779
732.848387,134,619.886353
625.197566,120,620.179662
545.40765,111,620.453122
710.805359,141,620.802173
949.93055,178,621.238999
632.598585,131,622.134799
928.357956,183,622.602182
815.895572,157,622.995229
490.92526,91,623.214568
841.83448,161,623.669099
653.871736,123,623.998171
739.217362,151,625.797641
408.721173,89,626.023377
635.177476,119,626.875906
772.539161,150,627.289164
535.648035,99,627.538472
523.311805,99,627.78814
871.008673,175,628.22804
436.814939,96,628.462705
459.428712,102,628.717976
403.513125,76,628.90719
556.523393,105,629.175002
1047.820556,194,630.2345
399.040775,75,630.444602
489.813152,92,630.665242
554.318211,107,630.925658
535.853192,102,631.182537
1309.253,260,631.849047
808.914117,153,632.229539
454.021866,99,633.085288
719.899285,139,633.438312
514.928564,99,633.684561
579.183405,107,635.395065
413.971773,79,635.595919
796.172692,156,635.987053
535.969927,110,636.258443
560.973579,102,636.511727
634.189192,122,636.834611
542.142017,105,637.833766
561.212738,105,638.116072
378.684149,72,638.290642
830.337514,163,638.695739
564.872871,107,638.953461
515.436667,99,639.205708
565.737703,117,639.507725
618.649964,118,639.814222
940.861166,183,640.300111
676.196248,145,641.230768
538.973725,101,641.479569
553.375716,105,641.738173
731.120258,143,642.15959
678.458262,132,642.495134
591.673095,120,642.794096
587.87952,124,644.788132
876.770572,169,645.301126
665.676435,127,646.113529
631.471557,119,646.404052
454.292863,86,646.616363
466.193363,104,646.883618
552.769884,119,647.18786
452.109257,88,647.403038
783.756331,148,647.775033
532.767073,100,648.049212
559.378442,122,648.431088
682.080323,130,649.307691
319.697808,71,649.491171
381.603923,86,649.708373
564.537452,116,650.010205
386.2707,86,650.243914
574.249363,118,650.542444
624.400802,126,650.856994
834.879274,159,651.264015
563.297304,109,651.540725
433.051019,89,652.406833
584.694894,111,652.712612
582.204913,119,654.565055
680.243453,128,654.882347
1006.535368,196,655.382211
731.7323,136,655.749996
905.630556,169,656.241971
614.167446,127,657.213497
802.436526,155,657.595099
602.862979,109,657.869849
870.752108,167,658.29291
580.092868,110,658.572339
730.957088,150,658.947197
591.143133,115,659.233038
790.043484,150,659.634148
591.746543,111,660.570923
478.292993,89,660.796191
486.67149,92,661.03225
820.523698,162,661.447998
581.47416,108,661.716225
681.414801,131,662.044155
573.969559,120,663.830347
1108.223311,214,664.37854
502.157414,111,665.297833
595.024013,112,665.576669
521.665645,102,665.824185
710.088954,140,666.159136
557.635448,116,666.447312
723.76721,141,666.800435
415.240227,80,667.005666
677.461145,141,667.381796
510.904433,110,667.67629
556.008867,106,668.732095
552.804556,119,669.036685
521.018644,100,669.283171
559.376432,108,669.550036
474.49632,95,669.782588
438.246965,83,669.990477
538.220137,115,670.278163
802.366585,173,670.733871
711.614187,151,671.897301
516.421561,105,673.614809
545.099188,105,673.877293
555.418006,105,674.146739
482.75126,93,674.380987
363.12644,73,674.567774
439.18502,85,674.832683
834.897167,161,675.288792
441.79554,82,675.49072
586.739302,110,675.765758
476.590065,95,676.000047
661.609576,125,676.987156
769.156982,158,677.395149
505.820834,96,677.631134
569.602928,119,677.925175
999.336194,197,678.40641
592.603366,114,678.693274
555.862573,107,679.006047
420.515018,81,679.267511
457.519752,94,680.086332
636.449378,129,680.413604
623.398434,127,680.728296
688.783843,148,681.097531
573.525124,116,682.71617
412.466021,94,682.959753
521.034445,101,683.206177
588.148297,107,683.470335
634.328165,135,683.80608
641.166534,124,684.610979
825.335729,162,685.007674
568.833983,120,685.318312
1412.80181,269,686.00668
552.371608,102,686.278014
646.302668,121,686.597077
1283.754667,258,688.002231
646.483029,129,688.34837
502.694783,103,688.604821
898.00337,177,689.059302
772.700131,140,689.417925
937.208226,183,689.881653
818.188986,153,691.918759
774.666906,159,692.978255
597.928239,112,693.253243
570.928443,107,693.544863
525.861869,104,693.855505
688.894182,150,694.232306
662.751862,125,694.545544
374.022168,73,694.727639
465.360985,90,694.957724
921.953604,178,696.08827
678.00593,140,696.452297
788.064192,157,696.850206
729.689648,148,697.217738
736.04785,152,697.597845
879.855658,183,698.133952
482.42845,94,698.393472
1338.696265,262,699.613498
493.378985,94,699.845059
480.007173,87,700.060297
499.314977,100,701.873184
343.78113,81,702.071845
663.616049,130,702.408361
435.135406,85,702.62376
981.270418,193,703.098514
628.601388,123,703.900043
415.544367,95,704.139925
891.425926,177,704.590267
953.446201,187,705.059635
945.354708,175,705.491144
484.668585,92,705.755631
511.272142,95,706.033695
461.342443,97,706.305325
509.148144,100,707.067849
544.370337,104,707.326627
523.20612,99,707.580163
491.15823,99,707.828233
494.404644,97,708.063733
559.460217,105,708.325007
662.817203,132,708.643403
922.373143,172,709.127518
794.01855,161,711.361098
1045.667421,198,712.469019
317.191956,66,712.661362
706.782509,140,713.063421
1285.23944,249,713.699375
503.835969,94,713.937331
553.940082,106,714.205905
1025.422658,194,715.223284
394.121997,92,715.443654
435.706749,84,715.64583
425.613526,81,715.85076
611.528756,128,716.173103
492.724433,107,716.435483
1164.327817,227,717.042744
876.056694,164,717.538603
391.813413,87,717.755767
1146.109033,225,718.880381
658.542975,122,719.189156
686.038635,134,721.194439
609.733228,128,721.519663
636.915394,120,721.809649
781.074217,150,722.177802
682.142669,137,722.537533
726.752281,143,723.615098
418.850303,82,723.821408
476.894912,104,724.080134
551.370893,113,724.365033
619.693705,115,724.670878
799.655203,157,725.115331
683.441691,120,725.412114
905.800909,187,725.878994
1229.794768,246,727.011372
1173.674536,229,727.576784
657.844878,133,727.95856
552.746752,108,728.260148
566.561388,109,728.531726
573.107869,105,730.565477
686.489464,130,730.920539
411.146446,79,731.779612
491.452235,110,732.058509
608.150631,113,732.345319
656.540635,126,732.669422
419.150625,79,732.87176
857.61467,166,733.30682
398.9834,77,733.523926
940.783654,180,734.042126
1055.574112,210,735.095791
669.472998,131,735.43649
653.23653,124,735.770772
513.163053,109,736.086326
685.572668,142,736.465938
454.06175,99,736.724419
1021.103795,195,737.220965
717.473735,142,738.116402
988.310181,186,738.587483
709.577557,138,740.726813
728.211745,149,741.104773
425.164757,83,741.31789
634.51493,126,741.650455
546.237794,110,741.949184
900.618465,175,742.40431
697.216197,131,743.255072
856.248925,168,743.687223
756.014337,143,744.097198
424.500775,83,744.324939
624.175599,132,744.658279
1100.316666,206,745.173722
553.406991,114,745.449634
594.857225,112,746.221833
852.597845,156,746.603359
647.064275,124,746.923981
971.636566,189,747.453261
696.177826,145,747.83878
525.86882,105,749.653663
566.694175,106,749.923273
506.832294,97,750.164302
539.153376,109,751.010297
670.436867,128,751.336391
593.630827,117,751.654289
743.41757,143,752.062569
816.581625,157,752.458601
587.407824,113,752.729214
502.698046,114,753.008497
440.037818,95,753.243614
694.670109,133,754.064328
529.478711,99,754.310416
644.687547,139,754.6621
1267.748349,253,755.35639
731.543045,146,755.719513
706.807684,133,756.050173
449.089684,90,756.262646
449.79399,96,756.506546
870.439178,163,759.351002
542.500636,122,759.659405
578.339175,128,759.989969
376.474163,77,760.194335
723.499025,149,760.594792
601.830058,114,760.897901
534.153891,108,761.187315
618.017273,117,761.480587
583.035987,110,761.782238
601.025947,114,762.63828
437.577015,83,762.86915
504.613059,105,763.138943
838.06062,160,763.535799
557.063369,103,763.787436
603.690118,116,764.06588
1248.04962,234,764.635388
534.475394,100,764.883359
702.419543,144,765.804957
1048.618484,204,766.350466
577.15183,119,766.632543
592.725868,109,768.812321
621.397735,124,769.134212
475.324977,94,769.376744
579.827953,114,769.672342
581.238979,124,769.986113
865.664158,167,771.036924
750.869621,143,771.386799
847.515057,179,771.830336
836.76365,166,772.258088
871.922689,167,772.671979
622.128182,122,772.996064
1013.918198,196,774.169962
588.560375,124,774.474754
408.336182,93,774.705919
536.444645,105,774.969449
474.033258,92,775.194275
628.583662,128,775.522751
832.055715,157,775.912448
725.468958,142,776.280519
821.046798,158,778.96462
845.851718,169,779.393985
1048.708191,200,779.886015
890.105857,174,780.333164
1234.381972,234,780.930458
489.518857,104,781.206415
446.783474,103,782.161758
534.361259,105,782.417474
559.651924,119,782.708604
582.396047,116,782.997669
710.778165,131,783.31943
1191.67526,244,783.925074
788.063103,154,784.316612
637.814148,116,785.318839
815.741828,156,785.706505
853.272521,161,786.113653
734.178169,149,788.30796
646.634162,134,788.648235
581.715815,112,788.928708
823.519367,152,789.328607
634.44129,130,789.69889
668.137106,136,790.528024
842.332841,161,790.93151
605.298663,115,791.206188
672.062715,127,791.51223
304.850021,68,791.680606
724.736474,141,792.032711
781.846851,151,792.425229
729.811126,139,792.851426
791.239808,141,793.758374
1284.53724,256,794.395668
759.833237,147,794.761883
611.255277,119,795.046997
523.929462,122,795.357691
1108.815947,218,797.879636
528.669352,100,798.674707
397.384593,73,798.852349
475.051126,96,799.089308
647.912468,122,799.405056
593.890239,112,799.687201
585.383796,121,799.996997
424.83281,82,800.201848
1001.973012,205,800.769606
694.304879,139,801.186071
649.139009,122,802.030775
586.192859,108,802.301887
699.843846,141,802.653737
682.897502,129,802.979289
647.961606,127,803.29125
621.444505,123,803.603385
801.19842,174,804.073521
735.34766,142,805.1876
812.590822,159,805.583816
507.769467,94,807.579022
486.955255,91,807.811383
546.037008,118,808.112655
538.047329,113,808.406801
707.96109,129,808.733381
766.087121,144,809.145093
880.488176,163,810.132504
580.332087,107,810.39188
620.847351,119,810.682121
600.943179,115,810.963385
669.92838,136,811.30964
694.746314,130,811.62318
815.979733,157,812.009906
651.955323,133,812.396453
602.814639,115,813.218464
977.55723,185,813.670082
637.84491,128,813.976438
582.876487,116,814.262581
803.017984,164,814.669218
496.8766,95,814.90216
823.186707,162,816.969871
707.978447,142,817.324946
926.705816,191,818.297622
610.792086,123,818.597628
889.485301,174,819.028755
602.774322,111,819.29583
687.064105,128,819.605451
882.040529,185,820.069407
468.518633,87,820.340647
651.046196,133,821.236758
787.606241,156,821.616424
656.771952,128,821.930175
430.603406,84,822.127638
485.058203,89,822.349781
572.08433,112,822.646607
862.449548,174,823.104954
752.738771,161,823.559237
684.526956,132,824.49415
1029.922386,197,827.023923
1235.079776,243,827.626601
825.066916,152,828.027875
755.199891,137,828.415196
381.756317,87,828.627996
771.515962,149,829.478073
577.35056,111,829.755302
963.905992,185,830.207274
589.119341,115,830.486081
1136.216027,228,831.051801
877.403833,165,831.521127
603.588336,112,831.806099
931.433148,183,832.780935
510.177472,96,833.019524
781.101691,147,833.383234
814.998289,160,833.785611
792.620851,153,835.944405
968.139411,192,836.44419
655.40426,125,836.749426
809.045861,157,837.62447
866.833523,157,838.009279
446.350723,93,838.240065
1025.383395,202,838.743826
1088.738057,211,839.303854
801.742364,146,839.697024
534.146429,100,840.516381
904.101683,179,840.959448
615.556931,118,841.255248
1521.684921,283,841.954441
723.459844,145,842.323982
769.445541,152,842.791604
717.463351,135,843.135123
1118.064697,222,846.505972
696.447138,140,846.906659
1115.700473,207,847.47206
710.380219,153,847.858042
852.064262,170,848.275967
777.266198,155,849.292573
670.1951,137,849.625571
643.30318,119,849.922002
536.331204,101,850.210366
1218.407377,227,850.804218
582.829242,119,851.108868
677.294925,138,851.450584
729.215371,138,851.79134
725.547463,141,852.795065
1532.74258,285,853.510334
676.646636,128,855.419598
978.315188,188,855.887169
877.878074,176,856.322659
1019.029119,211,857.48858
775.784283,145,857.914344
814.403261,164,858.318269
896.716133,181,858.771618
888.433661,174,859.197576
580.657402,109,859.474129
593.611971,110,859.755655
477.700118,92,860.662941
604.268779,120,861.012778
827.890403,165,861.43866
922.21104,177,861.890062
751.065073,140,862.24795
531.542268,117,862.546843
672.661589,128,862.86575
604.394062,122,865.266113
518.341858,102,866.170395
605.981708,121,866.476489
1181.609658,244,867.085657
717.096527,131,867.405595
785.783297,165,867.822942
724.603137,135,868.217066
736.243695,144,868.618106
1191.167041,232,869.841535
599.031125,112,870.119695
756.675012,156,870.514226
898.706946,176,870.966386
952.761147,180,871.436852
1132.226617,212,872.697792
826.174918,153,873.085333
909.957606,167,873.50169
622.421482,128,875.869507
859.427804,167,876.303285
713.530239,147,876.668902
932.424707,169,877.083415
1469.23136,294,878.472435
713.328981,142,878.845624
444.702607,95,879.12825
901.50472,168,879.542439
670.833783,136,879.888409
625.257501,115,880.188933
594.96325,120,880.495491
759.140289,152,881.508425
839.263792,155,881.886517
425.865308,93,882.114909
602.056333,121,882.417789
1518.566732,301,883.225476
665.261191,139,885.602802
530.588595,110,886.537934
677.225708,125,886.884883
606.635014,118,887.185936
757.628017,160,887.583762
532.82006,111,887.87436
923.63087,173,888.298674
807.302547,155,888.694396
636.604376,140,889.069185
750.994038,139,890.063454
1405.062465,267,890.717374
819.364143,156,891.140373
577.229092,128,891.499786
315.022984,72,891.674507
752.586005,139,892.013114
608.592913,132,892.838104
1015.027529,194,893.322186
811.760249,166,895.880074
548.990702,102,896.123828
587.179485,108,896.391205
668.788736,130,896.714046
628.120502,128,897.042217
1002.040457,198,898.296085
682.542129,139,898.653201
779.27651,147,899.025825
752.784746,142,899.379995
794.27606,145,899.734754
1028.743688,189,900.225914
579.269928,119,900.527594
1734.51936,333,901.88905
672.186304,122,902.2191
566.479343,123,902.570873
621.090936,122,902.876244
566.677143,123,903.180705
695.47582,148,905.793126
633.530401,118,906.084337
864.079117,157,907.108407
525.559908,116,907.398522
821.891737,158,907.801644
702.976968,148,908.185379
853.56639,166,908.597463
809.055636,164,909.031998
766.681503,153,909.42627
631.66582,134,910.357182
677.648695,140,910.753361
1185.453861,220,911.375211
487.012955,103,911.656985
848.552818,159,912.072704
747.197786,144,912.449079
956.841641,179,913.51963
501.128554,109,913.856256
676.990183,129,916.623995
737.982992,141,917.008807
988.128946,189,917.537637
467.361207,91,917.793551
609.515905,114,918.114604
615.314224,124,918.504185
831.195313,151,919.600907
807.460192,155,919.993749
565.666547,110,920.273967
925.427566,183,920.741023
1053.420096,196,921.233307
1006.493182,208,921.859946
1437.581625,279,923.070202
960.305796,176,923.496057
598.188741,113,923.770496
665.650726,129,924.085854
686.814686,128,926.673687
425.316741,91,926.90692
811.391619,165,927.339187
548.087253,113,928.271217
823.796502,155,928.656123
1368.510725,249,929.279271
816.138097,156,929.736033
1297.478135,253,930.40514
677.589052,131,930.75088
653.53365,135,931.75572
426.559813,88,931.991319
1618.637415,315,932.871052
439.934478,93,933.107649
789.267423,163,933.511001
1105.966588,225,934.079193
769.603578,148,937.638525
645.973399,117,937.925576
630.257892,119,938.227949
645.889161,118,938.524211
799.041142,149,938.89704
987.866022,196,939.408922
593.543034,111,939.704211
854.460895,162,940.800766
575.490484,125,941.111262
577.988321,106,941.373692
1509.955883,286,942.099754
648.062925,119,942.386775
888.060508,176,942.826082
561.621099,104,943.09788
562.053855,118,944.033978
884.684875,179,944.503828
1176.141727,206,945.01816
1640.193413,312,948.144327
663.930012,138,948.503813
1284.932416,238,949.723932
918.023291,175,950.157843
620.989329,116,950.457849
637.997836,118,950.736999
703.310619,138,951.076178
931.216148,183,951.549661
654.219975,115,951.860248
1004.186684,195,952.968256
764.869048,140,953.321908
1014.237344,195,953.809535
1205.779982,235,954.41799
628.539263,122,954.734505
1390.099847,275,958.004465
682.003175,124,958.309409
494.95766,95,958.542931
719.325159,137,958.873106
1527.047106,307,959.632611
1054.23509,201,960.211026
989.499841,198,961.227498
416.540908,82,961.429771
668.598029,133,961.76267
956.408908,194,962.235858
947.789196,180,962.668944
1398.932313,263,963.415435
906.428882,167,964.38032
1340.565554,281,967.388082
897.184712,166,967.876956
1175.084313,226,968.446212
1181.999509,218,968.978959
623.944061,118,969.753657
1108.622178,226,970.312839
1058.021909,207,970.878149
582.704961,108,971.171967
586.272881,108,971.434695
708.266756,155,971.820032
947.010715,191,972.830545
774.588201,148,973.223986
933.466638,174,973.678235
861.742358,159,974.07838
775.816869,147,974.435015
1228.346339,237,977.033843
302.957423,70,977.206006
754.110761,154,978.081144
935.508864,180,978.565439
925.572294,173,979.035002
604.013354,119,979.337248
681.240848,141,979.700195
838.13595,161,980.099435
803.90579,158,980.989264
695.167779,124,981.283123
1402.538531,276,981.97931
510.255072,109,982.259277
1270.6812,243,982.889478
729.561714,145,983.334259
960.973979,181,984.269995
529.751541,95,984.50566
1314.581437,249,987.192578
571.710383,106,987.45418
633.195468,132,987.784663
1093.436234,213,988.316947
1277.9115,248,989.494347
1307.01286,263,990.176745
680.267077,136,990.513374
1311.759108,249,991.136697
454.289813,85,991.351759
1037.63669,187,992.394704
762.401631,157,992.778309
942.160555,183,993.230909
1097.836001,217,993.757076
755.630704,141,996.326567
593.880516,127,996.661535
1222.986759,247,997.965484
663.318748,119,998.26107
648.485668,140,998.606823
1599.260652,300,999.355321
775.972054,153,999.737747
998.769786,189,1000.238379
908.258405,178,1001.250986
810.212209,151,1001.631093
649.403252,140,1002.037478
425.51274,79,1002.233413
1050.825245,209,1002.746719
975.33061,195,1003.227883
1611.384278,301,1006.917446
955.489944,196,1007.42221
1029.793108,198,1007.965373
1109.517997,214,1008.559294
896.333206,176,1008.986705
1040.746298,192,1010.034868
933.029135,176,1010.480158
1010.260277,190,1010.951038
940.932167,199,1011.458317
983.169301,188,1011.952835
733.648873,137,1012.309115
561.949251,107,1013.25169
1146.225756,223,1013.798049
1001.857927,188,1014.246929
599.861504,110,1017.027386
670.90623,130,1017.350361
886.952226,168,1017.7796
1341.988078,254,1018.975385
1196.196151,225,1019.560367
1281.339461,241,1020.174943
1013.894522,197,1020.719398
1082.152002,206,1021.260369
919.35597,188,1022.200233
866.337269,162,1022.589789
1495.124471,285,1023.305026
917.598068,165,1023.739462
1058.303769,211,1024.31304
641.738187,120,1027.696884
941.628363,182,1028.144363
1114.400637,201,1028.651345
757.770071,160,1029.059092
609.046784,121,1029.36934
1105.891237,212,1029.91092
797.328752,152,1030.813604
1213.467061,238,1031.407212
988.260895,202,1031.972257
1096.005762,221,1032.53255
1319.128071,243,1033.130031
685.384541,137,1034.104307
1390.266754,262,1034.76944
732.159333,157,1037.42678
552.948279,119,1037.738692
672.457382,144,1038.117692
529.737022,104,1038.395384
950.978581,179,1039.384401
781.154122,148,1039.800982
871.126224,166,1040.246261
507.878001,110,1040.51547
1322.65516,257,1041.140386
499.537186,92,1041.361993
927.089107,184,1041.832576
596.718155,121,1042.812066
705.541687,130,1043.181346
624.285558,119,1043.478262
849.766395,153,1043.847805
1053.472421,198,1044.335227
1265.91062,235,1047.292641
1265.087893,231,1048.492736
1226.589461,243,1049.103684
950.333744,173,1049.531608
615.566908,130,1049.848517
880.736985,162,1050.284211
1497.4383,283,1051.763562
1293.240144,247,1052.37435
1169.169531,245,1052.992432
1178.45116,222,1053.564074
719.707568,133,1053.89175
808.247364,159,1055.042094
855.148714,157,1055.415616
1400.741194,258,1058.458695
664.451968,140,1058.804568
676.784371,134,1059.210552
679.546225,144,1059.583263
1506.977172,289,1060.922786
1452.744354,272,1061.580489
726.353837,144,1061.930281
1699.169064,317,1062.77804
563.487283,109,1063.543094
880.287599,172,1063.96613
882.46239,167,1064.35521
1368.941384,259,1064.977348
1798.193105,330,1068.696707
704.84475,142,1069.534238
1210.526543,224,1070.105743
1588.758655,314,1070.941696
974.430003,193,1071.407242
566.467271,114,1071.683671
1088.598239,197,1072.811731
709.425846,144,1073.184034
750.935953,159,1073.633631
1305.326882,249,1074.259759
592.304319,115,1074.540317
853.751313,176,1074.996569
4108.73256,760,1080.281052
1880.639826,369,1081.287395
504.129156,110,1082.212842
813.804846,164,1082.615671
1044.800213,197,1083.092575
1672.622493,333,1083.935378
597.651071,110,1084.224444
1509.002787,284,1085.605995
2987.198304,566,1089.761099
526.811805,116,1090.064056
567.606635,121,1090.371612
935.975287,172,1091.282404
1574.116878,299,1092.015727
818.599553,161,1092.477616
1259.36132,237,1093.064675
710.630391,130,1093.388382
979.347176,201,1094.43559
922.611158,189,1094.916373
1457.466804,289,1095.658572
1314.897306,261,1096.339706
873.69514,162,1097.529921
891.658748,179,1100.755468
910.5334,174,1101.189461
1259.026383,243,1101.787595
668.784288,141,1102.148509
1208.137212,240,1102.755802
1656.543387,320,1104.117512
1000.535972,188,1104.583831
1150.111971,210,1105.175969
1800.520823,341,1106.017209
384.954569,85,1106.705131
810.70785,152,1107.074982
1044.775045,212,1107.61003
914.953368,178,1110.86424
843.033033,180,1111.401202
719.607075,134,1111.723785
1111.816746,219,1112.897994
2070.376434,385,1113.868924
1009.187163,199,1114.372478
729.120428,134,1114.716998
739.227721,157,1115.115269
1185.474524,218,1116.290163
699.517975,141,1116.638633
1497.552203,286,1117.343186
811.435707,152,1117.708493
1410.65821,277,1121.769545
588.176167,123,1122.085453
780.946762,151,1122.46302
1770.024126,334,1123.289217
1115.76246,212,1123.910529
500.872242,109,1124.180695
611.663092,122,1124.979492
747.561175,147,1125.342163
843.443315,160,1125.738637
1505.520838,281,1126.426815
614.762843,129,1126.804892
972.824161,188,1127.275775
842.950541,168,1128.181433
1830.173499,367,1132.725502
472.169366,94,1132.963477
690.83516,126,1133.290836
1114.980649,215,1133.866908
1205.375585,221,1135.133577
646.830237,138,1135.498453
967.561991,192,1135.992724
738.247984,136,1136.333248
731.902924,160,1136.753601
958.135566,177,1137.205765
1192.633248,230,1138.571937
1202.604153,233,1139.154729
1066.617326,209,1139.684378
1709.985419,349,1143.2287
1967.37405,367,1144.753951
2846.397942,537,1146.143672
783.819054,163,1146.582508
872.614433,174,1147.525329
1778.588959,337,1148.365146
1321.46765,257,1148.99825
736.234446,136,1149.363013
497.384992,102,1149.655669
1321.019681,247,1151.023237
1564.914169,303,1154.654166
1059.783394,195,1155.139887
882.454435,185,1155.597496
1771.321758,337,1157.08906
1296.206111,257,1157.770608
795.398167,173,1158.2055
676.275795,139,1158.557858
997.558235,186,1159.037169
903.030789,174,1160.100829
1223.52942,229,1160.673447
1149.896658,218,1161.237007
1930.679586,368,1165.19272
1650.914263,312,1166.61022
1168.74932,229,1167.187569
1869.538416,347,1168.065239
1811.091817,329,1169.523878
610.919341,129,1169.857105
1259.273965,242,1170.534074
613.994891,114,1170.805424
1852.13639,345,1171.654873
2035.14028,392,1175.793596
1286.267276,232,1176.43927
1467.218629,271,1177.157019
1174.720585,214,1177.694965
1722.256145,334,1179.163688
872.660869,161,1179.55771
863.122513,163,1179.953146
2088.760617,383,1180.938546
833.280525,157,1182.021957
989.258518,184,1182.484002
821.943415,161,1182.885882
667.188683,131,1183.214891
1572.771853,314,1187.131236
1528.095126,279,1188.513359
1374.117721,261,1189.177522
1068.755515,224,1189.782254
1213.456452,231,1190.386213
550.106496,104,1190.645427
691.499692,153,1191.648433
1265.170213,250,1192.277992
778.989278,145,1192.639247
748.159139,139,1193.043254
920.024571,177,1193.509123
1208.964751,224,1194.605642
1016.336648,197,1198.056819
1478.583885,273,1198.753633
706.780351,149,1199.121383
1257.728519,256,1199.792714
1177.560989,223,1200.989319
929.038504,172,1201.432648
1307.778365,249,1202.057097
1054.78905,192,1202.546435
349.712887,77,1202.734308
1351.195639,268,1204.149225
717.692315,150,1204.578075
1489.615299,303,1205.394109
726.980498,132,1208.838182
882.340485,165,1209.294192
1731.610666,329,1210.742599
1762.22197,343,1211.587612
988.652753,205,1212.128011
1154.531777,215,1212.695345
1552.204698,296,1214.084105
495.829507,105,1214.349108
1329.563248,250,1214.954107
881.088659,164,1215.396221
1438.619789,286,1216.170724
1241.067487,230,1219.814752
757.472471,159,1220.234951
1455.884451,282,1221.005388
1170.462061,239,1221.611255
1072.625613,203,1222.124612
877.494582,164,1223.180712
718.414131,135,1223.554451
2786.958777,519,1224.910118
1229.160096,225,1225.482394
662.974745,142,1226.415097
684.27113,146,1226.779009
753.470232,139,1230.480752
672.092317,139,1230.843572
916.909253,161,1231.317151
968.242682,186,1231.807275
1327.277129,258,1233.013472
1399.552213,259,1233.656502
848.9619,158,1234.054951
1128.962362,220,1234.654468
1223.91774,240,1235.32527
1175.451861,229,1236.659109
553.402811,103,1236.91008
1269.446648,236,1237.514548
1574.259488,290,1241.289668
877.756588,166,1241.715227
1076.815183,195,1242.869191
573.90655,128,1243.202514
741.147801,137,1243.541705
534.20242,99,1243.787843
448.616913,95,1244.032382
732.194763,144,1244.404082
1050.205878,213,1244.973842
929.014061,192,1246.049085
1151.807106,219,1246.602478
1412.840485,275,1247.322053
737.071752,135,1247.702647
1686.433085,312,1249.006791
1080.859821,229,1253.235576
1220.76715,227,1253.848111
1811.612212,341,1254.764348
525.843861,95,1255.011827
889.120012,165,1256.109796
1314.125614,250,1256.724561
1235.836134,238,1257.315152
1734.155494,340,1258.196767
1175.341371,226,1259.46936
554.349257,121,1259.773983
1544.578064,286,1260.477109
1471.395472,269,1264.552769
1311.618776,256,1265.715711
1132.630194,215,1266.243381
806.568771,146,1266.620776
3078.618118,587,1268.140231
1245.226148,226,1269.353519
1198.170242,231,1269.993076
635.212869,139,1270.368829
1213.352018,229,1270.923495
709.937988,150,1271.299558
1360.38784,264,1275.767509
469.105472,90,1276.001226
1108.987207,225,1276.575327
835.400983,161,1276.979943
971.066795,186,1277.464768
755.565146,154,1277.875653
908.020803,162,1278.973653
1362.086516,276,1279.682783
874.308192,165,1280.105876
1229.736663,228,1280.695632
631.269909,116,1280.996184
952.01704,193,1282.176933
729.753963,153,1282.581321
1293.192381,240,1283.204704
924.393813,180,1286.884192
726.386249,155,1287.279011
495.240973,110,1287.551654
1744.054344,323,1288.997998
1041.690038,193,1289.513032
604.825237,113,1289.839186
661.403086,129,1290.151201
1868.886693,372,1291.631116
1461.849608,284,1292.353242
1120.895611,223,1292.926935
1447.60641,275,1293.615675
412.114102,79,1293.814987
752.197424,146,1294.875362
986.3682,197,1298.321248
660.57233,141,1298.682715
1666.225934,339,1299.546596
1267.668519,239,1300.160815
665.187369,140,1301.191603
583.873523,111,1301.470502
2360.399476,450,1302.63109
1184.523653,218,1303.192847
1144.713519,220,1304.312487
491.922148,97,1304.558384
1308.717799,248,1305.180912
1272.643748,246,1308.616555
506.228212,113,1308.942651
622.093089,112,1309.21287
1666.411648,318,1310.576274
820.012073,148,1310.953709
3521.97541,667,1312.661243
740.747664,139,1313.730158
1173.640175,216,1314.25477
546.380024,101,1314.5062
900.619716,174,1314.930247
1573.776746,293,1315.663167
1717.818606,331,1321.040217
562.43222,116,1321.383125
803.027351,156,1321.790839
948.749919,176,1322.233837
1437.891086,274,1322.92083
1570.750356,294,1324.243546
655.708083,138,1324.653776
1015.576162,193,1325.127669
468.632812,100,1325.383106
643.550005,123,1325.684604
1217.435515,225,1326.248931
1156.275279,219,1327.366017
1740.396175,315,1332.913426
566.757005,106,1333.174113
1220.84087,230,1333.747781
606.994881,130,1334.075458
1048.70322,203,1335.09609
1577.476371,299,1335.934356
1403.560107,269,1336.594753
3619.745759,675,1338.806844
851.007896,159,1339.213976
1161.441896,221,1339.781903
2363.755679,450,1345.327131
728.441108,137,1345.664768
880.94519,186,1346.135118
2068.510441,394,1347.204519
1072.444687,201,1347.745683
1161.357757,209,1348.927406
2060.106979,396,1349.938108
1301.142448,258,1350.617696
1249.610351,237,1351.764351
723.678443,132,1352.133861
1700.932923,314,1357.968888
1704.74981,328,1358.868073
748.014923,156,1359.294654
1159.807007,219,1360.581881
990.213473,207,1361.104982
1293.947222,236,1361.689502
601.464491,122,1361.999907
913.696029,192,1362.498464
771.049393,141,1363.585705
1419.501767,260,1364.252001
991.454385,194,1364.733347
1263.69024,231,1369.969366
1429.27042,268,1370.663564
1556.174269,305,1372.159827
672.907542,135,1372.494819
1885.688537,360,1373.381512
2706.116944,521,1375.439203
1720.00469,324,1376.243216
1006.556288,190,1376.727051
3440.56956,647,1384.772653
955.645584,183,1385.265415
1648.462282,325,1386.154348
1117.082388,211,1387.288335
1603.972242,306,1388.132556
1219.228643,233,1388.718199
1291.682427,248,1389.340296
1428.791936,270,1390.56164
1063.140678,227,1391.195336
1297.75738,244,1395.527321
959.680467,184,1396.001218
1233.445669,233,1397.211618
658.857599,145,1397.571578
1180.443163,224,1398.126228
1216.755789,240,1398.780201
1211.235768,226,1399.361593
1979.743951,376,1400.843421
725.363664,134,1401.184098
1031.032128,211,1401.759593
2008.721474,371,1402.724169
3180.15194,586,1409.924069
1397.742981,259,1410.589028
765.593267,152,1410.96904
558.125173,116,1411.258168
808.160933,165,1412.218396
2062.703806,402,1413.289553
1443.725061,265,1413.950545
630.472593,129,1414.277195
845.530302,152,1415.231496
1240.8066,247,1415.859933
2169.747195,389,1422.419014
993.010756,185,1422.873024
634.477969,117,1423.188217
1696.484045,324,1424.56358
1060.545523,216,1425.098528
1734.1928,345,1426.093598
1557.873183,289,1427.392091
950.362406,177,1427.838084
1321.000203,246,1428.440928
1111.634449,217,1429.030123
1130.002891,220,1436.198079
2547.935728,484,1437.988821
1844.484094,360,1438.871863
1421.912255,260,1440.013447
806.712925,166,1440.465262
1136.830285,218,1441.050028
2322.598683,437,1442.104501
2030.628915,367,1443.677225
892.011496,166,1448.543799
1015.037159,210,1449.062306
1099.045358,212,1449.587755
1796.685358,325,1450.887835
466.153749,85,1451.100113
2591.927429,486,1452.391992
1846.704097,346,1453.911049
709.246398,149,1454.295692
897.609366,171,1454.724952
1221.964747,242,1455.334062
1803.719789,328,1461.828232
1218.156581,243,1463.011343
2228.308976,436,1464.150263
1975.581675,375,1465.078029
2499.754318,466,1466.917557
1525.313641,285,1467.69053
1082.188804,210,1468.221578
656.648054,132,1468.548432
770.135113,143,1469.555561
3398.534632,625,1475.401569
713.52789,155,1475.78721
1527.949169,275,1476.939388
700.334679,126,1477.254004
939.332651,197,1477.74955
2358.190493,431,1478.898371
1267.232583,241,1480.032758
894.29842,177,1480.482754
1682.256907,311,1481.252058
1559.721325,289,1486.318831
865.182475,173,1487.225856
914.923293,176,1487.664527
538.57824,99,1487.905587
1059.538323,208,1488.437134
2822.290274,552,1490.419202
1024.344611,184,1490.916303
2820.529854,518,1492.230284
1846.194816,349,1493.719903
1886.164098,339,1499.469035
1604.138661,301,1500.265694
3206.73508,595,1502.35015
1885.241251,362,1503.258872
862.936903,157,1503.634768
895.853035,170,1504.055616
1025.267616,207,1505.071152
1083.805683,215,1505.688611
469.482301,87,1505.910719
1821.69605,325,1511.317115
1341.854526,246,1512.439262
2132.779164,404,1513.498322
1729.998163,317,1514.323807
1415.635411,272,1514.994422
1196.938659,222,1516.02567
1271.363661,231,1516.630932
1178.027696,230,1517.252396
2757.539075,510,1524.038653
1170.413274,211,1524.58633
2013.051674,372,1525.568083
2189.196823,396,1527.093395
977.919696,180,1527.553267
1407.394835,268,1528.232371
1438.726966,272,1528.898311
1095.570644,219,1530.198302
1450.642047,276,1530.879271
1263.304347,253,1534.418101
1371.522691,254,1535.077492
4186.051728,804,1537.789584
1997.934856,371,1538.753008
1053.197733,196,1539.762722
1133.979223,228,1540.357247
945.435097,192,1540.887789
866.059106,164,1541.285831
600.588402,122,1541.584761
967.29464,179,1546.410218
2409.261428,459,1548.149785
3107.755539,583,1550.180826
3006.494554,564,1551.6006
1421.91849,269,1552.327661
1367.55394,271,1553.485346
873.100912,154,1553.870444
1366.313616,266,1558.859908
2700.639565,513,1560.286385
1304.067604,250,1561.570163
2171.401293,400,1562.558199
589.413391,110,1562.843535
1684.824471,316,1564.379803
1301.644103,241,1564.985277
2240.254964,418,1566.04519
1305.231067,255,1572.628556
835.170052,166,1573.522346
1058.593584,196,1574.023315
1201.859877,238,1574.629933
1933.124546,366,1575.571395
1356.22168,257,1576.983882
962.292293,176,1577.423351
2195.108956,438,1578.520106
849.923636,173,1579.023282
781.908966,155,1580.105246
2236.713757,425,1587.265146
2463.035312,468,1588.458941
2393.367235,456,1590.118536
1529.522197,299,1590.919697
1491.871891,286,1591.636032
917.926722,181,1592.573852
1362.549642,251,1593.212957
1543.537621,300,1599.292361
913.615228,165,1599.695265
2361.582581,431,1601.301662
1131.318861,218,1601.872637
1773.455756,334,1602.73154
1662.996964,320,1604.188031
1786.66574,335,1605.025172
961.75466,176,1605.458586
1216.025592,236,1606.12985
1559.805885,279,1614.72789
704.774611,136,1615.073218
990.070758,188,1615.541124
2803.270528,512,1616.929633
3767.640054,709,1619.374006
1096.5105,207,1619.955137
1705.321133,322,1621.44188
601.669391,126,1621.764099
2166.118417,410,1627.808307
2395.080953,465,1629.674641
913.598922,175,1630.121296
1238.424429,245,1630.747408
2419.606487,455,1631.929117
3567.469613,671,1634.197317
2691.286649,502,1643.911278
2324.451237,423,1645.043852
1530.57568,289,1645.769766
649.508265,132,1646.092122
1049.843351,187,1647.073235
2155.51809,417,1648.19021
820.200398,164,1648.609363
1305.620691,249,1649.253069
1178.849526,220,1650.452316
2859.448221,541,1657.914574
828.668952,162,1658.348311
3566.576996,668,1660.765534
813.391986,148,1661.126812
2370.821489,427,1662.853838
1185.773841,238,1663.521526
1730.112936,321,1664.331366
4081.242407,762,1674.11582
2670.018379,518,1675.507907
1725.223389,326,1676.828838
1900.59454,369,1677.779847
3181.695456,601,1680.005572
2458.496317,450,1690.061611
4023.762462,752,1692.735333
4194.215639,795,1695.382905
3615.877554,692,1697.17969
1318.065108,260,1705.54881
3301.250195,622,1707.726545
1393.440959,253,1708.363488
2756.759577,504,1710.3215
2010.644049,384,1711.264482
2502.986841,473,1713.166584
1917.536693,369,1720.488864
694.471244,142,1720.905742
1594.262359,303,1721.700001
2588.463141,479,1723.38977
2258.096972,419,1724.481523
758.806577,147,1724.882658
1943.477004,366,1726.427994
1679.009523,325,1735.74301
1807.910243,328,1736.57708
1768.06203,334,1738.17205
2048.008823,368,1739.111315
5366.477689,1000,1742.462777
1926.533418,357,1743.426472
2058.933768,389,1751.771161
628.446608,115,1752.102619
2005.931738,383,1753.068692
1572.842,307,1754.439974
1304.385479,256,1755.068536
1595.376163,304,1755.811939
477.648131,106,1756.090195
715.461199,154,1756.546643
1115.042984,222,1757.778365
1376.401895,262,1758.446301
2331.478285,427,1767.138279
1899.888221,380,1768.900069
1078.825578,218,1769.440298
986.240602,180,1769.880433
1204.658792,224,1770.439746
3608.054715,645,1772.854923
613.605334,120,1773.157126
2596.630732,500,1781.748987
2361.918435,435,1782.851998
1676.348931,320,1783.718823
1798.391076,340,1785.284964
768.448228,139,1785.634966
2748.581236,516,1786.961237
773.909219,143,1787.347399
885.651591,171,1788.318096
698.219393,128,1788.635081
3046.809622,556,1798.864937
530.378338,100,1799.124165
2301.402928,439,1800.847925
583.897734,128,1801.170649
861.241934,159,1801.561737
530.239234,110,1801.845452
873.643962,173,1802.288614
1781.382249,341,1803.846765
1916.291431,361,1804.784373
1606.970258,311,1805.588111
692.992992,144,1815.918328
1815.032435,345,1817.317209
1006.141776,190,1817.858386
890.587698,158,1818.252418
3135.449885,599,1820.30387
1003.978731,179,1820.744892
777.955972,152,1821.130455
4586.86297,866,1832.67143
1045.955237,220,1833.253406
1520.622024,275,1833.982682
3956.126017,740,1836.731318
962.156362,191,1837.237016
756.232262,131,1837.662713
1044.595416,207,1839.001107
1825.941587,340,1839.898006
800.841537,150,1840.289515
5367.508208,1000,1852.067852
1403.685911,269,1852.760602
2504.976609,469,1854.75221
1105.370004,214,1855.296872
1693.390754,326,1856.131225
5434.863288,1000,1866.320077
1514.634494,304,1867.604334
668.412059,120,1867.910769
2929.835745,542,1869.286724
2091.385816,382,1870.96017
2209.138444,447,1872.086034
2029.284906,375,1879.53569
538.952299,108,1879.807846
4685.817293,861,1882.556206
2015.468953,365,1884.113872
1398.539756,275,1884.814393
2031.430458,379,1885.829489
1965.991757,361,1895.416402
2330.427045,425,1896.521811
759.072772,155,1896.935771
2166.299056,409,1898.714952
1192.37253,234,1899.311423
1448.47542,285,1900.018842
864.247411,159,1900.396242
1452.018814,288,1901.802014
3302.399952,600,1910.374812
2886.532283,518,1912.125326
1350.611957,244,1912.729336
1289.790687,242,1913.409586
1871.993447,343,1914.273678
1584.596417,313,1915.770005
4159.752171,759,1926.561764
1269.211569,230,1927.131578
3886.299906,735,1929.03543
3818.440892,695,1931.540798
2220.526634,410,1933.392479
4932.972161,896,1942.474164
712.815936,151,1943.531538
822.78603,152,1943.935135
1577.478625,316,1944.810581
2088.530571,386,1945.803653
660.507314,139,1946.823477
2475.616924,477,1948.030254
1931.187427,350,1957.069039
1059.571856,200,1958.23107
2249.015957,417,1959.266828
2359.242879,476,1960.554739
1649.244166,291,1961.963226
2895.529385,526,1963.32407
5486.506374,1000,1973.551945
2438.48656,446,1975.386476
3412.923283,620,1977.021694
1608.08244,309,1978.420569
1971.645654,360,1979.400348
2498.116289,450,1989.236957
2489.330742,483,1991.188409
464.987994,98,1991.43818
1810.075543,329,1992.281275
898.651707,171,1992.732655
1004.205331,198,1993.765767
737.458411,136,1994.106637
1106.290482,196,1994.618323
2023.551564,406,1995.720241
5010.957706,956,2006.18493
1378.772845,284,2007.413772
3079.848231,574,2008.877754
2221.561569,404,2009.94273
4025.162865,736,2020.397859
1974.534825,354,2022.045093
1197.825648,239,2022.661295
600.718815,104,2022.909416
1309.054981,230,2023.477882
594.872437,125,2023.788668
3009.197562,555,2025.826858
902.756556,185,2026.28841
2357.473152,440,2027.388405
1526.470024,292,2036.802638
732.718197,146,2037.181959
3280.656445,607,2038.719859
3696.330913,683,2041.103987
1164.331016,201,2041.656734
2866.525547,538,2043.532254
1324.767943,238,2051.226058
1142.504317,208,2051.748084
1970.31378,362,2053.375459
1145.858844,220,2053.967428
1251.430094,229,2054.535532
1202.364255,231,2055.111366
1750.75666,320,2056.664008
720.250512,155,2057.097774
2748.722326,540,2058.471198
2475.713602,459,2069.487699
2209.633193,421,2070.637813
908.206489,179,2071.095721
2781.39075,519,2073.101369
1306.665001,252,2073.828825
1826.211498,345,2074.712022
2987.889272,536,2085.049409
754.183697,148,2085.457154
1367.686169,274,2086.160446
2351.991289,421,2087.833025
896.111261,181,2088.321884
1452.082999,278,2089.066635
2067.925759,382,2090.754275
1154.85637,203,2091.27558
3539.80858,650,2100.449792
762.993099,165,2101.624754
2808.859597,533,2102.988206
1072.289473,193,2103.493304
1128.874895,220,2104.099572
1655.151844,324,2105.668361
4385.896958,801,2108.520557
1058.614742,207,2117.450348
2622.794949,489,2118.815391
1322.28035,254,2119.501014
3587.978255,679,2121.925234
3167.874146,595,2124.096057
2473.777636,458,2133.689672
3091.742755,563,2135.673385
2272.457185,432,2136.806928
661.432182,142,2137.186432
2006.232435,363,2138.794291
1933.346821,351,2139.710775
5531.030387,1000,2151.238524
1445.650662,263,2151.935468
729.386006,144,2152.329002
3182.906201,596,2154.523221
1045.780452,188,2155.007973
2577.41463,471,2157.003136
4062.179367,764,2165.755935
1108.263083,204,2166.855433
1045.658232,210,2167.406422
5090.632937,937,2170.480191
887.436548,174,2170.933124
2160.109781,417,2172.024226
3869.925624,715,2183.7884
1588.080395,314,2184.620573
1735.65637,340,2186.188191
1401.251241,257,2186.869663
1030.373922,205,2187.412616
5023.644204,924,2190.567948
4031.005846,752,2202.276919
1165.254042,205,2202.805019
917.256774,175,2203.270553
3897.022109,704,2205.738362
2508.111151,451,2206.975484
3143.004349,578,2216.97647
3383.344118,638,2218.707012
1864.368664,342,2220.129965
1177.425192,231,2220.73469
2207.294754,408,2221.880409
641.966458,117,2222.179693
1928.988228,360,2223.646098
2900.040025,545,2234.827316
5469.222138,1000,2238.055696
1177.409846,209,2238.67347
2491.476566,468,2240.574127
1739.616429,334,2251.52446
2044.645874,369,2253.044126
5386.215877,1000,2256.356568
2559.263669,481,2257.607942
3251.686582,623,2259.910015
1219.152539,220,2270.474991
623.445777,115,2270.820569
3075.137872,584,2272.879554
4285.472029,774,2274.951868
5116.487212,951,2287.143366
1420.846277,254,2287.872318
1479.377002,283,2289.227536
5329.98211,1000,2292.520745
793.119969,170,2292.962923
2092.844777,409,2294.066043
5425.379057,1000,2306.119779
1905.247916,346,2307.726727
797.063814,157,2308.13497
4319.187442,791,2310.96277
3009.342572,566,2321.205013
1976.530322,379,2322.277791
2398.393737,429,2323.974861
1430.928004,257,2324.627824
1484.836404,285,2325.359061
1122.584966,215,2326.471675
2537.384503,456,2327.694632
770.354725,164,2328.103753
2413.216688,440,2338.994996
1934.186142,376,2339.950149
5463.864715,1000,2343.208387
2523.519723,448,2344.384739
2082.122237,395,2345.967067
2186.460568,403,2356.318479
2330.223496,429,2358.056168
3109.032949,587,2359.540722
5333.504362,1000,2362.769503
5416.819845,1000,2374.75313
4874.750535,915,2377.687313
3072.247975,579,2379.676803
4997.127711,947,2392.011644
4162.346341,765,2394.027993
1702.500296,338,2395.385529
1713.631983,331,2396.232054
2793.124568,479,2407.223147
438.232498,81,2407.430477
2370.395888,448,2409.282366
2098.498134,412,2410.376443
5528.462811,1000,2413.520462
2107.471277,387,2423.653237
1748.011839,318,2424.587956
1578.94645,296,2425.347561
3538.604416,674,2427.593472
4346.247972,801,2430.249901
624.320437,127,2430.573295
1743.488744,334,2440.809243
4925.007221,911,2443.660044
5510.344026,1000,2446.900094
3979.808955,742,2459.073081
1330.148153,249,2459.726811
4559.863407,821,2462.62544
2446.567419,458,2463.833839
5492.609795,1000,2476.148486
433.396467,79,2476.347616
2117.826088,410,2477.991862
3921.355426,744,2479.94019
2215.418146,421,2481.646968
920.237262,191,2482.132614
2848.193707,505,2493.635704
1884.943292,334,2494.465493
2322.672286,437,2495.648526
2115.808854,401,2497.275601
5467.756767,1000,2500.561556
389.175188,80,2500.796772
694.101517,143,2509.974424
849.674417,157,2510.375874
5499.578801,1000,2513.634466
5463.786816,1000,2516.944694
5254.125499,981,2530.570444
4538.240039,841,2533.46918
2293.472371,448,2534.626493
4054.026,729,2546.996163
5483.164784,1000,2550.332929
2110.039061,387,2551.315333
987.355538,200,2551.85576
4297.383347,795,2565.170408
1427.028631,270,2565.877054
3823.468962,728,2568.37316
5417.533818,1000,2571.679686
1789.971025,318,2572.593405
2485.853731,467,2584.179972
3864.939286,731,2586.73875
4142.512105,764,2588.788397
2874.220073,515,2590.588481
5428.913783,1000,2603.902653
3257.261302,598,2605.464999
1828.208223,361,2606.922548
3570.776777,674,2608.691549
4835.032267,892,2620.675103
1232.993235,223,2621.729321
1757.927565,339,2622.595335
719.26287,141,2622.960089
5447.496583,1000,2636.251046
637.463657,111,2636.53368
4123.662452,758,2639.156981
1033.502175,198,2639.700418
5467.677379,1000,2642.967139
5457.121096,1000,2655.6665
1397.980809,250,2656.30756
2270.753972,419,2657.853802
1873.103594,377,2658.900239
1899.849616,335,2659.748242
1338.526792,241,2660.871152
3393.463394,617,2673.050095
4204.412977,758,2675.618582
5394.347976,1000,2678.897758
5388.812239,1000,2692.97271
2606.318615,465,2694.208261
2303.8,428,2696.024739
2397.825876,445,2697.15975
5493.002187,1000,2709.335324
4529.351916,838,2712.319218
1152.00715,228,2712.908216
4207.769777,782,2715.682441
5468.668658,1000,2728.19113
2160.066093,402,2729.24901
934.658148,177,2730.433699
2404.152888,448,2731.766115
2036.13105,370,2732.701711
3093.603389,574,2743.885766
1121.350403,205,2744.408665
5547.161851,1000,2747.711576
2914.338025,533,2749.699901
1982.941467,359,2750.656803
1405.836463,277,2761.922039
872.666653,165,2762.41263
5422.321691,1000,2765.572141
5455.914324,1000,2768.795943
598.888731,116,2769.108737
3200.325749,598,2781.68371
3511.815899,659,2784.016226
5037.08122,912,2786.943721
1835.828973,352,2787.859581
5444.188097,1000,2801.545251
2070.962356,376,2802.581123
1359.260227,241,2803.195634
5431.494548,1000,2816.182119
3294.349915,586,2818.314957
5510.857021,1000,2821.612363
5436.139253,1000,2834.903635
3289.295219,609,2837.122198
5512.954149,1000,2840.441717
5391.247386,1000,2854.229966
3029.001083,591,2855.744936
1409.041582,269,2856.461141
4614.046097,855,2859.398083
1454.609567,283,2860.233943
5416.176379,1000,2874.043741
1768.177513,339,2875.580674
3311.366,617,2877.230345
5495.438831,1000,2890.413031
5500.943698,1000,2893.550573
5480.362176,1000,2896.732217
4170.419756,759,2909.077271
1264.247216,245,2909.712937
5006.423203,924,2912.961288
1501.913366,273,2913.686367
5403.031001,1000,2927.600318
4779.273554,884,2930.571667
2000.962876,357,2932.276559
5471.98419,1000,2946.08213
5500.760115,1000,2949.242569
5453.690739,1000,2952.542446
2527.38966,479,2964.49321
5439.583435,1000,2967.796163
2013.756678,376,2968.751669
3772.768453,691,2971.256943
1040.935867,202,2971.821432
5431.553953,1000,2985.162102
2611.70453,477,2987.134271
5426.792195,1000,2990.333253
5474.519083,1000,3004.195457
3342.353734,598,3005.800435
5479.976598,1000,3019.165229
3021.427017,553,3021.125603
5419.050815,1000,3024.426814
4792.692846,889,3027.48251
5422.790406,1000,3040.768749
2687.181596,488,3042.082971
3274.699186,597,3044.34418
3338.121979,637,3056.204729
2776.192986,520,3058.315254
5396.410305,1000,3061.520349
5481.257797,1000,3075.210102
5433.934272,1000,3078.608775
2776.830733,511,3079.984689
5482.899557,1000,3093.615589
4235.596592,790,3096.421913
5045.315054,949,3099.588884
1246.847499,251,3100.23525
3409.731047,619,3113.056527
5406.657535,1000,3116.482907
5430.528796,1000,3119.828342
5461.392177,1000,3132.182
5500.939864,1000,3135.47012
5408.025253,1000,3147.937412
5486.108174,1000,3151.132972
5437.912183,1000,3154.518804
5367.20462,1000,3167.678525
2149.904577,409,3168.713047
5389.867252,1000,3171.955982
5155.610568,934,3184.482746
3759.934201,685,3186.305313
1358.917795,243,3187.583044
5256.017873,960,3201.414558
4618.491325,848,3203.637239
2857.757509,514,3205.553671
5491.24117,1000,3208.706378
5492.962055,1000,3222.588763
4765.7115,861,3225.424269
2108.498596,379,3226.402988
2222.256991,436,3238.301182
510.931649,103,3238.580891
5514.579917,1000,3241.748267
519.81502,119,3242.057442
5424.7822,1000,3245.306009
3697.601583,686,3257.093274
5377.757939,1000,3260.424097
2308.474504,435,3262.056432
5435.945218,1000,3275.690084
5477.631036,1000,3279.053018
2324.632949,411,3280.088694
2544.095642,458,3282.064375
5490.28761,1000,3294.192002
5511.007641,1000,3297.55745
5451.5948,1000,3309.710052
3266.876708,586,3311.228343
3089.699262,555,3313.305521
4206.307319,774,3315.307659
5506.149415,1000,3327.987861
5462.757919,1000,3331.083634
5533.993469,1000,3344.910229
1916.209759,369,3346.462498
2204.778465,406,3347.523301
5332.419486,952,3350.682507
5520.086347,1000,3363.030263
1774.147361,333,3363.882291
3564.421898,654,3366.129292
5506.790648,1000,3369.40148
1168.777628,211,3378.718241
5511.560861,1000,3381.860581
5130.544982,949,3385.032686
2523.896361,461,3395.248805
5557.82561,1000,3398.020008
1581.626392,307,3399.512085
1359.117676,245,3400.192112
4404.320108,796,3402.931807
5612.209153,1000,3415.269403
4802.837289,865,3418.240253
5502.686994,1000,3431.426346
5492.821097,1000,3434.63824
5476.71695,1000,3437.849616
5511.259208,1000,3450.905892
5425.189888,1000,3454.169834
5563.110412,1000,3465.512812
5561.946072,1000,3468.72492
5510.717925,1000,3471.862027
5500.705324,1000,3483.96512
4005.073831,723,3486.3779
3310.879319,582,3488.478785
5591.701155,1000,3501.383861
3649.435578,666,3503.211031
5437.50056,1000,3506.341775
3576.552573,659,3518.596152
5465.364122,1000,3521.74091
658.184224,136,3522.108953
5525.452165,1000,3535.200263
1264.635385,238,3535.81038
2569.606879,469,3537.639584
5528.256868,1000,3540.901018
4128.364714,750,3542.909179
5509.54217,1000,3555.667866
2459.693359,456,3557.59702
923.415244,190,3558.088008
5534.815503,1000,3571.557031
4338.321421,800,3574.378734
5492.270462,1000,3577.690856
1091.989541,215,3578.248662
5146.722226,938,3591.051482
5564.409203,1000,3594.409663
3386.198473,645,3596.689428
2746.900857,517,3608.544591
835.875233,172,3609.061731
5520.946442,1000,3612.402986
5549.034045,1000,3615.499946
4164.504461,759,3627.661722
5592.75676,1000,3630.812471
1392.874618,249,3631.501505
3554.21765,646,3643.411576
3623.811542,663,3645.157662
1491.199833,283,3646.566566
2032.817823,400,3647.655368
5561.531721,1000,3650.972207
3194.971878,576,3661.912117
4196.063106,748,3663.867297
5540.359635,1000,3667.207758
2332.599911,436,3678.141309
2410.609556,455,3679.336649
1300.51655,240,3680.032509
5505.372261,1000,3683.474795
5555.53659,1000,3697.039561
5582.641278,1000,3700.459537
1277.285881,249,3701.789238
1450.669204,277,3702.512342
793.639579,158,3702.944741
4546.074414,801,3716.125351
5201.864424,940,3719.132735
4450.689565,820,3721.333233
5572.313585,1000,3733.746505
5602.769532,1000,3737.114907
5568.143827,1000,3749.368413
2824.8027,540,3751.472888
2370.805313,430,3752.671342
5504.506458,1000,3756.093146
5501.579374,1000,3768.877607
2933.783498,538,3770.928973
5472.352635,1000,3774.227196
5554.138673,1000,3785.414534
5493.715878,1000,3788.825443
390.770018,74,3789.015937
5614.593975,1000,3801.781127
5540.965118,1000,3805.130524
5439.366587,1000,3808.523308
3171.440968,575,3819.967684
4509.900195,795,3822.72819
5608.498246,1000,3826.04035
5143.424548,922,3838.132174
5202.757,920,3841.213328
1407.874803,257,3841.873166
5535.704258,1000,3854.715921
5630.76814,1000,3858.050437
2893.932917,518,3860.065838
4923.368328,907,3872.418202
4097.041671,746,3874.924984
1426.759788,256,3875.568622
2853.113551,501,3877.42946
4694.353997,819,3880.218832
1012.940721,182,3890.263674
4383.458598,775,3892.812552
5596.379182,1000,3895.91929
3302.583084,587,3897.49825
1384.503691,269,3907.357289
2108.026055,387,3909.077232
1906.319389,334,3909.935284
927.959103,179,3910.397403
2581.091623,463,3912.185215
1102.955314,197,3912.686514
5539.358128,995,3923.71682
4921.032806,881,3926.596454
5537.564838,1000,3930.118719
2089.430655,391,3941.559892
5466.384289,1000,3944.708285
5656.480423,1000,3947.859025
5283.047473,936,3960.527515
5564.277214,1000,3963.752863
4027.773904,723,3966.285205
5567.133652,1000,3980.064062
828.086998,154,3980.449879
5571.187789,1000,3983.598379
5509.515284,1000,3996.777624
1970.260864,356,3997.709076
4328.559317,770,4000.33417
3365.741665,622,4002.592256
1067.646732,192,4003.08409
3322.539539,603,4013.218094
1771.642837,321,4014.683367
3343.623492,608,4016.333541
1148.807285,215,4016.899768
5596.056937,1000,4030.570961
4855.686169,865,4033.468206
2495.636278,478,4035.395755
3881.690496,690,4037.247295
5569.400456,1000,4049.800889
5562.002329,1000,4053.06656
5606.943348,1000,4066.626514
5599.70056,1000,4069.828148
686.46302,123,4070.139802
5605.875442,1000,4073.270971
1809.215012,331,4082.919783
5673.58519,1000,4086.113195
5565.84381,1000,4089.301291
4728.42553,854,4102.009314
3649.964073,657,4103.751959
5584.835884,1000,4106.964543
5545.556887,1000,4119.544185
5671.679741,1000,4122.660056
5648.539126,1000,4135.225385
2183.435117,392,4136.207772
1458.931376,263,4137.378678
5548.800491,1000,4140.548595
1544.482635,282,4141.273606
4917.705535,879,4152.618521
5639.98306,1000,4155.748788
1827.505388,334,4156.602153
5597.440235,1000,4169.207008
5534.718482,1000,4172.343061
5614.834447,1000,4175.49298
5503.876326,1000,4189.027211
5656.387106,1000,4192.141271
4426.463187,792,4194.713709
5528.41449,984,4206.401266
4369.313611,785,4209.172459
5572.780341,1000,4221.928145
5531.469848,1000,4225.135627
2517.5019,465,4226.834975
5579.835363,1000,4240.560674
5582.114089,1000,4243.708983
5126.849661,912,4246.628063
5625.884482,1000,4259.388304
4321.115449,780,4261.431069
1590.759973,297,4262.790106
5534.285119,1000,4276.528568
5570.869442,1000,4279.686259
5582.662657,1000,4282.827682
5645.452778,1000,4296.665248
4409.431914,787,4298.69666
5624.170679,1000,4312.154594
5683.707273,1000,4315.267242
5632.735066,1000,4318.495654
5655.377744,1000,4331.581765
4105.283208,728,4334.164738
5662.096045,1000,4337.494453
3449.751144,609,4349.963246
2445.722687,463,4351.168268
898.321761,176,4351.631368
5485.730397,1000,4354.973562
5625.55166,1000,4367.626094
3455.517699,631,4369.935887
5538.29886,1000,4373.310313
2893.355234,521,4384.287973
3856.183307,682,4386.530935
2104.465477,386,4387.559952
5521.77505,1000,4390.853454
5583.399951,1000,4404.269226
5607.416002,1000,4407.369447
3745.712162,669,4409.663608
5669.807257,1000,4423.4905
4008.023455,720,4426.090449
5590.753865,1000,4439.584729
5589.34192,1000,4443.034621
5597.585531,1000,4446.422236
5676.997183,1000,4460.271287
5610.045647,999,4463.572787
5689.537209,1000,4476.091843
2190.601843,397,4477.706737
4807.156058,861,4480.572736
5570.269992,1000,4483.858725
5602.423467,1000,4496.701425
5658.863055,1000,4499.832489
5606.037344,1000,4512.987653
888.743267,171,4513.430276
5688.218537,1000,4516.717643
2029.59308,372,4517.730931
2459.724218,466,4519.417151
5632.17092,1000,4533.012447
5558.293922,1000,4536.175341
1039.962918,196,4536.691527
5681.242194,1000,4549.449074
5643.935604,1000,4552.660821
5610.046476,1000,4564.357198
1115.329661,199,4564.854076
5542.355148,1000,4568.14787
5605.339194,1000,4571.272683
4168.60906,743,4582.644107
1621.398073,313,4583.466641
5652.366654,1000,4586.667222
5726.486522,1000,4598.957306
5611.667356,1000,4602.296225
3848.769609,697,4604.126784
5616.032714,1000,4615.512836
1314.771488,254,4616.765145
5674.533765,1000,4619.944353
5630.301933,1000,4631.538726
5663.005848,1000,4634.831308
3951.754049,696,4636.744912
4014.084381,710,4649.270081
5616.180678,1000,4652.680472
1192.430041,217,4653.318078
4518.698042,811,4656.03849
5551.4531,1000,4669.081187
5587.653252,1000,4672.498064
5624.900486,1000,4684.729363
3913.201793,696,4687.314367
5629.09607,1000,4690.795022
5574.76252,1000,4703.15224
5678.007608,1000,4705.573865
5638.805851,1000,4708.288733
3114.166819,546,4717.86125
4228.90836,745,4720.017563
3415.003858,594,4721.345738
5641.853034,1000,4731.397077
5626.081887,1000,4734.108638
5642.918135,1000,4736.839174
5673.060786,1000,4746.866941
4063.958919,719,4749.062879
5734.119856,1000,4751.852873
3986.886124,725,4761.609958
5727.47327,1000,4764.392937
5599.861825,1000,4774.848123
1304.828832,225,4775.339571
4219.725635,743,4777.558132
3913.035836,698,4779.100676
5730.442288,1000,4789.218042
5749.469967,1000,4791.860633
5646.691083,989,4794.537236
2013.848808,374,4803.292518
5663.141256,1000,4805.980015
2588.670675,463,4807.455497
5220.829248,909,4817.65681
2315.305996,406,4818.545091
1701.747853,315,4819.233049
5724.398603,1000,4821.878079
5650.501761,1000,4830.231253
5661.831063,1000,4832.948215
5656.115894,1000,4835.626596
5766.703972,1000,4845.162279
3843.203524,664,4847.112569
4812.210541,842,4849.476595
5769.040917,1000,4858.82681
4029.415319,695,4860.373857
1627.559562,300,4861.58889
3426.847544,602,4862.911616
2325.408399,411,4872.4036
5712.105599,1000,4875.181707
5665.420766,1000,4877.928196
5729.564977,1000,4887.331863
5760.952021,1000,4890.012941
5753.685106,1000,4899.18483
5715.824254,1000,4902.077753
2102.757339,386,4902.936521
5630.324986,1000,4912.629717
5653.407707,1000,4915.254117
5648.164795,1000,4917.906358
1112.877031,208,4918.371096
4941.785044,871,4927.517749
1684.70621,305,4928.183713
4666.813752,819,4930.4902
2976.692831,524,4932.16842
4631.338507,813,4941.24848
5707.035844,1000,4944.164917
5680.237105,1000,4952.252469
5709.166309,1000,4954.838644
2238.603167,415,4956.148312
5661.990149,1000,4965.020135
5806.463913,1000,4967.527285
5579.541459,1000,4970.044265
5717.157737,1000,4979.217556
5582.415526,1000,4981.849461
5684.259111,1000,4991.673716
5719.68008,1000,4994.320533
5688.903962,1000,4996.939714
4321.916197,764,5005.254465
4504.216484,785,5007.440814
5649.10017,1000,5010.092099
5685.878716,1000,5018.911301
5739.848612,1000,5021.550604
1380.066706,261,5022.101523
5698.773455,1000,5031.520955
5720.876938,1000,5034.153675
5298.549364,946,5036.699656
5633.857875,1000,5044.886257
5746.425689,1000,5047.397429
1661.482974,297,5048.017088
5701.573687,1000,5056.612675
3637.569273,646,5058.375166
5730.310299,1000,5060.886591
5717.971774,1000,5070.260539
1381.863985,268,5070.822302
1859.670936,321,5071.90634
5658.390421,1000,5073.999148
4195.318785,746,5083.244101
2347.95943,409,5084.519795
5719.358828,1000,5087.023997
5660.69416,1000,5096.287587
3062.376608,539,5097.408915
3834.483968,667,5099.225215
5650.326235,1000,5107.858014
5654.973946,1000,5110.364841
5657.658366,1000,5112.871438
2635.61374,455,5121.294193
3324.530665,589,5123.009393
4521.578103,790,5124.685933
5596.857937,1000,5134.390155
5742.62331,1000,5136.895552
3345.387191,589,5138.645392
5741.573672,1000,5146.880765
5639.173664,1000,5149.516407
965.307803,174,5149.878007
5754.094318,1000,5152.495824
3747.576713,668,5161.366733
2872.024747,501,5162.410479
3273.509642,587,5164.057827
2383.074484,423,5164.944936
4266.815893,753,5173.789146
3193.049106,565,5175.398971
684.368844,137,5175.686086
5141.405677,882,5177.528752
5714.689359,1000,5185.467172
2399.265869,418,5186.751745
2958.924123,526,5187.852107
3988.533743,695,5189.720922
4912.610581,851,5197.733679
5709.892328,997,5200.252599
2908.263189,504,5201.307237
4583.828258,808,5209.508622
5786.140047,1000,5212.156922
5777.48977,1000,5214.780146
3281.697186,592,5222.267798
5659.284915,1000,5224.894519
4984.306263,880,5227.149076
5843.494115,1000,5235.669497
5774.231788,1000,5237.754813
5782.061004,1000,5245.915737
4447.61966,776,5248.051682
5736.011294,1000,5250.688973
3936.068737,683,5258.294143
5735.296411,1000,5260.784598
3510.709073,614,5262.066517
2750.983806,482,5263.601834
5704.527021,1000,5272.265992
5838.258256,1000,5274.896738
4733.871454,830,5283.491269
1688.478809,296,5284.111128
5618.324974,1000,5286.742983
5717.318124,1000,5289.355855
4538.957854,801,5298.269543
5711.227853,1000,5300.766208
5724.539895,1000,5309.629413
5702.965327,1000,5312.289721
1057.232547,213,5312.741159
5667.966722,1000,5315.370257
3552.556654,633,5322.180079
3504.364945,619,5323.999632
5743.526815,1000,5326.588866
3860.862513,694,5335.645813
1616.155523,283,5336.23756
5690.30361,1000,5338.782322
4974.186117,867,5345.948596
5682.69032,1000,5348.58554
5355.887612,936,5351.066981
5743.110619,1000,5360.573456
1442.101438,247,5361.089304
3861.625748,680,5363.050004
5722.647707,1000,5365.674631
1491.004653,262,5372.784758
5678.989152,1000,5375.411134
5756.323614,1000,5378.050394
2084.757253,371,5384.350813
5660.292412,1000,5386.994698
5531.855482,975,5389.577606
5679.005832,1000,5396.953813
4938.939582,864,5399.307101
5690.606966,1000,5401.942094
2726.396175,483,5409.756414
5791.79757,1000,5412.385536
5003.92361,872,5414.72789
2791.678578,492,5422.283489
5679.506256,1000,5424.897434
4712.017437,819,5426.628562
5667.447548,1000,5436.124742
5748.982654,1000,5438.732585
5767.671944,1000,5448.595654
5667.763113,1000,5451.206365
5743.698606,1000,5453.821336
5735.828113,1000,5463.894938
2051.834359,365,5465.173127
5719.425963,1000,5467.788646
1501.322624,268,5468.346117
1723.158289,308,5469.007427
5666.054689,1000,5478.212428
5656.637283,1000,5480.817054
1425.623076,251,5481.33302
5763.018572,1000,5490.803912
5753.113308,1000,5493.455293
5691.228281,1000,5502.874265
3112.241132,541,5504.562865
1859.964271,330,5505.277635
5701.699255,1000,5507.782034
5445.351861,950,5517.689582
1521.618166,266,5518.244803
1796.903399,320,5519.421202
845.752871,166,5519.770094
5689.168339,1000,5522.283509
4782.233249,824,5531.643507
1608.186001,305,5532.283506
5719.188477,1000,5534.803118
3738.258809,653,5542.622709
993.8555,184,5543.430157
2641.382522,465,5544.394315
5633.20065,1000,5546.894343
5034.422665,883,5556.734129
5683.833527,1000,5559.230865
5696.002527,1000,5561.72546
5736.112524,1000,5571.470657
5694.306069,1000,5573.959368
1967.480547,345,5574.676043
5707.612219,1000,5583.931272
5749.795693,1000,5586.422783
1280.714988,241,5586.923805
5727.42569,1000,5596.876974
5655.425272,1000,5599.363965
4825.281493,835,5601.508077
4785.959981,847,5610.110312
5771.636558,1000,5612.608042
4033.852307,717,5614.611391
5631.37246,1000,5623.881909
5709.12359,1000,5626.513609
5677.884613,1000,5636.820698
1959.886354,356,5637.571414
1016.280138,182,5637.95261
5698.419587,1000,5640.595987
5731.832783,1000,5649.771976
5762.249159,1000,5652.422588
1681.3101,320,5653.098767
574.027497,99,5653.307543
3616.03619,640,5655.196048
1414.465294,246,5655.708256
5709.630703,1000,5666.256326
5718.253483,1000,5668.877758
2312.74853,425,5670.303041
5798.090302,1000,5680.849815
5729.358902,1000,5683.399558
5712.891745,1000,5692.32594
5720.840728,1000,5694.814115
2026.480452,373,5695.588552
3606.376421,630,5697.300783
5543.485802,963,5706.827321
5641.428173,1000,5709.307731
5678.742073,1000,5718.553483
5241.861129,912,5720.990346
603.284501,121,5721.244989
5773.119183,1000,5723.83251
4649.675072,827,5732.184118
842.348532,149,5732.488837
5686.067619,1000,5735.100702
5711.787535,1000,5744.659132
4551.902285,797,5746.840416
4751.911526,819,5749.065562
1210.781481,212,5749.509471
5720.68446,1000,5758.508203
4587.733553,794,5760.591708
5711.731967,1000,5763.093948
5706.890945,1000,5772.424362
5836.99766,1000,5775.018516
5059.684486,883,5785.288073
5304.996033,919,5787.72295
4959.062859,854,5789.496543
1860.787876,338,5790.678226
1295.600038,225,5797.923056
5623.575703,1000,5800.416303
5699.884653,1000,5802.896514
3087.120458,555,5810.371191
5666.706262,1000,5812.86255
5280.684895,938,5815.338892
3851.346794,674,5823.621157
2994.875055,538,5825.267496
1755.948938,324,5825.950287
5741.678267,1000,5828.563005
3956.751595,693,5836.96022
5641.733146,1000,5839.466544
5699.054058,1000,5841.958268
2899.832109,516,5850.327293
1507.251963,276,5850.897883
3418.29236,608,5852.689526
5805.153637,1000,5855.297109
3436.785573,611,5863.184905
5710.188204,1000,5865.778628
1759.493637,313,5866.95882
5710.49442,1000,5877.113274
5207.025079,968,5879.655215
1314.209408,230,5880.151454
5770.317679,1000,5882.752339
5796.106568,1000,5891.543755
5658.540614,1000,5894.145564
5749.3503,1000,5903.43929
5380.752556,939,5905.901678
5716.152492,1000,5908.524511
5666.473949,1000,5918.223222
5739.466286,1000,5920.810691
5725.219193,1000,5930.456656
799.576908,146,5930.758672
3130.490574,540,5931.876082
5672.944302,1000,5934.463233
786.089212,140,5934.749541
1648.954452,283,5935.875054
2471.638988,428,5943.347228
4076.385168,697,5945.204603
1895.67924,336,5945.898133
1848.146337,322,5946.563155
5825.324123,1000,5955.420254
1323.875513,248,5956.453916
5743.610734,1000,5959.068175
5826.820514,1000,5961.627066
4081.031914,717,5969.098074
2133.637117,369,5970.264539
5673.484737,1000,5972.755383
5900.737618,1000,5981.233809
5755.658828,1000,5983.306502
2208.077265,385,5984.616837
5741.733442,1000,5993.381109
5814.902674,1000,5995.979118
1517.968825,271,5996.54019
5740.93159,1000,6006.393187
4646.985857,804,6008.572988
5821.546191,1000,6011.159521
5741.817692,1000,6019.874699
5773.106451,1000,6022.338826
2899.481633,512,6023.393172
5793.572793,1000,6032.583245
3121.53814,542,6034.232554
1889.219661,348,6034.944811
5845.155223,1000,6037.532067
2152.283477,392,6045.626732
5775.649935,1000,6048.094855
3408.185254,592,6049.737477
5698.601441,1000,6057.469312
4518.607152,778,6059.477645
3781.527096,657,6060.836602
2227.02212,415,6062.116641
3517.026088,615,6068.528224
917.242515,169,6069.319689
5761.745858,1000,6071.80723
2000.688279,349,6072.533626
2157.049664,366,6073.289598
5786.661429,1000,6081.598195
3026.835483,529,6083.110397
2507.480757,440,6084.01839
2051.736161,351,6085.162312
5711.602047,1000,6093.499194
5837.400781,1000,6095.57401
4798.52035,836,6097.702427
3378.761915,597,6105.720795
1351.061669,234,6106.20763
5800.525953,1000,6108.695833
2440.546505,436,6110.009825
1235.475882,224,6110.473623
4543.025715,793,6118.930471
5834.306781,1000,6121.007057
5829.619876,1000,6130.031319
5391.343279,958,6132.428823
5837.980473,1000,6134.908243
4443.898308,763,6143.741054
5784.93687,1000,6146.224802
5796.208593,1000,6148.797932
3507.38256,613,6157.725674
5766.740348,1000,6160.305967
5858.606769,1000,6168.999804
5763.757498,1000,6171.478401
4806.439195,847,6173.242531
5734.150001,1000,6182.804959
3319.385423,589,6184.431735
2186.800392,392,6185.24318
5743.940261,1000,6187.73915
615.447977,119,6187.98527
5667.627811,1000,6196.292129
5767.373019,1000,6198.764856
1708.951782,311,6199.815332
1195.948912,231,6206.760153
1848.698159,339,6207.464963
5809.870175,1000,6209.945827
3690.022373,649,6211.71918
3444.97209,622,6218.912815
1455.0958,273,6220.008884
5840.040892,1000,6222.525608
5702.99521,1000,6224.990286
3874.415368,670,6232.981955
5290.761267,919,6235.286654
759.052946,163,6235.627773
5809.343202,1000,6244.479369
5745.821988,1000,6246.949032
4769.774317,819,6249.038292
5692.768879,1000,6257.959849
3488.437521,609,6259.620231
1030.602264,180,6260.005299
5702.575503,1000,6262.470988
4397.009779,758,6270.044828
5252.603285,910,6272.326839
5747.797581,1000,6274.401605
3242.687781,565,6280.923932
1638.022687,282,6281.509466
3946.982531,695,6283.356494
1376.197013,243,6283.85747
5835.82315,1000,6292.458606
2592.091986,443,6293.779168
4579.277211,794,6295.421796
2134.842757,380,6296.625721
1806.945549,317,6297.277256
4907.597184,853,6305.455679
5863.666975,1000,6307.927621
4514.103478,778,6309.935241
447.888526,81,6310.106028
5276.811096,926,6317.7922
5902.896338,1000,6320.269098
5826.333902,1000,6328.888474
5764.427493,1000,6331.371968
5812.801798,1000,6333.853179
5857.530397,1000,6341.79337
5756.53929,1000,6344.32278
3229.711408,569,6345.517603
4445.877729,804,6352.960187
5032.655001,873,6355.269105
1985.300634,353,6356.010778
2061.456458,361,6356.776968
2286.750454,391,6364.444786
4041.824078,711,6366.054306
1245.432175,215,6367.019485
1012.670947,178,6367.398263
4801.229295,838,6369.778613
3116.44567,543,6377.599771
5742.982301,1000,6380.62354
3132.185777,544,6382.329354
5812.401568,1000,6391.688582
1543.443825,269,6392.28376
635.614284,128,6392.567836
3105.351036,530,6394.218288
3063.99085,543,6395.546187
2925.125681,524,6397.153038
5611.601743,990,6406.931131
5716.104811,1000,6409.603364
5629.812706,980,6418.861286
1595.859283,274,6419.458315
4007.073189,693,6420.960684
2994.063764,521,6422.561574
5731.145401,1000,6431.53581
1261.553464,220,6432.006869
5704.340171,1000,6434.743096
5794.076276,1000,6437.464096
4725.864713,813,6445.734409
343.603593,62,6445.859328
754.523579,161,6446.198716
629.576224,137,6446.485682
1106.375938,195,6446.894177
5820.877934,1000,6449.410807
1490.770828,292,6455.46516
5733.336577,1000,6458.016414
5738.027143,1000,6460.52443
2437.158589,424,6461.414707
1182.597084,226,6469.009438
1792.661868,315,6470.084592
4165.446263,720,6471.602205
5785.42129,1000,6474.088749
1781.062268,325,6482.273397
3349.602283,579,6483.484715
5916.530784,1000,6486.037482
2966.876636,504,6487.530817
5756.746977,1000,6496.372349
392.556433,73,6496.524348
5796.738699,1000,6499.046035
4554.806856,788,6500.687641
2006.257593,363,6507.476106
4793.427931,830,6509.745246
716.086282,152,6510.065768
2587.772956,473,6511.076283
5404.007687,935,6517.92507
5118.404402,871,6520.202884
5801.857651,1000,6522.74319
2040.081431,355,6523.480824
5711.055845,1000,6531.109448
2362.705123,421,6532.45909
3003.842419,523,6533.54269
5685.052985,1000,6542.261184
1868.137939,327,6543.36088
5749.985342,1000,6545.451427
5819.849932,1000,6553.497277
3629.833122,629,6555.235677
2716.419985,472,6556.672723
5768.106506,1000,6559.26428
2524.359267,440,6566.047715
907.730375,161,6566.380887
1628.641253,302,6567.018659
5753.303959,1000,6569.522484
1028.755866,189,6570.455563
5761.955507,1000,6580.032453
5871.555619,1000,6582.584568
1316.495554,249,6583.103242
1380.293665,247,6583.616794
5481.363446,945,6593.197531
3656.583849,618,6594.992268
3828.619552,660,6596.365568
5769.834151,1000,6606.402093
384.534234,86,6606.595211
3444.118285,591,6608.362157
2006.82266,348,6609.082038
5778.761637,1000,6611.678608
5667.888165,990,6620.595357
5673.08297,1000,6623.111868
1813.263171,309,6623.749624
5837.141756,1000,6632.671654
5813.586383,1000,6635.166454
2809.541296,493,6636.608844
5804.247032,1000,6644.607817
5738.565808,1000,6647.104028
1790.08387,328,6647.782793
5773.258502,1000,6655.86998
5751.365248,1000,6658.368629
1519.928128,276,6658.943702
1677.280378,288,6659.954822
5773.711698,1000,6668.367696
2505.433659,440,6669.280785
5836.962433,1000,6671.76888
3151.493872,565,6673.355794
5571.489451,948,6680.662565
5720.847565,1000,6683.145549
3066.214651,542,6684.679438
1391.570238,251,6690.35599
5841.852459,1000,6692.979511
5806.253284,1000,6695.607302
5117.237903,892,6705.465904
1320.040523,239,6705.961728
1644.991007,281,6707.088007
5714.846364,1000,6709.63502
5706.551976,1000,6718.050243
2467.62861,425,6719.46624
2229.353952,385,6720.27451
1093.29722,194,6720.672926
5771.108347,1000,6730.226708
5667.975912,1000,6732.847672
5668.343273,1000,6735.462923
5703.635309,1000,6745.266665
5794.398459,1000,6747.870274
5785.266253,1000,6756.713059
5273.495056,930,6759.078762
4640.168412,836,6761.280441
5685.406948,1000,6770.659367
5735.140712,1000,6773.16373
5676.805731,1000,6775.743619
