#{"t_start": 1787570607.928375, "env_id": "Humanoid-v5"}
r,l,t
105.024188,23,1.203043
76.894712,17,1.238372
80.063008,18,1.278475
75.966693,17,1.316613
75.686524,17,1.354178
197.5179,41,1.439919
89.614691,20,1.483479
81.66886,18,1.519936
71.504578,16,1.552891
77.784992,17,1.588934
120.757851,26,1.642889
131.394991,28,1.704158
69.798569,16,1.736349
116.713429,25,1.787317
79.782519,18,1.824691
107.083974,23,1.875486
81.657383,18,1.914967
106.845603,24,1.979312
85.134833,19,2.031599
116.653992,27,2.10575
74.072437,17,2.15375
132.011257,29,2.225639
136.394753,30,2.298481
108.024876,24,2.358466
80.990327,18,2.4031
79.485319,18,2.447907
91.9176,21,2.5006
75.057916,17,2.543151
94.293401,21,2.596465
133.551264,29,2.657988
90.070701,20,2.699738
76.496845,17,2.736941
93.252609,20,2.779494
148.263068,32,2.845286
90.627291,20,2.890106
86.206422,19,2.92837
70.804918,16,2.963174
71.612833,16,2.996852
80.722944,18,3.033305
75.270899,17,3.067236
113.11956,25,3.119554
80.309401,18,3.156132
70.60523,16,3.187175
80.864355,18,3.224685
121.328352,27,3.279183
76.359738,17,3.316002
196.144731,44,3.407009
134.080729,31,4.403674
123.567408,26,4.460624
123.221125,29,4.526242
99.832018,22,4.582282
80.094744,18,4.628083
76.544522,17,4.670409
112.09146,24,4.731255
76.135338,17,4.773872
84.224081,19,4.82111
81.313873,18,4.863219
108.062215,24,4.924438
71.682946,16,4.966339
80.251422,18,5.009138
80.280423,18,5.049552
99.323347,23,5.100803
83.04367,20,5.14626
107.215476,24,5.206708
113.065762,25,5.272984
108.467171,24,5.336371
121.052582,31,5.418579
142.184984,30,5.495492
73.856151,17,5.532373
72.679564,17,5.569454
76.067977,17,5.608872
92.002479,20,5.652603
75.979788,17,5.697168
180.56588,38,5.803703
84.446251,19,5.860176
107.095663,25,5.937014
102.327492,22,6.00254
100.329189,22,6.076211
106.091443,24,6.155113
91.172092,21,6.230605
92.867323,21,6.321548
75.871872,17,6.371899
70.807042,17,6.415702
76.663913,18,6.460353
71.53493,16,6.501407
137.601039,30,6.582231
132.854091,29,6.662958
111.426315,25,6.739091
70.378376,16,6.779757
70.638454,16,6.817921
138.008704,32,6.893526
80.982171,18,6.932307
120.678702,26,6.991179
105.367662,24,7.743426
71.346764,16,7.785398
88.899477,20,7.838558
116.708379,27,7.904886
76.048077,17,7.938918
108.170841,24,7.992182
92.999929,21,8.042002
99.842119,22,8.090555
81.616033,18,8.130213
96.743345,23,8.177119
78.331732,18,8.214778
110.727894,24,8.26663
104.128325,23,8.314878
109.021772,24,8.364023
75.969693,17,8.399698
97.074304,22,8.446925
97.789365,21,8.489065
81.030388,18,8.529747
129.861547,29,8.590694
140.105285,31,8.665614
81.689739,18,8.710848
110.315946,24,9.286833
116.080937,26,9.353937
93.034228,20,9.405669
76.378221,17,9.450031
85.450201,19,9.500187
76.16663,17,9.54319
81.352287,18,9.586032
84.389648,19,9.624924
71.34737,16,9.662714
144.750637,33,9.740962
85.996379,19,9.788965
158.54673,35,9.866078
76.227583,17,9.905983
76.264954,17,9.943572
73.389031,17,9.977178
85.164796,19,10.019002
126.785942,27,10.075848
110.620383,25,10.131751
81.460055,18,10.170897
99.564419,22,10.218121
168.529824,41,10.307441
94.598386,23,10.358862
83.062537,19,10.3992
93.474652,22,10.445693
75.635454,17,10.479561
76.109386,17,10.513296
86.113187,19,10.553366
76.182955,17,11.183692
106.952266,23,11.234321
99.106042,22,11.283134
81.393525,18,11.321293
97.971698,22,11.369523
125.52122,26,11.425941
169.917223,35,11.504592
160.612144,36,11.580348
93.484473,22,11.627655
129.295517,28,11.691632
85.497041,19,11.730357
70.676465,16,11.765733
73.400703,18,11.802763
129.316629,28,11.863331
80.345905,18,11.901252
100.071623,22,11.948091
76.442635,17,11.986655
99.64189,22,12.043176
90.831922,20,12.094526
138.095133,32,12.179612
70.875555,16,12.221845
109.529341,25,12.286889
105.312531,23,12.347012
159.256649,36,12.448211
85.350105,19,12.504874
81.038055,18,12.550728
141.673945,32,12.618882
74.969703,17,12.656986
71.178428,16,12.691646
76.339606,17,12.728263
92.652412,20,12.771229
85.193458,19,12.811975
134.103589,29,12.875518
76.219336,17,12.91215
140.409389,31,12.981713
85.67297,19,13.030579
153.584115,35,13.104018
79.619593,18,13.141379
119.332547,26,13.194948
75.837914,18,13.232677
71.619017,16,13.266284
76.297406,17,13.30401
96.186861,21,13.350476
88.964772,19,13.393769
76.567727,17,13.429762
81.354816,18,13.470469
92.062193,22,14.193023
145.448344,32,14.268863
150.268425,34,14.34592
144.446996,30,14.413208
172.545282,39,14.494972
182.015701,39,14.576705
80.426605,18,14.616236
100.623312,22,14.667683
134.056643,29,14.731302
100.290621,22,14.780216
95.361946,22,14.826169
132.553058,29,14.888458
125.407592,28,14.950068
136.227221,30,15.017315
114.260375,27,15.075366
76.670161,17,15.110934
120.165749,29,15.175616
79.0872,18,15.211855
116.091514,25,15.265582
83.234208,19,15.308341
74.491598,17,15.343343
131.270574,30,15.405643
225.43874,48,15.525874
86.097818,21,15.578895
85.904846,19,15.624417
124.675553,27,15.68411
98.984219,21,15.728345
126.794208,30,15.794517
83.029488,19,15.838821
75.228012,17,15.878397
116.273431,27,15.948777
119.062367,28,16.019708
119.565631,26,16.089673
132.056148,27,16.159928
136.706659,33,16.991479
130.565562,29,17.061386
141.387689,31,17.145452
120.153524,26,17.207904
163.948585,39,18.034001
124.410653,27,18.09691
86.287337,19,18.138237
211.734542,46,18.23916
113.985199,26,18.298441
131.451912,30,18.361986
105.715902,24,18.415001
85.984511,19,18.455705
78.06049,19,18.497174
69.348085,16,18.53616
81.622112,18,18.584755
215.101285,45,18.708529
113.534132,25,18.761094
86.622633,20,18.80256
201.553829,41,18.888227
78.528875,18,18.926521
69.99503,16,18.959692
164.360106,38,19.042923
165.635865,35,19.143338
215.536521,47,19.28702
70.202228,16,19.336231
100.885319,23,19.398461
105.0115,22,19.456849
156.463099,35,19.547494
96.926141,21,19.60474
84.261988,19,19.652549
148.357952,34,19.739073
173.185493,40,19.830916
103.379804,23,19.890993
176.596271,41,19.991477
113.515071,27,20.053209
71.647216,16,20.089979
101.32717,24,20.141197
95.165227,22,20.192636
108.47081,25,20.257822
148.450141,34,20.345133
110.658376,24,20.403076
100.25968,25,20.457
67.9338,16,21.199504
86.442069,20,21.245876
129.275499,28,21.308547
115.346013,28,21.368204
148.350827,34,21.441777
81.114849,18,21.481853
152.532383,38,21.571328
101.559283,22,21.618322
122.571243,26,21.675899
76.361044,17,21.716565
194.743791,39,21.803726
76.326381,17,21.84102
81.201272,18,21.881095
113.772939,25,21.938138
147.421846,33,22.012735
91.267731,20,22.057492
81.020057,18,22.098187
107.241263,24,22.152079
133.678155,29,22.217741
236.802194,52,22.337596
70.067842,17,22.375149
76.126966,17,22.412213
79.673726,18,22.453519
200.161319,46,22.559445
145.640325,31,22.630955
146.835329,32,22.712658
107.365113,26,22.778418
179.768827,42,22.870378
124.011894,27,22.92936
103.084745,24,23.0071
166.933663,35,23.120377
182.814247,41,23.218337
121.291819,30,23.293015
75.988989,17,23.333056
87.853642,20,23.379449
113.02517,25,23.439087
139.625941,31,23.533791
274.312607,59,24.37803
154.278323,35,24.455125
88.539934,21,24.501809
81.192771,18,24.541759
140.227933,31,24.609541
87.697435,19,24.650017
79.299541,18,24.691244
100.542999,23,24.739751
341.805809,74,24.912054
172.850641,38,24.99615
136.347185,32,25.642452
106.700778,23,25.695402
156.270637,35,25.792235
157.685581,36,25.892004
137.836214,30,25.971098
159.68037,35,26.06343
96.885198,24,26.12311
146.09233,33,26.217596
121.102879,26,26.292372
92.889146,21,26.350619
106.906856,23,26.408721
102.283449,22,26.466867
182.088557,40,26.574729
143.266496,31,26.666044
122.466711,27,26.755549
158.367615,34,26.872648
99.365776,24,26.95748
184.713832,42,27.10864
133.581792,28,27.208576
117.099409,27,27.292961
121.034656,27,27.380805
173.341129,41,27.503413
287.522897,63,28.455225
140.418812,31,28.527125
210.549911,44,28.631645
104.501184,22,28.684337
156.666691,34,28.762029
114.133377,25,28.816862
189.226669,46,28.937542
80.811787,18,28.988813
127.18365,28,29.0735
137.625511,30,29.155693
126.806812,27,29.223339
122.858839,27,29.289654
140.873423,32,29.362562
166.255112,37,29.449989
213.031238,47,29.563221
162.12604,38,29.64927
105.843227,23,29.714851
135.871967,29,29.782124
192.418173,41,29.877692
190.178182,42,29.972498
142.818237,32,30.042974
109.887609,25,30.098662
84.915002,19,30.141399
135.302425,28,30.206964
87.848666,20,30.255152
270.338588,60,30.408438
81.252617,18,30.455998
138.333157,30,30.564403
81.614267,18,30.622381
95.630989,21,30.689589
250.409468,51,30.85698
74.036266,17,30.903017
195.174097,40,31.01614
173.676648,39,31.707911
110.420009,24,31.761515
154.970002,34,31.841102
186.383702,39,31.933627
268.641629,60,32.076804
114.298961,26,32.138978
98.530346,22,32.191622
129.457549,31,32.263012
299.643292,61,32.401882
103.571235,22,32.452155
139.479141,31,32.525687
228.755991,46,32.629677
304.138517,62,32.76896
156.183267,34,32.846212
158.499866,35,32.928394
156.001268,33,33.002572
117.127888,27,33.066745
233.24154,51,33.186577
184.715335,40,33.284928
100.104147,22,33.333756
125.729117,30,33.399791
213.929885,49,34.063324
351.07202,70,34.24197
252.413539,52,34.389623
202.329689,44,34.529955
225.656786,47,34.665986
94.666879,21,35.312559
252.673823,53,35.432646
172.851492,40,35.526889
244.454101,50,35.640007
151.448968,33,35.716875
227.359463,48,35.830968
206.252465,45,35.934835
254.498863,54,36.057847
76.078359,17,36.094263
129.472644,31,36.16159
141.00662,33,36.235483
336.79432,68,36.39488
136.563873,31,36.463032
164.484118,35,36.540019
203.522627,43,36.644115
216.533056,45,36.744944
370.382927,77,36.928396
258.019819,54,37.050255
194.232541,39,37.140864
199.617129,44,37.244505
157.160288,37,37.334635
144.068623,32,37.431606
126.797034,31,37.524574
145.45467,32,37.614821
117.566848,27,37.687245
183.717694,40,38.361548
199.144247,43,38.46243
133.685878,29,38.530575
216.809838,47,38.644593
79.358206,18,38.698724
154.020228,33,38.77266
159.849114,38,38.861855
313.833302,71,39.027652
168.531586,36,39.110204
205.363781,44,39.208124
241.339549,49,39.316027
205.350597,46,39.422467
128.052553,29,39.491446
303.267917,62,39.63387
193.26752,41,39.726812
80.173252,18,39.768646
180.452179,39,39.859793
131.750803,29,39.92861
262.122005,53,40.054712
109.681396,28,40.119327
193.426847,41,40.220473
146.234945,32,40.299086
248.622384,54,40.423211
134.77751,30,40.495168
242.849756,52,40.61809
154.453017,34,40.695702
200.792647,46,41.387879
188.588109,41,41.498931
325.065483,65,41.675467
167.595893,35,41.769169
236.033411,51,42.599979
343.562986,68,42.761808
157.509177,34,42.840738
281.843675,58,42.97365
244.714625,53,43.100915
259.918894,54,43.22752
138.782331,29,43.296181
128.738821,28,43.361203
348.478701,78,43.547939
224.221447,48,43.660088
278.801952,60,43.804652
162.545318,35,43.895334
290.044081,58,44.039477
275.849472,58,44.180114
230.715481,48,44.297382
236.476922,48,44.419654
259.174639,55,45.270603
235.425275,50,45.390696
128.919519,28,45.45767
212.290955,44,45.563549
229.205222,49,45.676942
371.992775,84,45.877865
238.84313,50,45.99009
358.166486,72,46.161656
182.443438,40,46.263708
211.221355,47,46.373798
132.907274,29,46.445587
199.258059,42,46.540822
116.664474,25,46.59674
296.67554,69,46.759926
272.979377,58,46.895994
297.197967,59,47.047813
237.222347,50,47.176014
314.954096,65,47.338695
132.835851,28,47.409183
332.590107,67,47.580749
346.793222,73,48.471179
283.17746,64,48.624076
287.080314,61,48.774612
258.114461,54,48.907187
207.880293,46,49.020791
226.452735,50,49.14142
132.712469,33,49.216484
165.80407,38,49.301728
351.381655,77,49.485087
297.559538,66,49.64139
105.775419,23,49.692747
260.877296,55,49.823735
89.440812,20,49.871259
303.754427,64,50.653605
183.700032,40,50.747375
227.379122,50,50.874579
299.781793,65,51.042753
250.541396,53,51.175889
427.213276,93,51.406086
210.491028,46,51.535038
510.120809,112,52.569816
269.199064,55,52.698753
459.83254,92,52.91254
310.997732,64,53.063813
281.956954,56,53.194398
274.375121,58,53.332478
204.389565,44,53.43732
368.06147,75,53.610794
123.433092,28,53.673756
214.589923,45,53.77468
194.56587,42,53.871812
76.086656,17,53.907924
260.20503,54,54.043064
331.282743,69,54.212595
274.34691,59,54.37297
346.574968,72,54.559993
273.610203,57,54.717052
338.045572,75,55.672679
368.019791,81,55.8661
231.911821,47,55.978015
248.448449,54,56.108408
249.498585,52,56.229358
349.715733,66,56.389151
366.601296,75,56.574477
293.717052,64,56.728219
289.265803,61,56.879431
271.014629,56,57.01721
299.256023,64,57.173164
181.084781,39,57.267276
250.852589,53,57.391689
258.823199,54,57.527704
150.609885,32,57.61559
337.670314,69,57.793579
213.259686,44,57.909961
353.057964,73,58.842814
232.6338,47,58.978419
241.002103,49,59.799183
280.641545,62,59.947778
261.969965,53,60.075836
274.577294,55,60.209448
310.992827,62,60.35228
392.574074,76,60.534762
307.630072,65,60.695155
373.894632,85,60.898371
326.453983,75,61.089725
328.58797,70,61.269079
286.115443,58,61.416401
307.737301,70,61.608024
327.783082,69,61.797155
254.155197,53,61.967357
185.522405,45,62.096786
221.496795,46,62.945521
284.642374,61,63.097499
457.277433,104,63.357251
323.704089,71,63.531953
298.851565,64,63.696446
336.3092,69,63.868128
468.266958,93,64.098445
430.866585,88,64.314336
313.428891,66,64.481017
288.328103,67,64.656379
458.09436,91,64.915685
263.835719,52,65.056694
268.810789,58,65.215117
142.525698,30,65.31404
373.286108,78,65.55059
370.65527,75,66.481091
376.115482,78,66.680876
362.985439,73,66.855819
279.859575,60,67.010536
304.447364,61,67.157664
244.278544,52,67.284873
326.630574,65,67.440581
169.486361,40,67.540359
234.21015,49,67.663539
268.817344,59,68.400221
291.191521,57,68.546205
264.01301,61,68.709617
286.429736,56,68.854323
322.345312,66,69.030978
212.341386,44,69.174917
247.109342,50,69.320541
483.76246,99,70.159512
254.394453,52,70.285316
343.591631,67,70.447956
285.354871,59,70.592744
495.307161,108,70.874469
275.596753,56,71.017589
314.441775,67,71.185467
291.081241,61,71.346639
248.025537,55,71.490567
333.638183,63,71.640847
258.592017,53,71.768747
257.91389,52,71.893259
345.649327,70,72.074649
228.501873,54,72.213914
162.691846,33,72.29624
251.186351,52,72.463747
324.377308,65,72.660105
341.750261,67,73.543986
398.423309,75,73.734704
296.520756,65,73.900849
365.712689,83,74.105467
305.166274,64,74.266675
346.289663,69,74.443077
224.848069,46,74.58731
279.324468,58,74.731637
355.157554,74,74.919017
284.692427,57,75.059764
364.187402,71,75.238171
251.56007,60,75.392432
345.621452,70,75.595429
345.865737,65,75.76278
365.416107,82,75.966289
278.529009,57,76.735965
249.369896,52,77.615741
395.830034,80,77.823582
297.626098,63,77.98166
273.545429,55,78.121012
302.732069,58,78.264679
185.337839,44,78.376267
326.726713,65,78.541244
294.187055,67,78.714228
316.52324,69,78.892368
289.809346,58,79.032614
168.449392,39,79.128061
284.939874,61,79.286373
297.790394,66,79.454449
288.715258,61,79.609037
371.427484,74,79.803766
265.478818,54,79.945548
382.184769,84,80.962688
373.790205,84,81.200274
286.390136,59,81.359856
289.297647,57,81.512299
249.028976,52,81.647406
320.666962,64,81.804332
358.43621,68,81.982074
302.842818,65,82.151624
278.008692,55,82.290492
247.850896,56,82.441612
311.759359,65,82.602314
357.326337,70,82.786704
316.736058,64,82.966229
424.481885,82,83.19447
444.32551,87,83.429914
177.067366,40,83.538545
272.549723,56,84.29008
289.43873,65,84.479301
416.209268,80,84.730216
258.659206,54,84.889711
285.869251,68,85.070094
389.795661,79,85.280314
310.51317,70,86.071846
287.238926,71,86.25642
240.968628,51,86.399121
439.621866,86,86.612945
319.150811,62,86.776503
280.271648,57,86.935451
284.246552,62,87.103256
227.40678,50,87.234289
305.028095,63,87.405337
311.626478,69,87.591048
279.288772,58,88.483295
402.032411,81,88.689505
337.273091,73,88.871087
370.997876,85,89.094229
232.14222,54,89.233744
521.259183,107,89.521499
434.579195,91,89.75576
291.36135,57,89.900119
303.313956,59,90.046784
487.412643,101,90.310482
295.865311,59,90.485943
566.897163,122,90.796386
223.948964,48,90.91361
532.324335,112,91.905514
307.978033,66,92.069447
494.926494,100,92.322592
282.60632,59,92.473351
447.859458,100,92.731294
205.736104,43,92.847368
289.604193,62,93.012304
283.859844,58,93.159849
354.28452,68,93.330978
291.359893,64,93.488682
270.799556,54,93.628587
344.4611,63,93.798496
360.720405,73,93.987491
228.973979,51,94.765701
306.051816,60,94.91662
337.524418,72,95.812499
464.648133,99,96.059384
322.052432,70,96.244789
334.148506,64,96.409464
264.518578,55,96.554098
358.848741,70,96.735156
329.586303,66,96.89696
285.227954,57,97.038477
319.271973,61,97.18537
282.818022,57,97.32289
216.847175,46,97.433105
332.261551,66,97.595653
281.311232,59,97.745229
371.801612,71,97.92505
292.24608,59,98.073158
503.380446,98,99.051276
293.850158,64,99.207984
291.364941,57,99.350281
333.595414,67,99.510356
497.151025,100,99.763693
497.111847,98,100.003774
285.985856,62,100.157202
307.819823,60,100.306987
319.053253,62,100.460358
401.330674,81,100.668172
320.870964,67,100.832607
403.765017,88,101.063946
312.602564,62,101.231523
524.512871,106,101.516521
448.029248,89,102.317194
356.423658,70,102.52997
334.742564,67,102.730068
328.552339,78,102.938212
470.650103,92,103.826222
500.707962,107,104.095519
222.745729,49,104.213932
271.679857,60,104.359483
407.07158,82,104.567839
286.186062,66,104.733653
304.548415,62,104.89141
262.097389,65,105.062726
229.641392,51,105.19341
283.632658,58,105.342315
271.511634,56,105.515498
274.075625,56,106.320067
445.175241,99,106.564799
459.648611,93,106.793952
259.466532,53,106.929887
350.922848,69,107.094087
419.305428,88,107.300379
366.860257,77,107.505728
331.027498,69,107.681577
261.305513,60,107.839139
631.132038,135,108.202203
344.160226,66,108.38401
293.70179,61,108.549031
315.444988,65,108.735991
526.955185,111,109.690675
373.072408,72,109.871063
346.810938,67,110.042186
337.275542,66,110.208445
323.402187,80,110.408603
280.774027,60,110.557297
419.97828,92,110.781406
505.277469,99,111.028881
341.885496,66,111.194946
374.529525,73,111.377968
364.729186,71,112.251854
380.007029,86,112.49037
259.214809,53,112.639954
295.270157,63,112.838368
507.18923,100,113.673158
278.167627,62,113.831856
345.168163,74,114.013642
431.410309,96,114.259484
323.684383,78,114.459339
404.539706,83,114.687931
393.448062,84,114.92337
388.735905,77,115.124988
317.419025,63,115.282698
359.843739,68,115.457556
371.20822,72,115.636135
381.795974,87,115.887566
217.293897,51,116.048463
584.752217,119,116.918558
492.044852,104,117.18068
280.008755,64,117.338807
219.115882,54,117.474934
306.850595,61,117.626887
485.586976,98,117.870329
331.770616,72,118.048665
387.337156,77,118.245721
616.019113,137,118.600861
265.621149,54,118.735956
490.642169,97,118.985265
379.295652,78,119.183267
409.073267,82,119.989516
338.917427,67,120.207038
466.046156,95,121.104321
396.139752,77,121.295252
392.465607,83,121.498582
263.149474,55,121.640099
284.614821,58,121.782866
567.78362,115,122.08489
462.52573,89,122.328024
438.146473,98,122.592657
484.647099,105,122.876544
486.164577,100,123.203622
442.742601,88,123.972
369.010017,73,124.155695
393.82634,75,124.335795
296.387599,66,124.502676
257.000886,54,124.636544
430.588946,91,124.861987
411.680023,80,125.060048
381.065076,72,125.244908
451.873077,89,125.468353
484.997037,101,125.7193
432.934789,86,125.934888
422.826247,89,126.21871
292.24239,60,126.398523
396.631867,88,127.200769
375.326419,71,127.38302
406.35031,79,127.578571
350.930205,68,127.746031
349.9174,68,127.921871
461.709767,94,128.160445
451.959135,89,128.377022
286.337827,56,128.521656
290.605462,60,128.677464
460.061193,95,129.598575
368.707109,84,129.818041
232.311104,52,129.966952
401.578665,77,130.206718
220.440674,47,130.336994
445.444446,84,131.098975
296.650755,59,131.249608
439.563806,88,131.480101
304.263442,61,131.628
562.832073,112,131.902812
685.224547,138,132.252545
322.637439,63,132.413343
386.820068,75,132.592835
565.654221,123,132.915504
393.596797,81,133.122976
308.107753,61,133.303223
358.237812,74,133.540854
397.482586,80,134.321105
477.551967,95,134.55914
249.785164,52,134.687328
499.0466,99,134.926592
340.759346,68,135.10484
242.209622,49,135.224881
441.103878,84,135.435726
344.276166,71,135.615709
333.487887,67,135.785044
462.223946,89,136.01046
411.944196,80,136.207604
518.92175,101,136.47705
306.778598,71,136.655534
409.021917,84,137.505439
452.581838,90,138.547963
339.228993,67,138.71806
421.377956,85,138.935163
325.964871,63,139.089671
346.992781,67,139.251267
340.547318,68,139.418565
406.339069,80,139.62209
468.156513,97,139.866006
354.10227,79,140.070254
373.354019,71,140.254557
330.326082,78,140.491112
426.392789,84,140.749832
304.893602,68,140.941042
350.028547,70,141.634796
489.014218,94,141.873374
465.037076,98,142.120431
490.54276,95,142.355232
312.732806,61,142.50387
345.886569,80,142.711762
291.045577,57,142.85329
502.870308,95,143.093925
408.226127,79,143.293407
315.761105,63,143.460129
425.976587,85,143.690158
281.560717,57,143.837682
254.391364,58,143.989973
618.550936,122,144.967086
394.521525,79,145.160195
371.733565,76,145.345119
396.119638,92,145.583046
294.408403,69,145.75828
380.948466,74,145.945554
493.769114,99,146.978091
351.625433,71,147.153153
369.205447,84,147.366018
470.315709,91,147.62354
407.196937,78,147.865386
358.840455,72,148.076705
289.590996,57,148.212807
381.204168,92,148.959373
602.080456,122,149.265061
282.9753,69,149.426539
378.324172,82,149.6258
483.811511,97,149.863227
202.626156,46,149.976897
393.971321,80,150.176117
383.219535,89,150.406815
389.049297,76,150.603048
456.13862,91,150.891766
347.265604,69,151.101967
510.490794,100,151.359282
318.495118,65,152.066583
330.959799,80,152.268531
382.115801,73,152.452455
446.285455,90,152.684507
329.238571,76,152.878719
376.130569,76,153.076485
487.793458,96,153.310686
404.632607,79,153.51004
380.496494,82,153.727077
353.862481,76,153.920438
525.473551,106,154.189948
393.021318,76,154.38692
323.242563,66,156.014801
570.552481,113,156.297744
314.151373,64,156.451363
452.380135,94,156.676109
220.98376,46,156.790633
487.432882,95,157.029837
455.30823,96,157.264799
439.737253,88,157.486259
352.13476,70,157.660935
577.547452,113,158.004065
351.737862,67,158.207168
524.154816,114,158.495989
349.556994,72,159.335015
452.498059,89,159.575483
425.607406,84,159.79033
695.655187,139,160.145335
295.834703,65,160.30794
391.740919,78,160.500255
385.732106,89,160.731162
304.851886,63,160.896074
506.314545,102,161.15548
343.996602,77,161.354853
429.325023,88,161.592987
584.346192,114,161.951688
386.938685,75,162.817685
354.797373,71,162.999564
384.366427,78,163.197472
434.686416,86,163.40519
333.122952,64,163.571778
454.435039,92,164.744157
437.143286,95,165.039574
455.561913,89,165.302089
382.823161,77,165.495297
514.956044,108,165.765319
398.784177,82,165.966287
429.511988,83,166.173995
440.590139,86,167.064732
359.073665,74,167.25543
318.845692,65,167.415256
368.200671,71,167.594492
422.638715,91,167.816319
372.805673,71,168.0216
413.878881,87,168.282931
301.436549,61,168.447219
428.283439,84,168.648486
320.833521,67,168.81856
332.747568,66,168.990385
396.573978,78,169.186946
588.284452,122,169.494552
534.170205,103,170.416149
414.831024,83,170.638568
417.6393,84,170.84736
474.984294,103,171.101083
408.315793,81,171.299201
553.934664,111,171.577521
602.790505,120,171.898748
598.742361,129,172.288805
434.128946,84,172.498908
412.720883,79,173.5272
369.169325,72,173.709354
342.044624,69,174.549018
500.222748,102,174.806661
324.717749,72,175.000422
458.266754,88,175.265989
552.601716,109,175.564109
342.987555,66,175.729043
452.103536,102,175.984811
346.053294,65,176.149968
289.433634,59,176.292176
638.995962,125,176.600665
686.862009,146,176.963406
543.225366,116,177.936391
397.770463,77,178.132207
334.388036,67,178.295027
482.474785,101,178.543355
363.489817,73,178.718542
294.86627,72,178.911897
548.750928,109,179.237015
462.581621,90,179.475179
385.0717,76,179.66447
428.868668,81,179.866772
535.901865,107,180.130946
400.711964,81,180.331249
406.513154,91,181.233542
432.665768,86,181.444304
381.411906,77,181.62795
572.76363,118,182.795565
469.71861,103,183.0553
431.693001,85,183.256082
507.219779,99,183.503272
410.564138,80,183.699584
741.17784,144,184.048882
352.375624,68,184.218541
350.044877,68,184.39296
394.135554,76,185.280206
398.965865,77,185.506563
471.846218,94,185.748074
427.341035,85,185.955714
386.336976,78,186.152432
408.318589,78,186.349598
493.118112,116,186.643316
586.752907,118,186.941445
428.247642,94,187.175457
402.119349,78,187.367822
796.693227,174,188.469635
426.271614,89,188.686583
334.748699,70,188.860324
442.29819,87,189.075693
539.472036,117,189.402494
509.870125,101,189.681533
437.285461,84,189.89157
428.200529,86,190.094893
348.613029,68,190.260933
319.189022,64,191.37995
452.633721,100,191.632403
522.394261,103,191.899856
542.936095,125,192.960763
336.191622,77,193.166646
328.119906,70,193.339334
300.692771,64,193.494294
365.261169,77,193.682203
281.342702,59,193.828182
313.789657,62,193.982961
301.155479,59,194.12332
325.58972,64,194.283212
400.674205,78,194.476286
355.152784,78,194.683678
375.606975,80,194.896331
404.65399,91,195.135226
466.500858,90,195.926898
350.369106,68,196.111728
668.891957,139,196.458915
810.513204,165,196.935512
376.27914,76,197.140084
585.950648,117,197.437196
472.607224,91,197.653132
469.340727,91,197.878968
607.023218,125,198.181046
306.046049,67,198.340947
621.026058,133,199.16438
293.26985,67,199.32651
547.507911,103,200.659532
339.604347,77,200.84699
674.639643,144,201.206532
572.213661,125,201.511139
334.698828,70,201.687339
559.792495,122,201.994646
334.703386,71,202.178436
683.052416,136,202.523428
458.91673,94,203.452481
462.423484,91,203.678799
342.055433,76,203.867652
328.820916,74,204.053886
409.540287,86,204.270161
600.033183,117,204.558125
496.560521,100,204.802745
426.873061,98,205.050153
428.070522,85,205.25853
331.002915,67,205.422111
359.66018,80,205.621481
396.67324,81,205.830614
502.346479,101,206.765345
369.094028,80,206.983098
263.677262,60,207.160923
365.787908,83,207.397104
377.893165,81,207.603807
494.398106,97,207.845551
649.19503,138,209.14049
315.395717,65,209.315915
368.914757,79,209.53118
318.117756,72,209.71048
586.226886,116,210.037513
508.787298,103,210.954858
422.092151,83,211.157748
482.743067,102,211.409091
485.572765,98,211.649385
438.691962,89,211.864792
495.039205,99,212.114473
471.028071,102,212.368481
278.109614,63,212.525754
294.704923,58,212.670728
292.794945,68,212.854084
346.391253,79,213.066893
237.539712,55,213.209894
474.911216,96,213.4642
451.623764,102,214.278878
495.480351,99,214.57806
525.080359,107,214.88199
536.485009,104,215.134191
378.903689,74,215.309229
389.549484,87,215.531954
340.865515,70,215.706728
434.586491,94,215.936449
557.449071,110,216.206306
346.470411,69,216.372486
448.128417,92,216.604205
347.990289,80,218.323661
331.05831,73,218.508007
560.253099,114,218.780693
374.433556,73,218.956945
333.785346,64,219.120518
515.112847,100,219.367274
572.895339,115,219.644141
700.356051,146,220.023733
356.614257,73,220.211378
488.163131,94,220.462355
669.468975,135,221.461257
490.207631,99,221.735092
332.147063,65,221.919328
363.949356,73,222.119219
352.569961,70,222.30301
356.760938,75,222.482251
398.057639,78,222.680702
376.161484,76,222.864296
416.212221,93,223.092255
708.849371,152,223.4804
348.109219,80,223.67387
451.34545,95,223.910325
467.46692,105,224.847316
443.827173,101,225.125841
415.958908,90,225.377572
374.655495,74,225.571991
549.232729,109,225.845453
358.937976,74,226.924024
383.021238,73,227.105138
556.148543,119,227.401448
505.37591,96,227.644588
349.317187,69,227.815777
505.202171,108,228.114274
374.200228,73,228.976594
419.784216,84,229.190418
494.794563,95,229.42808
371.922651,86,229.640341
434.25908,83,229.847769
359.241231,72,230.023377
288.550553,65,230.18449
566.842486,108,230.451243
368.208305,80,230.655219
548.472226,110,230.935578
447.921822,85,231.157616
339.640449,77,231.362397
361.331513,73,232.211446
683.111833,144,232.593241
579.828384,115,232.920463
414.263481,83,233.132783
397.768386,75,233.314401
312.484098,70,233.490542
433.790928,87,233.701368
676.785213,133,234.026226
496.415003,110,234.309424
593.865346,130,235.488375
555.594309,128,236.521333
425.711218,87,236.740597
520.700218,102,237.002167
442.159853,96,237.235987
512.089005,96,237.4705
846.977811,173,237.895088
373.178609,79,238.090875
321.364929,74,238.271456
358.008784,82,238.497707
390.975112,75,238.689853
330.910875,66,238.863805
440.010838,100,239.756122
356.823541,83,239.978488
332.099907,66,240.176386
339.306671,75,240.399109
408.693409,87,240.634647
494.919023,96,240.873884
363.256218,82,241.07591
395.220332,75,241.254744
521.894491,117,241.543135
343.062065,75,241.736837
409.639566,95,241.974134
277.238086,64,242.128336
466.61243,102,243.045328
428.284423,86,243.277475
374.180849,85,243.534054
330.681568,76,243.742988
355.726018,71,244.776549
389.685427,76,244.974337
429.856041,96,245.214318
546.170929,105,245.478556
517.103154,114,245.779345
401.450468,78,245.979325
729.140134,144,246.37874
366.680895,70,247.30428
409.562912,82,247.506985
535.968524,117,247.79656
490.49689,96,248.039234
404.725576,83,248.247907
392.869689,90,248.476892
693.446804,139,248.81876
382.264172,72,249.001979
328.865037,66,249.17032
593.97063,127,249.510281
392.219395,77,249.708488
481.745314,104,250.665037
395.192732,78,250.882432
492.061341,99,251.166752
498.192596,107,251.430588
353.334322,68,251.598293
395.598003,78,251.788243
520.848368,96,252.026238
732.725606,147,252.384722
477.651235,95,253.517018
417.595507,82,253.723037
415.623015,83,253.978584
433.019977,95,254.936005
480.104831,91,255.153835
418.269733,94,255.390475
406.84295,78,255.578213
388.385563,81,255.783209
356.312366,72,255.959628
534.241675,111,256.237444
549.852115,108,256.524337
386.769354,89,256.763915
536.049813,108,257.045308
257.496113,59,257.202074
582.090738,122,258.210572
449.242542,90,258.4699
457.260654,93,258.697678
465.067015,94,258.94163
343.551992,78,259.13788
778.788696,159,259.539372
384.153294,75,259.72438
319.602206,73,259.905036
344.410929,67,260.073686
271.251995,61,260.2338
479.572947,93,260.468924
325.114488,73,260.666525
474.944914,99,261.526584
405.843247,87,261.766332
327.088851,73,262.881367
480.108329,95,263.125414
420.448844,88,263.351465
366.843521,80,263.556128
410.901042,78,263.763033
592.694254,114,264.072099
328.284708,71,264.254132
473.097599,87,264.519184
482.943043,96,264.791815
315.666739,70,265.496878
544.061243,108,265.766665
536.394158,109,266.045111
450.638489,88,266.269578
409.39196,78,266.462703
298.613482,58,266.603171
521.643483,102,266.852317
350.672296,70,267.019423
409.227193,84,267.228951
373.498189,83,267.441008
454.583334,101,267.711455
430.49055,93,267.96014
426.598437,84,268.725582
582.450814,118,269.074863
444.22679,97,269.33176
312.195902,66,269.496482
406.87247,79,269.689833
319.631442,73,269.872542
811.565987,167,270.289737
384.021468,83,271.477639
378.140623,87,271.69962
337.848379,66,271.910829
516.432274,104,272.204783
647.269969,128,273.030051
502.120459,98,273.265629
347.143623,67,273.435619
538.228517,105,273.692107
377.870199,73,273.871122
422.109039,87,274.090563
420.006542,92,274.322915
547.086942,122,274.638694
566.803323,112,274.93409
484.779271,106,275.212226
502.79406,100,276.007848
360.406204,73,276.220241
391.236063,88,276.481207
532.349843,117,276.772302
814.334586,164,277.187848
414.440058,95,277.436961
486.318836,96,277.682833
442.400949,84,277.884934
394.78261,94,278.121771
463.900517,92,278.345474
481.011782,96,279.116877
374.118134,83,279.358291
492.233573,105,280.68417
558.790223,108,280.952845
430.436567,97,281.19663
397.476095,78,281.388078
582.933525,124,281.712334
391.624084,75,281.903416
474.185153,103,282.174731
492.301796,93,282.465571
715.088485,141,282.858454
406.806502,81,283.608042
455.680916,92,283.838024
555.49754,107,284.09975
441.180531,90,284.320183
869.43918,181,284.764125
378.499145,91,284.985555
656.985885,143,285.345391
499.932967,102,285.617965
476.678154,96,285.860013
361.531971,85,286.711108
622.045439,138,287.086043
387.292992,75,287.272144
646.949131,126,287.58464
532.671655,104,287.841572
287.996729,57,287.982159
522.622883,103,289.248928
385.823714,76,289.453223
467.471331,93,289.757415
441.741432,87,290.008254
370.5705,72,290.192406
323.912782,75,290.868917
413.742733,82,291.068584
340.02633,69,291.24273
474.992975,96,291.48349
565.317343,112,291.765416
583.949727,131,292.097166
328.85571,68,292.273767
398.203878,89,292.495537
540.488999,106,292.74667
524.744887,108,293.022613
491.497925,105,293.28399
565.101237,115,294.211515
302.222915,61,294.365982
359.658492,72,294.543221
459.872263,93,294.776571
355.954797,81,294.976856
548.263602,109,295.254359
546.488028,105,295.508017
454.608773,103,295.763002
417.330648,82,295.965387
452.040407,89,296.185561
501.394789,98,296.445186
434.691376,95,298.302003
469.215835,96,298.533295
604.717026,119,298.828462
323.453833,75,299.007742
622.727211,122,299.307376
621.281882,134,299.651862
425.064696,85,299.869847
414.224025,93,300.116367
465.866996,93,300.359386
480.836213,93,300.60038
605.212829,120,301.548914
430.49117,83,301.771607
506.327985,97,302.008264
534.757403,118,302.304146
420.094416,83,302.506084
497.029056,98,302.743461
660.346003,129,303.062015
521.813977,100,303.318557
399.623616,89,303.547925
397.964397,77,303.73696
576.327087,126,304.708995
483.532523,95,304.965838
425.724076,79,305.154465
457.609892,89,305.369069
746.775575,159,305.76513
418.432089,85,306.953327
648.854146,129,307.27711
979.764303,194,307.867314
447.760889,89,308.090467
692.679534,135,308.918997
695.575784,132,309.256209
472.118179,92,309.488949
413.915769,79,309.692655
365.67883,87,309.903973
229.504841,54,310.032645
375.757916,84,310.243109
472.673156,92,310.474959
718.019993,138,310.81896
414.867182,99,311.069274
427.099203,81,311.278968
284.07271,64,312.092081
614.384015,120,312.395905
439.488065,85,312.597372
625.710218,128,312.90374
412.987683,81,313.092552
306.478665,67,313.255709
419.493662,82,313.450863
546.965224,117,313.735778
280.166678,64,313.891652
598.329552,133,314.238227
562.243701,109,315.595762
380.944549,82,316.288628
336.525954,64,316.451943
410.667857,83,316.657673
527.894628,104,316.915544
458.827382,99,317.164098
508.730195,103,317.416448
417.879046,80,317.616476
566.738856,112,317.900059
356.720891,79,318.10871
393.505461,75,318.306318
289.969877,70,318.487512
304.336192,61,318.632726
374.847851,86,319.521441
429.278885,82,319.728326
383.451921,74,319.907047
336.088458,67,320.074357
556.630236,113,320.353434
333.495804,75,320.535697
431.242631,84,320.73802
308.685521,68,320.903764
460.854836,90,321.123415
498.504639,107,321.393052
413.574512,81,321.596186
421.562882,80,321.79675
441.12323,86,322.690533
527.684801,102,322.938625
608.94195,132,323.268034
415.394585,93,324.61576
381.610012,86,324.838884
442.403904,84,325.061335
639.727957,131,325.458503
411.96413,83,325.703881
519.425537,115,325.990695
546.869976,106,326.249952
395.947951,78,326.998108
453.950053,102,327.264806
377.333086,74,327.444884
446.307694,89,327.675049
374.969115,82,327.874979
462.490219,101,328.121452
372.802766,82,328.323709
418.035836,80,328.52957
370.562228,85,328.747547
407.267206,80,328.948335
327.346397,76,329.138671
378.314822,83,329.365083
593.390254,121,330.343493
456.693727,87,330.555518
595.824453,116,330.844202
558.813397,107,331.110156
423.720689,88,331.324403
408.201347,80,331.518615
409.097796,85,331.730446
554.594661,106,331.984807
574.687401,115,333.28753
360.179665,79,333.481539
467.588845,108,334.236132
479.43561,106,334.501665
385.901801,85,334.711718
435.643444,89,334.933603
493.826926,108,335.206522
637.302112,122,335.509264
411.988724,91,335.738123
566.231648,115,336.017984
744.662203,153,336.409964
387.269052,90,336.646673
284.861218,58,336.839316
314.990271,68,337.624213
409.50141,87,337.844494
287.805657,66,338.004619
845.15793,165,338.414041
357.36944,78,338.597352
379.477741,75,338.776066
706.571701,138,339.117507
458.643007,89,339.331894
311.437306,65,339.494017
476.051191,93,339.725996
451.447343,87,340.006405
416.781022,86,340.841797
354.254818,76,341.028447
665.714715,137,342.74262
413.655293,80,342.948714
449.926203,86,343.223611
400.790406,85,343.479314
458.975364,91,343.699883
453.7813,86,343.917915
320.490048,72,344.098082
408.132621,86,344.315653
482.041687,96,344.556864
693.470557,133,345.397939
362.057221,81,345.593565
646.078102,141,345.938449
565.852053,116,346.215695
608.900713,119,346.513902
459.402218,99,346.753018
382.322727,76,346.938611
427.964117,92,347.202367
359.406397,79,347.439124
516.867577,112,347.73194
706.083635,149,348.597582
399.880292,89,348.817657
417.804329,80,349.017615
632.542493,119,349.310144
629.33896,120,349.607816
504.848761,99,349.850337
545.518975,105,351.373545
478.828756,93,351.600091
693.155452,145,351.958961
444.817135,86,352.718249
593.69438,113,353.011592
569.593348,110,353.286768
500.040202,95,353.520097
427.156411,83,353.717414
468.937834,92,353.945434
588.892099,114,354.226649
383.021735,75,354.409375
570.458371,125,354.762726
474.165215,94,355.050915
326.283383,76,355.247319
567.644754,107,356.001601
553.980892,108,356.265948
532.941973,105,356.518956
422.632919,80,356.715781
531.954521,106,356.976392
367.849135,75,357.171786
563.159918,115,357.47742
592.402154,114,357.784574
437.638971,84,358.042958
492.861027,94,358.332022
707.584006,135,359.306413
474.334484,104,360.67134
484.133808,103,360.954917
669.384729,128,361.317775
634.488248,127,361.678877
703.084759,142,362.076252
412.326238,81,362.313276
334.501052,66,362.539269
403.317302,81,362.78458
515.504346,101,363.043459
423.171103,86,363.884747
407.804935,82,364.085909
423.947694,82,364.292055
468.689751,97,364.546578
525.830715,107,364.833
426.459825,82,365.044744
395.708479,82,365.252947
566.583445,111,365.562984
470.415152,106,365.894622
534.870365,103,366.184466
405.13023,78,366.382311
410.705484,79,367.114377
584.918441,114,367.419178
480.82537,110,367.701191
327.147143,72,367.893079
372.057662,73,368.083419
407.754122,81,368.303352
449.024286,89,369.574975
369.148163,81,369.791112
498.352753,97,370.037702
572.697024,132,370.366833
441.030851,95,370.616822
486.759945,93,371.435805
479.834959,92,371.667618
1013.997327,201,372.165728
715.532267,139,372.509942
357.795936,69,372.683007
556.509827,105,372.957078
551.807252,108,373.27721
991.409952,195,373.808997
603.806166,123,374.665008
337.770091,72,374.849601
483.150374,111,375.123061
540.057584,106,375.383491
500.935563,95,375.611291
623.990128,119,375.897896
352.75563,81,376.099012
401.925489,77,376.296956
393.490249,83,376.560288
450.088403,87,376.811137
443.928372,90,377.045896
500.546142,96,379.227814
580.916294,123,379.54218
568.52535,113,379.831149
718.312902,144,380.202494
336.142454,79,380.404074
444.007898,99,380.672863
407.639031,77,380.899387
363.343128,74,381.110729
609.841878,120,381.411786
676.520468,130,382.264121
592.094856,127,382.593766
458.33104,102,382.852022
420.338133,89,383.079708
588.491805,111,383.354259
555.171965,110,383.624264
429.042926,86,383.867088
450.839188,87,384.12635
490.545948,100,384.391692
492.689957,96,384.623958
463.484744,89,384.840427
579.113783,112,385.621698
433.393971,83,385.833232
505.423211,112,386.117315
381.914006,74,386.290694
651.717508,135,388.342844
783.585102,154,388.739677
314.076944,73,388.931544
581.910758,108,389.211914
481.767684,104,389.490127
338.453084,76,389.694117
448.419466,90,390.58379
872.666482,168,390.994284
366.968287,75,391.198125
442.422634,86,391.437222
482.423354,90,391.690435
392.664801,77,391.885167
667.418363,141,392.234408
518.017661,98,392.475997
407.613212,79,392.664695
353.494225,82,392.86217
602.043584,121,393.846389
465.119254,94,394.077173
365.736189,77,394.267755
357.801332,84,394.504249
431.66866,81,394.72915
659.648452,126,395.070709
381.611179,79,395.26751
788.775604,153,395.642435
366.128169,77,395.832958
982.823435,192,398.632575
462.062362,90,398.865396
310.243676,71,399.062286
723.692036,138,399.442302
430.355496,85,399.643133
463.70263,98,399.889331
361.770292,82,400.087172
419.26561,83,400.290642
418.473754,92,400.513938
654.302123,130,400.822864
438.828614,86,401.031541
378.395689,77,401.741738
534.369182,104,402.005358
412.978778,93,402.268401
352.629465,75,402.485607
459.223868,102,402.762181
359.167282,70,402.938306
501.357536,100,403.182257
535.601413,105,403.452504
971.646032,191,403.918934
456.405382,87,404.142949
330.090832,72,404.328212
583.464108,113,405.13602
421.622052,83,405.367884
504.813434,100,405.667519
559.660503,112,407.615341
370.079655,84,407.837895
490.52688,94,408.084757
426.54853,89,408.323013
668.637651,131,408.659531
362.638459,75,408.857935
397.757286,79,409.066303
854.47415,165,410.201148
583.17637,116,410.494379
452.046022,86,410.708821
443.508766,88,410.924491
540.738366,105,411.17262
872.04513,176,411.616083
528.368594,102,411.861937
890.049317,176,412.333108
577.430322,111,413.319496
536.880325,107,413.587847
637.75808,125,413.889968
432.634115,81,414.083738
239.524347,51,414.20616
456.986842,90,414.428416
402.672229,85,414.635304
489.342178,93,414.85864
604.670806,122,416.7345
759.078436,146,417.12841
644.630836,125,418.109462
502.593675,103,418.363688
433.128699,86,418.568861
689.934746,143,418.925442
498.92432,95,419.157992
432.357697,92,419.384978
425.627691,83,419.591465
615.079237,117,419.877373
397.562865,77,420.071301
506.076536,106,420.365798
529.063669,102,421.251473
447.758955,88,421.464407
577.326838,108,421.72661
601.046142,117,422.010665
623.397157,123,422.333003
435.482524,92,422.557718
487.240988,97,422.802478
646.691151,125,423.1278
542.963984,114,423.420059
679.588707,139,423.842561
430.351077,85,424.756864
433.283641,90,424.985183
515.531762,114,426.710618
405.541481,77,426.912732
442.769742,99,427.168839
402.639739,85,427.395587
494.441629,93,427.630479
288.655232,61,427.825028
515.038977,106,428.143225
549.823085,107,428.412463
362.709353,80,428.611424
369.257382,85,429.360505
398.374858,86,429.574842
648.358352,139,429.928402
457.112319,89,430.146964
424.73494,90,430.369981
575.930632,109,430.640494
763.169604,151,431.063272
473.687302,102,431.351175
575.239715,122,431.651375
465.831774,100,432.420038
436.125094,86,432.636892
478.211437,94,432.879652
422.207196,84,433.090052
539.495984,116,433.394988
645.643136,127,433.72184
546.906097,116,434.008225
380.827501,72,435.349048
764.816233,158,435.76849
843.772144,176,436.716628
666.912762,133,437.045185
516.424857,104,437.308074
467.961734,89,437.523406
579.054564,118,437.807798
457.515438,94,438.047594
508.406202,96,438.296532
391.942567,84,438.54467
868.279408,176,439.008133
803.03789,170,440.054759
522.737115,100,440.318888
668.571701,147,440.700872
739.779504,142,441.081945
639.045411,125,441.405092
570.798444,119,441.726349
405.101698,82,441.956516
557.328847,109,442.261652
454.679277,96,442.578172
495.161271,96,443.506084
450.410604,96,444.829333
430.467392,86,445.059485
598.341177,123,445.39862
685.852593,128,445.756842
767.197258,141,446.216514
433.838137,90,446.468159
499.233758,94,446.710545
572.936048,112,447.001801
393.817281,89,447.227801
472.517208,97,448.174086
733.606447,151,448.564451
744.514479,149,448.961294
443.543075,89,449.199004
400.612069,82,449.433779
596.686019,123,449.768395
471.243455,96,449.998236
794.227436,164,450.406039
414.818181,91,451.172274
551.636065,120,451.476447
439.276805,81,451.676873
528.176879,102,451.933355
305.491506,71,452.102935
523.11576,95,452.3397
599.707018,119,453.976972
465.183233,99,454.246339
536.691426,113,454.535217
539.085915,118,454.830869
484.674016,92,455.055048
380.622362,77,455.77319
655.415694,131,456.10176
1188.725168,240,456.692647
681.766747,130,457.063263
1001.53561,199,457.602267
667.710924,132,457.926378
340.010351,69,458.090198
532.363664,107,459.024489
481.263728,93,459.263811
487.103174,94,459.48854
661.588104,133,459.822861
462.551524,86,460.039888
893.948085,170,460.469801
393.457224,91,460.695706
591.342067,116,461.050085
449.120991,96,461.328221
408.028176,80,462.761013
838.773634,177,463.813482
618.532286,121,464.129685
515.953769,119,464.462327
736.240127,150,464.848201
574.696642,113,465.130324
498.175591,95,465.364788
1093.190567,219,465.895776
389.212028,86,466.645816
528.324306,113,466.924964
484.94334,94,467.161405
493.272472,94,467.429075
542.420565,105,467.741337
640.33071,116,468.020651
477.049788,91,468.229647
692.376908,148,468.60071
452.140286,87,468.817658
334.64739,77,469.013236
573.71886,118,469.877352
470.191247,93,470.103974
573.530758,121,470.400973
493.809689,96,470.633393
468.287331,100,472.306006
859.804372,176,472.743795
574.760947,121,473.040228
619.654631,130,473.364046
527.728564,107,473.627747
573.483788,107,474.403064
473.302441,91,474.648267
388.48841,76,474.873578
426.822968,83,475.096354
401.884431,79,475.292629
784.786104,144,475.645376
517.610261,111,475.914091
970.236625,193,476.38667
562.099273,112,476.664321
374.230738,73,477.431309
514.213022,112,477.724014
742.608029,149,478.106329
440.379998,94,478.348896
750.765356,156,478.768247
536.85986,107,479.09236
728.544049,149,479.481608
515.488012,98,480.821798
613.972695,120,481.126328
472.718319,107,481.925389
534.341671,110,482.252221
596.132627,113,482.556063
663.981485,125,482.864746
459.672356,90,483.087756
467.914219,102,483.345309
584.794846,122,483.646889
582.138822,116,483.934188
397.690016,90,484.161952
505.492303,97,484.922773
518.097967,111,485.237455
605.742149,116,485.565436
601.360715,117,485.856155
351.296351,82,486.060328
442.783185,90,486.283305
351.829355,69,486.458032
574.93158,120,486.760183
592.93329,121,487.070444
420.167973,91,487.306128
492.150201,97,488.073816
283.930059,64,488.231275
571.640184,113,488.512237
605.676618,111,489.945989
517.772003,99,490.185936
617.762708,123,490.487393
467.003768,88,490.705259
438.068094,84,490.912925
444.431966,96,491.145442
593.637431,111,491.415751
403.839356,82,491.618909
501.633535,96,492.382903
717.426383,139,492.783673
416.869443,90,493.033951
557.955861,113,493.328552
531.848663,100,493.57714
446.523374,83,493.7815
384.941219,74,493.961743
514.673067,103,494.217733
775.860626,152,494.607248
701.837748,132,495.514346
753.49933,141,495.869575
511.656829,99,496.11845
441.711467,87,496.326844
389.437378,77,496.516379
559.874986,104,496.781089
766.699837,145,497.196413
788.396452,156,498.835164
574.466982,115,499.127087
534.111528,102,499.896586
475.267576,89,500.127942
895.938787,183,500.655868
481.596563,105,500.918083
691.061183,155,501.305986
419.967791,90,501.541182
1088.360401,213,502.086774
544.231986,104,502.349109
574.970011,112,503.165169
454.054767,90,503.414322
390.726776,77,503.631055
476.117426,90,503.908656
489.663656,96,504.166318
395.792371,77,504.365865
688.33847,133,504.716754
458.848382,90,504.96336
526.915989,107,505.249764
453.194793,86,505.464404
795.320869,155,506.382696
1043.174208,202,508.242097
548.509563,110,508.517868
432.693343,82,508.722655
336.664469,71,508.899765
466.460129,91,509.12234
354.929492,81,509.318786
485.952657,96,509.553589
495.850478,114,509.832697
1029.518037,192,510.819074
567.56685,111,511.134397
642.452888,122,511.479757
743.631587,139,511.822339
488.553497,93,512.042607
607.108344,112,512.316873
412.332865,80,512.515351
492.741139,96,512.756215
589.138118,116,513.057802
455.499539,93,513.297786
428.45906,82,514.082572
448.784462,88,514.290349
485.313568,92,514.510484
335.488236,70,514.6786
575.453547,117,514.966979
501.971559,92,515.189403
546.620334,114,516.864061
415.419926,92,517.099581
572.447292,110,517.372292
688.243569,142,517.73382
516.602262,106,518.517437
565.666862,105,518.814898
374.288538,71,519.02242
513.314961,110,519.301172
589.69276,125,519.611089
678.559578,133,519.947094
725.790172,146,520.311001
602.519959,119,520.604576
416.789347,79,520.796621
827.832188,154,521.717626
661.031071,131,522.055413
530.346158,102,522.316526
1017.14133,202,522.822637
430.576022,85,523.056369
539.448004,106,523.377269
603.169419,115,523.663687
763.12566,145,524.028294
409.282051,89,524.74073
589.453648,123,526.350375
535.65895,103,526.642879
458.061911,92,526.873452
472.87416,98,527.114572
588.476839,112,527.391667
886.518926,172,527.810484
536.667054,114,528.086721
445.426393,96,528.340857
518.939419,99,529.107394
419.985156,86,529.330482
587.09067,109,529.638598
247.185795,55,529.790535
562.794403,107,530.064908
707.449934,137,530.402377
580.079723,116,530.693402
535.46305,102,530.950695
589.02292,112,531.234106
468.753243,92,531.464483
468.314184,102,532.275907
678.68475,139,532.620693
435.383369,100,532.880649
491.634106,95,533.112316
612.355443,116,533.406333
1387.060405,279,535.516753
594.063201,114,535.805987
466.614419,104,536.065252
444.835379,96,536.819785
539.831718,108,537.135511
542.370961,103,537.423301
439.595612,84,537.630579
602.051561,110,537.898965
453.357344,95,538.146212
552.249627,113,538.425611
597.725647,116,538.720368
705.135539,143,539.076425
566.621106,111,539.35998
824.031527,170,540.385931
437.123357,85,540.605052
530.455476,100,540.852047
872.164522,172,541.297252
608.522074,123,541.648297
487.279641,95,541.905882
499.634913,94,542.139356
729.564167,149,543.78391
839.970937,161,544.736789
575.994633,109,545.042067
537.447303,116,545.344372
567.184025,109,545.615251
565.022473,121,545.91166
443.258821,94,546.141158
465.662529,90,546.359244
573.294939,104,546.620538
412.772962,88,546.842278
505.426073,96,547.597121
459.467678,85,547.816696
538.343046,109,548.128208
383.87662,82,548.359448
497.647282,96,548.608394
495.379106,97,548.850662
544.751067,105,549.1042
451.64487,88,549.327584
795.717978,149,549.710763
540.093874,106,549.977602
586.808071,129,550.820106
523.188162,104,551.085596
447.133442,91,551.305554
408.755293,79,551.503912
725.127027,143,553.230346
358.339213,70,553.40022
506.248595,103,553.654955
436.808985,92,553.887336
523.874314,101,554.135434
565.38444,110,554.406902
469.142383,105,555.163972
350.293173,80,555.368749
490.951834,103,555.63242
478.391622,89,555.880558
585.465729,119,556.218936
396.594449,82,556.422961
496.833953,109,556.686509
850.42737,169,557.093267
592.529053,119,557.390673
510.951355,106,557.665857
447.740457,94,558.419421
471.371863,96,558.666336
612.504187,124,558.986151
414.400348,80,559.188877
540.552272,106,559.448524
518.61504,96,559.678403
770.268135,147,560.064411
749.434746,147,561.919346
605.29595,127,562.231629
432.527722,95,562.963622
396.922435,80,563.161226
644.398058,137,563.535516
761.042518,144,563.93459
607.826878,113,564.224072
807.049707,162,564.625628
722.988939,135,564.949707
777.494182,151,565.319162
1300.797631,271,566.497982
732.396264,144,566.908627
611.893204,115,567.219714
430.229311,97,567.461004
687.041029,126,567.773906
643.352856,120,568.076256
682.565088,127,568.398374
576.754454,110,569.159609
515.850323,101,569.404598
563.265126,118,571.022113
610.048044,125,571.374207
431.759421,94,571.614635
525.142203,109,571.875015
397.782437,77,572.064744
631.467289,126,572.370267
543.02944,113,572.655955
666.252282,140,573.491679
642.040274,118,573.77598
444.880996,86,573.988232
493.840515,95,574.244971
776.02401,145,574.649168
605.665057,117,574.938086
398.819738,86,575.154081
534.368166,105,575.413316
559.148102,113,575.696929
764.29437,147,576.624694
536.915716,104,576.886067
497.025567,96,577.127344
500.767376,97,577.372489
431.191796,82,577.574513
432.014002,82,577.776884
689.334838,132,578.096761
848.139957,160,579.883549
787.170071,151,580.262266
660.156392,126,581.09495
598.207982,119,581.391843
858.165,165,581.83052
616.638551,115,582.158336
497.268996,95,582.39151
648.180791,125,582.691702
573.285384,107,582.959804
552.661697,115,583.240104
705.18216,140,583.593565
570.989804,107,584.376274
695.450654,131,584.701957
612.310534,121,585.03069
596.909554,115,585.365846
521.084056,110,585.647806
1059.852975,211,586.193898
315.589313,64,586.355247
428.61138,84,586.561854
858.606713,175,587.505528
542.315598,108,589.101701
553.00075,109,589.419573
632.742734,127,589.753944
622.85143,117,590.042686
530.684208,103,590.301911
846.650445,165,590.71096
435.988911,100,590.965622
780.474227,153,591.839713
654.802249,126,592.149844
444.629175,89,592.403557
341.810669,69,592.595748
418.141162,79,592.814774
499.27534,100,593.057656
886.763449,168,593.464132
508.986914,96,593.697894
729.969901,139,594.036966
691.227793,137,594.940084
705.923708,139,595.291865
547.588562,119,595.587091
598.860588,112,595.866111
555.420328,113,596.146796
630.138263,127,597.93893
502.472624,95,598.175014
439.552862,84,598.380689
736.743415,145,598.728094
526.827165,99,599.49379
500.859137,98,599.734785
667.260629,123,600.077857
702.543235,141,600.477222
550.014129,117,600.777858
602.433377,115,601.065849
676.008771,128,601.397544
459.384343,93,601.644879
663.244123,126,601.987086
467.450475,89,602.785272
470.808726,90,603.015651
553.309165,112,603.315659
358.90274,69,603.488945
435.916125,92,603.734513
767.303925,158,604.152803
383.200728,91,604.383741
683.868314,131,604.750723
451.658005,84,604.995862
364.935501,80,605.208382
383.726833,76,605.396424
444.557051,83,607.857285
469.545682,94,608.154942
703.113384,134,608.527476
600.676999,128,608.849351
882.916368,172,609.288508
810.24573,152,609.670459
629.037991,126,609.997694
710.342213,142,610.369966
503.895791,107,611.187933
648.836936,127,611.570309
441.208457,92,611.807603
656.729957,125,612.119954
435.84564,85,612.329601
339.379515,67,612.492338
503.727528,96,612.735394
636.905053,128,613.065526
983.020078,182,613.553157
608.326493,118,614.398678
522.299998,99,614.644365
447.363463,83,614.851393
520.228425,104,615.110536
469.472198,91,615.341316
547.732898,118,617.180293
661.421847,132,617.497988
611.686773,120,617.796136
607.152074,120,618.09827
393.635312,74,618.802072
781.148476,150,619.232749
537.337761,103,619.514815
699.88364,132,619.842058
638.470657,121,620.137876
691.631831,145,620.495777
426.928961,88,620.711432
925.651292,175,621.140194
385.04108,74,621.328433
586.193054,109,622.166546
666.678687,140,622.525792
568.887571,107,622.79681
631.290834,128,623.11154
717.023892,136,623.46693
523.86066,105,623.775005
656.021786,126,624.091985
465.368933,90,624.308651
733.646474,149,626.647981
1061.059581,214,627.250196
797.345978,153,627.626707
375.57127,74,627.819908
590.849728,111,628.104362
547.94855,116,628.387253
439.716925,85,628.598189
458.477515,99,628.845948
713.752171,139,629.711143
675.836434,136,630.087604
594.426284,114,630.41775
423.439465,86,630.624973
440.041166,85,630.831713
664.43842,125,631.143815
535.699668,103,631.407009
503.797283,96,631.653363
547.592795,104,631.917257
558.067182,106,632.178926
681.646561,135,633.130125
749.374942,140,633.480685
788.41414,161,635.330798
794.517983,152,635.707518
418.696636,81,635.912227
553.253508,108,636.178451
549.755972,113,636.463641
897.010445,174,636.91699
443.459541,86,637.872452
575.811776,111,638.160296
600.340122,129,638.477581
497.791522,107,638.743166
518.389637,107,639.002854
710.036368,137,639.349442
991.056465,187,639.840069
781.647353,148,640.233963
752.150766,151,641.18445
621.624289,118,641.473341
548.503974,104,641.73015
495.867462,95,642.008062
723.766274,142,642.392859
573.649981,125,642.704791
531.454685,98,642.943227
518.518282,100,644.892419
508.921829,97,645.202135
694.64778,127,646.032436
408.252378,76,646.213365
808.619218,160,646.607856
646.869385,136,646.960241
670.103188,129,647.281318
924.638288,174,647.714931
576.572256,114,648.019172
502.786346,95,648.322311
886.234768,174,649.326661
588.54419,114,649.619332
656.802243,137,649.973656
633.271645,123,650.299628
570.937232,122,650.609848
370.661617,82,650.813319
595.451865,115,651.104414
450.550278,83,651.320035
543.018916,102,651.578776
465.927236,93,652.451583
526.855931,96,652.723649
586.425551,128,654.593856
874.810471,162,655.004151
453.504638,85,655.213875
563.53583,107,655.487368
706.844528,138,655.891711
443.539809,82,656.137182
613.817635,113,656.41572
436.805818,91,657.292989
561.406594,116,657.58299
589.569798,117,657.87877
779.979759,154,658.269639
458.20398,99,658.521749
808.083045,159,658.919849
607.419977,126,659.231558
693.154359,132,659.584042
564.181659,106,660.502832
761.892987,151,660.895306
917.617035,180,661.357966
762.416872,158,661.752364
642.11524,124,662.061879
850.22231,162,663.958443
471.506239,91,664.198897
650.345757,125,665.15467
496.314317,94,665.382087
501.313727,97,665.622784
478.566176,93,665.847032
592.903248,111,666.11598
710.00969,138,666.454372
499.872895,93,666.686436
667.734295,128,667.015253
523.346377,99,667.277695
579.967965,109,667.568214
718.846578,148,668.738742
596.918188,110,669.020289
526.665846,102,669.27141
546.396832,105,669.53251
499.522969,108,669.795691
460.245364,89,670.017561
463.308002,94,670.255714
540.332155,105,670.523944
555.133258,107,670.80636
565.937387,115,671.879722
799.484312,149,673.704334
472.955023,99,673.96068
681.296218,133,674.297353
736.627533,144,674.687621
481.628907,92,674.966659
508.863547,110,675.273443
611.421212,116,675.55639
1345.679585,267,676.89998
899.77858,176,677.352443
683.840419,135,677.682924
698.080038,131,678.004861
413.953662,90,678.225699
709.529595,150,678.601204
462.866743,86,678.833256
525.702904,98,679.146318
667.045123,126,680.062321
607.435125,129,680.389577
633.766469,123,680.695686
716.621191,130,681.02042
1347.806647,265,683.016474
494.031767,93,683.24634
745.169658,148,683.613644
543.901433,110,684.379299
491.963248,94,684.613893
673.487748,124,684.920003
934.884337,181,685.379644
764.740621,148,685.759784
729.743552,145,686.133626
679.686543,145,686.52091
467.859134,93,686.766858
614.603795,118,687.81063
518.108418,99,688.07054
463.300917,96,688.321712
514.173261,94,688.553091
518.761211,103,688.819657
705.097242,139,689.175413
721.51678,157,689.569779
540.175032,104,689.838971
939.078231,175,691.932447
703.204976,129,692.914999
656.169171,134,693.246723
552.175993,104,693.528713
523.48815,101,693.831223
1235.844393,239,694.430395
499.266942,95,694.671448
485.089519,95,694.914731
898.064966,167,696.014966
731.93694,133,696.352733
579.662896,118,696.662603
447.001688,100,696.91448
564.85732,107,697.182029
601.462546,122,697.481767
601.650591,113,697.776988
559.638157,117,698.138544
510.736153,105,698.437414
549.27877,114,699.272158
412.726423,85,699.479149
533.562983,116,699.774671
538.855087,107,700.038685
638.863017,126,701.914772
828.489827,158,702.314603
419.060904,95,702.560282
600.934005,127,702.873246
469.286423,99,703.116299
1002.211537,189,704.086094
632.222747,118,704.385324
448.124821,84,704.59903
549.422227,105,704.864164
1325.388021,260,705.50766
953.870084,182,706.038946
765.76343,163,706.989363
746.246805,155,707.374275
1013.536911,200,707.87949
591.612622,120,708.172124
437.646243,92,708.39719
499.475181,104,708.648566
481.79503,101,708.912663
743.784932,157,711.178455
692.731858,131,712.096143
869.543028,181,712.591731
613.14951,120,712.949388
505.337383,105,713.214419
867.117267,167,713.645568
557.740661,105,713.911698
573.362409,110,714.189487
1008.510173,193,715.204703
678.323592,129,715.514644
1039.821435,196,715.998123
1032.230063,192,716.481102
520.657138,100,716.72302
658.455699,124,717.094991
640.312438,127,717.484498
630.978433,122,717.786817
1079.159034,206,718.864195
1368.161663,265,721.199742
469.140046,107,721.47445
853.552257,167,721.88193
977.947217,182,722.338532
863.694351,165,723.479407
747.070606,157,723.874285
348.28568,81,724.073838
946.354855,170,724.495149
1116.386059,215,725.10934
670.604722,133,725.437515
585.575327,108,725.701677
517.343482,108,725.976043
851.071108,158,726.891789
587.992141,112,727.178318
625.105849,120,727.46746
1097.524731,209,728.050138
687.429961,130,728.387464
759.525091,150,730.535071
530.14031,105,730.807846
526.376077,101,731.74336
602.766804,114,732.032694
669.390328,131,732.363205
621.510843,123,732.680213
952.461481,178,733.140536
543.270137,100,733.415402
705.754541,142,733.826264
746.554416,141,734.212936
1269.122912,240,735.327687
626.078115,127,735.672642
614.188062,117,736.011342
668.091372,132,736.376523
521.255024,113,736.65934
425.510201,95,736.918234
928.308548,181,737.376103
806.103152,150,738.288848
709.170648,137,740.42569
839.195388,162,740.831541
816.443068,164,741.252503
908.143949,183,741.735071
556.165656,103,742.010397
537.859868,108,742.298374
605.514571,111,743.100429
522.51465,100,743.344511
463.858439,89,743.570117
502.364184,92,743.831363
1062.485858,203,744.389221
1091.823411,198,744.893838
558.138931,106,745.155526
1003.049578,194,745.630562
847.238293,154,746.500304
766.152502,150,746.887245
939.637142,185,747.400053
969.257382,184,749.438524
543.149362,104,749.703537
487.64908,108,749.972771
821.861829,159,750.940578
872.699531,166,751.365525
540.831532,102,751.644515
585.331609,112,751.977291
512.622696,96,752.218513
637.642281,130,752.542172
656.078566,126,752.843671
632.700526,121,753.146344
417.786239,93,753.37099
571.265695,108,754.132288
551.428468,105,754.392957
778.497606,144,754.776286
528.922066,110,755.102605
945.292566,179,755.536504
770.244074,141,755.889665
726.101524,144,756.241486
738.243641,135,756.580204
673.945305,141,759.368531
687.479712,137,759.71582
734.670806,151,760.109772
796.408518,151,760.521862
508.97856,100,760.786447
369.634316,77,760.994354
549.975607,111,761.277184
717.241841,149,761.665173
578.288976,109,762.508422
661.829248,124,762.85418
602.524937,117,763.154772
640.187487,136,763.490754
587.056149,121,763.788401
569.352986,110,764.052888
374.591746,71,764.22393
602.62637,115,764.506518
704.069258,146,764.865234
638.597308,125,765.728571
456.316278,93,766.002748
1278.381262,246,766.605963
597.173254,123,768.822173
358.523636,76,769.017383
708.256312,133,769.362381
424.215222,96,769.614579
523.732413,103,769.877244
681.012757,134,770.838487
682.898603,142,771.195071
749.562636,146,771.552654
481.497135,97,771.796847
430.431707,81,772.005361
1058.123488,198,772.500437
846.9036,161,772.915477
1204.015892,224,774.166467
703.785082,137,774.503262
521.188271,97,774.741923
665.790339,122,775.048092
693.90145,141,775.407907
872.830227,168,775.820905
703.654153,144,776.195128
756.404328,143,778.839408
744.784134,141,779.20097
477.45922,97,779.444805
466.855569,87,779.659048
760.680946,148,780.026156
661.924508,129,780.356495
915.158128,169,780.793974
505.038423,97,781.040172
602.788565,117,782.043491
832.002961,164,782.444557
658.696703,127,782.756671
547.165849,113,783.036595
599.632198,112,783.31259
579.384437,110,783.581658
537.395698,101,783.836977
591.747869,115,784.128634
436.13992,88,784.351388
565.464685,110,785.337237
694.313449,134,785.670396
637.474321,122,785.97902
484.634468,96,786.21901
718.915055,138,788.386459
760.592046,146,788.758761
578.009624,112,789.035742
759.38107,139,789.414438
549.052316,103,789.707919
1178.427937,224,790.761002
525.029095,99,791.002681
723.639499,141,791.338533
558.423952,104,791.592923
357.609487,82,791.791759
1006.905251,187,792.26847
1105.071143,212,793.451661
578.661528,105,793.704526
1489.748035,281,794.404532
475.940992,94,794.639086
615.01836,118,794.927014
581.092809,120,795.218571
487.530736,113,795.515126
882.020225,179,797.93343
611.163265,127,798.794645
1058.083294,197,799.288668
671.789513,142,799.648191
714.734525,141,800.008724
777.099338,153,800.392428
897.880832,169,800.898227
743.224983,139,801.82387
733.178236,153,802.21122
642.466557,120,802.508126
679.072072,124,802.819657
484.423504,97,803.061562
484.148758,107,803.326034
700.055657,132,803.661192
568.454999,108,803.937497
954.809716,182,805.178295
646.765022,122,805.484954
797.983056,143,807.600688
724.783661,133,807.937556
656.584879,138,808.299325
812.54735,158,808.70253
839.234093,164,809.165471
1000.381368,197,810.23268
766.979297,154,810.605615
423.592443,80,810.801061
892.94279,165,811.205897
641.882555,117,811.503205
429.532593,97,811.734653
634.235103,118,812.027958
918.147916,177,812.540329
873.4149,163,813.458306
863.19727,167,813.863928
472.388697,98,814.101765
721.915505,147,814.464984
680.42497,133,814.793924
412.479623,87,816.666169
817.704971,162,817.07839
1164.447913,227,818.150118
676.792536,134,818.47579
553.987378,113,818.748673
629.087545,126,819.060779
461.94696,89,819.276123
781.932772,146,819.62555
698.719528,133,819.960366
476.106296,99,820.249098
771.121942,150,821.205273
575.107975,116,821.485172
664.946333,128,821.797406
793.792728,145,822.145631
336.657678,72,822.328327
965.480837,189,822.837689
580.678958,114,823.122653
806.370798,161,823.5828
629.874386,117,824.477392
671.603511,126,826.824741
635.274655,124,827.144754
691.92755,134,827.474001
912.824295,172,827.897742
958.633699,189,828.438093
526.14079,99,828.675898
811.365298,161,829.558689
635.970593,129,829.879594
495.377198,105,830.138927
524.319249,103,830.386945
448.531264,84,830.594387
492.836201,94,830.824707
898.362036,173,831.288967
679.411415,135,831.663164
1006.720828,191,832.654959
502.569452,112,832.927648
548.995218,110,833.20138
1067.405745,219,833.749214
1047.564736,206,836.053594
587.215466,116,836.352279
490.787983,108,836.614712
435.968712,93,837.332671
490.888412,99,837.576648
1123.368415,219,838.115796
796.945617,151,838.487831
1169.224932,220,839.042719
790.78299,156,839.48103
825.185348,162,839.888235
645.482746,128,840.78429
1010.570957,192,841.260329
589.200847,115,841.549549
681.357112,137,841.88499
1042.264693,193,842.388417
1101.07626,214,843.004071
781.020914,146,846.184296
1063.25079,203,846.700494
1042.066338,210,847.317971
647.023688,133,847.646006
931.536053,174,848.078192
572.330031,103,848.32892
515.894068,100,848.57228
950.280713,176,849.643498
745.134191,153,850.042898
859.723322,166,850.508755
1710.214035,329,851.333859
560.33052,103,851.58146
648.804904,121,852.538238
324.457539,70,852.711801
514.588113,96,852.951149
981.406023,188,853.42694
880.720273,167,855.430273
1043.744035,203,855.934124
505.210903,94,856.168051
745.169178,152,856.542763
833.161229,156,857.590912
709.754634,135,857.976189
657.873984,135,858.306834
1063.835466,199,858.805295
698.107968,129,859.121087
533.915864,110,859.402661
974.434623,200,860.573265
582.186633,108,860.884
864.706967,175,861.353765
473.290015,103,861.615888
658.582799,122,861.923392
904.437349,187,862.401237
1694.310201,321,865.308909
1078.295504,205,866.467905
843.990811,171,866.890302
681.966497,139,867.23741
747.419143,146,867.592597
611.345295,117,867.895955
660.551273,136,868.313862
986.372266,184,869.435972
1373.292732,252,870.066485
693.362061,135,870.407264
616.515911,113,870.695398
620.468337,131,871.031308
889.177454,173,871.483238
526.691022,99,871.73946
1006.093408,191,872.949453
686.420435,144,873.307786
723.699198,135,875.659952
675.901091,138,876.054956
634.838157,133,876.377578
1557.464341,289,877.094151
603.869465,125,878.055173
1070.739303,215,878.597028
785.660877,149,879.017715
582.242797,111,879.319808
763.425638,141,879.658306
460.140668,87,879.882137
437.773771,90,880.119823
1352.868504,255,881.398429
545.857367,109,881.667267
642.914994,128,881.978222
818.636883,156,882.366479
904.465114,171,882.793501
990.13061,191,885.357419
701.050414,129,885.676436
814.492799,152,886.737689
643.41539,133,887.095655
611.021868,126,887.403991
825.864063,156,887.806959
724.384376,136,888.150561
837.19947,177,888.58615
845.522601,168,889.034303
623.88442,135,890.021965
1417.424302,259,890.656705
940.47447,175,891.123216
708.379893,136,891.502256
818.923957,152,891.874942
404.35321,88,892.091355
897.323929,183,893.038559
1385.786696,277,895.876508
775.528765,147,896.231243
1069.923477,201,896.729582
912.564448,188,897.214189
639.701628,124,898.277924
735.415817,146,898.652182
543.364537,104,898.916559
1392.045435,262,899.566511
581.952318,127,899.892638
1154.046933,221,900.453053
562.735011,106,900.728692
609.861527,126,901.569131
507.754204,110,901.842132
784.153187,146,902.231526
769.134143,156,902.672786
651.443025,121,902.962271
1070.79769,210,905.724513
654.094868,121,906.032431
738.918893,138,907.007196
1051.14327,204,907.518804
873.188947,175,907.969878
708.626394,131,908.301516
941.338427,179,908.764404
755.988597,146,909.140017
517.296365,113,909.432471
1174.34385,234,910.648484
960.928737,192,911.193559
523.680639,100,911.470997
1025.026931,198,911.99272
695.178675,141,912.36866
616.363796,120,912.686111
1038.266058,202,913.860883
598.087585,112,916.584226
965.323639,181,917.082653
712.688349,146,917.490165
589.604463,118,917.819613
951.151882,178,918.339644
817.868676,154,919.471999
1016.159084,189,919.959798
484.825661,93,920.197535
869.337824,162,920.610418
780.772152,156,921.000162
330.295881,71,921.181698
1423.718108,273,921.989632
575.486515,104,922.741768
1129.246184,206,923.248954
863.192552,165,923.648912
788.460523,155,924.030476
836.783515,163,926.701767
584.663046,113,926.992207
1329.613014,266,928.326317
603.236293,111,928.599999
1012.376015,186,929.057155
562.924317,109,929.348712
879.17048,161,929.809242
726.616703,145,930.19635
700.669116,138,930.554482
541.229667,113,931.50044
671.999566,135,931.861379
602.700901,119,932.180104
1020.525227,196,932.748909
758.046535,145,933.117532
714.850561,148,933.486133
843.614169,154,933.878369
580.064888,108,934.144574
1070.338504,204,937.840362
1530.243879,300,938.597344
775.098929,160,938.998389
521.355855,114,939.295658
664.187644,118,939.601759
616.759318,121,939.926104
870.885222,166,941.025568
701.305281,141,941.372628
872.628624,175,941.819634
1781.213047,342,942.661139
1261.844584,243,943.901915
673.776105,137,944.287809
416.689456,83,944.497359
590.9776,120,944.795139
513.490985,117,947.402615
968.745911,172,947.842425
1254.136444,241,948.47769
582.987516,115,948.824143
1017.061911,198,949.894881
460.829848,90,950.113259
559.849357,119,950.416275
1244.739065,242,951.003749
1380.200513,270,951.695085
497.275695,96,951.981294
1654.197086,314,953.36462
957.202577,190,953.852626
1150.995797,217,954.405014
868.225994,169,954.844221
1224.000434,242,958.023173
748.423633,146,958.386279
426.015598,95,958.616758
950.134024,171,959.030797
619.098733,112,959.304861
413.999272,87,959.514802
470.527908,86,959.761676
811.846246,160,960.214157
946.159198,178,961.18108
1655.45976,319,961.972377
748.622931,143,962.315117
743.808052,134,962.64293
960.537624,190,963.20923
1315.169589,248,964.371423
627.49496,122,964.679049
1074.198559,199,967.505049
799.678187,152,967.936592
1324.725241,237,968.526068
1080.983552,209,969.528609
1085.867479,211,970.038284
874.915091,167,970.453662
924.415548,166,970.930484
573.108573,108,971.216625
1421.442073,274,971.890552
641.53252,128,972.742294
1257.421165,247,973.39455
1151.046708,219,973.953443
680.696659,129,974.269858
606.900344,131,974.603787
740.546324,139,976.950659
1163.30665,220,977.986218
906.704258,171,978.434189
1543.95031,304,979.250551
681.66,137,979.606375
792.27246,148,979.967581
680.770684,134,980.297785
914.726611,168,981.206978
658.602239,137,981.540082
2815.206963,513,982.858145
654.911713,121,983.23315
908.668659,175,984.172227
1176.112953,222,986.786688
1043.908412,207,987.304309
445.375962,82,987.502723
681.428688,140,987.855985
1270.519349,248,988.480955
887.369222,165,989.438875
710.89822,138,989.824144
712.914416,131,990.144541
938.499951,172,990.567627
1095.479995,215,991.108329
620.594651,125,991.425879
695.110365,139,991.793565
970.541324,180,992.786994
552.617449,102,993.03639
968.479741,179,993.480334
1205.657914,231,994.094456
1228.372162,237,996.889562
934.656698,188,998.028084
513.356762,96,998.266109
903.637942,171,998.694463
671.808217,133,999.021468
1005.080308,197,999.512912
1227.275589,231,1000.112823
559.814383,104,1000.384321
610.715309,119,1001.244179
537.122538,114,1001.521258
692.797649,135,1001.912661
630.954038,129,1002.247646
1072.961497,207,1002.75438
640.079856,121,1003.055745
1268.425938,262,1004.19047
592.378705,110,1006.918554
938.413974,173,1007.361695
602.74341,121,1007.677063
391.042329,72,1007.882317
462.937414,102,1008.19079
885.480989,175,1008.646435
689.549751,133,1008.968838
2193.57808,405,1010.553086
2061.310111,404,1011.569791
667.371245,137,1011.936888
402.730927,80,1012.138974
522.884522,108,1013.086363
727.674759,141,1013.444518
713.728537,144,1013.796701
966.515492,183,1014.233964
1712.671382,315,1017.530892
671.394553,131,1017.863577
1131.079773,215,1018.95987
480.338973,89,1019.180851
1104.606057,210,1019.7363
791.263632,157,1020.136266
769.117581,148,1020.516212
1285.913685,234,1021.171734
1096.78789,202,1022.144133
722.230946,158,1022.525342
759.325691,149,1022.890854
737.376551,149,1023.270691
865.180977,170,1023.711256
794.259003,148,1024.129124
984.928284,194,1027.700093
1509.947119,304,1028.458506
568.897922,103,1028.714412
581.927833,117,1029.013498
557.041701,100,1029.265211
657.939773,122,1029.570293
1208.214727,237,1030.704344
1579.613626,303,1031.460834
1016.585828,200,1032.02804
971.621004,186,1032.492695
680.390874,136,1032.830743
1592.14197,307,1034.220348
572.198253,116,1034.509241
1039.845894,211,1037.311261
1474.802522,276,1038.031796
641.013515,122,1038.359911
547.808712,118,1038.669619
726.993444,144,1039.573393
1240.175419,243,1040.242792
1141.294664,219,1040.779636
1177.554865,217,1041.304016
1674.56492,320,1042.78553
684.795182,143,1043.188965
660.327385,124,1043.497274
1276.002662,251,1044.11099
838.367109,171,1044.53105
865.716298,169,1047.326128
911.598686,175,1048.388543
1182.588091,237,1048.982695
650.02788,126,1049.294106
997.913225,190,1049.763589
1007.992642,193,1050.272747
1389.830849,266,1051.708243
1018.549598,186,1052.164225
1136.267354,213,1052.703654
710.346599,145,1053.066863
2165.285764,418,1054.885469
503.17974,108,1055.145672
866.980662,154,1055.51053
592.635288,125,1058.232562
710.777166,140,1058.577281
913.135383,173,1059.054603
939.120892,172,1059.521812
606.60215,110,1059.789778
867.765019,163,1060.821439
1490.515129,290,1061.524712
762.191605,140,1061.857661
1788.385922,338,1062.7594
928.29273,182,1063.703062
823.666576,154,1064.077074
921.184025,173,1064.479731
1309.897904,248,1065.086475
1522.018767,298,1068.722894
997.015937,190,1069.680366
1288.209242,238,1070.318737
688.717427,133,1070.665931
1348.746237,261,1071.312382
1232.266318,233,1071.871699
1301.979987,245,1073.134603
849.530565,166,1073.609438
1642.337924,312,1074.385724
1573.695026,307,1075.170373
828.359351,156,1076.214064
887.958377,176,1079.375865
994.259789,196,1079.866915
1023.894572,201,1080.375374
1032.397445,191,1080.857971
590.307475,112,1081.203034
915.780705,172,1082.294255
1552.139051,309,1083.048795
1079.817625,201,1083.534451
463.710298,99,1083.791866
778.535881,142,1084.17476
781.750926,165,1085.266797
1353.218986,252,1085.91955
1091.021374,207,1086.474249
926.717757,186,1089.615633
2819.967991,545,1091.463261
1362.370667,259,1092.124421
1057.208959,197,1092.65521
846.444681,174,1093.086992
767.413297,163,1093.496691
1289.656697,251,1094.670083
897.912964,172,1095.109114
1387.319028,270,1095.802625
677.771994,150,1096.1944
991.589589,193,1096.696392
2101.088109,394,1101.228842
463.932159,101,1101.4776
866.678213,177,1101.921233
972.139656,199,1102.415461
422.590748,95,1102.666391
1081.460153,226,1103.798471
459.629331,91,1104.026239
1379.506125,267,1104.686689
437.255282,91,1104.955019
1125.900389,219,1105.524407
1346.262487,248,1106.616476
937.766185,176,1107.046788
885.474324,165,1107.45763
649.895091,126,1107.781102
628.549051,128,1110.919563
1429.514999,284,1111.691569
1049.949371,201,1112.819055
1582.538717,303,1113.587481
1173.180006,232,1114.166807
1236.269185,254,1114.810024
782.29697,146,1115.762493
1247.313561,237,1116.406904
920.709639,198,1116.898206
509.515026,105,1117.160587
768.038048,142,1117.499482
370.276516,80,1117.693248
607.6144,110,1117.962585
701.616534,127,1121.111089
1176.186066,236,1122.255062
563.814071,124,1122.563166
596.760006,119,1122.851042
607.688848,133,1123.186128
1216.373482,237,1123.870006
1597.45067,295,1125.095846
1188.680792,217,1125.632945
1011.301407,187,1126.097195
925.840279,180,1126.549396
783.506637,169,1127.027984
959.230845,196,1127.992592
1103.078513,202,1128.488854
1022.729303,191,1132.59285
790.11161,153,1132.983237
856.811158,181,1133.460913
1205.549269,221,1134.03441
1161.329422,239,1135.368027
712.21777,152,1135.763378
779.720214,150,1136.141703
1053.322179,208,1136.673139
976.420594,180,1137.142565
515.576859,109,1137.439765
1457.168863,279,1138.900817
743.339946,143,1139.255549
1643.493724,318,1140.077818
1225.9222,234,1143.315963
1059.039031,206,1144.439379
929.481485,168,1144.865486
653.22274,118,1145.159876
1551.135439,299,1145.915485
1684.098157,316,1146.77034
1665.983591,328,1148.090959
698.392346,134,1148.42828
1910.634295,368,1149.367683
757.172168,148,1149.792757
972.851064,198,1151.019618
1442.633328,280,1154.595655
963.793727,190,1155.064995
696.66199,138,1155.407362
1193.7784,228,1155.981685
1640.19855,312,1157.439761
619.607465,116,1157.732807
2064.311056,396,1158.73817
602.1469,112,1159.02581
1693.696964,328,1160.478085
1222.253638,233,1161.069808
930.283384,179,1161.531398
763.417517,138,1164.872639
1103.409103,217,1165.504333
839.883077,153,1166.462822
836.612901,152,1166.847331
906.326603,174,1167.291258
782.880205,147,1167.655424
1229.073626,231,1168.256113
1522.551072,286,1169.592688
948.360616,190,1170.108318
593.35852,118,1170.445646
826.941552,160,1170.82939
1292.79941,247,1171.439362
1312.325915,243,1172.037816
789.528718,166,1173.119471
1317.415884,267,1176.33215
1205.137901,221,1176.940758
1601.842048,294,1177.681885
1821.878161,362,1179.214809
1213.990245,235,1179.790169
765.31886,150,1180.163414
961.914576,186,1180.645839
905.654838,189,1181.818372
932.866549,171,1182.245331
924.293236,173,1182.681266
894.590938,170,1183.103346
534.259221,116,1186.508865
684.867709,129,1186.83362
900.994537,171,1187.29028
1644.034342,321,1188.782502
925.198427,190,1189.250002
1740.771841,329,1190.14638
1590.767947,299,1191.507041
1114.402968,221,1192.071558
2182.459923,420,1193.192081
1647.916665,310,1193.977164
673.008514,150,1197.839019
1582.02923,298,1198.603773
583.523828,109,1198.872903
1383.429604,264,1199.546761
844.335482,165,1199.980895
627.0265,132,1200.939036
880.471595,161,1201.361011
1116.091874,210,1201.888277
1601.103876,306,1202.656653
696.083757,149,1203.04492
1347.917906,255,1204.452574
1387.011883,272,1205.183178
1121.058113,219,1208.867438
613.380271,119,1209.200559
599.131658,107,1209.467551
622.345353,116,1209.748539
1227.456676,219,1210.935365
1255.180397,236,1211.513312
851.852792,154,1211.893865
1652.254764,309,1212.728224
1281.293654,246,1213.993941
1608.423205,305,1214.749931
691.236056,130,1215.062835
918.411215,179,1215.563758
2342.117068,445,1219.784759
682.241589,123,1220.094888
2417.643662,449,1221.307854
658.979791,138,1221.652789
1138.659111,210,1222.186093
1203.393051,247,1223.474091
807.621137,156,1223.912661
709.060687,129,1224.239196
1078.091979,204,1224.769095
979.858421,188,1225.24334
1430.24161,262,1226.478106
397.30191,76,1226.670338
1361.314394,255,1230.667142
726.199495,149,1231.074218
2610.182335,506,1232.972723
1294.953561,242,1233.575145
852.783225,181,1234.025842
770.569406,166,1234.471788
1565.434939,303,1235.318798
1917.530563,361,1236.975256
541.531536,97,1237.22022
931.59502,186,1237.708983
1965.005944,367,1241.675704
1059.372772,198,1242.840693
777.387034,165,1243.264045
1756.051368,332,1244.10028
1116.552393,212,1244.64919
910.812806,177,1245.682423
933.6704,181,1246.17139
862.382457,158,1246.56925
1734.450534,340,1247.472328
898.516678,165,1247.89664
696.563643,127,1248.208718
1007.912647,185,1249.213658
1227.579602,247,1253.506722
1195.36337,220,1254.089876
859.216697,154,1254.508383
1572.60976,289,1255.94938
523.245895,114,1256.225816
944.126974,179,1256.66835
964.531367,176,1257.10426
840.707547,163,1257.511034
932.496163,170,1257.949306
1741.846063,320,1259.471877
809.227315,160,1259.877189
769.060925,148,1260.241761
1562.534644,296,1264.379148
1042.186399,216,1264.924299
724.619935,129,1265.759136
665.219853,138,1266.102116
765.692234,158,1266.490728
1019.239381,195,1267.044619
1416.873845,266,1267.712665
627.165101,136,1268.049188
1035.228675,210,1269.221394
1569.232626,301,1270.042117
2469.822727,457,1271.191387
800.701134,156,1272.106297
428.254277,84,1272.322347
1002.911186,192,1276.08805
1081.174973,214,1276.633755
850.065554,163,1277.041565
1324.984373,246,1277.694147
509.193358,94,1278.636993
1485.09896,293,1279.371113
1436.877906,281,1280.096483
710.033247,152,1280.476744
1512.969262,288,1281.9188
1177.540846,233,1282.525651
1254.368276,246,1283.16838
1406.303312,260,1287.050404
1119.136848,206,1287.566717
772.152281,148,1288.575253
654.722012,123,1288.885836
1071.929101,198,1289.396129
1045.26573,188,1289.918728
597.028665,133,1290.2484
1320.352815,261,1290.89959
1116.031518,212,1291.985656
965.128372,191,1292.470809
1810.652218,334,1293.313004
1406.197535,271,1294.015697
2550.592069,492,1298.892208
673.782762,131,1299.225623
665.91639,133,1299.563498
1134.404823,219,1300.130744
1166.756383,232,1301.394019
1118.407974,229,1301.975658
639.647657,120,1302.289938
1077.615524,213,1302.83598
754.936105,162,1303.258787
886.0509,186,1304.288361
1126.996733,211,1304.818391
1445.924544,278,1308.274719
1100.879923,220,1308.931668
827.541686,165,1309.339604
1118.016723,211,1310.430625
1345.101897,269,1311.120382
1187.242165,235,1311.720756
1309.182882,249,1312.355835
1172.394119,227,1313.638374
1056.790224,196,1314.124249
1612.383827,312,1314.891728
592.873884,108,1315.168492
964.784128,191,1315.638862
1002.058707,191,1319.991554
353.492314,81,1320.862192
962.86656,198,1321.423609
890.930071,189,1321.911813
463.260022,86,1322.12549
1789.700828,349,1323.001959
615.832795,133,1323.902265
650.604521,136,1324.263144
1016.706952,186,1324.780396
907.218133,183,1325.240533
591.740298,107,1325.507099
972.943216,189,1325.976998
761.737041,152,1326.36071
1330.292443,252,1327.593196
775.551072,143,1327.976358
1140.814375,213,1333.203465
398.068121,76,1333.396587
1405.381658,274,1334.081505
2221.331401,423,1335.723397
1027.83275,186,1336.19597
977.156369,190,1336.671201
1026.645424,194,1337.155495
1300.81654,237,1338.264227
2298.165474,444,1339.396775
676.446612,152,1339.787698
1287.519645,233,1344.249504
642.263929,122,1345.104117
2902.991088,544,1346.461609
1073.055155,201,1347.010935
1809.538425,353,1348.620174
470.249373,105,1348.887805
1728.961371,325,1349.722358
1934.316278,365,1350.670739
899.285753,191,1351.696514
1038.04317,200,1352.2523
742.390623,148,1357.624446
763.883514,151,1358.039742
698.50666,143,1358.438611
620.280464,114,1358.744946
571.942887,110,1359.048632
766.351413,160,1360.170483
968.756655,184,1360.669378
1449.270354,272,1361.353804
1899.494864,350,1362.231049
1312.747766,253,1363.620285
854.092599,172,1364.053442
1246.475311,242,1364.660122
846.041751,186,1365.136319
1568.135639,296,1370.54109
1076.133186,201,1371.774999
2573.700667,487,1372.991169
2558.784237,486,1374.957662
1011.161563,197,1375.448808
617.49406,127,1375.769433
443.840372,103,1376.023127
793.765601,153,1376.407801
925.556017,170,1376.841098
1462.327896,276,1378.224585
1128.376311,212,1384.484931
1505.769016,296,1385.25874
687.968218,149,1385.666271
532.550427,113,1385.975271
1678.215926,309,1387.377122
722.334982,149,1387.820217
921.654238,174,1388.251881
1152.071991,224,1388.820014
1005.626481,183,1389.280285
837.068096,173,1390.24919
1432.959043,267,1390.991459
549.832611,113,1391.271931
763.374683,149,1391.64668
947.398875,185,1395.837965
1055.335329,196,1396.370312
754.710535,139,1397.307333
635.710027,118,1397.599581
2633.542193,495,1398.908723
1334.679868,248,1399.52125
764.420098,151,1400.447741
599.414885,127,1400.766043
949.91992,188,1401.237418
1302.974474,260,1401.970329
763.026653,148,1402.345987
2033.409524,408,1408.98747
796.866967,150,1409.389715
1133.700953,221,1410.035715
971.730718,177,1410.486605
1132.783948,215,1411.023477
1704.529635,317,1412.358433
651.517701,135,1412.70343
2324.617825,457,1413.908357
702.189806,128,1414.230171
1100.638949,199,1415.303298
1292.723005,238,1415.907857
2002.765111,377,1422.4365
684.024647,134,1422.767594
1909.634826,358,1424.234747
1658.042852,311,1425.019368
727.585199,132,1425.345554
2342.136343,440,1427.162351
818.582426,164,1427.567037
1291.662016,255,1428.198769
560.313776,107,1428.461823
942.183816,169,1428.916048
787.755805,164,1435.951999
2062.717558,394,1437.52847
3073.365653,567,1438.930163
1224.235455,240,1440.019035
876.616062,166,1440.472599
1762.79378,329,1441.322646
1625.945198,315,1442.081974
1096.6079,213,1443.267663
751.243583,137,1443.612565
520.759015,108,1443.893133
891.463961,158,1448.729133
1052.665395,191,1449.19362
1504.846581,273,1449.882171
1343.714126,248,1450.981379
942.616392,178,1451.482474
1086.598023,195,1451.987268
1598.425257,299,1452.745923
1779.0448,347,1454.277318
911.240131,180,1454.728657
853.409441,181,1455.182623
974.043187,180,1455.641551
949.211598,187,1461.77903
1033.053531,190,1462.825638
2039.031563,386,1463.783201
783.354354,150,1464.227877
643.024802,144,1464.585003
1751.241251,355,1466.10809
912.906056,184,1466.569052
1357.69953,246,1467.247908
3368.404936,632,1469.496119
1603.060204,304,1474.420123
1075.887918,199,1474.966576
2341.692981,445,1476.617942
1190.621736,239,1477.211658
1718.021434,338,1478.074329
1788.897379,323,1478.935628
1506.442991,293,1480.206654
675.170025,120,1480.508367
2377.672414,456,1485.951129
2145.263926,406,1487.4717
1257.864975,248,1488.093026
1514.459864,279,1488.800989
2944.298485,550,1490.798742
2047.255139,389,1491.808173
1353.38542,243,1492.407667
1310.820297,264,1493.68892
2297.402065,432,1499.673079
1715.288005,333,1500.548195
2805.183089,535,1502.496818
964.163686,179,1502.937821
469.403094,88,1503.154382
1549.139879,285,1503.841536
799.937006,164,1504.732909
4234.633038,824,1511.492343
1467.108193,274,1512.68906
554.071322,109,1512.955659
949.502542,199,1513.500201
1121.962552,217,1514.078995
3331.883222,621,1516.095323
3018.616055,571,1517.606386
970.627919,176,1518.059799
2667.127521,523,1524.926431
1751.867875,328,1525.745018
1125.520539,203,1526.250854
523.477589,98,1527.035612
2371.914506,450,1528.177267
1908.963955,358,1529.067649
2546.745219,471,1530.978158
824.287714,172,1534.315655
1193.685152,249,1534.965286
3207.211558,595,1537.130608
3318.826706,622,1538.743678
1402.448395,280,1539.966092
4058.768487,752,1546.277347
1597.485882,305,1547.63146
473.119951,99,1547.883908
2765.986395,539,1549.309182
925.958426,184,1550.260939
705.426259,138,1550.602982
1553.198437,299,1551.351948
763.710378,164,1551.797579
1790.004139,333,1552.659165
1137.53183,212,1553.671058
1287.839766,238,1558.578138
750.445846,133,1558.930294
2391.642458,461,1560.220068
1528.783879,316,1561.671655
1499.993116,282,1562.367546
3723.060968,693,1564.855881
1477.381839,284,1565.570122
779.883228,163,1565.987286
1329.790426,246,1572.548181
622.422189,114,1573.308435
1426.218314,282,1574.027694
1972.843092,369,1574.961701
966.237431,191,1575.462375
3834.877653,710,1578.012294
3194.2933,605,1580.288659
1498.776231,300,1587.119298
1672.750675,318,1587.957604
2396.0287,457,1589.59687
1016.407571,208,1590.140999
2151.546508,416,1591.232696
1757.246179,325,1592.529545
712.90072,127,1592.852138
1097.114282,204,1593.372871
466.136726,111,1593.653952
1769.202724,322,1599.765999
1685.940321,309,1601.035837
1936.096269,361,1602.005719
1133.111897,214,1602.553049
2731.418045,507,1604.481187
1175.514406,223,1605.03991
1492.91311,283,1605.798479
1388.022859,258,1606.47073
756.401704,146,1614.732953
1804.633011,347,1615.604647
2000.341609,378,1616.590256
2331.735709,438,1618.423032
3593.814403,666,1620.186159
2867.923054,522,1622.142752
3546.709957,667,1629.529929
1582.102676,299,1630.297582
939.981111,185,1630.770456
2957.296085,568,1632.74881
1048.371794,208,1633.329885
2420.9764,460,1634.503256
848.706567,162,1634.907343
945.408273,188,1643.83001
2647.370543,479,1645.104245
1885.612253,350,1645.970935
1292.234472,255,1647.125546
2016.147864,385,1648.164352
3367.370504,635,1650.430166
1562.087993,304,1657.29799
1087.223794,214,1657.826683
2513.797534,457,1659.681285
1240.339045,239,1660.33931
755.561002,159,1660.748647
3191.402996,600,1662.895192
1843.337628,353,1663.861462
1177.425723,239,1664.461456
2530.438993,484,1673.542088
759.360137,139,1673.880789
2483.569129,478,1675.180937
1550.40736,306,1675.961515
2224.295094,410,1677.501511
1846.165843,341,1678.363809
2530.882721,489,1680.321365
4601.842749,866,1692.196451
835.154784,165,1692.605471
891.75972,175,1693.051853
978.075157,195,1693.542728
2737.688405,528,1695.52085
1263.312661,251,1696.170944
2379.155027,462,1705.063902
1551.417871,303,1706.401569
1139.882185,222,1707.010439
4820.337043,930,1710.04975
1848.93532,368,1710.960865
1209.48499,240,1711.547053
2440.704594,451,1719.765022
3089.478581,583,1721.35998
2547.326881,476,1723.041884
1181.71916,223,1723.594588
2357.331399,433,1724.745212
2957.784407,561,1726.772814
1003.820761,180,1735.739379
812.633328,149,1736.107322
2150.789779,401,1737.886015
1324.098903,252,1738.528956
1307.551432,246,1739.151418
1349.240808,239,1739.775668
2010.786465,394,1741.578987
1105.203489,222,1742.13493
1388.237068,270,1742.84247
2560.526167,482,1751.399729
690.298069,142,1751.830951
1999.853907,380,1752.813921
2078.547246,401,1754.427775
978.395287,192,1754.896647
840.436429,158,1755.285841
1566.717529,301,1756.041536
1900.05831,357,1757.681208
1996.111218,395,1766.304434
820.046143,159,1766.696975
1194.008655,247,1767.336908
4784.15839,909,1770.392381
1024.739882,189,1770.90204
2645.219512,519,1772.962958
971.314754,186,1773.432835
3611.204943,676,1782.481184
1735.445601,335,1783.323587
757.070303,151,1783.773422
902.528387,169,1784.250745
3171.450531,572,1786.3176
1576.558937,294,1787.130126
3316.679542,623,1798.0304
1012.934889,193,1798.560812
1745.99301,313,1799.340935
2476.878775,472,1801.151986
4140.569477,782,1803.827133
1187.336679,214,1804.372908
1355.733082,262,1805.053476
1547.846045,309,1815.815351
3042.293949,581,1817.877352
1257.417582,236,1818.459882
3927.05534,753,1820.893591
1614.616205,308,1821.68021
3478.976566,650,1832.670472
2452.782224,447,1833.827994
1733.368493,335,1835.508477
601.529085,108,1835.832027
1487.418771,270,1836.534383
1765.990291,339,1837.456703
2049.732997,411,1839.392261
1089.691607,205,1839.923802
1569.241084,289,1848.996633
3278.358748,608,1851.412029
1905.847596,361,1852.381768
5471.234815,1000,1855.717052
1964.066326,364,1856.682247
4612.954012,847,1866.453186
949.089055,178,1866.904723
1690.35257,308,1868.200324
2179.751376,409,1869.234637
2476.064919,440,1871.048832
2345.579905,449,1872.184439
2054.401276,375,1879.636099
1676.264984,306,1880.92169
2546.669254,480,1882.156602
1021.157056,178,1882.643853
2724.413432,526,1884.611607
767.917045,157,1885.005686
1131.296994,206,1885.581992
1611.122845,315,1895.074368
1427.057895,258,1895.70522
1483.656848,269,1896.420107
1069.006426,215,1896.993883
716.201957,145,1897.387738
2707.007443,492,1899.345575
2305.078839,420,1900.37608
3673.001256,688,1909.807379
2094.712344,380,1910.792442
984.594227,173,1911.705728
2077.922889,384,1912.642385
2810.248408,504,1913.984201
1569.668758,294,1915.423496
2765.46608,496,1916.688678
1729.059231,321,1925.702952
922.141031,165,1926.783205
950.789607,174,1927.216555
3053.857734,566,1928.654406
1922.105753,356,1930.338796
815.379107,156,1930.7349
1592.194988,321,1931.546665
2118.469092,386,1933.339283
1911.991415,353,1941.055991
2004.629779,380,1942.030033
3029.634755,578,1944.210834
3833.044494,718,1946.742154
501.112948,90,1946.965673
486.390159,90,1947.191668
5507.948067,1000,1958.525981
3912.403297,733,1960.452918
1751.880561,325,1961.949013
1459.467051,290,1962.691506
3119.396701,584,1964.999958
1289.959599,230,1972.423314
1318.98281,259,1973.095677
1276.971381,248,1973.769348
1798.672443,346,1975.335884
2444.987608,463,1976.580168
1599.247818,294,1977.312084
977.280853,208,1978.460974
2221.673228,455,1979.68095
3748.08365,683,1990.827433
1383.471688,252,1991.474365
1181.986905,220,1992.041362
2639.828092,478,1993.801106
2298.558909,415,1994.905643
783.085556,159,1995.320206
709.788793,149,1995.719013
2449.75413,451,2004.792985
1565.866346,305,2005.61296
3691.642453,678,2007.889585
1912.412271,371,2008.85107
3020.617489,555,2010.844545
1277.150273,226,2011.404154
3039.424074,576,2020.928724
1704.21225,312,2022.481066
925.59731,173,2022.89866
969.293611,177,2023.333856
3583.392168,664,2025.645339
1089.278219,207,2026.160497
3400.662216,620,2036.324136
781.918169,163,2036.801903
4560.110912,832,2038.923835
3429.364121,639,2041.184488
4499.827208,817,2043.80046
845.235883,179,2051.368419
1107.611033,214,2051.899077
1820.990767,345,2053.493729
640.94048,135,2053.861698
1200.066194,222,2054.414992
2061.497428,399,2055.417697
796.333644,143,2055.781568
2220.160501,427,2057.628356
1509.603479,290,2058.376778
1902.380866,376,2069.174165
1928.947773,364,2070.162242
1404.854301,268,2070.871672
2716.051414,511,2072.853365
1788.573004,337,2073.801538
923.485154,184,2074.274116
3919.965597,718,2085.081957
1205.298884,235,2085.705102
3726.000157,698,2088.101481
4154.090357,788,2090.870673
1015.220891,197,2091.38056
924.133983,183,2091.865581
1745.019355,321,2100.166122
991.611499,192,2100.698861
1842.664664,360,2102.350485
2323.905812,449,2103.510089
1562.62173,281,2104.990402
2672.48882,494,2106.307435
2858.286227,527,2108.425202
4187.997709,779,2118.935423
2298.904574,425,2120.662675
2267.117246,446,2121.882555
2735.281828,508,2123.811412
2998.193845,542,2133.642207
2158.558909,421,2135.253834
2066.679394,375,2136.231859
1950.711432,359,2137.182874
1658.921339,301,2138.629179
1562.687487,283,2139.367582
4646.868531,852,2150.493378
3252.725213,618,2152.141413
4070.303698,745,2154.734527
581.119369,118,2155.033225
5171.215502,946,2165.016815
1234.621738,229,2165.621607
3933.124512,713,2168.049746
2400.682259,449,2169.247093
2760.206121,527,2171.229027
1835.208343,361,2172.18877
4327.669232,814,2184.195032
1455.047465,281,2185.033235
2098.848426,393,2186.661337
725.601647,145,2187.049849
1065.084371,206,2187.590135
3671.735705,684,2190.106767
5411.703163,1000,2202.46378
2383.254776,454,2203.654859
4076.292504,741,2206.216494
5385.812851,1000,2217.389231
4361.838095,807,2220.088138
2553.511041,484,2221.416925
4536.581077,832,2233.891774
4551.711026,836,2236.705178
1691.75784,302,2237.478322
2994.724084,565,2239.687514
1835.457966,338,2240.579706
2304.045402,427,2251.769023
1609.079521,305,2253.121453
789.12185,159,2253.573541
3369.806227,633,2255.282324
2686.827394,494,2257.176985
1654.675193,314,2258.007932
5268.068155,967,2271.242489
5078.003849,946,2274.295672
606.238165,133,2274.643232
4667.291115,844,2277.397905
5356.291409,1000,2289.847011
1009.86145,177,2290.329744
3665.426447,679,2292.758607
3216.231196,583,2294.328738
561.43961,101,2294.612962
2100.592823,397,2305.041803
2711.364494,497,2306.365238
878.192698,169,2307.511162
5396.632626,1000,2310.877371
2210.436549,394,2311.876415
1271.680074,249,2321.317143
2746.143022,523,2323.348742
3383.469755,611,2324.914103
2568.621144,476,2326.741709
2980.92677,552,2328.152992
4390.807386,809,2339.982764
3056.7646,565,2342.111638
5339.624896,1000,2345.247738
2406.582229,460,2355.775981
4844.432584,878,2358.658624
1916.182589,335,2359.513621
2898.315879,548,2361.50048
1718.250439,334,2362.40002
1780.818087,339,2372.174502
2996.107648,561,2374.179733
1584.7363,288,2374.901946
1966.375506,361,2376.336732
4455.424867,830,2378.538554
968.071824,193,2379.547029
4360.134277,795,2390.94624
2885.905522,544,2392.875392
5557.611137,1000,2395.980258
2211.03112,409,2406.799098
5417.647314,1000,2410.095409
4007.708458,748,2412.567639
1757.414504,313,2413.415509
2395.92549,437,2423.672421
5407.797345,1000,2426.833997
2536.087065,467,2428.112593
2541.060731,493,2429.943443
5496.016346,1000,2442.427177
2082.911128,376,2443.368896
2306.595325,416,2444.48873
1409.900562,254,2445.793957
1841.982466,349,2446.660824
3084.133712,576,2448.880881
2146.643727,380,2459.373706
2134.274315,389,2460.448153
904.472644,161,2460.966038
5527.051356,1000,2464.269655
5437.855966,1000,2476.495278
885.606561,162,2477.478428
5219.325428,967,2480.028677
1301.486242,254,2481.314425
1101.719969,213,2481.852124
5419.158152,1000,2494.587548
4053.986339,742,2497.15388
5420.391384,1000,2500.427026
1997.050963,371,2510.236534
758.475715,145,2510.611023
1229.612714,240,2511.22448
1049.827299,206,2512.403814
2096.535553,388,2513.437768
2166.896267,407,2514.465069
1562.086936,307,2515.996188
5448.262955,1000,2529.653343
5475.211307,1000,2532.974061
732.940414,128,2533.322551
5409.131481,1000,2536.496458
5470.310459,1000,2549.72705
5470.811194,1000,2553.105585
3743.456803,690,2565.363991
884.146998,173,2565.818707
740.338213,131,2566.801434
2150.011671,380,2567.769252
5447.545629,1000,2571.07514
2293.952603,436,2572.280201
4268.569672,771,2584.653793
594.557855,123,2584.977366
3750.802984,693,2587.415949
4601.906141,839,2590.156013
1839.010422,348,2601.121722
2261.449422,427,2602.820625
771.302013,153,2603.267721
1327.910628,243,2603.899102
3535.708519,647,2606.112611
5484.868534,1000,2617.869667
1194.767469,234,2618.956229
3872.2071,707,2620.830549
5419.466902,1000,2623.920276
1340.141162,250,2625.221994
5493.42428,1000,2638.448643
2942.692439,551,2639.930393
1596.057641,300,2640.707581
1727.488262,333,2642.24906
5440.71178,1000,2654.887654
584.191567,103,2655.170225
1400.962413,259,2655.894549
5562.73899,1000,2659.010068
4221.120688,778,2672.075018
4938.910835,899,2675.039751
5495.204165,1000,2678.234673
1935.94113,382,2679.331361
5397.401101,1000,2693.350148
1522.624796,302,2694.173313
4084.285253,764,2696.845556
1368.197765,270,2697.557987
5509.852059,1000,2709.748504
4391.255466,826,2712.672649
2061.641592,395,2714.39211
1649.190209,318,2715.255216
926.785696,181,2715.730639
2134.427323,402,2725.993291
5426.208723,1000,2729.301523
5477.806839,1000,2732.762857
1512.532491,290,2743.209928
5462.756197,1000,2746.532458
1962.316513,360,2747.44862
4179.505373,756,2750.002955
3723.575343,697,2762.456551
788.677576,153,2763.400456
5445.722053,1000,2766.619471
1194.701359,219,2767.180372
792.778624,161,2767.592463
4675.628505,842,2780.860859
1545.60123,272,2781.550101
1115.61431,217,2782.162185
5439.51798,1000,2785.356135
4963.002442,931,2798.928023
5385.673678,1000,2802.050545
5487.701425,1000,2805.35867
5531.78163,1000,2818.227468
4207.60888,789,2820.914439
3861.472043,701,2822.801235
5345.477585,1000,2836.154
5553.728691,1000,2839.326433
2207.891054,403,2841.113102
1981.663817,373,2842.053007
5557.021798,1000,2855.831038
5545.437494,1000,2859.165587
3904.553057,711,2872.308506
3490.668308,632,2873.971556
1079.989562,202,2875.149459
3829.349071,687,2876.982186
3371.835357,625,2879.130075
1982.252554,382,2890.141197
2394.239901,440,2891.852457
2553.078866,459,2893.040746
5487.394542,1000,2896.254466
1133.880961,201,2896.758106
5554.184723,1000,2909.734597
5456.462832,1000,2913.188116
1290.839109,226,2913.783253
2205.566517,412,2915.417269
4702.222655,862,2929.094513
1407.297748,269,2929.778625
2641.914599,484,2931.13318
4486.560935,826,2933.951588
5489.390198,1000,2947.809711
1390.421035,258,2949.004138
5575.141932,1000,2951.670242
5444.718927,1000,2965.582108
2464.786287,465,2967.518193
4985.683698,924,2970.588065
2908.628811,537,2982.022694
4386.126523,795,2984.843318
5385.111393,1000,2988.152152
3746.740822,686,3001.077658
2225.023791,396,3002.153298
5427.720217,1000,3005.452652
4412.844433,813,3008.18403
5423.971307,1000,3021.492875
710.354432,139,3021.897645
5240.204468,974,3025.171633
5357.861558,1000,3038.492551
1761.148882,313,3039.295119
5457.648237,1000,3042.594201
2796.570032,526,3044.691702
1263.246341,234,3045.280725
5501.5484,1000,3058.832111
5542.822002,1000,3062.030734
5343.340059,1000,3075.752351
5399.922073,1000,3079.120718
1858.474814,357,3080.102823
5271.769576,963,3093.645049
5467.641277,1000,3097.048203
1715.438914,349,3098.520182
1447.34997,279,3099.304228
5496.940007,1000,3113.133817
3426.389846,630,3114.812342
4366.236064,815,3117.718192
5461.380385,1000,3130.237566
683.849829,130,3130.609086
5432.430265,1000,3133.728255
4076.153668,758,3136.400762
5472.972675,1000,3148.856359
5365.494627,995,3152.125198
5444.898663,1000,3165.404182
3280.309879,613,3167.599899
4943.429314,895,3169.978713
5268.370004,954,3182.479348
4658.655737,834,3185.338773
5434.450949,1000,3188.584301
4276.224193,788,3201.954974
1478.981896,270,3202.635816
5480.602454,1000,3205.853972
5400.151292,1000,3219.598155
5455.492257,1000,3222.887644
2475.851487,436,3224.134172
5446.05895,1000,3227.264954
5493.948999,1000,3240.665973
5452.372869,1000,3243.823689
3962.545926,743,3256.315624
5414.368852,1000,3259.685902
1389.823207,263,3260.359525
2576.581928,461,3262.06434
1863.667834,341,3262.988755
1843.306831,357,3274.905546
2228.880947,416,3275.983288
5486.066681,1000,3279.353177
5514.174909,1000,3291.442366
3254.399413,595,3293.063672
2990.506225,554,3295.237889
5477.178573,1000,3298.594565
2974.042313,534,3308.874857
5472.510673,1000,3312.175478
5581.207689,1000,3315.346573
5321.26207,1000,3328.027879
1407.56318,256,3329.166493
5460.455001,1000,3332.550513
4321.911299,784,3345.046151
5016.603934,911,3348.028028
3038.174683,546,3350.133362
2404.461846,429,3351.304786
2359.97091,451,3362.08871
4871.000186,874,3364.918699
5499.169951,1000,3368.239633
5484.260031,1000,3380.118104
5554.192968,1000,3382.744213
1744.816633,318,3384.217803
5312.381615,955,3395.796514
5458.954298,1000,3399.217494
3758.112072,686,3401.248991
4796.829269,851,3413.207581
5487.149965,1000,3416.307561
5354.891372,958,3419.485104
3757.675919,678,3431.873189
2718.360593,489,3433.16905
5568.24827,1000,3436.338732
4110.49535,742,3448.80475
540.243511,111,3449.088677
5493.075353,1000,3452.303358
5495.425173,1000,3455.468958
1447.735681,283,3464.972383
5501.851663,1000,3468.181206
4482.988284,791,3470.739991
5495.34596,1000,3482.763378
5545.023645,1000,3485.99923
2851.860647,531,3487.976553
1308.261046,241,3488.597456
3108.305003,557,3499.698883
1745.430467,312,3501.166371
5553.106634,1000,3504.344546
5501.416631,1000,3507.616429
4256.540207,748,3519.470725
2305.312066,428,3521.146925
1647.7282,305,3521.92861
1514.001277,277,3522.719953
4857.357164,889,3535.460705
868.49896,158,3535.86804
3600.775201,665,3538.204185
5134.046703,934,3541.294175
2048.134217,371,3542.302363
1332.368865,243,3552.356391
5497.486869,1000,3555.710833
5462.471643,1000,3559.061858
5543.318272,1000,3572.51277
618.202323,129,3573.569681
2463.926783,442,3574.738065
2373.580825,432,3575.823935
5671.306514,1000,3588.775522
1364.61888,241,3590.170606
5506.611523,1000,3593.539552
3199.121995,581,3595.025815
2405.124643,456,3596.832533
5497.17175,993,3610.665943
5570.812637,1000,3613.822793
5622.297459,1000,3626.102129
4480.721502,822,3628.814088
5486.021615,1000,3631.936577
3429.151156,611,3643.768836
2277.368613,423,3644.878741
5578.207142,1000,3648.200922
5505.14568,1000,3660.320624
5236.476761,922,3663.377261
5494.440275,1000,3666.726257
5041.94902,909,3678.872099
1520.947516,283,3679.651566
5012.252494,909,3682.917898
1732.514701,330,3683.773745
5560.847262,1000,3697.345718
5570.882843,993,3700.754006
3761.405053,676,3703.201789
2349.625086,432,3715.415517
5513.995239,1000,3718.08231
5708.190462,1000,3721.2375
3801.215185,673,3732.664572
1902.886695,345,3733.706773
4162.633065,744,3736.322298
3001.59814,538,3738.501813
4421.836838,812,3749.578311
1889.023412,358,3751.196584
1902.641127,343,3752.12228
5676.295001,999,3755.513248
4325.383112,772,3767.68681
5621.181057,1000,3771.042968
5480.994449,1000,3774.340857
5276.401228,956,3785.41396
4056.349401,710,3787.293808
1997.359145,364,3789.014927
1846.382065,332,3789.872377
1234.686488,248,3790.543362
5524.260657,1000,3803.37159
2835.304356,508,3805.360625
1527.445865,273,3806.070848
3163.295526,574,3808.35496
1356.636708,270,3809.049812
5591.728455,1000,3822.308404
4543.344759,807,3825.117363
5651.03213,1000,3837.306145
5655.950915,1000,3840.642032
5574.422799,1000,3843.975589
2273.204649,407,3854.568904
2299.204563,412,3855.651586
1415.890891,251,3856.965956
5518.207349,1000,3860.31571
5536.737231,1000,3873.444619
4171.835296,741,3875.383024
5585.826458,1000,3878.518302
5617.256691,1000,3891.334382
5585.109794,1000,3894.542856
5561.627169,1000,3906.817751
4062.940458,733,3909.445292
1861.955386,327,3910.273319
5545.47589,1000,3913.51018
565.512749,109,3913.786577
1656.61234,284,3915.011482
1699.111861,305,3923.706989
755.787798,141,3924.091202
3164.598951,591,3926.215014
5570.128756,1000,3929.691542
5665.230068,1000,3943.285268
3881.692752,695,3945.168202
2575.301842,478,3946.912243
5197.106795,939,3959.509469
2528.832069,459,3960.770359
3742.182813,683,3963.165669
5536.039187,1000,3966.414225
2406.321452,446,3978.131335
5617.988161,1000,3981.410205
5533.561489,1000,3984.556525
4122.079367,738,3996.987019
5546.082966,1000,4000.209321
5592.925927,1000,4003.451303
5553.957671,1000,4015.322323
5595.013128,1000,4018.532078
3296.428583,589,4030.529268
3001.057546,531,4032.572333
1562.843031,275,4033.266903
5654.945501,1000,4036.593639
5495.732351,985,4049.056309
1571.670577,287,4049.887198
5598.602241,1000,4053.155439
1752.337111,307,4054.515057
5647.664777,1000,4068.017899
5594.275768,1000,4071.174831
5221.614952,929,4074.153298
5582.890673,1000,4085.623585
5525.620277,1000,4088.317889
5642.446269,1000,4101.37169
3314.296656,601,4103.455776
5608.803446,1000,4106.662805
5548.433485,1000,4119.285742
5057.982503,901,4122.14937
5460.434076,998,4125.29668
1891.706107,338,4135.561475
4413.443019,788,4138.140315
5656.229097,1000,4141.246268
3062.205855,553,4151.270257
5635.807334,1000,4154.384997
5508.598574,1000,4157.495976
2824.57471,498,4168.757208
2875.690312,514,4170.183256
4967.807501,896,4173.022084
5505.907836,1000,4176.123612
952.323334,170,4186.944882
5652.335711,1000,4190.116247
5602.819799,1000,4193.238845
5571.512253,1000,4204.817144
1851.494742,332,4206.302894
5572.847528,1000,4209.621515
5576.140327,1000,4222.886139
5562.766846,1000,4226.104312
5430.437528,1000,4229.29299
1593.361295,289,4240.56517
5554.727686,1000,4243.713261
5522.957513,1000,4246.857503
5565.797564,1000,4259.654071
4630.422716,836,4262.389074
5665.050863,1000,4276.104791
5682.564563,1000,4279.244646
5556.770156,1000,4282.432158
5634.426508,1000,4296.277192
5602.917616,1000,4299.585714
2448.946931,436,4300.688432
5561.605914,1000,4313.942938
5617.328489,1000,4317.179492
5595.861066,1000,4330.180183
5585.892116,1000,4333.582918
5630.48221,1000,4336.907317
5619.520711,1000,4350.377895
5576.103011,1000,4353.722859
2126.167853,385,4354.716836
5524.528414,1000,4367.387563
5649.325154,1000,4370.659802
3008.585336,533,4372.82578
4409.229959,815,4384.545378
5703.406995,1000,4387.647333
5546.426843,1000,4390.941344
5585.116299,1000,4404.353933
5664.187886,1000,4407.45832
5637.901612,1000,4421.097633
1266.631388,244,4422.394174
5563.699274,1000,4425.75195
5644.465966,1000,4428.490912
5674.79175,1000,4441.968634
5678.578333,1000,4445.419598
5697.127592,1000,4459.313767
5620.264386,1000,4462.63439
5630.714042,1000,4465.958408
5608.279619,1000,4478.982646
5687.07853,1000,4482.25563
5676.238591,1000,4495.191601
5603.09075,1000,4498.389322
4665.291876,831,4501.103436
4105.401065,741,4513.518304
5649.930045,1000,4516.800305
5625.449772,1000,4530.141145
5639.97317,1000,4533.518475
5653.789019,1000,4536.690583
5711.810874,1000,4549.448651
4467.109694,800,4551.5
3655.568281,650,4553.806358
5631.137131,1000,4565.546629
2239.822684,399,4566.5824
4381.7872,784,4569.321879
5704.76781,1000,4581.282076
5634.971393,1000,4584.444519
5582.646668,1000,4587.638976
5638.972828,1000,4599.969811
1197.042557,237,4600.610325
5591.186892,1000,4603.910956
5607.033279,1000,4615.294601
5673.113623,1000,4618.447123
5602.599948,1000,4621.665352
5685.434997,1000,4633.395008
5650.443903,1000,4636.645193
5656.844118,1000,4649.952888
5718.109529,1000,4653.43692
5669.73228,1000,4656.718881
5645.215686,1000,4669.703146
5674.220123,1000,4673.122143
2261.166314,425,4675.071002
3299.586251,588,4685.406945
1925.971164,351,4686.464155
1434.661617,261,4687.754703
4046.21659,730,4689.804337
5685.102931,1000,4702.110436
3186.385672,563,4704.256455
3482.847135,628,4706.203442
5701.059622,1000,4708.976533
2284.092391,407,4717.726666
5627.213327,1000,4720.459395
2068.40195,365,4721.273334
5739.831429,1000,4731.316401
3865.37937,677,4733.317015
5661.94859,1000,4736.041599
3534.323453,632,4745.217775
5600.523845,1000,4747.502999
5691.17129,1000,4750.318013
1834.327504,341,4751.628619
5642.660387,1000,4761.995771
3589.538798,626,4763.382078
5574.399092,1000,4773.850782
1667.027386,294,4775.050318
4368.877719,787,4776.806681
5181.77425,909,4779.370672
5592.060729,987,4789.455511
3465.425654,609,4791.241468
5262.535637,927,4793.78038
5767.085203,1000,4804.413972
5723.36339,1000,4807.060563
5616.834785,1000,4817.467577
3938.716827,678,4818.941584
5679.637599,1000,4821.588236
5782.463584,1000,4829.944798
713.680931,126,4830.217202
5698.791278,1000,4832.933472
2094.600346,372,4834.226922
5756.161221,1000,4843.771198
5629.723875,1000,4846.474333
5463.406573,948,4849.055285
1314.262045,251,4849.604382
2429.446995,445,4857.218309
5625.812822,1000,4859.947221
5691.115564,1000,4862.713912
3328.173805,579,4872.569805
1784.748756,318,4873.298868
5689.234989,1000,4876.046299
1242.666571,216,4876.525387
5713.630526,1000,4885.930704
5113.501258,888,4888.413892
2067.773118,361,4889.700301
5694.134296,1000,4898.851444
2826.824089,517,4900.063246
5126.996314,887,4902.664431
5420.812586,952,4912.255036
5704.265966,1000,4914.876569
2453.46465,422,4915.797583
5733.104716,1000,4918.460149
4248.399709,758,4927.355033
2596.483209,470,4928.390012
1854.116518,323,4929.598506
2956.505487,516,4930.73396
5713.470664,1000,4940.720694
1449.951835,248,4941.302669
5526.392616,1000,4944.224092
5717.108168,1000,4952.303552
4128.020232,737,4954.340534
4064.510239,719,4956.282509
5708.77278,1000,4965.157234
5663.011686,1000,4967.665722
4990.75702,898,4969.966352
5665.806108,1000,4979.140778
5649.181725,1000,4981.773654
5630.331149,1000,4991.596054
5627.0221,1000,4994.243879
5746.491419,1000,4996.86328
5701.400125,1000,5005.671922
5282.941965,936,5008.17651
5790.861059,1000,5017.008249
5692.3921,1000,5019.639993
3258.353358,579,5021.402999
5711.840793,1000,5030.825525
5655.601701,1000,5033.456194
2168.934866,385,5034.263865
5221.158613,919,5036.752599
4970.549225,885,5044.700624
5612.611876,1000,5047.211402
5615.532477,1000,5055.805634
5642.830112,1000,5058.309598
5057.710887,895,5060.600608
676.699165,126,5060.863693
4824.738009,856,5069.935585
5595.13653,1000,5072.445451
5709.618808,1000,5082.225864
5703.332712,1000,5084.729621
1295.515968,248,5085.249335
5449.118207,952,5087.645304
4375.779904,762,5096.417966
3372.613622,588,5097.636386
2203.055721,398,5098.890794
5699.294134,1000,5107.529789
5662.669151,1000,5110.038062
5018.60152,888,5111.898937
2387.518057,432,5120.686884
5744.900416,1000,5123.258643
1556.922074,274,5123.849191
3342.25022,595,5125.533742
3461.35987,609,5126.818702
5708.799373,1000,5136.497082
5666.948928,1000,5139.11353
3861.182764,679,5146.666173
5656.233004,1000,5149.302958
3938.932918,713,5151.323701
4363.054004,781,5159.970602
2184.930526,390,5161.242276
5756.145402,1000,5163.743901
1454.287524,280,5164.337859
4839.098595,840,5173.360027
5185.021334,914,5175.700808
2300.857527,414,5176.569376
819.181985,150,5176.881544
5621.65765,1000,5184.820371
4776.75933,846,5186.995372
5301.675009,917,5189.333494
3148.023281,552,5190.494802
5775.35202,1000,5198.825516
1140.768266,203,5199.670891
1618.467294,291,5200.275887
4152.3358,719,5202.197656
5771.426038,1000,5210.923062
1802.995269,341,5211.645029
3615.451267,631,5213.512671
2721.008897,506,5214.56353
5722.718328,1000,5222.901119
5754.587192,1000,5225.526103
2867.94222,494,5226.551219
5284.782431,928,5234.932643
5684.898789,1000,5237.43637
2836.380458,501,5239.009968
3376.453938,600,5245.807359
5699.682165,1000,5248.405901
5722.324539,1000,5251.038471
1946.471403,357,5257.970243
5793.693024,1000,5260.466689
5756.382307,1000,5263.076303
1698.030911,302,5263.708637
2393.134099,416,5270.614133
5730.099301,1000,5273.229008
3866.472199,679,5275.203017
4362.126329,771,5283.675755
5652.599218,1000,5286.303349
5677.916419,1000,5288.923291
5761.67411,1000,5298.249987
5102.831775,889,5300.515016
5702.416841,1000,5309.380495
5714.630019,1000,5312.036914
5702.641327,1000,5314.137583
1344.265337,241,5315.17924
5812.547587,1000,5323.284644
2437.335504,427,5324.168823
5701.865294,1000,5326.755757
2458.805362,432,5335.271292
1855.063968,350,5336.002624
1607.555811,298,5336.622874
5184.433162,910,5338.980975
2605.334938,476,5339.972258
5793.988966,1000,5347.418947
624.007689,120,5348.213052
5726.801618,1000,5350.83386
5699.385507,1000,5360.34018
1824.457918,320,5361.009438
2599.662336,454,5361.965438
2431.034311,432,5363.397489
5666.714121,1000,5372.594715
5695.794525,1000,5375.211438
3788.818668,670,5376.608896
2913.157179,505,5378.21901
4441.38056,761,5385.88517
1763.364948,308,5386.530615
2213.703052,400,5387.36733
3471.226168,610,5389.188029
4328.074065,771,5396.091578
5764.077368,1000,5398.702252
5740.499021,1000,5401.366673
5691.273217,1000,5410.794155
1848.538079,331,5411.489049
3673.279217,643,5412.821996
5711.780461,1000,5421.435467
2524.809493,445,5422.891463
1846.198672,317,5423.549354
5736.040536,1000,5426.181084
4604.017339,806,5435.277888
5731.993244,1000,5437.895269
5801.817236,1000,5440.519974
5601.338673,1000,5450.372007
3426.522417,595,5451.60788
5514.493358,997,5454.229793
5701.526367,1000,5464.288726
938.176126,168,5465.156015
2233.237759,399,5465.982186
5756.493129,1000,5468.60092
5739.636067,1000,5477.829328
4767.975534,845,5480.111794
5709.545408,1000,5489.571885
5723.502736,1000,5492.212075
2198.931062,421,5493.09812
4721.420357,822,5495.348658
3424.650389,606,5503.941871
5657.076392,1000,5506.087651
3190.645725,576,5507.706168
2178.067124,379,5508.49204
2991.649988,513,5517.489664
5693.360821,1000,5520.095205
5693.548287,1000,5522.600378
5713.161491,1000,5532.33116
4343.207431,764,5534.361679
5801.04332,1000,5543.326889
5750.368744,1000,5545.818107
5641.713641,1000,5548.319482
5731.671623,1000,5558.404504
1789.560026,317,5559.063704
1499.275065,262,5559.60108
5717.157074,1000,5562.103038
5739.257592,1000,5571.847013
894.220021,156,5572.170436
3055.710176,557,5573.739148
4957.959828,862,5575.956015
3328.590601,589,5583.931611
5709.029269,1000,5586.423765
1718.567835,320,5587.091704
5695.443832,1000,5597.043677
4261.320834,752,5599.014175
5634.166604,1000,5601.499919
3313.039784,574,5609.537424
1496.99145,273,5610.102486
4857.884213,858,5612.303221
5694.046617,1000,5614.896723
4320.735396,742,5623.088972
5668.263389,1000,5625.726712
5649.726514,1000,5628.376791
5716.779628,1000,5638.675857
1793.959188,310,5639.854959
5633.755287,1000,5642.499296
5667.622233,1000,5651.691568
4162.031382,738,5653.246033
3078.84989,536,5654.918192
1562.570808,280,5655.501849
5768.246611,1000,5666.049314
5675.229524,1000,5668.67259
5725.586618,1000,5679.316567
5755.462305,1000,5681.849157
5754.628799,1000,5684.402652
5784.439385,1000,5693.310279
3799.258374,679,5695.13424
5690.995143,1000,5705.126843
5606.322483,1000,5707.628187
5727.229089,1000,5710.10455
5672.497385,1000,5719.476806
5656.534999,1000,5722.091682
4778.824597,842,5723.826728
5731.79104,1000,5732.53186
3728.55526,653,5734.421565
1190.253597,236,5734.913104
3734.93415,660,5736.810274
4192.529203,747,5745.844276
5718.271619,1000,5748.448262
5669.327947,1000,5757.447135
5663.247418,1000,5759.948919
2586.930926,479,5760.958278
5787.6532,1000,5770.178217
5723.648277,1000,5772.784103
4615.942595,808,5774.981664
5742.876751,1000,5785.495854
5128.882007,899,5787.883958
1629.384354,309,5788.527048
5183.38528,928,5797.714575
1110.923356,217,5798.171458
2147.846837,377,5798.956966
5718.011442,1000,5801.440138
4051.045348,716,5803.330666
5207.267695,917,5811.974855
5735.686696,1000,5814.576608
5700.458667,1000,5823.535995
5640.176489,1000,5826.151672
5724.241734,1000,5828.762959
1976.289695,363,5836.480772
2807.639488,504,5837.934521
5685.480029,1000,5840.44759
5720.432734,1000,5849.823295
5807.840241,1000,5852.423691
1601.409258,287,5853.016566
5811.974869,1000,5855.62268
3004.038757,526,5863.334941
3625.532897,666,5865.23509
5651.478405,1000,5867.848294
2429.428878,439,5876.835697
4187.649547,759,5878.419997
981.401624,191,5878.818749
5776.394841,1000,5881.433421
3260.44851,567,5889.334359
5759.068657,1000,5891.927807
5804.332489,1000,5894.524895
5096.975897,889,5903.589544
3422.280287,611,5904.862259
4133.358522,732,5906.890507
5708.704777,1000,5916.61253
5742.352007,1000,5919.205953
4401.886975,764,5921.309989
5755.019166,1000,5930.95816
5325.963399,934,5933.404485
5737.076122,1000,5942.599077
5727.015046,1000,5945.08518
5800.07915,1000,5947.553057
5869.83024,1000,5956.525116
5757.36608,1000,5959.140315
3439.686937,609,5960.388552
3222.609546,559,5968.028705
3161.889971,550,5969.171352
5786.669946,1000,5971.653093
5736.869202,1000,5980.002513
5707.363826,1000,5982.618773
5766.671687,1000,5985.194726
1071.597004,186,5985.574512
1493.590781,278,5992.8579
4345.456441,765,5994.44039
5747.846413,1000,5997.037714
3157.393753,542,6005.943215
5742.266974,1000,6008.528367
5801.35352,1000,6011.115396
1070.486844,194,6011.513836
5766.605657,1000,6020.230501
5790.474313,1000,6022.695693
1089.299162,196,6023.099879
5734.656926,1000,6032.288163
3362.046373,595,6034.047486
5734.111313,1000,6036.622761
2287.127053,402,6037.455716
5789.024601,1000,6047.204644
3384.085904,584,6048.840206
3662.124513,649,6050.182447
969.119238,164,6050.520381
2749.088682,485,6057.185944
5745.686572,1000,6059.647051
5742.884404,1000,6062.13774
5714.660229,1000,6069.788251
1689.600687,316,6070.44544
5671.714277,1000,6072.935272
4045.689087,696,6080.612727
5786.522207,1000,6083.100496
2366.584186,414,6083.956406
2061.889017,363,6085.122671
2099.293285,369,6085.883295
5718.546074,1000,6094.235604
1943.761982,344,6094.940824
5308.472568,924,6097.258808
3438.427125,620,6105.312963
3087.752553,544,6106.446011
5729.039279,1000,6108.932298
5803.942228,1000,6117.828092
5786.102287,1000,6120.305289
2915.196563,505,6121.776258
2617.601378,450,6122.700985
2497.216321,432,6130.538142
5738.406608,1000,6132.617871
5757.209193,1000,6135.09877
2176.577968,377,6143.131294
5508.716528,964,6145.538662
3988.431965,687,6146.960387
5768.068099,1000,6156.674443
4559.922084,797,6158.849996
3610.46781,634,6160.667312
5753.382429,1000,6169.36548
5809.778746,1000,6171.838033
4167.324036,741,6173.383547
5788.703432,1000,6182.948095
2602.826883,465,6184.317358
2563.648495,446,6185.239514
3157.425814,560,6186.826768
5795.497425,1000,6195.134488
5775.114378,1000,6197.606735
2745.378805,471,6198.582075
4701.065828,836,6207.183157
5753.270498,1000,6209.665614
3624.279098,624,6211.394058
2880.187313,506,6212.429078
5680.106782,1000,6220.941539
5716.455401,1000,6223.452065
5734.696934,1000,6232.521599
694.417777,153,6232.848088
1508.579843,263,6233.794035
4437.723562,773,6235.391454
5770.876047,1000,6244.249907
3002.789438,530,6245.747894
5795.10765,1000,6248.219478
3214.202555,576,6249.40063
5740.835213,1000,6258.320788
2056.045891,365,6259.479289
5762.55135,1000,6261.962732
3640.295326,637,6268.881532
5860.922976,1000,6271.345438
3466.511096,610,6273.00763
1025.038569,191,6273.404732
408.747921,91,6273.59305
5789.487574,1000,6281.019124
1632.195317,287,6281.615161
3464.627178,609,6283.288044
5801.09346,1000,6285.749438
5769.444309,1000,6294.354611
5280.740214,936,6296.710749
3515.88246,602,6297.949478
4883.968745,835,6306.088031
4588.905979,787,6308.124859
2051.233636,369,6308.887994
1275.361409,231,6309.76792
5810.981083,1000,6317.608358
4229.168553,749,6319.152866
5840.040331,1000,6321.631455
4946.345034,854,6329.952365
4569.401252,799,6332.018423
5765.040723,1000,6339.93754
3948.144864,686,6341.792299
5030.233608,866,6343.617154
1303.583869,237,6344.536386
2383.165501,422,6345.422001
5792.324454,1000,6353.301107
5820.135492,1000,6355.855559
5753.170979,1000,6364.817981
5733.178391,1000,6367.551043
5785.986416,1000,6370.320791
3581.424169,633,6378.920433
2714.627971,487,6380.201062
2726.795224,459,6381.199556
2644.033098,455,6382.712922
4425.767035,769,6391.567091
2898.927781,503,6392.683644
5721.033027,1000,6395.50581
5774.055516,1000,6405.189949
5588.076969,964,6407.869079
3873.938934,680,6409.832106
4960.869475,875,6418.871653
1659.105318,291,6419.504774
5665.495961,1000,6422.135807
2292.548443,415,6423.051208
5760.626815,1000,6432.016309
5796.454884,1000,6434.749808
1797.072265,324,6435.452779
5620.107264,1000,6444.282351
5792.33914,1000,6446.808024
5789.770921,1000,6449.325379
5770.604618,1000,6456.858175
5646.788081,1000,6459.406351
5797.978859,1000,6469.044656
3347.697156,598,6470.727909
5867.97185,1000,6473.224771
2130.384444,367,6473.978803
5734.760894,1000,6483.574733
1362.567053,260,6484.14035
913.473086,187,6484.966312
3827.530661,706,6486.45497
1594.579685,289,6487.492619
4199.711469,726,6495.327778
5681.502955,1000,6497.84881
5851.708091,1000,6500.373251
5743.462921,1000,6508.484043
5770.925161,1000,6511.133192
5759.511829,1000,6518.118522
5745.713699,1000,6520.661014
5147.781647,898,6522.993227
5681.367141,1000,6530.623367
5716.296497,1000,6533.173512
3454.643238,596,6534.89043
5480.264575,941,6543.425442
4234.968989,746,6544.988143
5651.389266,1000,6547.484595
4447.505084,795,6555.119226
2668.593223,476,6556.109739
5772.66675,1000,6558.64826
3209.721145,560,6566.187428
5830.965938,1000,6568.696784
2485.327733,427,6569.587844
801.734182,144,6570.427996
5834.306699,1000,6580.005093
4482.379317,777,6581.622906
5783.153586,1000,6584.170521
4084.082529,704,6593.249097
5792.845458,1000,6595.838071
5820.85284,1000,6598.466101
2375.917272,445,6606.82302
2324.421913,403,6608.19501
4760.069461,826,6610.431294
3107.126516,542,6611.555362
5711.013656,1000,6620.491483
5705.71001,1000,6623.006322
5756.938838,1000,6631.930478
5713.414783,1000,6634.407466
5773.382474,1000,6636.913246
5724.324824,1000,6644.91457
5778.838799,1000,6647.405423
3158.404316,548,6648.545604
2152.635745,386,6655.355509
5171.799079,903,6657.654198
3534.54389,618,6658.940185
1733.095053,307,6659.988701
4848.222967,836,6667.647075
2701.404036,468,6669.036549
5790.659666,1000,6671.523996
5834.972043,1000,6679.34787
872.118879,184,6679.732314
3492.333606,606,6681.401901
3316.231792,582,6682.608568
2951.174291,531,6684.120255
4985.692071,864,6691.605781
5760.286249,1000,6694.239654
2801.026059,490,6695.250704
5918.807692,1000,6705.341856
4056.884654,720,6707.378155
3019.188925,535,6708.485543
1379.1412,243,6708.990234
5724.432933,1000,6717.878012
5737.047972,1000,6720.497357
2399.397891,407,6721.807436
5040.949935,882,6731.181464
5728.897686,1000,6733.801686
5815.240276,1000,6736.424439
1877.515369,342,6744.319151
5694.548769,1000,6746.925635
3145.065948,542,6748.055272
5768.719618,1000,6756.896278
5845.488069,1000,6759.408821
5803.587285,1000,6761.950639
5741.147005,1000,6771.330206
1990.351656,355,6772.488864
5740.843951,1000,6775.062671
