#{"t_start": 1787570607.9319332, "env_id": "Humanoid-v5"}
r,l,t
121.979435,27,1.207731
80.355969,18,1.245909
71.493543,16,1.282938
100.28535,22,1.328638
76.312984,17,1.368888
95.531565,21,1.412879
97.769877,22,1.456325
81.56855,18,1.496466
87.580912,19,1.53574
84.925842,19,1.573333
194.385406,43,1.66369
76.295992,17,1.703035
78.138748,18,1.738764
89.011248,20,1.779399
70.932773,16,1.813015
137.685326,29,1.876223
87.935678,22,1.924886
76.318805,17,1.973028
81.904972,18,2.022169
82.132717,18,2.072266
110.99931,25,2.141277
104.344666,23,2.201856
76.33425,17,2.24154
86.32598,19,2.2879
145.196658,33,2.369547
99.166809,23,2.427228
122.050517,29,2.499799
151.670935,33,2.5836
76.208165,17,2.621061
79.295651,18,2.658683
164.012433,35,2.733792
83.778495,19,2.773876
80.152773,18,2.810468
85.78267,19,2.850221
76.236925,17,2.888933
106.047136,24,2.93844
113.114037,27,2.995873
76.62694,17,3.03007
116.567418,25,3.081393
84.086271,19,3.121192
92.265589,21,3.162835
79.776146,18,3.197039
73.960934,17,3.233544
76.112742,17,3.267807
239.376271,53,3.379908
120.779484,27,4.359946
76.103334,17,4.40289
72.520094,17,4.440194
108.049795,23,4.493946
88.99735,20,4.53948
104.487424,23,4.59606
95.739721,21,4.649153
76.053781,17,4.692423
69.207979,16,4.733849
103.359189,24,4.7934
167.972494,38,4.882231
144.110609,33,4.970614
75.129035,17,5.010494
209.189641,44,5.108422
80.868836,18,5.149773
83.685155,19,5.197293
127.406791,31,5.280195
102.989158,25,5.344782
76.337833,17,5.392071
71.078227,16,5.434296
71.461583,16,5.473298
87.665497,19,5.518413
80.112121,18,5.556266
68.156399,16,5.594246
82.397808,18,5.633553
106.973644,25,5.696597
76.500146,17,5.740636
116.822231,24,5.812506
87.642033,19,5.870393
82.351827,19,5.927948
106.421206,23,5.996045
116.203434,25,6.079542
118.575012,28,6.17117
71.240439,16,6.232482
126.712683,29,6.344984
103.051843,22,6.404725
81.577927,18,6.449266
81.177768,19,6.498239
85.9184,20,6.552146
96.685573,21,6.608462
86.778402,19,6.66249
75.846132,17,6.711396
81.036877,18,6.763607
84.868977,19,6.809819
109.551564,24,6.869316
71.021724,16,6.902473
71.248197,16,6.937118
95.097022,21,6.985123
82.89895,19,7.033767
74.655024,17,7.768847
209.155264,46,7.888641
70.553327,16,7.920987
118.510155,25,7.975355
82.859058,18,8.014055
74.480366,17,8.056004
141.227305,31,8.124289
117.409247,26,8.178292
76.410457,17,8.213772
86.361213,19,8.254326
80.684864,18,8.291961
124.99476,30,8.353701
90.247169,22,8.40068
150.78769,33,8.469128
171.405731,37,8.547938
105.531534,25,8.604768
88.79946,20,8.653629
117.720803,26,8.716617
112.133182,24,9.294256
70.867677,16,9.335376
109.34445,24,9.396929
87.068853,19,9.446859
106.610188,24,9.509649
82.472284,19,9.558553
108.465377,25,9.611744
146.063383,33,9.687405
97.796614,21,9.737859
165.688979,36,9.825016
93.995717,21,9.869602
122.307571,26,9.928481
74.144261,17,9.963698
80.128877,18,10.001379
90.272678,20,10.046399
74.736696,17,10.081308
92.334514,20,10.126385
75.720243,17,10.162827
76.374888,17,10.197767
140.733279,31,10.266764
78.977529,18,10.306412
68.973211,16,10.341723
88.145109,19,10.383801
77.467691,18,10.420783
136.014807,31,10.483967
95.550003,22,10.527596
158.124144,34,11.195111
137.190962,29,11.258391
101.298706,22,11.306415
82.855137,19,11.348326
124.515409,27,11.408745
175.661284,40,11.496907
76.27068,17,11.532245
103.616052,23,11.581995
210.062234,43,11.67675
73.878863,17,11.712843
189.499349,38,11.793428
100.068988,22,11.841473
131.212614,28,11.900464
100.514237,22,11.947533
141.821018,32,12.0244
85.110257,19,12.072547
75.485983,17,12.116714
174.947727,39,12.221348
76.212701,17,12.265869
124.321945,29,12.340972
115.5736,28,12.416782
84.382633,19,12.476161
76.504872,17,12.524453
76.384743,17,12.563414
95.849735,22,12.609567
76.324907,17,12.647092
76.073733,17,12.68378
92.822674,20,12.727409
165.532772,35,12.802381
195.766173,45,12.900133
117.465891,25,12.956472
70.410756,16,12.991544
118.573944,25,13.052452
76.013424,18,13.089676
71.515131,16,13.124007
76.497707,17,13.158909
179.912773,42,13.246433
75.988315,17,13.283852
76.618365,17,13.320433
177.303591,37,13.403452
100.451745,22,13.451067
115.638053,25,14.179303
102.914224,25,14.241367
86.253927,19,14.283631
232.086515,54,14.405325
116.80441,25,14.457968
170.209538,36,14.533027
75.185789,17,14.568545
89.500862,20,14.613208
101.532821,23,14.666701
237.995273,51,14.779055
124.433872,27,14.836373
132.012705,29,14.897675
91.421523,20,14.941759
97.596652,21,14.989345
149.403161,35,15.065716
132.981457,31,15.132995
73.897102,17,15.170103
100.680228,23,15.216411
75.757749,17,15.254095
152.014684,32,15.323562
181.071892,39,15.405012
87.485138,21,15.453976
127.827257,30,15.533111
114.694279,25,15.594425
76.496243,17,15.63571
97.238836,21,15.680996
90.811798,20,15.722903
113.47876,26,15.780594
148.002881,35,15.858659
116.07229,25,15.92401
76.343483,17,15.967294
136.521514,32,16.051712
126.219558,28,16.125284
95.983572,21,16.179019
154.446502,32,17.007967
113.444925,24,17.066227
133.401377,31,17.149596
75.913465,17,17.190419
103.776655,25,17.250206
167.321376,38,18.072357
82.033842,19,18.11505
150.758545,32,18.186516
84.951489,19,18.227073
94.358596,21,18.274743
174.784185,39,18.358838
153.94026,36,18.438247
100.314763,22,18.484764
76.142641,17,18.525121
136.610943,30,18.603697
130.029793,30,18.689776
129.409604,30,18.755618
124.877284,28,18.813403
89.737445,20,18.856193
98.583918,22,18.901765
82.376474,19,18.941524
191.743252,42,19.03302
85.109702,19,19.083084
100.090934,22,19.148957
133.539392,29,19.238206
150.654084,34,19.341508
74.984402,17,19.387278
132.214344,32,19.472058
116.469206,28,19.544404
132.114493,28,19.619388
102.911143,24,19.678371
104.176282,24,19.741429
159.017299,38,19.827833
238.138378,55,19.965924
81.453766,18,20.008698
90.579982,20,20.054783
133.262501,30,20.120255
113.720365,25,20.175984
122.638606,27,20.246799
84.645747,19,20.295181
162.032075,34,20.380824
119.286177,26,20.439465
69.404047,16,20.472206
129.454871,28,21.244914
205.798611,44,21.342099
116.866345,27,21.399531
117.27324,26,21.456622
157.552522,34,21.535461
76.294374,17,21.575464
195.423459,42,21.666572
177.199881,39,21.754919
80.717412,18,21.795895
113.730914,27,21.855889
137.185064,30,21.923268
190.96518,41,22.016527
105.391592,26,22.075453
133.358562,29,22.13954
83.74931,20,22.185013
159.154995,35,22.265145
100.459168,22,22.315844
76.550274,17,22.354361
83.681325,19,22.395762
244.360993,52,22.514674
149.815698,32,22.587192
76.457795,17,22.627975
75.493898,17,22.670563
99.34885,22,22.727937
75.961978,17,22.770795
106.203071,23,22.819702
183.908676,42,22.913583
128.570244,29,22.998635
142.006622,31,23.102776
164.451854,38,23.196588
127.506536,27,23.264676
85.947257,19,23.309471
73.340192,17,23.348256
105.797138,23,23.400613
217.077662,45,23.530668
131.335359,30,23.616416
204.471649,44,24.407987
81.18358,18,24.447587
71.230301,16,24.483426
153.117455,34,24.559354
114.255009,25,24.612786
81.553126,18,24.650791
135.193175,30,24.717088
120.51485,26,24.774241
231.459239,47,24.886923
158.434058,34,24.960979
194.624672,41,25.052269
133.207154,29,25.695884
216.237649,47,25.825335
148.269877,32,25.912207
70.97202,16,25.955408
146.174134,34,26.043504
95.012724,21,26.09766
134.784671,33,26.188899
150.580425,34,26.28564
155.160224,34,26.377223
150.952187,34,26.46601
123.339894,27,26.536507
97.489497,21,26.596782
191.693742,43,26.731335
132.403323,27,26.826966
189.515907,40,26.964109
121.428036,27,27.059802
250.841635,53,27.246764
182.206476,40,27.374133
143.444738,31,27.466779
227.472259,49,27.624842
108.745411,24,27.699454
127.247026,30,28.519039
80.88364,18,28.560601
120.847409,26,28.624166
141.546594,32,28.699924
102.051228,22,28.74919
154.431517,34,28.824746
207.708142,43,28.940199
199.463025,44,29.07044
142.386269,33,29.161313
101.634378,24,29.220313
164.882322,36,29.305784
179.703082,41,29.400233
262.071805,62,29.550626
130.793586,30,29.616036
226.718011,49,29.745359
239.30945,50,29.85977
97.583206,22,29.910375
192.336121,41,30.001556
93.209741,21,30.047747
255.894317,55,30.171122
210.555717,44,30.276911
228.941118,48,30.401937
137.888241,32,30.496431
195.569333,43,30.644616
131.963358,29,30.741127
154.033607,35,30.853905
171.544846,38,30.959482
168.892336,42,31.078885
109.73185,24,31.722745
92.96025,20,31.767215
257.536412,56,31.899443
215.697556,45,32.005913
159.854458,34,32.088161
200.025224,43,32.190747
147.907483,31,32.262115
198.577784,44,32.36378
132.911877,29,32.427863
79.256054,18,32.468813
164.09662,36,32.553416
76.090908,17,32.592153
164.730158,35,32.673644
144.206606,33,32.746772
146.58229,31,32.816741
220.28291,48,32.927266
104.998918,23,32.979118
133.975177,29,33.048248
100.166614,24,33.103513
201.064192,44,33.20889
149.156724,31,33.284217
154.979147,34,33.359703
151.24981,35,33.43586
248.978975,52,34.112392
272.937507,59,34.263888
91.073456,21,34.32046
117.623852,26,34.402115
137.990793,30,34.496984
166.626307,38,34.612151
152.945292,34,34.706912
158.883021,34,35.375847
213.161955,50,35.492019
108.174266,23,35.542826
185.845984,38,35.63041
195.756216,43,35.72919
230.909286,49,35.844426
298.712365,60,35.985132
325.834221,68,36.133461
156.214694,33,36.208106
167.127694,37,36.294869
169.067761,39,36.385212
201.679151,48,36.49045
112.033839,25,36.545146
165.013129,35,36.632015
138.507037,30,36.69835
204.489603,47,36.808939
231.097618,51,36.929559
313.423971,73,37.096558
124.733901,27,37.156676
376.291587,79,37.350226
201.634833,47,37.49533
246.464133,55,37.649204
147.451226,33,37.736527
229.053791,48,38.422529
268.163328,61,38.567525
273.725806,57,38.714933
143.893433,31,38.784319
204.029588,44,38.887775
151.775158,35,38.971802
274.10269,64,39.118305
132.231363,29,39.184711
135.091417,29,39.245003
331.717225,67,39.398022
206.818497,43,39.499065
251.429703,52,39.619612
221.170768,50,39.733038
187.291719,41,39.828998
277.077619,66,39.986844
142.676389,30,40.056176
201.629366,45,40.161491
125.76489,26,40.22652
287.071444,58,40.364107
149.644937,35,40.446491
190.914489,40,40.542936
172.551328,37,40.628282
236.623607,51,41.324562
414.123477,83,41.547914
327.383804,71,41.740428
251.251586,54,42.582239
251.288346,56,42.71255
237.057524,51,42.832891
277.979068,60,42.970587
255.65357,56,43.105786
169.589485,40,43.198513
151.571275,36,43.284503
322.63239,74,43.45726
325.474706,68,43.620739
198.487398,44,43.724216
150.822529,32,43.801529
167.463073,37,43.896463
105.984516,23,43.953154
334.47236,69,44.125934
187.933204,43,44.226977
304.100815,63,44.38456
155.191831,34,44.474679
99.990756,22,45.243521
157.957937,36,45.327534
409.290918,91,45.54494
278.887963,61,45.688106
128.14218,29,45.754718
163.582183,38,45.849492
198.611421,45,45.951119
164.255561,38,46.038985
200.120765,44,46.143417
214.171867,44,46.255785
320.436705,73,46.430409
167.419371,36,46.512479
266.809891,55,46.63772
221.137652,49,46.754077
288.341912,56,46.886
234.052662,51,47.017178
235.336967,49,47.143068
249.10859,55,47.28432
173.990738,41,47.382958
182.895745,42,47.491412
271.881959,57,47.632398
307.602177,63,48.498378
266.663797,55,48.630106
166.782343,36,48.720483
343.474383,68,48.886231
180.612823,40,48.985693
317.367376,71,49.155713
238.899788,49,49.267681
293.565557,57,49.400443
232.816316,48,49.514963
264.794421,55,49.644714
372.771133,75,49.820732
254.570781,56,49.954585
334.887689,69,50.746611
261.728938,58,50.892453
385.506002,80,51.100374
371.585556,77,51.295716
299.085702,67,51.455706
189.143424,42,52.345801
221.998606,46,52.456084
494.184342,95,52.677638
191.184713,43,52.777153
240.67254,48,52.887782
306.509493,60,53.028488
229.484332,53,53.155745
220.052175,47,53.265246
302.172725,73,53.43905
228.584612,45,53.544676
195.935527,41,53.636294
299.320888,66,53.784928
189.42668,42,53.881119
253.381085,50,54.002122
295.769186,63,54.154008
216.824606,48,54.279034
254.748217,50,54.418929
84.902707,19,54.469382
502.071216,101,54.74321
229.680722,48,55.629627
176.006621,44,55.731446
216.542866,44,55.837925
318.032371,66,55.995137
290.976826,61,56.142393
370.204939,76,56.322712
242.466,50,56.440457
448.712745,90,56.661884
358.940274,71,56.838336
392.067325,81,57.035128
184.581484,41,57.136589
303.669936,60,57.278782
148.391225,36,57.363643
217.389634,47,57.480915
276.845254,61,57.640053
221.62288,50,57.768901
244.037916,53,57.911262
269.151431,56,58.051314
431.686649,90,59.054461
196.617868,46,59.856222
190.857241,42,59.955426
238.627237,52,60.081669
245.809108,53,60.210898
292.657854,58,60.344645
351.557465,79,60.533902
257.460693,56,60.674247
215.561128,44,60.777693
357.495811,72,60.949232
303.485415,65,61.116392
344.870559,68,61.294736
330.816568,75,61.489551
331.964686,67,61.666303
166.454381,37,61.770918
242.923842,51,61.937702
336.941312,67,62.130233
233.856318,54,62.989415
407.336757,81,63.195147
353.654656,78,63.391324
390.153488,80,63.589612
291.06807,59,63.739022
198.972163,41,63.844195
352.237653,75,64.03035
326.346354,65,64.189705
300.501522,67,64.355554
317.542189,66,64.521221
242.063281,55,64.666857
343.236272,81,64.898932
263.71374,55,65.048216
309.394437,64,65.226416
84.495961,20,65.294059
295.588866,68,65.500463
229.754179,47,66.369277
260.545806,55,66.504113
336.27599,76,66.699197
263.937352,53,66.826498
325.928453,78,67.022542
292.678991,56,67.158949
380.372082,78,67.35104
401.081051,82,67.550559
322.156094,72,68.310151
261.858746,54,68.455385
395.487971,76,68.655621
294.368272,60,68.812104
207.674753,46,68.930751
466.201566,94,69.215906
242.505993,54,69.372642
300.507376,63,69.551352
357.049909,73,70.291121
341.496931,73,70.470112
302.148426,63,70.629029
289.783966,62,70.793569
264.942247,54,70.924643
294.647592,67,71.094774
396.001593,81,71.309361
423.305418,87,71.529541
290.941227,58,71.667804
282.468863,59,71.810266
279.584338,58,71.947466
407.607033,92,72.194323
252.876909,52,72.331542
437.08733,87,72.605602
182.591413,40,72.717761
236.540024,47,73.545456
404.36317,80,73.749264
300.204145,60,73.902956
355.32594,68,74.072185
313.866919,62,74.226064
414.944285,96,74.46934
273.968065,57,74.639506
331.655354,77,74.83466
356.526934,72,75.013084
423.585973,88,75.23504
406.552004,85,75.4594
371.836251,72,75.660692
213.582309,46,75.777712
419.124386,94,76.01373
350.851748,71,77.564724
411.134513,92,77.804423
366.395406,82,78.010588
275.070645,65,78.176676
141.621242,31,78.252448
643.30878,133,78.592402
305.587167,65,78.752063
466.749903,93,78.990557
340.900768,69,79.160007
284.355322,55,79.303955
333.390595,67,79.475347
148.104211,34,79.560688
263.884782,55,79.705028
415.046593,83,79.921286
204.803759,46,80.058465
281.066136,66,81.010483
281.736086,56,81.175419
452.338214,90,81.416694
220.728765,46,81.537145
394.434913,80,81.741828
253.914415,57,81.895317
341.972459,69,82.064694
280.889644,63,82.228909
311.994087,65,82.40326
371.908039,77,82.594467
289.665616,66,82.766519
498.372683,107,83.063178
543.954325,121,83.40039
380.217822,76,83.599039
386.586108,77,84.419456
376.51028,73,84.650379
300.577243,60,84.826247
547.709461,107,85.113718
272.275668,59,85.274553
315.027744,63,86.048155
294.774438,66,86.221619
255.444883,51,86.351164
318.991283,64,86.523634
271.044537,54,86.662606
300.447796,65,86.827375
413.409573,81,87.058451
227.594716,48,87.184228
287.745853,58,87.339904
315.756143,63,87.510643
355.103218,73,88.448572
329.133038,74,88.638422
342.759546,71,88.813601
432.383485,83,89.03007
355.569972,71,89.211026
535.860178,119,89.527929
305.783596,65,89.698751
335.146159,68,89.8671
373.12363,81,90.069341
273.268623,54,90.209577
495.684039,102,90.498533
323.528401,65,90.664033
318.381857,68,90.835886
309.452977,68,91.012362
248.622095,52,91.84592
333.924647,64,92.006943
356.138893,70,92.184052
346.969114,69,92.356147
318.527202,61,92.512409
272.579543,64,92.678894
354.50303,70,92.869159
377.624617,73,93.057031
297.058672,68,93.232865
289.789063,59,93.377304
245.989082,51,93.501427
527.048219,106,93.783598
290.202234,61,93.946225
342.912729,74,94.781754
213.896225,48,94.901623
405.531834,83,95.823028
471.929485,103,96.082039
337.534823,71,96.268027
354.642078,78,96.470404
311.01608,71,96.660077
214.418305,45,96.770169
296.849399,59,96.915887
305.136445,62,97.06714
394.427368,89,97.283801
258.857103,57,97.420445
312.717718,62,97.573239
368.241553,75,97.759976
502.043371,101,98.017125
284.866651,63,98.176253
299.844988,61,99.060705
354.070441,67,99.224116
424.613838,89,99.442327
337.835946,65,99.600574
401.47454,83,99.811062
245.440661,57,99.951629
403.835138,85,100.160679
313.371382,71,100.339014
269.75055,52,100.465895
358.032686,73,100.654134
367.908917,72,100.83208
317.532777,62,100.992275
422.190932,84,101.220486
425.249083,80,101.439649
398.495519,79,102.21083
454.198188,88,102.464349
328.012346,73,102.684061
271.943385,57,102.842225
467.089609,94,103.742738
345.437801,67,103.902566
346.521859,70,104.083064
262.703629,53,104.210778
468.299467,111,104.485651
400.423717,84,104.699889
420.791014,95,104.93924
319.436559,66,105.115312
459.442343,89,105.341615
394.188369,77,106.23307
368.325446,74,106.410686
398.69418,89,106.633515
290.323215,58,106.778327
365.360642,78,106.973349
281.989806,60,107.116149
432.948759,87,107.320782
287.026905,59,107.481913
430.574422,101,107.742895
357.530792,81,107.951768
393.652463,75,108.155657
308.746312,63,108.331333
285.276296,67,108.515176
446.268704,86,108.762642
492.174664,96,109.673948
361.367985,72,109.85314
404.176096,80,110.056436
424.59729,83,110.265595
288.169051,67,110.430454
543.54109,108,110.697768
313.588509,63,110.856217
367.212881,72,111.032566
301.605347,61,111.18733
473.754611,96,112.120894
382.691378,74,112.312877
413.226555,90,112.557796
361.803683,72,112.787425
360.392351,77,113.576967
336.743547,71,113.751679
389.100177,79,113.94965
360.765093,72,114.131005
341.676116,70,114.308818
496.632349,97,114.562828
315.1575,63,114.743217
283.281273,67,114.926899
360.411646,70,115.112174
371.703783,78,115.303817
442.710474,88,115.536083
523.486046,108,115.818868
446.595451,96,116.123592
372.532438,78,116.877456
246.197928,52,117.006911
518.91823,103,117.264496
497.978195,98,117.51012
390.607495,75,117.694935
335.048243,80,117.891669
448.287259,90,118.119077
362.627757,71,118.300563
330.389939,64,118.467689
292.358458,59,118.61957
612.086975,130,118.954078
380.295625,76,119.142128
356.81663,77,119.930349
384.45461,83,120.195029
287.236406,66,120.368656
366.161757,71,121.200057
383.062645,75,121.384743
562.931032,124,121.692735
634.722353,145,122.068951
444.173649,88,122.307632
378.637647,76,122.512439
455.062823,90,122.752289
250.108553,52,122.904026
411.67564,81,123.170909
454.290999,90,123.950708
330.214515,81,124.15255
326.130812,65,124.308637
386.618269,79,124.506776
344.54906,69,124.674894
385.405707,77,124.86756
176.151026,45,124.978702
542.120941,120,125.281026
231.897454,50,125.409351
466.419226,102,125.666712
309.039624,70,125.838008
357.25633,70,126.038018
518.89959,106,126.367534
408.137261,80,127.151726
407.377021,93,127.389776
368.092436,75,127.575441
377.485753,81,127.77405
267.598897,60,127.930153
376.387565,78,128.130716
277.439266,57,128.262972
433.726658,84,128.480742
362.318471,76,128.676837
339.080004,67,129.527261
377.297268,77,129.727493
354.106588,72,129.919038
363.362378,70,130.147641
384.255045,76,130.355532
341.704856,67,131.074957
517.209981,103,131.340136
348.026932,72,131.520992
454.918214,91,131.743943
299.232502,60,131.89257
487.297823,93,132.129052
474.776921,104,132.392201
422.067748,83,132.591942
404.910163,84,132.807079
491.595811,98,133.068715
562.067333,112,133.398948
283.844181,58,133.578466
413.160643,93,134.384563
347.449777,71,134.562873
366.961912,85,134.771583
369.479734,75,134.95204
464.375686,87,135.179331
352.482004,69,135.351383
397.574498,77,135.546799
358.20754,71,135.722414
320.035992,65,135.88409
529.704363,104,136.142682
499.401484,111,136.444087
405.446648,86,136.656674
440.370693,86,137.51432
333.176665,67,138.500667
437.038694,85,138.71169
491.479128,97,138.957004
357.873366,71,139.131279
255.65287,51,139.255029
323.040112,74,139.439101
275.970145,55,139.58141
283.816467,57,139.72166
319.950746,65,139.885111
302.141044,61,140.042445
431.157649,88,140.275135
503.829759,100,140.582325
366.281135,72,140.798756
406.093632,91,141.561627
489.09018,99,141.804163
328.072176,70,141.983083
378.858821,75,142.172858
341.051232,73,142.354302
432.695111,88,142.571482
504.709004,97,142.821691
321.022154,62,142.975373
422.642962,92,143.210966
375.051337,81,143.419412
555.769805,108,143.709374
253.544296,59,143.863866
371.149809,76,144.062576
275.390249,59,144.861549
379.672727,77,145.067964
383.023971,80,145.265265
412.893906,80,145.457972
439.77184,89,145.697222
457.857186,93,145.931242
392.169964,75,146.902128
419.269009,82,147.108761
319.617148,62,147.259406
546.046509,109,147.550319
397.438334,79,147.8032
374.720539,85,148.055975
380.596721,75,148.759256
340.657484,66,148.918722
257.416763,54,149.049181
585.611871,114,149.330459
348.071445,67,149.491034
316.162733,64,149.644979
269.925277,60,149.793727
480.180967,95,150.029717
607.718201,131,150.363982
381.513767,74,150.549055
409.09252,90,150.826908
386.481471,88,151.098863
279.09616,58,151.255071
503.119894,101,152.04985
429.506479,84,152.260234
382.406703,75,152.449336
484.025428,93,152.688341
403.804397,86,152.908325
462.297254,105,153.173166
505.144475,110,153.448689
331.706901,70,153.631108
719.610099,143,154.000141
410.291349,81,154.20348
302.12979,61,154.362462
397.211769,82,156.029432
505.002392,103,156.28942
330.893178,72,156.46081
402.677508,81,156.656183
387.367197,78,156.848009
527.952979,102,157.103984
315.204273,72,157.280204
547.76516,109,157.556892
610.242792,124,157.907701
222.117734,49,158.05962
398.204304,81,158.29563
328.506387,65,158.452203
429.321438,83,159.318981
327.132298,62,159.482932
458.514738,93,159.73016
541.85309,121,160.036894
337.949987,78,160.234714
237.899786,55,160.367083
411.960284,78,160.563152
428.722968,84,160.781072
383.393266,78,160.98489
511.941328,102,161.245009
367.933818,80,161.458129
267.273812,54,161.604334
398.350607,92,161.900704
494.484354,97,162.830023
742.085172,148,163.206479
319.866805,67,163.369181
1002.278065,214,164.877324
493.271967,97,165.176963
469.550075,93,165.427126
346.905103,70,165.596723
332.020861,75,165.787243
364.370835,74,165.967867
518.842476,100,166.217632
390.977674,78,167.088936
482.854764,92,167.323912
383.064499,78,167.521271
434.726532,92,167.745115
302.909717,61,167.902931
405.153875,79,168.142106
548.288235,124,168.485516
312.976531,60,168.628682
349.555282,68,168.799598
660.911798,134,169.142195
302.038248,71,169.323272
372.087299,78,169.518082
391.125918,86,170.397223
297.838578,61,170.552007
378.452588,86,170.782988
312.892039,62,170.927993
452.771287,88,171.151816
509.956833,99,171.391588
528.703313,105,171.656322
363.402995,78,171.870971
467.054664,91,172.145242
592.477165,118,172.465538
393.003817,75,173.48157
331.851247,75,173.672079
744.591314,147,174.704717
438.248794,95,174.954206
357.119172,73,175.172475
520.024262,101,175.473577
342.927462,80,175.668306
421.744795,96,175.909164
284.430947,66,176.075566
399.317136,82,176.274948
399.812354,82,176.479285
354.327056,69,176.648845
359.802974,72,176.828709
388.199351,75,177.009565
275.643754,55,177.830732
385.476034,77,178.027022
319.871136,63,178.1848
547.984395,108,178.446939
407.599661,80,178.641251
351.586356,73,178.822042
453.625349,103,179.130174
421.958409,94,179.396304
455.15611,91,179.622115
383.654385,76,179.812631
449.641177,94,180.050855
521.249763,104,180.301809
351.488851,69,181.149052
528.951567,120,181.443491
439.615204,85,181.646461
319.932057,64,182.686717
413.653886,92,182.906081
405.540615,93,183.139985
660.746272,143,183.489638
378.106441,74,183.671789
478.715711,93,183.89752
663.226155,139,184.237907
325.262658,64,184.403566
475.05887,109,185.391962
475.225518,110,185.694396
473.790037,94,185.922658
362.726063,70,186.099378
445.689315,85,186.310647
333.904018,67,186.481719
301.251293,61,186.63528
462.636304,104,186.899227
492.577383,96,187.137952
666.517239,129,187.455302
468.684491,92,187.695071
486.212075,96,188.586539
261.261843,65,188.745374
342.814714,72,188.92771
334.779502,64,189.087783
415.204309,83,189.319831
367.231701,73,189.524895
265.073114,60,189.689399
465.815799,92,189.916213
511.029606,102,190.162462
415.099957,83,191.328609
556.400033,126,191.642454
421.908993,84,191.863016
625.277926,122,192.908227
660.978004,127,193.241349
414.576757,87,193.455969
399.500283,80,193.653009
382.301909,86,193.864759
327.728922,78,194.056635
317.744681,69,194.226231
464.800209,98,194.468064
411.852278,94,194.7178
343.657589,78,194.923415
212.037529,48,195.050295
379.588556,83,195.276182
433.590407,82,196.035826
209.164222,41,196.149762
363.970954,83,196.358579
317.253898,72,196.540243
506.828683,99,196.832038
450.56883,89,197.090062
683.292009,136,197.431665
487.801509,94,197.654935
551.509948,115,197.937422
268.735951,58,198.081235
494.659578,105,198.330937
329.236173,63,198.480208
500.442166,97,199.216592
580.385164,116,200.583965
568.003524,111,200.852483
416.378725,83,201.057283
417.358433,79,201.25524
428.253485,83,201.457865
919.370359,188,201.926749
295.054692,56,202.075353
441.084432,90,202.305069
391.700783,81,202.510771
549.788307,108,203.472126
379.290899,82,203.678308
513.416999,102,203.931756
417.077213,83,204.141518
646.100653,128,204.462846
497.403314,107,204.721714
539.937971,107,204.991707
228.963581,51,205.117371
457.16508,106,205.374231
459.258886,105,205.63541
370.897081,70,205.818278
406.749617,83,206.710342
290.957161,68,206.878354
460.915782,107,207.195544
389.118208,87,207.432828
374.173376,74,207.624538
427.637541,83,207.833679
418.594339,81,208.02914
580.251848,124,209.306835
561.216381,110,209.602594
326.042555,65,209.759733
423.218029,85,210.004694
391.841995,80,210.254542
286.226653,63,211.028893
443.604819,94,211.255378
382.999795,75,211.441203
317.300809,70,211.612414
369.4693,81,211.810182
644.497506,124,212.121176
351.427587,69,212.293581
265.127984,59,212.439751
765.983611,167,212.872632
561.016441,105,213.151804
634.170555,129,214.043488
359.534497,71,214.224716
801.011489,173,214.743543
409.422393,88,214.967203
336.258453,72,215.139543
373.814967,82,215.335761
364.412276,84,215.550838
441.756368,87,215.769183
329.637659,65,215.925645
409.562518,89,216.145542
393.983298,76,216.328529
364.77724,71,216.500132
377.500171,82,217.243229
455.688738,100,218.481469
533.15304,108,218.741997
280.05619,57,218.881333
321.007913,68,219.046463
407.502587,91,219.272967
392.042154,75,219.454258
595.680733,118,219.743055
432.287839,82,219.965002
425.007017,86,220.187167
473.527187,101,220.453761
361.188834,72,220.643811
445.09718,86,221.510435
376.076745,74,221.720963
384.240313,92,221.977219
301.536943,60,222.143096
267.62885,60,222.299988
294.587877,61,222.447562
580.728053,124,222.752676
388.007742,75,222.937359
398.200274,78,223.1277
502.001631,102,223.389658
426.338437,83,223.594774
492.761744,107,223.8614
477.179855,91,224.762514
409.038216,81,224.975483
280.575185,63,225.149945
321.276909,70,225.346549
501.550233,100,225.608102
476.619677,99,225.856051
369.939831,74,226.936187
403.456057,85,227.144753
385.633464,75,227.327641
443.382129,92,227.565432
530.292195,101,227.817308
727.674002,147,228.24333
452.259931,104,229.160309
449.164061,102,229.413205
363.04622,84,229.620242
569.531664,116,229.907687
343.797258,69,230.077507
492.734984,98,230.320965
565.791665,109,230.591733
405.628847,80,230.794551
401.495889,88,231.029149
660.355526,139,231.390294
493.40918,97,232.294797
386.514598,79,232.509999
539.119624,106,232.809719
330.088277,67,232.997644
623.341167,124,233.297514
441.685466,97,233.537788
464.873304,90,233.757425
505.997931,111,234.030131
292.945137,69,234.208571
492.951206,95,234.446967
382.719596,75,235.490646
393.523132,78,236.395595
363.216617,78,236.596019
498.989935,109,236.868558
593.657492,117,237.16075
541.482241,120,237.45632
352.768761,68,237.616342
371.661616,84,237.824705
594.436875,119,238.122221
384.546249,89,238.346054
620.290863,122,238.670791
445.296051,85,238.892678
581.841381,112,239.816582
282.179818,68,240.001365
505.906153,97,240.295928
477.289894,92,240.554312
471.411186,97,240.803069
304.302001,70,240.976159
447.299398,90,241.191384
321.323267,78,241.383867
270.816557,53,241.515526
430.287501,92,241.749513
596.517323,116,242.036
597.00411,121,242.993717
375.597478,76,243.192061
255.349155,57,243.359491
397.481617,91,243.634355
332.805129,64,243.795184
446.349584,96,244.905058
667.508566,149,245.276627
1073.289954,214,245.827325
461.95645,104,246.096259
341.689406,75,246.30245
369.601756,77,247.261716
709.195056,140,247.603818
319.167359,64,247.766382
355.224299,69,247.943125
326.931502,78,248.138256
283.972199,65,248.301358
534.192479,116,248.588456
558.600735,111,248.863378
349.999358,73,249.052595
530.189073,105,249.334286
344.011525,84,249.552552
435.250806,85,249.767064
600.591822,128,250.800507
341.946284,80,251.027824
394.287705,80,251.240803
379.470647,73,251.421899
623.285588,127,251.737105
458.260797,88,251.948637
532.295994,104,252.211393
400.939015,79,252.397632
589.563705,128,253.615704
563.756749,125,253.975582
341.824358,81,254.895176
455.710364,87,255.107374
474.01133,94,255.343686
359.45337,70,255.515684
504.616439,99,255.758521
497.6334,100,256.005201
341.584942,78,256.201522
452.481135,92,256.447176
344.064063,75,256.643503
559.159717,118,256.961273
453.11104,87,257.184159
315.496089,63,258.014905
517.724329,115,258.359038
466.980074,93,258.599231
788.743548,169,259.031924
267.149935,62,259.184071
515.268515,109,259.462507
433.106021,92,259.690317
449.078242,91,259.914394
386.636962,90,260.140812
436.142498,83,260.360202
570.106213,125,261.268216
416.990537,93,261.532136
306.639562,62,261.70507
685.933487,137,262.978933
434.221315,95,263.228822
626.183761,123,263.544024
397.964623,77,263.747926
305.433151,66,263.931977
398.188743,79,264.134241
616.331659,127,264.504606
478.819894,94,264.772004
520.230944,104,265.562941
536.867563,103,265.821986
431.476907,99,266.075136
454.935657,102,266.334875
418.792914,94,266.565622
543.626026,107,266.823684
612.962589,123,267.123483
592.630328,113,267.409082
432.340376,100,267.678227
964.683872,198,268.747957
407.895696,92,269.022771
645.442872,126,269.35807
508.60983,100,269.605134
522.971456,104,269.864318
785.551116,156,270.255206
419.524509,83,271.443973
539.645461,117,271.751005
365.851622,71,271.968437
507.40478,102,272.257041
512.466068,99,273.005165
385.497589,81,273.199275
343.687736,77,273.392474
461.486528,91,273.615252
424.873896,89,273.834597
428.686373,86,274.049688
432.150987,94,274.288347
559.602132,130,274.622281
400.070841,92,274.869249
431.975,82,275.081137
300.8489,59,275.239185
409.337746,82,275.985957
495.731756,96,276.259035
386.066346,76,276.487288
376.383057,75,276.677991
354.022759,81,276.876759
468.423786,89,277.100561
617.566206,132,277.44242
570.544205,129,277.769195
506.793751,106,278.029282
549.010101,109,278.298878
258.821977,55,278.437855
474.315108,103,279.238323
433.229769,84,280.527791
672.076689,151,280.909338
324.716473,75,281.094477
451.437576,94,281.327251
370.512659,86,281.550818
388.794477,76,281.747996
486.694655,105,282.020637
558.195459,110,282.328041
458.250459,90,282.610449
486.624231,102,282.879439
462.668771,92,283.656346
854.202483,172,284.083605
438.756789,88,284.297668
488.150869,96,284.529828
567.849962,111,284.802154
659.189799,138,285.144462
419.203301,93,285.379564
491.922321,95,285.634603
734.016728,144,286.621634
492.199944,100,286.914406
423.218671,83,287.121674
523.745674,111,287.39684
462.251603,91,287.622356
451.183184,87,287.838494
409.771339,88,288.055253
365.115192,69,289.238963
534.032203,105,289.538039
365.911959,73,289.771483
321.516931,71,289.981872
643.532914,144,290.339433
359.764322,85,291.043015
561.70655,112,291.321464
426.097632,82,291.525936
314.345898,62,291.683069
334.073911,76,291.875444
358.253619,80,292.078295
953.941853,191,292.558091
344.330094,68,292.721334
377.756844,77,292.916808
446.706336,87,293.129833
299.540819,69,293.305614
644.876654,125,294.262946
393.350596,75,294.448862
370.397215,83,294.651487
345.581229,71,294.825727
522.002638,101,295.082818
471.851752,90,295.30613
370.962639,73,295.486315
511.801293,104,295.743449
663.196504,128,296.053896
761.142395,150,296.447668
554.149814,115,298.350183
393.617943,82,298.549759
429.032037,86,298.762908
411.855452,82,298.962904
535.343715,109,299.224946
379.239002,74,299.412308
671.816286,128,299.742697
347.055152,69,299.919788
329.773343,68,300.102546
474.722817,91,300.341304
402.710369,78,300.542591
487.287184,95,300.789579
346.250863,75,301.631174
349.952995,74,301.817455
421.643439,93,302.046892
583.695692,112,302.323937
654.949312,137,302.661084
304.975621,61,302.80377
459.751549,91,303.032369
467.826845,95,303.265575
400.437303,89,303.498305
509.456922,101,303.753503
416.941381,97,304.01571
330.006816,65,304.836114
532.408551,102,305.084589
467.310642,103,305.333398
823.71443,163,305.737202
554.194565,109,306.985724
417.354077,80,307.187801
351.952358,70,307.370296
640.049759,125,307.762824
491.398287,99,308.028233
434.350505,92,308.25187
675.743231,132,309.083168
575.087317,124,309.399405
582.020032,116,309.694142
418.477791,79,309.887794
403.605156,76,310.069358
577.428033,130,310.399846
482.900467,97,310.631994
569.596751,114,310.921968
535.648715,108,311.203841
409.380214,77,312.04177
420.38104,82,312.263662
606.050541,122,312.553051
530.127098,108,312.814115
519.281089,104,313.056978
523.825358,105,313.312824
582.776471,112,313.578058
686.214317,137,313.916912
681.67485,144,315.371331
503.258942,112,316.140373
371.109489,73,316.334961
461.718248,98,316.570001
373.026697,81,316.772784
359.019889,77,316.959593
511.766958,102,317.215847
384.927796,85,317.425489
385.824855,77,317.617884
514.992407,117,317.914444
512.280532,100,318.180074
279.097897,63,318.345369
304.730517,68,318.516423
467.480996,87,319.388626
502.262346,103,319.666127
444.628665,88,319.878875
444.998573,87,320.093737
526.247437,102,320.345511
286.000051,63,320.500608
409.658297,80,320.695157
348.172742,81,320.889725
450.044556,89,321.106755
490.459116,96,321.343693
380.782583,73,321.525025
718.893904,138,321.874369
568.351277,124,322.858471
432.620569,86,323.069642
486.464795,95,323.309702
368.97757,73,324.606701
407.246786,80,324.816079
639.785379,124,325.146294
508.778397,99,325.455448
555.653479,104,325.751912
508.990122,98,325.996586
457.740884,107,326.257979
369.753081,83,327.019444
703.882648,140,327.381716
285.864584,57,327.517411
419.231821,91,327.749633
406.014355,79,327.945472
318.758568,62,328.096915
380.384532,74,328.279712
552.364847,110,328.556712
442.218535,83,328.770382
484.034121,97,329.009868
439.095775,97,329.274847
372.482107,74,329.491612
366.453173,81,330.340432
670.919091,130,330.654732
323.039227,76,330.84747
547.094615,121,331.150865
496.061777,99,331.388126
575.874441,112,331.665968
455.052863,91,331.888016
428.459853,87,332.09501
407.225851,78,333.30661
611.828635,116,333.593416
459.154239,91,334.30528
430.827672,96,334.547912
473.241641,93,334.77829
464.216424,92,335.008757
437.638899,86,335.225076
516.895897,102,335.47962
360.792773,71,335.658733
387.327368,81,335.85566
583.570295,113,336.130879
598.463581,117,336.442145
693.971978,135,336.832687
365.399712,86,337.666223
928.52743,181,338.115821
331.592385,76,338.302782
559.103313,111,338.569012
555.699045,110,338.830024
404.269744,82,339.034646
669.190794,128,339.344872
458.548755,96,339.591035
588.161622,115,339.915465
478.602376,107,340.82311
373.401744,74,341.004928
591.485397,114,342.659028
389.865873,84,342.881221
561.030474,116,343.23018
319.457751,74,343.454329
427.772887,83,343.656206
481.915434,104,343.919932
426.185782,95,344.158891
679.208029,132,344.491402
398.365617,90,345.221972
323.761439,72,345.403375
365.146247,75,345.585862
537.173587,104,345.840317
766.830323,152,346.205673
574.901852,123,346.513149
546.780991,104,346.763199
461.223147,88,346.977261
536.451506,102,347.28917
282.422776,61,347.465041
544.048087,109,347.745351
763.464854,144,348.598534
353.55937,82,348.801145
627.019037,124,349.11075
449.578125,90,349.330378
842.886555,179,349.77396
541.966113,107,351.30343
534.229222,112,351.577136
531.380168,103,351.83077
556.84577,113,352.655367
685.327625,149,353.037927
360.443609,84,353.248842
512.881981,101,353.49758
380.736862,81,353.690943
379.466315,73,353.872027
523.520255,99,354.11375
586.696148,126,354.421427
417.605711,83,354.644452
397.750937,78,354.895745
547.545296,107,355.193459
837.849295,163,356.08389
582.042052,118,356.372496
388.779176,89,356.591843
527.254077,101,356.838123
643.33541,132,357.173219
482.487471,95,357.430059
403.047743,79,357.627741
396.570491,82,357.875257
516.045702,118,358.242825
645.125211,135,359.2304
622.973555,121,360.629846
486.72281,98,360.900502
902.618034,193,361.448747
614.114682,116,361.771649
603.301622,116,362.098046
642.421624,139,362.539419
394.887974,76,362.771
462.053602,95,363.016081
674.115083,131,363.970786
391.896744,76,364.163497
721.153806,141,364.52163
538.135826,110,364.814754
404.943773,81,365.025569
520.144366,101,365.279017
262.257106,60,365.441018
502.287765,110,365.786459
520.583196,113,366.112362
350.992464,74,366.301788
483.39749,97,367.084828
541.080131,107,367.365375
482.700794,93,367.60655
486.360725,101,367.867447
383.052583,81,368.085217
429.796271,89,368.324511
360.591896,73,369.558344
571.656277,113,369.853079
339.794071,71,370.034714
446.760491,94,370.270452
420.863967,82,370.480147
510.586882,100,371.321766
498.680135,109,371.600745
524.219797,101,371.84662
473.182407,95,372.080364
442.457036,97,372.327809
541.132264,121,372.623498
499.378624,108,372.908475
350.130806,84,373.141359
288.357912,67,373.340514
838.546154,163,373.787539
410.650828,94,374.565709
755.187535,147,374.937462
387.916093,75,375.124485
579.219755,115,375.40762
439.171264,87,375.615664
825.725261,161,376.002081
393.608415,76,376.191946
643.391164,125,376.570512
481.084395,94,376.840837
458.83254,89,378.517181
466.6867,89,379.234479
392.536983,85,379.451741
372.399556,80,379.656291
415.842813,87,379.879721
482.987962,94,380.120691
506.614219,100,380.379679
540.430564,107,380.666469
289.848796,64,380.855451
502.43735,104,381.146039
845.473726,170,381.574455
475.297513,93,382.339527
417.372376,79,382.539863
580.826386,114,382.830024
431.674022,97,383.079321
531.755388,103,383.33436
643.993915,123,383.634495
381.271678,75,383.849472
832.809767,169,384.330716
453.409995,85,384.537134
484.987385,94,384.769601
504.412742,93,385.499444
366.829482,86,385.717081
508.206533,97,385.96429
501.231857,93,386.192467
447.667392,95,386.419306
617.425167,118,388.430344
422.710606,95,388.680586
419.684336,79,388.885264
426.968785,83,389.104228
266.033707,62,389.263458
457.438843,101,389.534166
526.467766,117,390.508288
348.487001,75,390.688287
651.125487,124,390.991183
404.075569,85,391.222148
350.8356,68,391.412762
405.419856,79,391.633559
404.171091,77,391.833681
430.084252,89,392.048661
494.57614,93,392.283455
351.058336,83,392.488282
537.894063,117,392.771395
455.459249,94,393.688075
510.956183,104,393.940924
450.937384,85,394.150427
629.445866,133,394.510026
558.241703,110,394.816889
342.820573,79,395.032144
522.878592,99,395.275834
435.931666,82,395.476372
901.572883,182,395.926288
448.259144,94,397.814589
396.256361,85,398.693435
484.568301,99,398.959018
524.389898,107,399.261067
406.408987,90,399.491578
466.816614,88,399.702205
406.533551,88,399.925382
444.97633,97,400.164037
442.193866,92,400.384512
331.530955,76,400.567886
478.795468,90,400.780639
388.192413,77,400.966353
360.308539,69,401.143271
196.939102,41,401.760004
561.047677,114,402.049894
1221.709293,253,402.761371
405.354586,91,402.989454
885.053913,183,403.449491
547.660813,104,403.705238
466.038508,89,403.919831
539.700082,105,404.189143
373.270608,71,404.899737
880.336758,171,405.348566
501.4469,107,405.667352
468.839663,91,407.564652
451.996005,88,407.793837
459.33248,100,408.05438
499.839495,94,408.307123
355.775184,75,408.504026
441.937262,81,408.70475
479.337476,100,408.977769
490.094925,93,409.213197
409.842952,81,410.131453
561.504311,112,410.421573
771.508122,148,410.788152
512.815005,98,411.023066
400.022204,86,411.228863
360.155939,80,411.435447
591.583658,120,411.726287
369.956677,78,411.916604
476.004263,95,412.177002
500.82814,102,412.454675
598.02475,124,413.460304
409.638696,77,413.648748
304.247356,58,413.791735
442.737001,91,414.010017
531.001751,107,414.271751
484.159276,92,414.495275
399.213676,76,414.67904
476.555211,90,414.896713
447.93416,88,416.687519
471.143385,91,416.919955
481.379551,97,417.203226
571.12382,112,418.133795
528.122285,110,418.406547
548.434796,104,418.657289
603.009134,116,418.945663
832.72512,162,419.343231
473.196255,102,419.597574
488.158517,95,419.830691
549.040561,104,420.090832
397.26892,76,420.291488
334.535982,78,420.543715
448.250255,99,421.380324
495.093738,97,421.61859
660.340306,128,421.922609
395.3815,86,422.15563
556.858534,112,422.426085
415.274788,95,422.670804
814.862232,157,423.065865
542.201783,106,423.345818
580.381978,114,423.672936
773.612326,154,424.790608
514.007772,96,425.034552
468.368802,94,426.709919
408.845076,82,426.923213
542.246744,113,427.214426
544.339986,118,427.527961
331.501332,75,427.737935
345.16606,70,427.955238
455.700171,89,428.208669
410.016167,90,428.433449
585.433177,111,429.246332
513.530837,103,429.503179
577.039625,110,429.782755
542.375334,110,430.060488
315.873936,66,430.220622
490.375414,96,430.457791
512.867192,99,430.701926
699.045845,134,431.088782
528.824356,111,431.396678
396.177034,78,431.586073
578.9974,112,431.865974
595.710298,118,432.683871
551.013846,113,432.972362
372.013129,84,433.181875
325.91155,72,433.376252
683.772102,133,433.718709
398.249682,84,433.921334
392.113419,81,435.283592
384.50283,79,435.502359
516.226392,100,435.759994
319.560772,65,435.913346
561.645583,107,436.698741
325.704311,75,436.882804
726.376811,147,437.255324
639.95117,140,437.589859
328.946696,63,437.744337
427.086095,87,437.963419
621.890674,118,438.264538
907.589633,187,438.799724
376.627622,74,438.980653
499.381222,97,439.22516
744.135128,165,440.273497
499.804552,97,440.518647
816.584309,165,440.967227
652.420353,131,441.301263
344.490961,78,441.507045
345.4131,80,441.726394
360.892933,72,441.928643
523.46299,105,442.224369
520.529589,100,442.543715
436.647351,93,443.471551
749.986517,150,444.93939
472.476983,107,445.226229
439.737537,81,445.45041
474.206737,92,445.70134
718.688555,139,446.164533
542.480053,108,446.467664
478.735088,92,446.704525
512.093606,103,446.973591
472.315039,90,447.202095
583.495775,112,448.18596
805.284428,157,448.591707
594.660084,121,448.915911
534.915267,103,449.189924
410.38302,82,449.424668
365.664013,80,449.648294
719.635482,142,449.99749
602.575645,124,450.307971
675.512995,129,451.16657
491.20073,97,451.414015
439.439212,85,451.625803
396.483236,86,451.840926
400.68092,77,452.02684
359.97587,72,452.209481
375.766453,83,452.410264
448.861349,100,454.005052
379.6433,81,454.223989
659.602724,129,454.55372
498.267606,105,454.817543
563.758742,110,455.606885
689.972196,135,455.95094
887.983656,176,456.389946
538.09025,102,456.636476
418.505655,90,456.870542
398.461903,80,457.115065
554.357525,109,457.422726
332.622448,72,457.601805
442.410818,91,457.828724
380.911162,76,458.006819
449.922896,93,458.904463
732.719878,150,459.282884
425.703718,92,459.505508
404.916785,82,459.708408
559.157636,113,459.998119
472.829573,93,460.232128
709.898518,137,460.572513
488.413493,101,460.844528
662.017219,131,461.249812
553.532629,106,462.75513
476.259642,90,463.591759
520.745063,100,463.838024
513.598728,96,464.091641
394.694318,93,464.34918
487.784917,93,464.609486
381.200891,75,464.795053
373.639701,87,465.012529
442.162917,88,465.227169
548.640406,104,465.482528
665.20474,131,465.797945
335.636198,64,465.95629
539.671367,102,466.746762
638.201398,127,467.063783
321.817545,68,467.234624
557.695239,117,467.586071
472.472165,92,467.833802
555.365145,112,468.100241
491.632404,94,468.31947
634.929362,137,468.665729
494.843006,102,468.925591
529.73978,103,469.74715
570.826008,115,470.032414
472.236894,91,470.256292
308.401139,65,470.417284
317.201405,63,470.572008
654.689112,145,472.354836
518.881931,97,472.592863
426.459349,87,472.811352
511.383999,111,473.082496
530.48319,107,473.348596
435.592439,96,473.584373
413.457087,85,474.310315
469.311048,90,474.528178
363.300767,78,474.761091
509.675722,100,475.044732
510.698929,104,475.301355
479.854213,100,475.548091
644.091402,118,475.835543
498.847076,95,476.067785
877.836595,167,476.472004
763.71331,150,477.433157
419.712748,88,477.663519
500.562627,94,477.907414
351.927643,80,478.111969
954.290711,185,478.581564
420.054804,86,478.840694
732.562434,144,479.26096
520.623842,99,479.503868
478.524685,100,480.849904
469.543281,103,481.113152
331.622736,70,481.812797
675.406899,130,482.186911
514.747534,104,482.478452
492.041594,96,482.716365
408.310783,81,482.917106
644.136944,129,483.236011
476.381326,93,483.472876
426.392909,83,483.673431
533.715309,107,483.940092
543.970705,100,484.192662
438.513974,84,484.921991
518.387768,97,485.195955
409.192759,84,485.44611
453.967504,90,485.670367
636.375113,119,485.968818
483.278172,92,486.198884
513.678994,108,486.469149
442.688902,84,486.681976
504.921922,109,486.962509
531.038475,111,487.246416
463.81831,92,487.48286
511.430518,108,488.268701
566.948061,112,488.548725
796.545768,163,490.10882
593.559199,116,490.388441
696.142142,132,490.716676
625.773929,124,491.019759
393.836432,75,491.2025
465.997638,88,491.417
529.561447,103,491.672723
701.550329,145,492.584647
474.285795,91,492.851902
655.332495,132,493.192264
1071.952449,210,493.730413
454.659894,101,493.975841
638.591322,132,494.300388
579.182294,122,494.61939
327.366704,73,494.813927
540.151743,117,495.677257
570.334722,109,495.945724
478.572768,94,496.178072
645.882561,122,496.476906
582.507088,110,496.752384
483.479679,99,497.036799
705.892677,134,498.642845
550.490731,111,498.91804
415.46144,81,499.123962
392.318801,76,499.830532
413.695125,88,500.046229
367.995081,75,500.267744
472.253091,96,500.554254
408.679057,81,500.75771
421.728149,83,500.966007
669.8342,126,501.27946
553.348341,124,501.604658
499.365396,95,501.844185
628.803628,126,502.165558
778.7871,153,503.086755
555.236555,115,503.396961
350.059867,74,503.606213
620.955948,116,503.952607
365.930215,73,504.1494
539.343708,102,504.414265
461.689183,89,504.650017
484.861602,98,504.918759
401.676124,84,505.144124
625.54951,119,505.447372
595.757963,120,505.752089
623.419936,127,506.591084
674.590201,129,508.270312
430.49692,83,508.478517
894.778274,175,508.914016
463.357581,93,509.141035
572.884129,109,509.40808
564.017585,104,509.664431
451.619933,88,509.877754
435.325326,87,510.095096
373.576698,75,510.790512
522.122268,102,511.079047
603.862918,113,511.397199
443.980457,87,511.621007
474.800068,88,511.836992
574.528421,114,512.110336
655.847726,124,512.417704
579.935985,118,512.711768
480.898192,95,512.956944
587.602313,115,513.252892
390.936163,79,514.03207
425.5762,81,514.226837
456.350003,86,514.432757
492.012633,93,514.655312
487.384973,92,514.88073
559.567923,113,515.156488
729.57107,132,516.8738
880.396839,186,517.343257
401.943369,79,517.54001
545.934448,103,517.812006
534.53528,100,518.568846
464.077936,90,518.833457
370.156575,80,519.067705
601.120605,117,519.353914
388.660141,82,519.559501
744.252764,146,519.929982
498.057487,92,520.155527
561.029795,108,520.42391
644.951399,131,520.748816
772.56089,158,521.677955
349.237087,74,521.868933
433.950398,95,522.111427
375.122715,80,522.316303
419.461347,91,522.543675
667.835039,126,522.856385
491.822098,102,523.153164
518.571776,101,523.451305
442.508964,83,523.651111
704.520238,139,524.000309
475.573658,96,524.730361
678.976813,146,526.406225
447.679169,88,526.651542
582.170601,114,526.935762
472.117306,98,527.176253
454.83845,101,527.427361
583.075673,129,527.743721
736.332095,148,528.099555
439.987586,93,528.348946
544.714477,104,529.124769
855.452818,172,529.598404
507.906051,96,529.863185
582.685489,120,530.156565
838.164237,167,530.57566
1084.727189,212,531.110058
544.632559,103,531.367867
514.500969,106,531.64405
469.401958,97,532.426553
946.836402,177,532.882307
469.009307,93,533.109191
850.13544,160,534.937042
443.249636,92,535.167412
507.252916,96,535.395132
443.321557,93,535.629725
625.94071,123,535.937305
462.048883,94,536.188704
741.995768,142,537.082499
461.641505,87,537.337031
633.780516,124,537.643417
415.292638,83,537.847973
398.863928,88,538.071914
800.455947,162,538.479499
617.968576,127,538.800122
739.928967,145,539.159256
487.033053,105,540.01416
329.728745,63,540.182156
608.293072,133,540.526753
616.790522,114,540.81111
1368.41051,282,541.564027
598.019145,121,541.895569
646.583806,125,542.206038
741.686862,157,543.873436
593.840242,121,544.722106
915.271963,188,545.239657
467.410127,91,545.466744
493.168254,93,545.693364
530.751391,100,545.938912
472.438876,89,546.155698
571.252844,108,546.419959
848.938159,159,546.821128
518.61829,107,547.603085
572.888999,119,547.921764
382.526805,86,548.16787
469.510124,94,548.43092
590.18557,123,548.743026
624.491391,124,549.04308
528.24472,109,549.317131
481.772648,100,549.572265
655.722756,126,549.894695
648.001102,138,550.761304
861.221345,165,551.172788
541.578782,125,551.483097
465.158726,104,553.109525
375.842546,79,553.307601
419.98096,80,553.499872
529.772108,109,553.777347
465.172829,89,553.999149
459.923586,89,554.214679
486.730054,95,554.450531
576.761665,110,555.220246
626.087646,135,555.563768
540.91904,101,555.843908
360.279074,68,556.034463
484.619171,92,556.290108
636.789593,124,556.594659
687.401431,132,556.90875
500.944405,94,557.134372
372.405337,79,557.335767
590.684821,111,557.621498
511.298223,97,558.383188
491.198269,112,558.671012
449.21567,87,558.895114
628.754227,121,559.203835
526.762796,100,559.447994
413.421588,79,559.637805
481.007502,91,559.859097
520.299345,101,560.149884
492.103994,108,561.890514
663.79623,126,562.20299
664.754113,130,563.017106
434.474733,83,563.224159
849.226232,161,563.679008
440.598347,89,563.919479
507.438055,111,564.207579
556.540338,102,564.457816
613.57208,115,564.738277
559.486879,111,565.008589
629.399665,121,565.304262
579.108515,117,566.096572
661.332784,129,566.416074
441.677249,93,566.675799
510.170608,101,566.963794
524.898074,99,567.22557
438.598365,87,567.443231
404.963713,78,567.635287
396.693021,76,567.826193
999.577345,211,568.359337
675.132271,131,569.172786
817.719778,164,569.57296
672.206065,129,571.24708
585.516925,108,571.535819
611.769412,117,571.819579
792.730155,156,572.198966
574.809122,118,572.493476
405.423358,79,572.687493
434.393577,88,572.902076
505.091837,93,573.625871
645.95779,134,573.949993
725.584511,139,574.326122
490.783884,109,574.629034
1008.112425,201,575.130085
475.551366,92,575.358994
435.138557,83,575.563207
665.15175,142,575.931947
445.075751,83,576.689173
723.857066,131,577.017233
310.649932,65,577.183204
522.068191,105,577.444034
417.746865,92,577.672082
660.23144,129,577.988896
619.571211,118,578.269283
1052.346095,210,580.194365
604.707301,123,580.500566
640.798242,129,581.339655
591.877112,110,581.618541
858.149287,167,582.091477
753.794983,142,582.445002
611.416255,116,582.724994
630.847399,121,583.024736
397.945873,77,583.214684
419.598201,90,583.437938
525.937921,106,584.222465
506.429026,100,584.472858
387.966019,74,584.656694
480.254992,92,584.892541
488.221323,97,585.180109
553.041158,126,585.518984
636.546509,126,585.847248
467.06377,87,586.070473
460.675019,90,586.300515
439.84787,82,586.504321
471.816804,97,586.740742
719.471384,139,587.594246
481.843157,94,589.171474
427.411024,80,589.404636
781.001908,162,589.827095
559.789261,110,590.097808
869.340835,175,590.535764
522.848547,101,590.786203
1075.587402,211,591.812121
424.65773,83,592.012178
494.898261,101,592.281806
549.102839,111,592.595334
496.064847,94,592.848282
548.616967,112,593.120188
614.144475,119,593.410872
614.084407,120,593.702983
616.38798,118,593.989944
660.117611,135,594.331434
499.20197,108,595.162518
629.619859,130,595.485913
417.137145,79,595.681875
485.51119,92,595.905972
414.562999,92,596.138
560.305977,119,597.911941
701.178282,140,598.253806
655.984462,129,598.569083
382.346389,73,598.744671
741.964813,146,599.62639
434.14095,81,599.831428
1072.888292,200,600.407464
619.630066,120,600.716197
560.705637,106,600.983722
404.216456,78,601.184008
894.783892,175,601.641751
598.730323,113,601.948774
497.145128,94,602.760482
414.090968,82,602.97135
553.425107,119,603.289187
470.109261,90,603.514886
649.885472,135,603.88139
663.945743,128,604.210519
538.08212,105,604.47757
532.739032,100,604.770393
419.525377,88,605.027457
719.759388,135,605.372812
560.083954,119,607.942669
662.785194,129,608.339599
735.646768,145,608.709575
631.283803,123,609.020681
568.971992,108,609.297367
554.830712,114,609.586155
703.430508,132,609.921566
691.249838,128,610.250189
700.541861,135,611.143112
725.465159,143,611.572993
552.015352,107,611.844138
516.402566,108,612.116894
724.052113,147,612.478092
619.715684,118,612.774615
335.466542,68,612.952994
486.442157,101,613.213961
854.954495,161,614.190521
535.005096,105,614.453774
593.652736,114,614.738532
646.468139,130,615.064485
435.232086,85,615.279439
433.560867,84,617.02692
510.078463,111,617.304726
554.5197,103,617.552463
573.458271,107,617.819108
645.887048,122,618.128832
722.546792,140,619.027368
1002.363728,193,619.558294
1267.522422,238,620.143987
960.341729,179,620.584151
553.089207,107,620.847038
491.486098,106,621.108425
543.645252,100,621.362478
525.888453,109,622.198964
761.549981,138,622.552219
529.046479,109,622.827047
738.940326,137,623.163135
512.241936,96,623.415004
630.317224,118,623.760193
511.138528,111,624.044395
460.47347,85,624.248641
326.519145,72,625.860854
485.535344,93,626.622633
474.301773,106,626.922094
705.062156,137,627.295881
567.306838,111,627.575135
457.226732,101,627.831208
518.83753,101,628.091154
522.566866,98,628.329416
467.615652,106,628.59239
809.310099,160,628.986113
326.290639,78,629.705042
985.204719,204,630.283792
382.266343,76,630.485001
461.796554,84,630.685353
798.117529,157,631.076553
1045.992739,210,631.612096
522.473525,104,631.876538
600.592475,128,632.194024
729.396943,150,633.181206
515.462306,100,633.433457
497.232295,96,633.672198
464.400178,88,635.33965
437.114359,92,635.570432
608.832262,133,635.901867
376.067941,84,636.10993
574.132572,106,636.379647
414.464876,91,636.603503
853.347557,157,637.729398
826.203975,167,638.181613
681.001318,131,638.503054
585.843998,111,638.778147
622.266418,125,639.087075
564.692832,109,639.362026
745.554317,148,639.748306
825.855964,153,640.157946
1069.906819,213,641.264541
533.372557,103,641.515172
465.666883,99,641.765031
594.445222,113,642.100447
567.956133,119,642.411753
553.091562,114,642.696776
670.812696,126,644.689945
578.057484,110,645.005361
651.520243,125,645.87703
654.171338,124,646.173554
535.626999,112,646.450584
972.296009,191,646.935218
622.337785,118,647.230535
477.639727,89,647.4466
576.523007,105,647.714686
398.129991,86,647.945365
632.335953,122,648.319216
578.841738,118,649.180261
402.487744,83,649.391667
569.421135,106,649.664051
543.794575,101,649.926115
493.40796,106,650.210812
510.761504,111,650.493401
499.640716,96,650.729586
523.972531,97,650.977977
492.137505,99,651.230206
563.797118,109,651.510204
480.006028,99,652.400133
580.371137,126,652.749638
614.41911,118,654.590761
501.393093,104,654.849424
584.541742,111,655.130034
486.756549,104,655.398249
486.739148,100,655.654287
555.870444,110,656.002767
743.814307,141,656.370693
533.355324,102,657.276291
880.420893,172,657.706728
538.732544,108,657.98015
549.422977,104,658.244129
840.611325,171,658.676873
443.886591,85,658.891139
765.63316,145,659.246251
423.416074,79,659.463406
447.211695,98,659.719547
471.75613,94,660.617346
790.491705,164,661.02992
737.081767,152,661.419749
829.715313,170,661.846777
504.927513,100,662.093509
481.22754,89,663.801
480.075932,91,664.033669
700.555868,128,664.364838
604.635367,126,665.323019
760.702865,151,665.693607
570.832881,107,665.949932
644.733961,123,666.246547
378.172229,80,666.447104
869.60187,172,666.880818
412.239383,91,667.117808
568.676411,112,667.417425
451.351034,84,667.641398
655.962828,135,668.773448
725.302867,141,669.13005
629.765634,119,669.428138
574.380172,108,669.6893
592.58179,127,670.004551
859.255801,173,670.444349
669.416001,132,670.792049
1656.042378,321,673.835155
458.289205,87,674.053128
523.711803,99,674.307706
538.874979,102,674.56802
452.15617,84,674.832097
657.013669,125,675.193952
588.351391,114,675.479224
697.767148,135,675.814024
395.654965,76,676.670368
562.12897,113,676.961217
887.569504,175,677.410493
653.239351,124,677.713856
334.496593,76,677.904616
512.277399,99,678.143101
541.592782,100,678.388869
546.940599,110,678.667409
716.879441,151,679.12723
495.377787,108,680.001819
843.812655,160,680.406674
415.134946,89,680.630836
544.453741,104,680.89087
457.081343,89,681.107112
590.957465,111,682.715042
678.234396,139,683.066854
965.013349,184,683.519821
465.519197,88,683.739749
567.920628,112,684.51667
570.986912,105,684.773093
904.226137,186,685.244109
656.887059,130,685.574296
853.344618,162,685.990079
460.194292,99,686.252203
748.153697,149,686.64206
619.673432,115,687.692685
450.801326,87,687.906135
512.859821,112,688.204383
455.660736,85,688.423579
625.437408,131,688.758933
1065.104941,222,689.317878
482.623896,107,689.58807
749.047598,148,689.968914
872.353517,178,692.72922
499.380791,104,692.991186
396.415404,77,693.181255
863.070039,162,693.620298
766.552063,143,694.009609
587.02414,111,694.293896
636.055033,121,694.598587
779.586574,166,695.019115
937.481586,173,696.136689
790.084037,162,696.558994
545.726753,102,696.816406
516.826448,103,697.073143
444.83281,85,697.277195
918.983564,176,697.726142
639.565763,124,698.109785
504.104416,96,698.375892
538.728121,105,699.202858
667.558815,138,699.546861
498.719669,102,699.803004
840.272216,167,700.209942
446.623224,99,702.024276
726.851696,143,702.390559
756.407856,145,702.756619
417.67197,92,702.981416
648.251348,125,703.78483
591.141942,112,704.067961
428.282245,82,704.277749
1179.065714,229,704.855713
631.759604,115,705.139951
344.114708,77,705.329765
795.84106,151,705.738655
600.886161,126,706.103912
829.023341,161,707.039601
641.169275,131,707.368646
709.456079,140,707.727305
655.943245,122,708.024487
748.942336,140,708.36866
472.361075,94,708.597196
450.54907,84,708.809215
529.41594,99,709.101345
878.080693,167,711.354279
562.103684,108,712.213517
613.771551,115,712.534532
671.497912,136,712.941056
874.186117,168,713.366912
394.613789,87,713.593042
433.308103,88,713.818925
508.769879,108,714.090615
642.513057,126,714.408684
531.644964,106,715.204419
389.351284,76,715.386088
425.535107,82,715.583795
607.756304,118,715.878789
940.524012,188,716.349526
469.404435,90,716.57077
1662.104029,322,717.503032
679.55254,127,717.819364
453.046367,97,718.622523
623.877403,127,718.937865
439.108828,95,719.182365
480.678518,92,721.083785
702.445761,133,721.419811
1053.748449,204,721.921143
701.979891,138,722.255374
678.869331,142,722.639229
634.234443,123,723.656173
631.515274,130,723.984432
749.90403,159,724.381473
605.504049,113,724.6868
663.05079,128,725.059208
558.862658,107,725.321509
700.57803,136,725.657785
729.425163,152,726.553526
545.494832,106,726.822842
710.956668,143,727.187258
714.534896,134,727.511175
494.311729,111,727.810987
743.329781,136,728.205566
841.838577,158,730.358082
434.186129,95,730.60975
623.620469,116,730.933172
1249.181413,243,732.203729
585.269591,117,732.503825
557.718613,103,732.767211
416.020567,88,732.992779
416.448547,81,733.203947
851.857556,168,733.689888
1114.128106,217,734.283529
526.369536,101,735.049639
482.122912,101,735.300745
498.966781,96,735.558198
530.406337,114,735.879903
898.25966,180,736.382242
1046.760972,207,736.923393
573.46109,107,737.187859
558.519469,117,737.491827
638.449285,131,738.353375
615.489983,128,740.469227
596.481491,116,740.755733
1022.66083,212,741.298682
927.425437,173,741.758222
462.158957,89,741.996734
575.873201,110,742.290383
507.874208,99,743.061913
1164.436375,237,743.660585
619.736098,123,744.013275
415.723435,83,744.250923
852.951051,170,744.676297
686.62894,132,745.014694
536.178505,105,745.265563
1106.018977,212,746.281881
691.352787,137,746.616556
986.028155,190,747.129017
556.308885,103,747.415725
595.997666,126,747.753224
555.350534,103,749.566769
644.347981,118,749.868953
490.017337,96,750.105534
817.06326,156,751.067546
833.094312,162,751.481234
420.281647,90,751.744923
735.352821,147,752.150587
613.562845,120,752.45188
507.133611,95,752.679639
694.142343,131,752.998963
574.090725,109,753.266537
1477.065818,282,754.456919
795.031712,155,754.888683
626.237512,117,755.20937
1064.652463,209,755.727309
1148.815199,215,756.251198
547.454636,100,756.504294
444.539851,95,757.29281
791.264255,142,759.533907
599.877901,112,759.817357
482.013379,92,760.060648
734.743907,147,760.464659
442.086589,84,760.679799
641.384122,125,761.018122
483.94611,97,761.266842
1081.646258,203,762.343254
631.258764,121,762.682277
509.340193,98,762.946911
698.521773,149,763.324246
389.666749,86,763.536021
679.306559,136,763.8665
677.778271,128,764.174723
836.991993,165,764.578585
863.617526,178,765.545186
744.881785,140,765.954261
639.890027,127,766.285971
582.794236,114,766.554871
607.064686,116,768.748537
752.743257,142,769.117298
339.799034,77,769.315714
628.369644,117,769.621534
772.396195,155,770.604157
956.925687,181,771.092669
694.249714,129,771.411628
675.599332,134,771.746495
549.881408,107,772.019974
559.628612,119,772.317831
844.951081,168,772.736944
713.484827,136,773.1107
694.797611,144,774.142387
598.560418,122,774.440633
806.742321,160,774.838842
650.53943,127,775.15271
729.302402,131,775.488502
590.81449,115,775.771429
389.607808,82,775.979397
1282.195939,246,778.893434
722.374018,141,779.251828
647.876934,125,779.56601
587.370178,106,779.82313
515.947287,105,780.093747
1676.34076,323,780.918947
984.003801,191,782.109503
682.222,142,782.455158
723.430707,132,782.779087
477.898845,90,783.004493
583.627807,121,783.301151
527.686534,104,783.556898
691.238494,128,783.879917
802.241377,153,784.266013
658.413818,125,785.293373
623.822825,121,785.588593
895.074249,177,786.038562
518.21956,98,786.281209
518.374829,98,788.351274
592.228396,114,788.641525
546.370031,113,788.924397
683.07419,130,789.262564
494.946566,110,789.575648
885.806561,166,790.495279
635.787871,121,790.800103
558.45191,105,791.052969
1224.473474,235,791.621184
972.871242,193,792.101423
560.37609,117,792.411446
960.630844,189,793.522349
582.090344,111,793.791349
555.595963,108,794.063074
491.352773,106,794.327167
579.61476,113,794.61037
658.212331,128,794.921376
445.819157,83,795.120292
648.481025,126,795.448998
1010.025223,193,797.903521
715.330954,134,798.781974
796.757997,172,799.213753
494.413595,93,799.447829
649.569963,118,799.742882
771.423308,145,800.114652
785.207469,142,800.476797
828.249029,151,800.939994
996.07342,191,801.989584
1236.812244,234,802.570973
590.703054,123,802.882967
740.3879,141,803.234225
871.358947,176,803.678561
687.684199,131,804.028201
591.448919,110,804.372983
567.137303,120,805.372542
533.642381,115,805.66016
431.139415,92,807.651858
736.44664,145,808.017302
706.193973,139,808.381457
550.323991,105,808.649827
678.938258,132,809.011922
935.566837,188,810.079808
1155.823202,215,810.60488
1423.645315,260,811.254634
787.060989,151,811.618526
647.884982,138,811.956855
670.631245,127,812.322101
936.886449,182,813.313627
919.571818,171,813.730689
505.431982,112,814.001137
859.187647,177,814.438882
609.250625,115,814.719961
682.731856,130,816.700198
574.987996,118,817.002185
1370.225725,260,818.156225
592.606122,119,818.446996
1092.456696,211,818.961631
732.594669,138,819.295328
707.929155,130,819.608931
702.477017,138,819.954734
900.741041,167,820.439353
768.70035,141,821.338669
608.308431,113,821.616713
879.234874,174,822.041014
640.958479,129,822.354252
795.779504,158,822.785134
623.017344,119,823.088304
454.300219,96,823.338762
1307.975873,239,824.578599
726.274543,144,826.980712
451.712488,89,827.205245
684.909964,135,827.536227
669.782361,125,827.844455
481.554125,89,828.102902
699.111377,129,828.456964
604.420517,111,828.723556
578.918449,106,829.473759
1044.423935,204,829.981176
1047.342302,201,830.466899
622.032917,119,830.762275
700.681343,129,831.085555
477.802664,87,831.338439
891.236197,166,831.778616
702.459522,141,832.651868
492.539998,96,832.885931
581.162015,106,833.150986
654.120427,121,833.446422
433.805198,84,833.658398
542.105623,104,833.919699
681.021011,128,836.02828
998.265163,184,836.494249
574.462604,106,836.753294
749.57597,142,837.593467
742.107174,139,837.934394
647.113519,126,838.244332
574.343239,111,838.518098
329.700856,68,838.694798
650.623473,122,838.995709
682.488861,141,839.39178
630.775678,132,839.739054
658.201842,121,840.613171
490.790812,98,840.856261
846.420477,160,841.252858
665.033477,136,841.595358
587.138627,129,841.908064
835.932019,170,842.345454
586.8901,113,842.695516
841.241265,154,843.100495
776.591306,152,846.297399
584.452536,110,846.569464
851.215476,166,847.062949
1048.476734,217,847.629175
1186.520465,231,848.204833
566.171159,117,848.483324
658.970476,122,849.421433
409.744763,85,849.630203
663.150574,135,849.977427
667.500873,127,850.336846
630.289684,119,850.646771
1056.726222,204,851.16084
718.363115,143,851.514814
747.401507,145,852.527097
727.421914,153,852.908469
649.426108,121,853.211662
807.683628,151,853.591857
524.721924,107,855.446758
880.862773,165,855.85807
636.430495,126,856.169582
576.533945,111,856.444902
564.601475,107,857.347318
745.083444,144,857.753432
907.548005,167,858.189206
1162.123281,226,858.753733
920.168677,174,859.178431
885.767905,165,859.597957
808.180333,163,860.690392
600.915384,114,861.023194
743.907587,138,861.381051
918.604165,182,861.843498
769.652997,151,862.228922
1127.61896,214,862.772083
732.719541,134,865.189408
776.919997,155,866.233073
604.597648,121,866.538519
638.765209,139,866.884595
921.451177,180,867.333671
1151.314501,222,867.890108
603.555328,121,868.26153
771.409817,153,869.319851
541.176958,121,869.618387
661.35559,138,869.96458
838.132497,156,870.355439
993.844946,193,870.851696
804.915128,154,871.248966
872.254923,160,871.669108
748.556462,141,872.748468
590.49374,115,873.033442
746.108347,152,873.414707
653.948272,121,875.750602
551.591636,103,876.040325
1123.578293,217,876.576597
606.723575,120,876.872024
559.381905,107,877.133702
696.808916,134,878.115572
688.271305,151,878.499497
469.263681,88,878.723185
781.163459,161,879.197076
699.501208,131,879.513603
1212.468795,224,880.088946
850.858922,160,880.4958
855.693422,158,881.521516
483.686283,100,881.7692
613.475299,130,882.086295
1050.840934,201,882.593273
917.296586,172,883.026166
697.717684,127,885.421535
912.38777,169,886.501042
780.231685,149,886.913839
468.611144,90,887.144477
838.214214,164,887.547943
587.192546,113,887.846188
829.524499,155,888.229388
596.021248,112,888.506922
583.676502,120,888.822361
680.849432,124,889.801905
389.790665,87,890.013906
698.164923,135,890.34569
657.659951,124,890.64888
765.696802,160,891.073198
608.209255,115,891.398663
1021.569292,199,891.893717
1057.866611,203,892.890575
1047.774985,190,893.363059
722.076236,132,895.837652
577.441669,117,896.119462
948.011247,181,896.56871
669.526362,133,896.902171
942.398422,187,897.393754
627.559628,116,898.422879
471.319488,104,898.694646
2380.880287,458,899.835538
624.988715,131,900.182445
1080.954548,204,900.702247
673.042697,134,901.563039
582.144351,108,901.830714
559.209967,106,902.110511
614.173802,125,902.465186
798.999121,151,902.85475
741.218675,138,903.194409
900.613694,166,905.858237
823.582211,159,906.246952
627.326355,124,907.187259
611.73246,127,907.508699
793.968965,157,907.914097
708.467116,144,908.278302
878.415716,176,908.734391
804.089618,148,909.115298
908.545042,170,910.111089
530.825885,105,910.415991
1030.57795,189,910.950357
880.663222,179,911.454773
1042.96016,195,911.969709
771.066068,145,912.35422
755.603693,141,912.728158
888.642589,162,913.781624
630.732835,123,916.539346
552.868972,116,916.86362
532.875084,105,917.154934
759.089537,139,917.540716
1622.291182,309,918.447873
694.216681,131,919.494325
769.210912,162,919.921805
1069.711926,199,920.425531
531.408371,107,920.693651
503.030791,96,920.935209
511.693539,111,921.213992
1179.116286,223,921.883963
598.048695,120,922.695518
983.318331,189,923.160569
1076.724164,195,923.632194
627.150716,123,923.934167
533.587664,103,926.452565
459.694243,101,926.705784
946.855023,176,927.161787
862.841896,165,928.235766
605.341076,120,928.535732
1295.068783,248,929.139927
706.547818,139,929.545124
1225.752809,245,930.206858
545.632986,103,930.472091
749.622183,154,931.527031
491.519763,97,931.789821
438.627798,99,932.051008
811.580444,151,932.473853
1042.424352,200,933.023754
583.674029,106,933.280246
690.214199,126,933.600004
501.050778,110,933.88228
965.489487,184,937.52925
1957.613526,376,938.468765
878.318164,163,938.878324
945.318814,186,939.36063
644.4099,134,939.7184
1550.307799,288,941.124761
1462.226062,272,941.814026
1221.207152,226,942.37114
861.288484,171,942.798309
713.392905,143,943.171624
619.845754,128,944.14012
582.785274,124,944.457914
1097.149247,207,944.976238
703.209439,142,947.643618
634.901915,123,947.975256
689.695543,150,948.361794
949.633523,184,949.460841
817.807044,159,949.863028
535.035501,108,950.124994
677.821664,144,950.489671
673.598254,129,950.796624
449.525364,101,951.04833
1152.533724,218,951.607363
442.462022,95,951.872215
856.75998,159,952.886585
1167.737044,222,953.446243
854.787439,166,953.87001
484.554192,94,954.112078
915.420695,165,954.530346
909.087515,174,954.989193
875.901734,163,957.966343
1280.988493,252,958.584369
668.250959,139,958.919207
669.279612,129,959.235143
1134.546121,223,959.829647
865.844841,174,960.30109
862.044413,164,961.235247
1121.172636,217,961.777204
623.52366,119,962.064261
1113.042478,228,962.618258
888.192077,170,963.121859
951.633301,181,964.127704
895.48875,183,964.588659
736.517326,157,964.992898
699.584836,140,967.687221
666.028387,126,968.024454
518.538541,118,968.323228
1046.854011,191,968.789341
1020.226501,188,969.736927
972.281831,183,970.188767
1016.006328,188,970.675978
527.942011,110,971.002855
1453.685721,285,971.706948
910.718643,190,972.714066
1977.321182,383,973.717661
673.782697,143,974.076324
1128.358271,210,974.600801
925.639814,171,977.024432
1196.51527,216,978.053658
703.481184,140,978.422654
1169.457438,218,979.017584
430.295883,99,979.27218
771.289934,154,979.667078
1247.753097,233,980.24228
642.899876,132,981.068264
529.583474,115,981.339279
820.504025,154,981.725494
826.463793,175,982.177486
1097.155576,216,982.732425
749.190383,142,983.152585
654.209792,144,983.538295
455.744287,99,984.26784
1517.975092,281,987.035
846.670401,169,987.452133
1095.702901,206,987.965569
539.035377,110,988.244662
513.964985,100,988.497471
654.371329,121,989.329778
731.452961,150,989.763502
597.164954,120,990.056051
553.888086,104,990.308294
595.46706,125,990.623981
502.689216,94,990.852877
727.432536,136,991.196306
632.584512,122,991.513337
669.971624,123,992.387933
484.173897,107,992.646309
961.25304,180,993.087825
1204.246476,222,993.634372
1072.142396,202,996.353214
824.653242,164,996.790554
831.101408,161,997.867587
1365.473548,268,998.532475
788.51059,149,998.904088
352.0028,80,999.101555
615.150791,132,999.430888
742.159423,141,999.790686
1725.724151,323,1001.187401
1229.605035,254,1001.862068
944.47191,180,1002.331817
894.814238,163,1002.730148
983.173565,183,1003.180933
588.212594,123,1003.481296
1766.801016,332,1007.26248
1155.507463,227,1007.869492
842.061955,161,1008.346974
1648.124975,312,1009.108366
751.648953,141,1010.03523
1177.833877,232,1010.621214
921.176081,180,1011.070468
684.954466,121,1011.37358
601.594723,134,1011.727903
716.051382,135,1012.078935
991.499807,202,1013.26806
671.67101,136,1013.600746
1228.116004,241,1014.1842
1299.041983,242,1017.291838
475.237717,112,1017.576935
530.429579,107,1017.847344
646.523333,133,1018.738789
632.491396,117,1019.028997
638.226991,133,1019.370942
939.683977,185,1019.863519
1022.209526,198,1020.349372
1640.800549,307,1021.204844
1039.765793,191,1022.150855
1238.641534,235,1022.717397
604.671908,126,1023.037144
648.231645,126,1023.35047
965.390335,198,1023.897764
808.781034,167,1024.33452
1005.31902,190,1027.886539
827.90552,159,1028.283507
997.923677,190,1028.759957
575.142832,124,1029.078697
841.99497,156,1029.474589
991.773148,191,1029.967224
928.870333,178,1030.935114
628.745842,116,1031.21401
817.088038,168,1031.656819
528.110306,98,1031.945086
800.310908,155,1032.344495
857.708776,162,1032.743503
1870.439126,353,1034.248487
751.956754,146,1034.611019
840.060788,169,1037.310679
1431.572725,267,1038.008447
448.372851,93,1038.257149
878.87605,163,1038.685208
1137.727827,203,1039.766133
910.571524,168,1040.220769
711.816838,146,1040.577115
1305.139678,245,1041.170529
1093.245469,212,1041.695307
802.501474,156,1042.768046
670.971696,152,1043.194711
677.160679,139,1043.540658
542.479664,107,1043.802429
1133.264312,218,1044.335118
889.079984,171,1044.752394
1978.932537,386,1048.723403
1153.393208,220,1049.271793
736.418445,154,1049.654206
1152.633211,232,1050.257597
1303.398382,242,1051.630773
2122.48866,405,1052.644001
885.071789,171,1053.070064
2578.749918,491,1055.063947
1277.837601,236,1058.03967
1094.635042,211,1058.564864
1088.253186,207,1059.136043
804.311816,152,1059.541858
1317.924898,256,1060.801101
563.65721,104,1061.052807
1015.284298,193,1061.521593
663.620095,129,1061.826873
972.822558,185,1062.356916
989.314975,202,1062.846167
796.196533,155,1063.726877
1105.149629,216,1064.24339
1460.843935,288,1064.931008
1328.56585,256,1068.466976
773.432609,170,1068.882419
919.851433,184,1069.825416
719.374758,137,1070.2004
997.229509,192,1070.713686
1388.591848,270,1071.377905
521.581746,116,1071.658864
1196.882854,229,1072.86011
652.474606,121,1073.179937
857.281013,159,1073.628943
1609.754365,301,1074.379784
940.394299,197,1074.885538
1189.872026,221,1076.096137
1421.921728,278,1079.510192
681.990494,130,1079.838859
1247.471881,246,1080.461941
945.527775,176,1080.913433
623.602521,116,1081.271936
1073.58475,197,1082.410844
674.423305,146,1082.772472
787.42481,166,1083.175148
1360.554073,258,1083.815016
349.266939,80,1084.034731
808.955587,149,1084.428761
1096.911932,200,1085.587637
972.519636,209,1086.178279
2139.951968,405,1089.869476
1191.6043,231,1090.45581
1102.838071,204,1091.439833
1246.846491,245,1092.053846
759.060043,148,1092.475069
655.62514,130,1092.796372
780.04,159,1093.191933
903.991715,178,1094.177943
1481.809097,271,1094.866846
959.465021,184,1095.333075
1149.627733,234,1095.936144
582.670836,125,1096.269398
1079.514234,210,1097.583837
631.721913,116,1100.653234
1859.470723,357,1101.530668
1490.023381,273,1102.219816
965.43327,191,1102.707631
831.112228,171,1103.700343
824.201504,149,1104.070991
708.783771,143,1104.424646
684.976789,133,1104.76866
575.786911,121,1105.125542
854.632311,155,1105.507998
1234.10362,238,1106.577013
1349.038784,254,1107.197639
563.188654,124,1107.508609
1228.038435,235,1110.926352
882.483357,173,1111.426579
1323.524993,249,1112.663357
1027.446854,198,1113.167485
542.356856,107,1113.439457
1258.084044,237,1114.032562
1505.50896,280,1114.742291
827.214374,178,1115.774456
784.391678,141,1116.181689
829.086541,149,1116.548717
1301.77445,239,1117.144059
950.208707,182,1117.577316
675.282325,126,1117.885172
908.418551,180,1121.706068
1351.288314,261,1122.3715
921.690312,171,1122.789078
1269.911725,244,1123.409254
688.972665,135,1123.826707
494.436084,107,1124.093893
696.624577,140,1124.934896
1066.198135,206,1125.447167
2124.703993,395,1126.415183
845.26832,173,1126.922002
727.996047,140,1127.255252
1222.695818,228,1128.305613
1386.251156,265,1132.595786
917.759266,171,1133.030562
588.633343,126,1133.361719
672.242095,146,1133.756749
1286.23789,238,1135.067234
825.987526,156,1135.476701
870.555197,160,1135.889072
1569.679162,299,1136.656061
963.756562,195,1137.160973
887.387536,164,1138.345212
785.048503,158,1138.757753
725.130089,142,1139.111191
464.138761,100,1139.360189
709.034773,136,1139.707789
495.711501,97,1139.954609
839.549461,180,1140.449518
870.878234,164,1143.480003
825.449745,179,1144.533416
763.119097,160,1144.939513
1013.904452,189,1145.409114
1049.739583,211,1145.960562
568.697267,118,1146.300509
723.677668,134,1146.643978
1100.789581,212,1147.682841
607.949537,132,1148.009099
1957.912018,366,1148.91534
674.490566,135,1149.272714
1058.678469,197,1149.831721
510.17562,113,1150.81038
999.422979,194,1151.319986
583.08585,126,1154.519246
584.096546,119,1154.811589
968.075056,188,1155.279385
610.857381,137,1155.618074
1136.967326,225,1156.794062
1257.391004,238,1157.457674
1009.91382,204,1157.977395
787.64559,150,1158.346837
897.304062,182,1158.822157
1060.394961,193,1159.327211
376.401458,85,1160.149248
1198.832634,235,1160.734725
1349.919161,260,1161.410543
1321.290079,256,1165.052084
605.310937,126,1165.446337
380.947323,84,1166.23734
856.556072,172,1166.671783
1082.772808,204,1167.187623
1878.58505,365,1168.113634
860.624231,167,1168.567046
825.508302,148,1169.533043
694.956511,149,1169.91826
839.972989,165,1170.402036
906.911518,168,1170.806727
1848.841284,354,1171.677318
842.590314,163,1172.728684
1149.028665,229,1175.818714
988.455063,193,1176.352862
544.099832,101,1176.654593
637.53985,122,1176.96067
1375.449316,261,1177.620741
1489.88036,278,1178.946047
962.996773,195,1179.433178
1311.417592,260,1180.069049
1106.227667,221,1180.637638
1107.634297,214,1181.87425
2309.100321,436,1182.958176
824.212448,156,1186.4693
1133.029964,208,1186.99608
784.680397,154,1187.408802
1000.874361,187,1188.547219
489.644383,107,1188.827781
562.332493,105,1189.090952
1156.578842,222,1189.675084
544.557972,104,1189.965916
1311.815519,244,1190.582998
1342.777961,250,1191.828369
726.890735,134,1192.167586
1986.487266,372,1193.169248
1966.606741,363,1194.618281
2184.000708,409,1198.61568
1171.770562,216,1199.150394
471.996252,86,1199.373853
1125.742966,233,1199.986137
2097.057071,394,1201.61893
796.344478,149,1201.987765
1238.521144,257,1202.639409
816.987618,153,1203.036246
611.449877,124,1203.369483
511.849973,93,1204.340588
828.725131,156,1204.763274
1135.000056,216,1205.344686
1210.062221,222,1209.041595
791.720795,148,1209.427019
1336.723271,247,1210.680778
888.459022,172,1211.100582
474.03255,101,1211.351847
1013.825853,188,1211.81035
912.450122,184,1212.327254
631.511256,119,1212.636196
1056.152472,208,1213.155028
987.13837,193,1214.285712
1053.77368,219,1214.820637
909.522188,172,1215.260764
937.47234,181,1215.770405
575.176783,114,1216.069522
473.556356,86,1216.291294
1036.992646,203,1219.862032
1050.269697,207,1220.433372
587.398132,124,1220.779658
1619.919406,307,1221.556144
1208.925654,231,1222.137966
422.47268,81,1222.983814
757.4778,147,1223.361447
1375.979773,263,1224.087823
644.308622,126,1224.412064
581.226518,131,1224.750528
1496.937535,283,1225.466134
1389.261272,259,1226.691047
654.753732,146,1230.409476
558.323353,125,1230.731995
1455.263617,296,1231.578159
469.83122,88,1231.79345
722.579533,148,1232.721606
1159.27484,223,1233.291772
939.118261,196,1233.768301
506.712493,105,1234.032617
1687.175199,312,1234.890834
724.393046,133,1235.259915
1099.027521,228,1236.600114
583.670964,116,1236.883026
1070.288272,218,1237.433699
1168.12448,228,1238.022657
1426.320597,277,1242.385374
1259.408804,251,1243.067162
925.746948,182,1243.523705
1561.186853,287,1244.250386
1292.861252,244,1244.896981
1183.492682,224,1246.061899
1281.276213,237,1246.654677
1526.152004,298,1247.457665
1145.532585,221,1248.01948
838.977784,153,1248.939955
1042.324688,192,1249.422326
976.299878,187,1253.571731
887.731318,175,1254.032118
1272.495951,238,1254.674327
853.501708,175,1255.818419
1563.564487,312,1256.593037
1372.653454,263,1257.239396
1073.05009,212,1257.780834
787.212213,156,1258.189981
704.039877,148,1259.269358
812.637882,152,1259.643798
1156.478856,232,1260.227409
1147.410711,229,1260.795976
906.41425,173,1264.624693
3195.889044,602,1266.663039
1527.594471,281,1267.416977
1818.954097,340,1268.913234
926.077296,182,1269.363356
807.989596,155,1269.785537
1737.315715,337,1270.673558
1069.955167,215,1271.206909
916.257886,178,1272.178174
1320.737147,245,1276.079594
594.063841,118,1276.377742
1258.752784,243,1276.993806
601.988461,124,1277.312393
827.511918,171,1277.769266
1266.293244,241,1279.074012
899.313457,175,1279.518694
1291.536904,243,1280.149423
1180.76364,226,1280.735105
1033.473311,200,1281.939704
860.070145,161,1282.347092
740.64684,147,1282.74106
1690.881715,311,1286.75928
887.58767,178,1287.217885
1499.065727,293,1288.584767
1173.9881,228,1289.160729
1817.296494,342,1290.076255
651.19122,124,1290.387782
1821.416145,363,1291.850917
2319.929295,447,1292.990431
1373.12159,262,1293.647901
1583.272612,306,1298.05481
1021.552828,196,1298.555216
1338.375802,265,1299.231872
580.993634,116,1299.529839
884.004887,168,1299.956293
664.6786,119,1300.264425
1628.430304,305,1301.711727
964.065474,202,1302.230013
1281.936423,238,1302.845925
581.304663,105,1303.123738
780.66647,148,1303.506782
1325.74979,249,1304.685789
1238.380596,247,1305.32433
1689.811503,315,1308.958317
1011.463924,205,1309.473314
994.605593,194,1310.516342
2406.484238,445,1311.660072
680.96455,127,1311.980805
513.360929,94,1312.224675
1478.673371,301,1313.703964
1042.829954,195,1314.172377
2187.742865,417,1315.210262
1052.979698,202,1315.710659
2048.513624,387,1321.261457
1466.394532,276,1321.991231
1356.356739,246,1322.606558
1145.173557,214,1323.14424
2620.284767,493,1325.009851
1399.652116,264,1325.680028
2250.68922,423,1327.299331
2262.667752,426,1333.131641
965.545938,183,1333.58589
918.222389,190,1334.06382
1214.847599,236,1335.171154
733.471391,133,1335.544539
1337.333942,249,1336.200964
1803.368376,345,1337.060649
1780.563563,340,1338.42926
1772.178696,333,1339.279818
1526.44953,294,1340.036955
791.037059,149,1344.279853
692.032364,126,1345.142549
1283.204121,248,1345.751341
1038.917458,192,1346.234515
676.803962,127,1346.565037
1556.566787,310,1347.450617
2585.564765,493,1349.363784
798.302629,156,1349.757177
1507.879682,281,1350.484093
935.470982,190,1350.982147
1092.330617,213,1352.089868
1322.708137,256,1357.76174
944.565248,206,1358.330251
746.437587,133,1358.695061
649.56841,129,1359.050574
1068.288574,206,1360.306551
972.691655,188,1360.794358
1575.52425,299,1361.545114
1810.542586,341,1362.41928
588.698449,133,1363.471596
1396.060018,282,1364.206506
841.082,161,1364.603027
1410.040015,274,1369.95017
2014.390796,385,1371.647315
924.960695,183,1372.129264
1376.696345,271,1372.795168
1078.298844,224,1373.345197
1282.857026,260,1374.724212
1405.710627,267,1375.423422
1119.180973,208,1375.941588
2101.928948,390,1376.936449
602.42122,121,1377.264982
848.252453,159,1384.040227
1554.307001,306,1384.810844
1113.862688,212,1385.387227
1380.2567,269,1386.125932
1001.78474,194,1387.220304
1551.681362,296,1388.036061
2003.884421,383,1389.00211
1028.797136,196,1389.496827
1525.658623,294,1390.812924
676.898379,128,1391.16102
1584.102721,290,1395.603559
1038.7942,211,1396.162927
1795.020671,339,1397.616088
1729.998689,326,1398.429803
820.441982,167,1398.919723
1716.635896,338,1399.766627
769.470323,148,1400.682851
1120.973574,214,1401.212505
1149.459977,229,1401.850619
1662.624445,330,1402.69939
1002.505311,201,1408.82156
1638.382343,310,1409.680158
1572.827246,294,1410.462941
2569.763834,474,1412.195175
950.774554,179,1412.638306
1139.718244,207,1413.225662
1510.609272,289,1413.946358
965.349953,183,1414.412391
1988.27253,366,1415.906911
721.607693,131,1421.831484
1216.752234,227,1422.390141
1207.238055,221,1422.935955
1394.145484,256,1424.148223
1255.439391,235,1424.751227
1053.875507,211,1425.271295
635.042282,130,1425.637788
2022.224647,369,1427.231011
909.868647,194,1427.712511
751.728897,140,1428.055545
965.369564,183,1428.506082
860.546221,180,1429.005446
617.121788,131,1435.943486
857.881234,169,1436.896961
775.744166,159,1437.32834
1506.213461,277,1438.043659
591.488117,121,1438.347615
1140.526321,207,1438.851052
1809.324268,334,1440.178503
1109.816581,204,1440.75539
1328.097092,267,1441.419799
3305.518797,604,1443.557265
706.090786,147,1443.935161
960.975464,177,1448.813287
2574.389542,481,1450.018518
922.088058,166,1450.91012
2126.402347,390,1451.956333
693.804308,133,1452.295385
1695.505688,313,1453.082808
1062.765737,196,1454.234008
882.125157,163,1454.639942
1101.583214,212,1455.176649
2686.154602,507,1462.134807
1159.709566,221,1463.247832
1949.75686,374,1464.243665
2545.541819,488,1466.097795
1399.401178,274,1466.786594
1771.05874,330,1467.6887
605.594722,108,1467.959503
781.027827,144,1468.31955
974.413506,199,1469.470133
635.196204,129,1469.795129
1915.54487,384,1474.96353
2402.496188,458,1476.644744
1224.784377,244,1477.251417
3760.191419,698,1479.066825
557.624677,115,1479.887717
2188.065713,411,1480.926116
1327.144413,254,1485.844775
1320.898035,266,1486.555183
2058.094053,383,1487.984618
823.909003,171,1488.425397
1893.834361,356,1489.351347
718.736618,139,1489.736247
2709.787818,508,1491.599871
1411.450255,264,1492.252121
794.337693,143,1492.613122
982.387898,172,1493.659278
616.149197,128,1498.868952
1781.867177,327,1499.70058
1749.809985,316,1500.532567
2054.784502,389,1502.070747
1560.81556,299,1502.857095
2040.567951,373,1503.762472
1971.467053,389,1505.253768
1688.079055,326,1510.735451
1001.023772,195,1511.216449
1221.27082,231,1511.798122
5300.1405,983,1514.828522
658.667701,116,1515.599535
1644.661343,310,1516.372039
1231.288387,234,1517.025666
3147.06796,596,1524.028648
1433.006178,280,1524.783403
2500.827104,468,1525.966546
1426.234348,270,1527.182854
841.641816,145,1527.553255
1297.012224,246,1528.177098
872.679242,168,1528.5846
1593.441869,317,1529.471221
1613.057573,314,1530.90388
844.737758,165,1534.225039
1102.954229,215,1534.780803
1669.396484,312,1535.641539
2457.306513,459,1537.398501
1050.377401,207,1537.938604
652.214614,118,1538.244057
1427.27803,284,1539.497001
1036.641954,196,1539.986162
2258.451641,432,1541.133413
1760.828095,328,1546.317757
1414.025615,267,1547.57665
511.287146,116,1547.870341
494.858759,93,1548.099281
1599.902951,305,1548.941445
1105.513188,207,1549.461652
1952.28675,361,1550.856688
795.367574,160,1551.253018
799.349501,142,1551.623326
1610.23914,311,1552.451999
870.036984,163,1553.33902
2209.561845,391,1558.62689
1569.8302,309,1559.446679
788.680308,145,1559.880087
915.442089,168,1560.993584
1275.368207,235,1561.588062
791.996246,140,1561.935483
654.890531,121,1562.233109
1176.224688,232,1562.814627
3007.252681,566,1564.983133
1848.092781,346,1565.860712
1276.614788,242,1572.419596
975.673456,182,1573.343505
993.221144,191,1573.833616
940.099072,173,1574.273324
1627.510441,294,1575.016759
1275.674305,241,1575.655491
1264.934809,230,1576.988352
800.70258,171,1577.416641
1139.695444,207,1577.93432
2721.184028,495,1579.279689
1732.34642,321,1586.746304
2284.873419,461,1588.019025
1739.935552,324,1589.32106
967.130835,182,1589.779291
658.378268,128,1590.120787
1787.803589,346,1591.036283
1633.235679,310,1592.292939
1897.23954,346,1593.177176
855.03766,155,1593.569654
1264.16911,248,1599.511263
1162.775313,214,1600.03191
686.35216,146,1600.893832
1731.173299,316,1601.750616
1832.085719,355,1602.656451
1711.545089,327,1604.134878
648.942873,115,1604.42062
1691.74337,332,1605.252369
1920.715086,345,1606.189384
952.797126,177,1607.118839
708.799303,139,1614.878661
694.49276,130,1615.204641
1632.544797,317,1615.998407
5256.382278,1000,1619.280338
806.487611,154,1619.675874
1572.888997,289,1620.487471
3358.03952,616,1627.665478
2495.751633,469,1629.568648
1786.035901,334,1630.42417
1287.673944,250,1631.063103
1453.051784,268,1631.76219
1829.938728,345,1633.197018
1391.349885,250,1633.840028
1628.208598,318,1634.653466
919.819646,178,1642.908856
1354.259165,259,1644.236628
993.578328,191,1644.758035
2580.614929,499,1645.991776
680.851437,143,1646.85857
894.423261,177,1647.327813
982.619476,192,1647.87035
1527.489779,286,1648.583758
1472.837368,270,1649.281099
3826.937589,721,1657.83515
722.033463,140,1658.213125
2567.274026,477,1660.118547
2914.231535,546,1661.529134
1706.32816,311,1662.949812
2528.651134,472,1664.213095
872.264527,163,1664.623214
937.147828,174,1672.2834
1481.397981,291,1673.659493
3048.268156,577,1675.196304
988.180509,188,1675.676239
2035.505647,375,1677.124455
1241.320037,246,1677.760617
775.22614,148,1678.132141
1523.558679,285,1678.873177
924.066571,186,1680.03325
1884.451018,366,1689.876838
2131.877878,421,1691.052367
1706.012384,320,1692.519173
3088.888266,592,1694.072734
1096.154933,223,1694.64587
979.635265,193,1695.719447
1458.311444,290,1696.466614
1959.901497,372,1705.126922
620.159953,116,1705.428947
3136.415353,591,1707.532429
736.742441,155,1707.928469
1455.868201,282,1708.652405
1497.492689,273,1710.016454
2580.53023,483,1711.202542
543.746203,119,1711.498635
2031.372903,378,1713.165208
1336.481334,261,1720.198184
974.847063,185,1720.704947
1974.274712,380,1721.725591
839.879928,181,1722.676401
2048.187864,389,1723.647879
1074.206663,212,1724.196842
914.892679,187,1724.710897
1287.489989,267,1726.021108
1465.708488,277,1726.701735
1955.20146,367,1736.126575
1218.404181,216,1737.393412
3472.706027,639,1739.061864
2562.691574,499,1741.136032
1565.907533,297,1741.899469
1345.527471,263,1742.564844
1731.109237,330,1743.458307
1909.247196,374,1751.764326
2167.829856,399,1752.805437
707.26061,144,1753.178136
773.778754,153,1754.16413
1397.416536,259,1754.796094
1455.998805,295,1755.523426
1742.689843,314,1756.357201
2689.477731,505,1758.337051
5201.745045,978,1769.212673
2915.905102,545,1770.574507
1123.749957,205,1771.869768
2918.951312,547,1773.252778
1457.836851,268,1773.935308
588.063019,117,1781.009762
1549.484657,286,1782.289158
1114.488093,209,1782.811721
2699.038283,517,1784.237861
2631.558114,482,1786.078308
871.159867,158,1786.472053
1816.223078,330,1787.376831
990.314165,194,1788.407305
2066.763423,370,1798.148524
1225.437341,218,1798.714906
5382.447341,1000,1801.852356
1326.15041,250,1802.496241
2867.020825,551,1804.598331
1768.431641,340,1805.47909
3235.845858,607,1817.535826
610.618673,123,1817.884594
4694.41599,887,1820.649864
1631.306659,341,1821.507239
3577.866565,659,1832.525812
1199.851968,237,1833.144704
2248.750975,417,1834.285629
2524.695066,486,1836.33724
1354.013687,266,1837.033312
2033.402022,390,1838.930695
2402.833299,446,1840.105907
3065.722459,553,1850.600598
2257.397207,414,1851.789099
2152.831025,397,1852.831981
1679.139915,317,1854.426116
1299.38056,233,1855.021749
1744.941151,332,1855.863097
1262.614912,228,1856.48083
590.110619,117,1857.413005
3930.834086,746,1866.294741
953.869109,209,1866.826188
1458.189726,276,1868.039813
1175.737851,225,1868.613478
5375.64645,1000,1871.842061
2136.291734,402,1879.362068
3238.890671,604,1881.389591
3058.806995,575,1882.909882
982.08873,172,1883.985968
3946.771929,736,1885.90405
779.124938,156,1894.992544
990.11436,186,1895.443146
1595.836906,290,1896.18625
1455.919514,266,1896.902485
789.187655,152,1897.314729
1370.221881,271,1898.71889
1708.825776,310,1899.499367
3758.275235,692,1901.913333
1449.818337,274,1902.613888
2256.185417,406,1910.65845
884.329142,172,1911.084051
3162.561778,598,1913.09983
1951.728073,351,1913.997409
1385.770093,262,1915.354059
1259.377872,253,1916.008256
1129.244082,206,1916.53183
1654.047558,314,1925.52431
1038.833227,200,1926.697611
1587.871839,308,1927.470975
1816.296351,341,1928.319833
766.264098,152,1928.719053
1287.022824,249,1930.141159
1374.130645,249,1930.761593
880.355843,167,1931.182223
5410.300895,1000,1941.371755
2331.430242,433,1942.444448
2814.501291,516,1944.50646
890.652306,174,1944.961004
1751.305045,311,1945.762577
2123.181682,406,1947.463333
814.482899,159,1947.864064
736.710064,153,1948.243126
839.670942,163,1948.73145
1182.753455,229,1957.382625
1772.401862,317,1958.834568
1799.39809,327,1959.675417
966.04978,180,1960.203915
2151.432045,406,1961.900378
1891.253888,347,1962.780903
876.025039,180,1963.256182
1268.724868,225,1963.864684
1809.400825,366,1972.404845
5433.851421,1000,1975.710739
3379.468677,635,1977.356589
2491.206504,452,1979.196211
2784.836842,501,1989.155028
718.107026,142,1989.538248
2610.181212,493,1991.494042
3331.390368,629,1993.644899
1845.907947,362,1994.572785
2169.734955,415,1995.701431
2157.639511,397,2004.641907
943.230719,184,2005.114889
4855.537782,906,2008.007031
1528.440028,287,2008.736006
3153.06828,577,2010.804167
2886.403123,552,2020.255979
2039.846164,368,2021.183742
779.121479,156,2022.346344
3128.758034,571,2023.746027
2490.185028,483,2025.610935
1479.904063,266,2026.272046
3576.967442,671,2036.599588
1750.461287,342,2037.495159
3340.22019,603,2039.705473
1843.564275,335,2040.554085
1570.80378,282,2041.242964
1517.302626,296,2042.067876
1162.368075,221,2043.121931
5400.594415,1000,2053.455123
1183.537157,238,2054.085491
1769.935073,336,2054.913502
1563.639038,303,2055.69252
1244.928356,245,2057.086093
1614.615123,310,2057.868557
3105.551496,576,2069.18244
3071.085717,573,2070.727383
2901.562442,539,2072.777582
1675.163543,305,2073.643738
1722.528777,329,2074.48954
2219.113716,402,2076.169865
2924.188966,531,2085.865654
2091.957624,389,2087.45821
1535.586447,278,2088.192464
671.039216,132,2088.540714
2208.630782,399,2089.729861
4038.834597,741,2092.208814
2202.343307,420,2100.840049
1558.363062,302,2102.315002
834.987536,145,2102.679089
1479.602529,266,2103.364671
1020.781738,205,2103.921289
1877.257587,355,2105.589903
1824.377375,339,2106.498407
2612.828001,483,2108.497305
1571.230565,297,2117.690919
2624.418959,509,2119.088125
712.150634,139,2119.462148
483.650776,104,2120.336878
4046.028716,761,2122.373828
1459.715162,279,2123.697231
1485.964964,276,2124.501739
3165.655088,581,2134.343971
3426.33033,644,2136.549639
1723.578951,325,2137.41285
1310.014958,236,2138.686386
2127.99408,421,2139.793526
915.32496,185,2140.262106
1523.937534,293,2141.113977
2113.001297,392,2150.966126
1628.088799,323,2151.83126
3206.879646,600,2154.04133
1529.841261,285,2154.794034
1749.718114,336,2155.701782
3039.190517,553,2157.8899
1704.619742,324,2165.464708
2506.599817,468,2167.274662
2492.558789,462,2168.462253
1633.418311,319,2169.349029
4019.871875,735,2171.857162
3178.21701,595,2183.311819
1300.345761,247,2183.949964
1412.174624,252,2184.62666
1077.193881,213,2185.282306
1925.413527,365,2186.824409
4197.158136,770,2189.509304
2196.458109,397,2199.569837
5433.215082,1000,2202.97052
3259.120854,617,2204.636291
4285.86073,775,2207.299084
5435.044162,1000,2218.46948
4242.287249,765,2220.997576
1991.219345,373,2222.053461
1346.497634,250,2223.225245
810.21287,165,2223.656323
4455.709043,808,2236.157103
700.67699,143,2236.54028
2338.810275,430,2237.638792
614.676653,105,2237.905637
3505.749454,630,2240.297817
2736.166602,511,2251.721471
761.099604,147,2252.097526
2611.373338,483,2253.996614
1630.162891,299,2254.783845
4188.537051,796,2257.478984
4380.052203,831,2270.280117
2304.10489,426,2271.475134
2619.356406,492,2273.279635
4940.725217,910,2276.27791
1022.296796,198,2276.796226
902.484623,176,2277.248246
1996.834875,388,2287.48631
3041.154023,558,2289.560576
5375.976651,1000,2292.844064
792.357405,155,2293.250138
1092.116546,214,2293.82444
780.641253,144,2294.230354
1377.550286,262,2304.323926
2219.486811,415,2305.408583
3360.280961,596,2307.694125
2110.790022,393,2308.709653
2931.687458,532,2310.869222
1593.674295,309,2311.656798
749.267257,158,2312.052348
2246.341356,404,2321.996083
1431.500785,273,2323.282529
877.547042,175,2323.742648
4580.194128,829,2326.411532
1656.323108,314,2327.284897
5398.066634,982,2339.543055
4406.956694,844,2342.388115
1038.258429,200,2342.906959
5208.789267,964,2345.983008
3302.850368,603,2356.840339
4069.600843,743,2359.368587
2612.085161,486,2361.187787
3271.388167,581,2362.768358
4932.675544,914,2374.538141
4253.180614,783,2377.09084
5452.826089,1000,2389.504253
5454.969377,1000,2392.653148
1379.745164,254,2393.359392
4454.418099,803,2395.908579
2317.910435,433,2406.785723
758.679161,138,2407.154118
903.373764,171,2408.286498
4074.76578,753,2410.252611
5532.124421,1000,2413.404109
5209.88605,963,2425.130105
5479.630961,1000,2428.254344
1667.151154,323,2429.105247
5393.073988,1000,2441.61333
5522.836687,1000,2444.72254
1312.9033,256,2446.031209
1839.232282,334,2446.854877
1169.654138,223,2447.441781
5350.510072,1000,2460.328137
825.567448,168,2460.8544
714.070468,141,2461.868197
1891.81133,358,2462.780337
5438.325009,1000,2466.050689
2090.253397,383,2476.104597
5432.278706,1000,2479.274354
3216.826402,578,2481.417613
3711.326726,679,2492.798849
5482.251633,1000,2495.976134
2092.401487,397,2497.579417
5370.560766,1000,2500.901156
2294.14155,423,2510.786861
4182.536956,762,2513.431884
3529.412135,634,2515.744704
4125.147709,769,2528.239147
1190.893802,203,2528.747573
1207.449732,227,2529.973744
791.497978,158,2530.390463
5520.122513,1000,2533.698345
5475.38416,1000,2546.757925
3097.739732,573,2548.272937
1235.115118,242,2549.630111
2434.358961,460,2550.800177
5416.806922,1000,2554.168645
2896.206978,550,2566.749503
5406.479007,1000,2570.0593
1100.089869,214,2570.594705
1679.881042,330,2571.432505
5406.48316,1000,2584.483002
1694.042526,322,2585.326571
5521.442292,1000,2588.63802
3866.647337,693,2590.887859
3903.697356,724,2603.509854
3458.310048,647,2605.183509
5384.954291,1000,2608.337563
5475.889714,1000,2620.593992
2757.880325,507,2622.3663
5484.114821,1000,2625.645503
1445.248533,256,2636.325229
5502.885689,1000,2639.605401
2871.509373,538,2641.656249
4053.073824,771,2643.747578
916.255262,179,2653.665855
5348.511083,1000,2656.807397
5481.832076,1000,2659.925947
5411.845637,1000,2673.607691
4630.743464,844,2676.367346
5548.566644,1000,2679.741009
5477.963373,1000,2693.733656
5420.41905,1000,2697.051548
2687.546676,489,2699.027431
5410.835073,1000,2711.292375
3894.37074,709,2713.140487
3837.98849,704,2715.711686
4131.230546,763,2727.614882
1872.482271,340,2728.479059
5473.554972,1000,2731.98961
4903.549669,872,2743.927532
5459.301433,1000,2747.23923
2185.459049,426,2748.344598
4689.86162,869,2761.760547
2221.217162,420,2763.461805
1398.836036,257,2764.112495
5483.625628,1000,2767.340196
5598.488607,1000,2781.01382
1202.270925,219,2781.566497
1932.076431,350,2782.543942
2124.28962,400,2784.136926
1190.749465,236,2784.734269
1411.956132,255,2785.448607
1040.120021,186,2785.943205
1933.303751,355,2787.365952
3397.70964,617,2799.591208
3492.062112,650,2801.782652
5450.910667,1000,2805.090022
1998.584312,370,2806.082656
2966.937129,542,2817.712403
5446.6601,1000,2821.002961
5427.175854,1000,2824.333398
5569.570152,1000,2837.629689
1064.873057,202,2838.14004
5479.948759,1000,2841.43357
5484.14014,1000,2855.213051
4162.717012,745,2857.89177
3758.584997,701,2859.746742
1644.328957,288,2861.191916
5577.541151,1000,2875.007514
5510.990689,1000,2878.139699
3675.611251,671,2889.926202
3543.955376,645,2892.179901
5538.046534,1000,2895.390214
5510.924462,1000,2908.36282
5440.0654,1000,2911.748878
5435.554742,1000,2914.965191
1545.95457,300,2926.416401
1378.155272,248,2927.082419
2041.086996,387,2928.848679
2892.557623,526,2930.181127
5456.252801,994,2933.538707
5385.422303,1000,2947.406166
2934.547986,541,2949.320524
1751.516393,338,2950.199825
2304.995593,435,2951.363008
3414.435578,616,2964.348952
5496.102879,1000,2967.643889
5532.476837,1000,2970.9053
2739.895683,532,2982.361119
5457.335506,1000,2985.710116
3314.259613,614,2988.003756
5533.445131,1000,3001.753337
1087.644339,219,3002.385067
1909.949588,356,3003.983648
5422.310875,1000,3007.19039
2226.869385,421,3008.290938
5547.311094,1000,3021.599654
2834.364878,528,3023.027678
5461.330524,1000,3026.358043
2065.875249,393,3038.100121
5486.384592,1000,3041.401528
1352.946939,264,3042.07086
5437.567727,1000,3045.383638
3049.380205,576,3057.844566
4987.696702,907,3060.29401
2295.728031,415,3061.872761
2918.180122,537,3063.333932
1353.242348,255,3075.023553
2900.325203,525,3076.51037
5515.044348,1000,3079.831736
579.879299,113,3080.129265
1940.797513,364,3081.720756
1416.227023,261,3082.391342
4260.767337,791,3095.491038
5418.569571,1000,3098.822198
5394.733135,1000,3112.700952
2801.921545,523,3114.068865
5431.305936,1000,3117.503082
5557.273074,1000,3129.957757
2584.807257,476,3131.826978
3535.404904,640,3133.481129
5555.514771,1000,3136.764808
4436.325843,827,3148.776619
5419.174326,1000,3152.048007
999.22632,192,3152.583046
2117.32937,400,3153.69495
5508.306168,1000,3166.971343
1996.170764,363,3168.403258
5548.457772,1000,3171.638322
3442.99605,639,3182.75556
5505.441597,1000,3186.034969
5462.697611,1000,3189.326812
5551.922679,1000,3203.209736
4303.812562,781,3205.840966
5481.415772,1000,3219.582999
4748.300786,864,3222.533278
2748.254477,495,3223.923619
4695.831058,866,3226.670508
5498.750124,1000,3240.102071
3194.458919,588,3242.128371
5496.562015,1000,3245.380775
5540.795324,1000,3258.632348
1095.671174,209,3259.253605
3014.433208,563,3261.223718
1246.296844,237,3261.822155
1833.803418,343,3262.779103
5467.396034,1000,3276.348051
5505.315933,1000,3279.708213
2466.488198,450,3280.87455
2055.892045,360,3291.317195
1350.474969,258,3292.007989
1382.296726,255,3292.713093
1141.666993,234,3294.035404
4855.658708,884,3296.359443
5494.295938,987,3308.579592
5528.862389,1000,3311.876436
5613.980045,993,3315.024046
5432.02151,1000,3327.721044
5268.128748,981,3330.756074
5519.983328,1000,3344.606083
5107.88833,909,3347.549066
1140.553822,225,3348.149245
5490.950513,984,3351.439413
5570.92704,1000,3363.720069
5591.073921,1000,3366.850507
5483.925143,1000,3378.894097
1774.208925,313,3380.2294
4005.881099,732,3382.163034
5473.374881,1000,3385.488281
1937.017745,353,3395.401399
1736.699591,316,3396.251963
2851.061864,536,3397.784952
5479.710496,1000,3401.2999
5488.395781,1000,3413.631656
3317.44035,605,3415.705793
5485.416584,1000,3419.02105
3132.465047,566,3430.566751
5577.929384,1000,3433.729598
3432.073802,604,3435.868909
2703.872026,504,3437.787294
5506.536752,1000,3450.844582
1487.05697,271,3451.62269
2801.080424,497,3452.925987
5478.770853,1000,3464.855603
5520.582025,1000,3468.061834
5384.103268,979,3471.152606
4349.597972,795,3482.597527
3315.963838,604,3484.798137
5507.450715,1000,3488.005692
2444.475009,439,3489.135563
1835.242986,334,3499.660892
4433.205453,818,3502.491432
5475.866361,982,3505.569489
1872.966618,351,3506.536713
3777.274104,676,3518.831441
5476.774708,1000,3521.979731
1501.168753,287,3522.797689
3842.604421,702,3525.412914
4258.137277,774,3537.674618
3799.404993,680,3539.441294
2786.698462,533,3541.484844
5574.374057,1000,3554.297974
2001.999531,378,3555.295805
5498.902712,1000,3558.631694
5567.077199,1000,3572.089067
2679.371468,477,3574.083884
5504.220486,1000,3577.392637
5471.174752,1000,3590.354094
3374.014905,603,3591.912007
2894.26001,524,3594.04356
5534.092209,1000,3597.252501
4337.368779,785,3609.881771
2584.080731,487,3611.801295
5575.408188,1000,3614.969965
1193.659172,205,3615.50343
5518.412654,1000,3628.340627
5486.098586,1000,3631.483618
5611.921327,1000,3644.317546
3807.362492,697,3646.865486
2784.09793,509,3648.185454
5518.388653,1000,3660.304415
3478.492432,608,3662.539418
1839.449868,333,3663.411025
5529.838313,1000,3666.758798
5568.573617,1000,3679.158992
898.764047,175,3679.639691
1322.056959,239,3680.363764
5538.740819,1000,3683.763118
5509.348883,1000,3697.334228
5602.746234,1000,3700.76178
3678.263773,669,3703.191128
5560.708697,1000,3716.949547
4068.890627,759,3719.423228
5558.006331,1000,3722.88376
1614.399191,295,3732.504711
5519.213946,1000,3735.954174
4475.328922,800,3738.816394
2137.345226,385,3739.856985
3115.705667,571,3750.93821
5547.681844,1000,3754.380961
1801.169448,336,3755.2546
4867.42752,886,3767.717258
632.401597,131,3768.078309
1784.723174,324,3769.01681
5316.597083,963,3772.224712
5532.119796,1000,3783.401347
2125.164649,385,3785.046433
4756.618022,830,3787.24293
920.613318,170,3788.46499
690.820096,145,3788.834445
5466.159481,1000,3801.584491
4972.978485,899,3804.679854
5499.747221,1000,3808.087047
1177.663045,234,3808.690493
1208.607536,209,3809.219925
4510.811828,798,3821.972793
3878.709862,694,3823.757142
5575.333126,1000,3827.116277
5541.306207,1000,3839.340495
5572.339505,1000,3842.63501
3245.122275,581,3854.354669
5448.34475,994,3857.681128
3716.933507,690,3860.17977
5598.180423,1000,3873.309525
5575.918692,1000,3876.416403
4194.204497,758,3878.425781
3345.989239,613,3890.267776
885.092452,163,3890.671863
5528.532494,1000,3893.838335
3474.857575,627,3895.962469
4108.913404,745,3907.107386
2291.436959,415,3908.912762
5514.568845,1000,3912.07655
2744.961428,495,3913.404745
2581.530806,477,3923.031772
5540.444654,1000,3926.235961
1396.528063,242,3926.839182
3795.418964,690,3929.520128
3144.497367,563,3941.440162
2690.419106,467,3943.207539
3038.14934,554,3944.654544
5558.657221,1000,3947.812473
2282.850847,414,3949.594128
5656.497853,1000,3962.350775
5568.627328,1000,3965.599008
5557.599249,1000,3978.781238
5613.535453,1000,3982.030265
5592.447915,1000,3985.187823
3653.169508,654,3997.40099
3871.378005,693,3999.824192
3523.051288,635,4001.565096
5675.154497,1000,4013.271826
5512.289838,1000,4016.575658
4006.938294,728,4019.07605
3250.605122,587,4031.742063
4545.655698,785,4033.773725
5571.25527,1000,4037.103432
2434.195162,432,4038.819113
5565.157134,1000,4051.38988
5525.914733,1000,4054.62057
5637.83825,1000,4068.119234
5552.244992,1000,4071.276432
5651.117673,1000,4074.441323
5623.787007,1000,4085.91143
2910.364532,543,4087.326286
5525.95614,1000,4100.467452
2287.382325,408,4102.054868
3719.615209,666,4103.837718
4377.012789,809,4106.493928
5601.801265,1000,4119.122533
5619.848197,1000,4122.235624
1933.010014,365,4123.251194
5687.458587,1000,4135.726523
5656.808089,1000,4138.86148
5609.7819,1000,4141.958925
5527.880452,1000,4153.642868
2502.522741,461,4155.355998
5553.662458,1000,4158.638718
1876.982243,325,4168.785821
3819.35075,690,4171.153081
5564.041845,1000,4174.304798
3641.342068,652,4175.970691
5553.62596,1000,4189.53919
5546.884686,1000,4192.657741
1371.558606,254,4193.30456
2398.045507,446,4203.33085
5614.105705,1000,4206.673832
5664.0135,1000,4209.982205
5615.397394,1000,4223.300363
5626.405297,1000,4226.468987
5016.213161,906,4229.422747
5572.847939,1000,4243.085393
5636.432133,1000,4246.236601
5651.288376,1000,4258.957551
5548.877894,1000,4262.183364
5666.928991,1000,4265.412791
5472.36358,1000,4279.028896
5671.44033,1000,4281.663478
3463.569194,626,4294.365307
5581.2861,1000,4297.672817
5673.007696,1000,4300.988711
5622.917741,1000,4314.228381
3361.418087,609,4316.474467
2010.50279,365,4317.40978
5623.598216,1000,4330.41943
5630.743943,1000,4333.803028
2298.279434,409,4334.85562
5584.334751,1000,4348.586199
5548.375054,1000,4351.677055
3380.224517,611,4354.00076
5611.963493,1000,4366.558923
5644.004683,1000,4369.929164
5651.607943,1000,4373.303686
5575.61105,1000,4385.995374
3269.05578,579,4387.52983
5563.948822,1000,4390.821502
4664.773294,830,4403.79856
5657.505115,1000,4406.916617
5545.447225,1000,4420.544928
5603.712907,1000,4423.881171
1608.206613,286,4424.60862
1773.201591,323,4426.20691
3476.442731,630,4427.865859
5558.931029,1000,4441.357175
1060.110566,208,4441.924695
5681.288263,1000,4445.374979
5602.888423,1000,4459.276346
2695.735753,483,4461.18571
1412.678892,252,4461.915356
3430.908579,613,4464.146525
4736.11296,836,4476.755813
1607.27431,289,4477.562178
5612.541103,1000,4480.853768
2135.872477,392,4481.873291
5612.421038,1000,4494.789021
1571.955926,290,4495.576063
5644.582825,1000,4498.75563
4635.325893,818,4501.427067
4260.173796,767,4513.917244
5662.77302,1000,4517.211833
5601.313174,1000,4530.541585
4178.813911,732,4533.223745
4289.351196,765,4535.238493
3610.526853,634,4537.472589
5575.166522,1000,4550.169136
2188.875206,397,4551.18681
5074.88298,893,4554.12763
3307.463379,575,4564.729244
745.595047,131,4565.060855
3300.342616,582,4567.285804
2424.461126,434,4568.394407
2326.848986,413,4569.516896
5614.758842,1000,4581.482598
5622.774281,1000,4584.652395
1654.064723,298,4586.043001
926.891818,176,4586.490485
5628.507513,1000,4598.774419
1603.227288,300,4599.530476
4274.677763,765,4602.278598
5647.171877,1000,4605.607391
3358.950292,601,4615.24543
5650.918018,997,4618.389297
5655.892977,1000,4621.603745
5677.738164,1000,4633.326377
5335.346228,943,4636.366864
5700.80798,1000,4649.740555
5022.207845,894,4652.872894
2378.137699,412,4654.038782
5660.622937,1000,4666.959697
5578.496221,1000,4670.309561
5644.78259,1000,4673.75797
5663.030401,1000,4686.05891
1858.704842,344,4687.609631
1664.470585,296,4688.393655
4894.685294,842,4691.451454
5582.719348,1000,4703.748219
1980.245993,364,4704.62959
5692.191246,1000,4707.402155
5666.429099,1000,4717.990085
5304.918409,938,4720.582009
5611.282288,1000,4723.359201
2473.406229,448,4731.639301
5503.623689,958,4734.249549
3904.236632,688,4736.285697
5773.663795,1000,4746.292259
5599.669112,1000,4749.141321
5622.489275,1000,4759.559932
5745.234893,1000,4762.297936
4595.493713,829,4764.703775
5690.952766,1000,4775.154481
1701.463554,315,4775.859443
1604.336202,291,4776.505765
1512.43589,264,4777.646865
5647.853608,1000,4780.423138
5652.822307,985,4789.933492
2049.878158,364,4791.182391
3778.14588,665,4792.643906
5662.838399,1000,4803.275505
5657.894,1000,4805.961833
5650.81884,1000,4808.615884
4302.420421,763,4818.497959
4972.067331,860,4820.827035
5729.1574,1000,4823.473787
5639.250847,1000,4831.848397
5660.509101,1000,4834.581144
2444.53882,454,4835.576191
3776.827314,670,4844.381026
5703.393584,1000,4847.075017
5687.30185,1000,4849.786816
5662.265679,1000,4859.131496
2770.880504,503,4860.26185
2077.920973,370,4861.625941
5665.74199,1000,4872.414341
5757.269884,1000,4875.199519
5742.726812,1000,4877.944613
2227.192387,398,4885.483634
5746.899633,1000,4888.21476
4364.304926,783,4890.413041
5652.253322,1000,4899.624115
5674.318636,1000,4902.506503
5766.208144,1000,4912.190971
1895.214848,342,4912.93904
2351.922382,409,4914.279879
5706.961909,1000,4916.915318
5718.10457,1000,4925.8726
1014.665913,175,4926.740056
5752.303702,1000,4929.43367
5691.972899,1000,4932.166411
5631.345185,1000,4942.255993
2937.893587,524,4943.460895
5782.709207,1000,4946.271711
2478.368607,460,4953.062006
4269.344802,746,4954.663897
1514.60832,282,4955.682484
5681.809219,1000,4958.206767
5609.691001,1000,4966.659137
560.362517,103,4967.293887
2159.904042,390,4968.106024
3435.726401,598,4969.773296
5470.938946,960,4978.336425
5748.95672,1000,4980.981558
3342.232892,592,4982.74572
5709.064594,1000,4992.573677
5692.090795,1000,4995.208543
5103.788392,912,5004.362151
5634.18081,1000,5006.996575
5625.213345,1000,5009.645743
2962.803905,550,5016.985641
5661.892696,1000,5019.616012
5688.363264,1000,5022.262009
5613.550884,987,5031.65736
4081.397555,718,5033.694732
2013.591154,364,5034.458024
5752.230419,1000,5042.803366
3248.100114,576,5044.421348
5286.785873,934,5046.792081
5771.378551,1000,5055.384799
5592.309114,1000,5057.885066
3624.07519,636,5059.22874
3713.435234,648,5061.003542
5700.690819,1000,5070.367186
3125.955869,577,5071.990446
3906.493043,690,5073.435223
5613.930751,1000,5083.210201
1090.532763,220,5083.674237
5710.247329,1000,5086.176176
2391.13486,415,5087.456964
3745.369699,668,5095.620289
1611.570604,300,5096.6589
4166.157262,732,5098.177832
1517.001931,282,5099.188085
4530.231074,792,5107.392617
5770.848669,1000,5109.48754
1933.181376,339,5110.606274
3801.848719,663,5111.997131
5733.252465,1000,5121.975004
5658.394127,1000,5124.570702
5779.741643,1000,5134.277228
3688.970494,647,5136.051762
5699.051068,1000,5138.651905
5640.92116,1000,5146.888431
1104.142797,199,5147.305016
2724.504084,468,5148.829962
4013.407635,703,5150.292165
5729.62189,1000,5159.93495
5743.217618,1000,5162.472298
3929.397983,703,5164.369536
4308.972296,743,5173.190512
3040.188521,534,5174.306476
5720.53252,1000,5176.828942
5085.301261,876,5184.510861
5775.580553,1000,5187.00483
3194.397851,555,5188.587487
2897.883426,504,5189.638092
3233.380562,570,5197.062454
2045.62115,387,5197.87539
5624.602881,1000,5200.395251
3247.130187,578,5202.022262
3725.905314,664,5209.506006
3350.641628,577,5211.255321
2453.711755,451,5212.21593
5767.841812,1000,5214.83594
5784.007346,1000,5223.17387
1645.453006,310,5223.819827
5762.184608,1000,5226.441083
3919.1822,693,5234.333604
5768.030491,1000,5236.837147
2129.531014,368,5237.602139
5121.26364,903,5245.565432
5800.086012,1000,5248.158776
2635.033212,458,5249.655541
3651.835993,649,5251.01543
3954.287742,718,5258.702964
5831.539481,1000,5261.18988
2752.814429,477,5262.184465
1801.695298,343,5263.434239
5704.249249,1000,5272.09634
1826.183792,325,5272.765436
2604.231387,449,5274.253482
5721.62529,1000,5276.879522
5793.632013,1000,5285.833375
1971.23616,346,5286.557795
5826.016602,1000,5289.17578
5305.249526,925,5298.341763
4915.820516,859,5300.548074
887.264406,159,5300.881247
2775.841409,499,5301.929793
5716.588234,1000,5310.796951
5752.379462,1000,5313.456041
3398.408065,602,5315.251792
2959.939806,520,5321.825498
4196.751062,721,5323.857065
2572.759578,458,5324.803755
5719.73966,1000,5334.598221
2177.014501,385,5335.813605
2736.111146,481,5336.815035
3460.103388,626,5338.583744
5731.899424,1000,5346.024423
5719.769038,1000,5348.664595
5676.804911,1000,5351.276881
5710.688109,994,5360.77334
4689.144826,826,5363.038534
4633.523315,824,5364.758069
2269.539151,402,5372.701777
2293.130403,397,5373.52224
5626.777939,1000,5376.157738
3309.708756,594,5377.946995
5668.654127,1000,5386.112507
5735.893304,1000,5388.75016
3189.35494,556,5389.906722
5146.375237,898,5397.075764
2343.922532,412,5397.934744
2236.493529,394,5399.306257
5456.015886,963,5401.866184
5659.695417,1000,5411.307317
635.416141,120,5411.55287
3236.356616,563,5412.722665
5688.037097,1000,5421.335547
5741.792239,1000,5423.942156
2183.911024,399,5425.316141
3396.018376,593,5426.569674
5703.7814,1000,5436.055533
1366.685802,265,5437.152738
2249.409221,393,5437.964493
5754.680181,1000,5440.591024
2745.414911,469,5448.800728
3885.632231,668,5450.720571
4284.896634,767,5452.856183
5643.472985,1000,5462.924196
5731.190759,1000,5465.522711
5707.23665,1000,5468.139169
2381.245673,437,5469.070208
4553.061092,818,5477.898411
5735.526439,1000,5480.501348
5715.796141,1000,5489.960806
5793.123933,1000,5492.602236
5676.301396,1000,5495.233931
5726.620862,1000,5504.685648
5724.325156,1000,5507.217648
5696.658701,1000,5517.22025
5785.867521,1000,5519.817666
5693.950716,1000,5522.331691
1810.193041,331,5530.257355
1795.896123,325,5530.929896
849.865144,165,5531.685045
3949.471541,693,5533.151887
1658.348097,291,5534.181684
5768.396885,1000,5543.14539
5401.57571,943,5545.105685
5762.149522,1000,5547.607048
2526.020475,438,5548.931823
5616.119304,1000,5559.015967
992.821704,173,5559.371034
5763.43539,1000,5561.867775
5742.140964,1000,5571.613619
5755.251354,1000,5574.102127
2578.704737,448,5575.030645
5666.179329,1000,5584.287105
4147.558137,731,5586.221146
1492.117167,277,5586.794744
5715.521163,1000,5596.749886
4215.890721,757,5598.734144
3518.857523,623,5600.440696
1626.495821,283,5601.025409
4043.796423,702,5602.920827
5705.457634,1000,5611.821025
5354.987852,928,5613.748873
5699.929793,1000,5622.992914
5743.098763,1000,5625.629682
5700.473697,1000,5628.278266
5777.975815,1000,5638.580586
5691.50767,1000,5641.214851
5640.369191,1000,5650.395889
5721.865958,1000,5653.044986
1066.578459,218,5654.049854
5665.426256,1000,5664.081108
5004.24274,860,5666.393127
3906.976567,700,5668.395903
2728.700151,475,5669.38233
5809.984318,1000,5680.04352
5851.752164,1000,5682.571099
1547.586272,300,5683.646301
2557.13074,436,5684.576187
5561.164439,1000,5693.47356
3543.866189,615,5695.162877
5654.277069,1000,5705.156511
5676.512242,1000,5707.657392
557.404394,109,5707.882519
4778.679241,835,5710.020054
5684.345017,1000,5719.391651
1113.432037,199,5719.79892
5774.016141,1000,5722.416193
3521.145938,611,5723.676081
4376.254961,770,5731.908992
1531.05107,268,5732.461058
2680.622464,464,5733.955528
5749.238651,1000,5736.558544
480.787981,110,5736.788602
5702.366365,1000,5746.347496
5712.960776,1000,5748.948788
2473.489037,453,5749.894829
5698.432132,1000,5758.893896
1777.998373,313,5759.965556
5707.869226,1000,5762.466995
5761.262858,1000,5771.806841
2886.174354,506,5772.85539
5686.048629,1000,5775.454351
3695.41283,631,5785.201524
5748.559467,1000,5787.800643
2512.616008,446,5788.732255
5715.692661,1000,5798.06724
5769.595771,1000,5800.555764
5733.796801,1000,5803.035141
5719.187959,1000,5811.85124
2593.714603,462,5812.810971
5672.030927,1000,5815.414056
3029.467565,527,5823.391334
5758.034711,1000,5826.006468
5595.999663,994,5828.607716
1024.311716,182,5828.983163
5635.792604,1000,5838.441647
951.067044,192,5838.846795
1598.766708,306,5839.485628
5644.704227,1000,5841.976077
2013.816401,357,5850.018032
3357.203545,596,5851.250785
959.853462,168,5852.119637
3635.966546,639,5853.456108
5680.923464,982,5862.64515
5674.344297,1000,5865.23607
4970.126558,852,5867.536071
5664.33871,1000,5877.692791
2539.241785,444,5878.624521
1204.26906,216,5879.593319
776.412565,142,5879.887924
3361.891349,592,5881.136287
5808.884279,1000,5889.940817
2030.185907,355,5891.190651
1108.98174,209,5891.625351
5660.828546,1000,5894.224646
5712.256953,1000,5903.518109
5697.855832,1000,5906.1089
2098.66432,380,5906.894924
1593.323638,298,5907.510024
5714.216133,1000,5917.235222
5842.797333,1000,5919.827036
5677.092716,1000,5929.472639
5672.551151,1000,5932.064439
946.831801,173,5932.421772
5146.116163,912,5934.822999
2881.141671,505,5942.999027
5796.628191,1000,5945.477753
601.412471,120,5945.729316
3320.643426,575,5947.322587
5756.056551,1000,5955.77421
5814.911037,1000,5958.373325
5822.450501,1000,5960.962165
683.646417,145,5967.750119
1806.337533,330,5968.435291
5223.897384,892,5970.683811
5692.606038,983,5973.141082
3784.925424,661,5980.375926
868.915721,155,5981.239801
670.067602,117,5981.478237
5752.715368,1000,5984.068525
5756.031198,1000,5992.83499
1246.682231,221,5993.290224
5900.309938,1000,5995.888073
5907.769571,1000,5998.481792
4108.389556,735,6007.254621
2384.186249,418,6008.641901
5758.659976,1000,6011.227931
5730.717979,1000,6019.94377
5746.14096,1000,6022.407545
2015.318037,357,6023.144809
5813.662711,1000,6032.333601
3232.536896,563,6034.027904
5873.053746,1000,6036.603293
3394.923167,601,6045.12967
2667.157762,492,6046.550722
1721.232774,297,6047.161988
4163.059093,727,6049.088064
5557.708706,1000,6056.824714
5751.824579,1000,6059.28839
5775.737929,1000,6061.768705
5672.426651,1000,6069.424292
5125.760423,884,6071.67076
2049.00607,393,6072.490502
5825.804713,1000,6080.792968
4822.269284,835,6082.943249
2145.181101,379,6083.725906
5703.910966,1000,6092.050549
5818.976985,1000,6094.557747
5680.536886,1000,6097.028763
3177.667521,547,6104.928343
2799.232266,484,6105.938065
2544.564206,443,6106.855868
4019.129882,699,6108.721565
5812.464861,1000,6117.617648
1693.578195,297,6118.229304
5656.42166,1000,6120.711772
3153.691307,545,6122.258482
5739.366599,1000,6131.2754
5715.70327,1000,6133.76262
4350.155678,738,6135.691464
5701.803327,1000,6145.017261
5785.421988,1000,6147.60023
5784.374187,1000,6156.80355
5835.076729,1000,6159.391405
5764.310707,1000,6161.969022
5785.460815,1000,6170.666208
3817.596645,670,6172.473756
3703.773153,642,6174.222471
5785.082105,1000,6183.776147
5737.960567,1000,6186.275117
5703.390118,1000,6194.579328
5831.410162,1000,6197.05402
4784.692383,814,6198.734308
3293.70288,579,6206.802904
2460.913022,424,6207.682718
5817.825822,1000,6210.172149
5470.66867,935,6212.524411
5589.689844,1000,6221.037047
1397.106924,242,6221.533229
5656.646111,1000,6224.04503
2290.205587,400,6231.881065
5755.112683,1000,6234.354698
5798.366797,1000,6236.838176
2365.952902,423,6237.707299
470.468765,107,6244.310992
5820.519748,1000,6246.779283
5734.833455,1000,6249.240105
5730.930538,1000,6258.161209
5779.0507,1000,6260.643408
5800.920317,1000,6268.718021
3133.370019,548,6270.250375
5812.933708,1000,6272.719826
1650.630518,287,6273.31288
3369.759285,591,6279.898089
5608.857009,1000,6282.376731
4451.141902,785,6283.994717
2786.875022,492,6285.414042
2723.881614,483,6292.543183
4054.959243,709,6294.412497
5761.994105,1000,6296.899775
3277.490515,576,6304.099764
1865.045399,330,6305.187433
1391.429374,240,6305.680382
5747.382175,1000,6308.154141
5687.651574,1000,6315.988089
5818.176743,1000,6318.460528
4991.763379,875,6320.684793
1330.098981,239,6321.176619
3800.659683,666,6329.104558
5718.704773,1000,6331.588658
3936.939407,691,6333.018084
5619.25259,1000,6340.948314
5727.063385,1000,6343.476768
5773.088548,1000,6351.310842
2071.587192,373,6352.518809
5866.419882,1000,6355.103055
2147.662808,377,6355.901556
628.508287,112,6356.137475
1824.879565,315,6356.803813
1715.769073,301,6364.278283
3655.084386,636,6365.712378
5683.842482,1000,6368.399668
5729.410514,1000,6377.757816
1270.500783,228,6378.873087
5793.032889,1000,6381.276204
691.552456,130,6382.087614
1910.035553,344,6382.829548
1391.326903,246,6383.379553
5754.296766,1000,6392.741988
3009.454532,514,6394.365371
1429.372945,244,6394.986017
4234.176892,761,6397.161536
5748.759335,1000,6406.962186
3496.359967,625,6408.327985
3034.598267,527,6409.94657
5764.417296,1000,6419.260295
503.232276,103,6419.489152
5815.580051,1000,6422.119512
2263.111458,390,6422.981132
5785.652434,1000,6431.937307
4447.247544,766,6434.178603
5790.514238,1000,6436.883681
5401.4186,949,6445.469937
1235.634713,215,6445.9135
1562.500051,270,6446.480609
2972.754609,535,6448.020814
5739.74401,1000,6455.560767
649.587546,139,6455.852577
1068.24582,190,6456.251667
2764.928011,477,6457.706626
3858.113771,677,6459.118099
5401.965902,942,6461.509804
1881.417109,342,6469.350037
2722.671412,478,6470.781805
2394.324312,423,6471.660399
3139.609086,560,6473.243142
1187.939937,211,6473.675762
5772.607945,1000,6483.268873
5854.691668,1000,6485.819128
455.945822,87,6486.0007
5852.230869,1000,6494.848249
5778.825885,1000,6497.372891
3442.276857,611,6499.081157
5428.837677,937,6507.062079
2751.505908,486,6508.081334
4833.897887,844,6510.378745
5560.064562,957,6512.922009
1468.817307,257,6517.836447
5784.715677,1000,6520.379233
5815.454545,1000,6522.92189
4714.143419,791,6530.120429
2231.665511,400,6530.948306
5796.365216,1000,6533.497321
1030.278452,210,6533.939032
5797.323809,1000,6542.648818
5860.037694,1000,6545.160534
3692.084191,654,6546.944656
5747.439103,1000,6554.984764
3488.73493,593,6556.68513
5531.717092,963,6558.693738
5894.823628,1000,6567.156068
1233.262118,218,6568.037824
5773.844738,1000,6570.652214
5768.451559,1000,6580.231987
5765.643976,1000,6582.783245
5798.342979,1000,6592.481608
3613.895753,619,6593.758077
5858.170218,1000,6596.35617
3835.547079,655,6598.264409
1084.160091,195,6598.667202
1104.251617,193,6606.496212
5756.642972,1000,6609.108599
4115.034043,725,6611.138623
5761.414679,1000,6620.076428
5702.268617,1000,6622.591286
1951.376065,340,6623.294123
5797.992776,1000,6632.219254
1225.055507,217,6632.664859
5735.504983,1000,6635.159574
3127.854515,557,6636.736612
4822.219594,838,6644.396614
5869.041541,1000,6646.894261
1509.179557,267,6647.442753
4473.055524,780,6649.510262
5701.805152,1000,6657.572252
1416.909253,247,6658.086025
5768.302847,1000,6660.589773
3782.140085,654,6668.273787
5527.843301,956,6670.254931
3505.214529,600,6671.913894
5810.975065,1000,6679.744035
5818.199353,1000,6682.233302
2661.748707,464,6683.189867
5682.735677,1000,6690.829662
5623.464188,1000,6693.459821
5774.721516,1000,6696.077212
5730.087462,1000,6706.164669
5792.300193,1000,6708.779662
1022.886325,176,6709.619626
4757.91482,849,6717.719492
3880.252764,675,6719.65396
4073.040003,709,6721.598493
5785.5807,1000,6731.219022
2802.244421,489,6732.244155
3259.415965,556,6733.932545
2822.108786,492,6734.961056
1244.565896,213,6735.403879
4952.928211,858,6744.910588
3209.232051,564,6746.612036
1197.542103,216,6747.059655
5740.964116,1000,6749.634339
934.966811,188,6750.034243
4930.445125,870,6758.528782
1793.958886,339,6759.242319
5786.163761,1000,6761.785303
5744.031108,1000,6771.161803
5805.342971,1000,6773.664796
2720.399676,466,6775.125262
